#include <stdint.h>
const uint8_t CRT_MATERIALS_PACKAGE[] = {
// CRT_SCREEN
0x53, 0x52, 0x45, 0x56, 0x5f, 0x54, 0x41, 0x4d, 0x04, 0x00, 0x00, 0x00, 0x4d, 0x00, 0x00, 0x00, 0x54, 0x41, 0x45, 0x46, 
0x5f, 0x54, 0x41, 0x4d, 0x01, 0x00, 0x00, 0x00, 0x01, 0x45, 0x4d, 0x41, 0x4e, 0x5f, 0x54, 0x41, 0x4d, 0x0b, 0x00, 0x00, 
0x00, 0x63, 0x72, 0x74, 0x5f, 0x73, 0x63, 0x72, 0x65, 0x65, 0x6e, 0x00, 0x4d, 0x52, 0x50, 0x43, 0x5f, 0x54, 0x41, 0x4d, 
0x15, 0x00, 0x00, 0x00, 0x2d, 0x70, 0x20, 0x64, 0x65, 0x73, 0x6b, 0x74, 0x6f, 0x70, 0x20, 0x2d, 0x61, 0x20, 0x76, 0x75, 
0x6c, 0x6b, 0x61, 0x6e, 0x00, 0x4c, 0x44, 0x4d, 0x53, 0x5f, 0x54, 0x41, 0x4d, 0x04, 0x00, 0x00, 0x00, 0x04, 0x00, 0x00, 
0x00, 0x4e, 0x4d, 0x4f, 0x44, 0x5f, 0x54, 0x41, 0x4d, 0x01, 0x00, 0x00, 0x00, 0x00, 0x54, 0x4c, 0x46, 0x56, 0x5f, 0x54, 
0x41, 0x4d, 0x04, 0x00, 0x00, 0x00, 0x00, 0x00, 0x00, 0x00, 0x20, 0x42, 0x49, 0x55, 0x5f, 0x54, 0x41, 0x4d, 0xa9, 0x00, 
0x00, 0x00, 0x4d, 0x61, 0x74, 0x65, 0x72, 0x69, 0x61, 0x6c, 0x50, 0x61, 0x72, 0x61, 0x6d, 0x73, 0x00, 0x06, 0x00, 0x00, 
0x00, 0x00, 0x00, 0x00, 0x00, 0x63, 0x75, 0x72, 0x76, 0x61, 0x74, 0x75, 0x72, 0x65, 0x00, 0x00, 0x00, 0x00, 0x00, 0x00, 
0x00, 0x00, 0x00, 0x04, 0x03, 0x00, 0x73, 0x63, 0x61, 0x6e, 0x6c, 0x69, 0x6e, 0x65, 0x49, 0x6e, 0x74, 0x65, 0x6e, 0x73, 
0x69, 0x74, 0x79, 0x00, 0x00, 0x00, 0x00, 0x00, 0x00, 0x00, 0x00, 0x00, 0x04, 0x03, 0x00, 0x74, 0x6f, 0x70, 0x42, 0x61, 
0x72, 0x46, 0x72, 0x61, 0x63, 0x74, 0x69, 0x6f, 0x6e, 0x00, 0x00, 0x00, 0x00, 0x00, 0x00, 0x00, 0x00, 0x00, 0x04, 0x03, 
0x00, 0x62, 0x6f, 0x74, 0x74, 0x6f, 0x6d, 0x42, 0x61, 0x72, 0x46, 0x72, 0x61, 0x63, 0x74, 0x69, 0x6f, 0x6e, 0x00, 0x00, 
0x00, 0x00, 0x00, 0x00, 0x00, 0x00, 0x00, 0x04, 0x03, 0x00, 0x69, 0x54, 0x69, 0x6d, 0x65, 0x00, 0x00, 0x00, 0x00, 0x00, 
0x00, 0x00, 0x00, 0x00, 0x04, 0x03, 0x00, 0x5f, 0x64, 0x6f, 0x75, 0x62, 0x6c, 0x65, 0x53, 0x69, 0x64, 0x65, 0x64, 0x00, 
0x00, 0x00, 0x00, 0x00, 0x00, 0x00, 0x00, 0x00, 0x00, 0x03, 0x00, 0x20, 0x42, 0x49, 0x53, 0x5f, 0x54, 0x41, 0x4d, 0x42, 
0x00, 0x00, 0x00, 0x4d, 0x61, 0x74, 0x65, 0x72, 0x69, 0x61, 0x6c, 0x50, 0x61, 0x72, 0x61, 0x6d, 0x73, 0x00, 0x02, 0x00, 
0x00, 0x00, 0x00, 0x00, 0x00, 0x00, 0x64, 0x61, 0x77, 0x54, 0x65, 0x78, 0x74, 0x75, 0x72, 0x65, 0x00, 0x01, 0x00, 0x02, 
0x03, 0x01, 0x00, 0x00, 0x72, 0x65, 0x66, 0x6c, 0x65, 0x63, 0x74, 0x69, 0x6f, 0x6e, 0x54, 0x65, 0x78, 0x74, 0x75, 0x72, 
0x65, 0x00, 0x02, 0x00, 0x02, 0x03, 0x01, 0x00, 0x00, 0x49, 0x44, 0x42, 0x44, 0x5f, 0x54, 0x41, 0x4d, 0x51, 0x00, 0x00, 
0x00, 0x03, 0x4d, 0x61, 0x74, 0x65, 0x72, 0x69, 0x61, 0x6c, 0x50, 0x61, 0x72, 0x61, 0x6d, 0x73, 0x00, 0x1a, 0x00, 0x6d, 
0x61, 0x74, 0x65, 0x72, 0x69, 0x61, 0x6c, 0x50, 0x61, 0x72, 0x61, 0x6d, 0x73, 0x5f, 0x64, 0x61, 0x77, 0x54, 0x65, 0x78, 
0x74, 0x75, 0x72, 0x65, 0x00, 0x00, 0x01, 0x6d, 0x61, 0x74, 0x65, 0x72, 0x69, 0x61, 0x6c, 0x50, 0x61, 0x72, 0x61, 0x6d, 
0x73, 0x5f, 0x72, 0x65, 0x66, 0x6c, 0x65, 0x63, 0x74, 0x69, 0x6f, 0x6e, 0x54, 0x65, 0x78, 0x74, 0x75, 0x72, 0x65, 0x00, 
0x00, 0x02, 0x49, 0x4c, 0x53, 0x44, 0x5f, 0x54, 0x41, 0x4d, 0x13, 0x00, 0x00, 0x00, 0x03, 0x1a, 0x03, 0x00, 0x01, 0x00, 
0x00, 0x00, 0x02, 0x01, 0x00, 0x00, 0x00, 0x00, 0x02, 0x02, 0x00, 0x00, 0x00, 0x53, 0x4e, 0x4f, 0x43, 0x5f, 0x54, 0x41, 
0x4d, 0x08, 0x00, 0x00, 0x00, 0x00, 0x00, 0x00, 0x00, 0x00, 0x00, 0x00, 0x00, 0x4e, 0x4f, 0x43, 0x50, 0x5f, 0x54, 0x41, 
0x4d, 0x2d, 0x00, 0x00, 0x00, 0x70, 0x75, 0x73, 0x68, 0x43, 0x6f, 0x6e, 0x73, 0x74, 0x61, 0x6e, 0x74, 0x73, 0x00, 0x01, 
0x00, 0x00, 0x00, 0x00, 0x00, 0x00, 0x00, 0x6d, 0x6f, 0x72, 0x70, 0x68, 0x69, 0x6e, 0x67, 0x42, 0x75, 0x66, 0x66, 0x65, 
0x72, 0x4f, 0x66, 0x66, 0x73, 0x65, 0x74, 0x00, 0x00, 0x00, 0x20, 0x42, 0x55, 0x53, 0x5f, 0x54, 0x41, 0x4d, 0x17, 0x00, 
0x00, 0x00, 0x4d, 0x61, 0x74, 0x65, 0x72, 0x69, 0x61, 0x6c, 0x50, 0x61, 0x72, 0x61, 0x6d, 0x73, 0x00, 0x00, 0x00, 0x00, 
0x00, 0x00, 0x00, 0x00, 0x00, 0x53, 0x53, 0x4f, 0x44, 0x5f, 0x54, 0x41, 0x4d, 0x01, 0x00, 0x00, 0x00, 0x01, 0x49, 0x53, 
0x4f, 0x44, 0x5f, 0x54, 0x41, 0x4d, 0x01, 0x00, 0x00, 0x00, 0x01, 0x4e, 0x45, 0x4c, 0x42, 0x5f, 0x54, 0x41, 0x4d, 0x01, 
0x00, 0x00, 0x00, 0x00, 0x44, 0x4d, 0x52, 0x54, 0x5f, 0x54, 0x41, 0x4d, 0x01, 0x00, 0x00, 0x00, 0x00, 0x4c, 0x46, 0x45, 
0x52, 0x5f, 0x54, 0x41, 0x4d, 0x01, 0x00, 0x00, 0x00, 0x00, 0x49, 0x52, 0x57, 0x43, 0x5f, 0x54, 0x41, 0x4d, 0x01, 0x00, 
0x00, 0x00, 0x01, 0x53, 0x57, 0x45, 0x44, 0x5f, 0x54, 0x41, 0x4d, 0x01, 0x00, 0x00, 0x00, 0x00, 0x49, 0x52, 0x57, 0x44, 
0x5f, 0x54, 0x41, 0x4d, 0x01, 0x00, 0x00, 0x00, 0x01, 0x53, 0x45, 0x54, 0x44, 0x5f, 0x54, 0x41, 0x4d, 0x01, 0x00, 0x00, 
0x00, 0x01, 0x54, 0x53, 0x4e, 0x49, 0x5f, 0x54, 0x41, 0x4d, 0x01, 0x00, 0x00, 0x00, 0x00, 0x53, 0x43, 0x32, 0x41, 0x5f, 
0x54, 0x41, 0x4d, 0x01, 0x00, 0x00, 0x00, 0x00, 0x4f, 0x43, 0x32, 0x41, 0x5f, 0x54, 0x41, 0x4d, 0x01, 0x00, 0x00, 0x00, 
0x00, 0x4f, 0x4d, 0x55, 0x43, 0x5f, 0x54, 0x41, 0x4d, 0x01, 0x00, 0x00, 0x00, 0x00, 0x50, 0x4f, 0x52, 0x50, 0x5f, 0x54, 
0x41, 0x4d, 0x08, 0x00, 0x00, 0x00, 0x01, 0x00, 0x00, 0x00, 0x00, 0x00, 0x00, 0x00, 0x52, 0x45, 0x54, 0x53, 0x5f, 0x54, 
0x41, 0x4d, 0x01, 0x00, 0x00, 0x00, 0x01, 0x44, 0x49, 0x55, 0x55, 0x5f, 0x54, 0x41, 0x4d, 0x08, 0x00, 0x00, 0x00, 0x66, 
0x28, 0x28, 0xb6, 0x69, 0x69, 0x11, 0x7a, 0x44, 0x41, 0x48, 0x53, 0x5f, 0x54, 0x41, 0x4d, 0x01, 0x00, 0x00, 0x00, 0x00, 
0x4c, 0x4d, 0x48, 0x53, 0x5f, 0x54, 0x41, 0x4d, 0x01, 0x00, 0x00, 0x00, 0x00, 0x4d, 0x46, 0x45, 0x52, 0x5f, 0x54, 0x41, 
0x4d, 0x01, 0x00, 0x00, 0x00, 0x00, 0x54, 0x46, 0x45, 0x52, 0x5f, 0x54, 0x41, 0x4d, 0x01, 0x00, 0x00, 0x00, 0x00, 0x52, 
0x4f, 0x49, 0x43, 0x5f, 0x54, 0x41, 0x4d, 0x01, 0x00, 0x00, 0x00, 0x01, 0x41, 0x51, 0x45, 0x52, 0x5f, 0x54, 0x41, 0x4d, 
0x04, 0x00, 0x00, 0x00, 0x09, 0x00, 0x00, 0x00, 0x41, 0x41, 0x50, 0x53, 0x5f, 0x54, 0x41, 0x4d, 0x01, 0x00, 0x00, 0x00, 
0x00, 0x52, 0x41, 0x56, 0x53, 0x5f, 0x54, 0x41, 0x4d, 0x04, 0x00, 0x00, 0x00, 0x9a, 0x99, 0x19, 0x3e, 0x52, 0x48, 0x54, 
0x53, 0x5f, 0x54, 0x41, 0x4d, 0x04, 0x00, 0x00, 0x00, 0xcd, 0xcc, 0x4c, 0x3e, 0x4f, 0x44, 0x45, 0x56, 0x5f, 0x54, 0x41, 
0x4d, 0x01, 0x00, 0x00, 0x00, 0x00, 0x52, 0x54, 0x4e, 0x49, 0x5f, 0x54, 0x41, 0x4d, 0x01, 0x00, 0x00, 0x00, 0x00, 0x50, 
0x44, 0x53, 0x43, 0x5f, 0x54, 0x41, 0x4d, 0x01, 0x00, 0x00, 0x00, 0x00, 0x54, 0x58, 0x45, 0x54, 0x5f, 0x43, 0x49, 0x44, 
0x04, 0x00, 0x00, 0x00, 0x00, 0x00, 0x00, 0x00, 0x52, 0x49, 0x50, 0x53, 0x5f, 0x43, 0x49, 0x44, 0x8a, 0xd3, 0x00, 0x00, 
0x01, 0x00, 0x00, 0x00, 0x11, 0x00, 0x00, 0x00, 0x1f, 0x06, 0x00, 0x00, 0x00, 0x00, 0x00, 0x00, 0x4c, 0x4f, 0x4d, 0x53, 
0x00, 0x03, 0x01, 0x00, 0x0b, 0x00, 0x08, 0x00, 0x29, 0x60, 0x00, 0x00, 0x00, 0x00, 0x00, 0x00, 0xe4, 0x16, 0x00, 0x00, 
0x91, 0x02, 0x01, 0xd1, 0x10, 0x02, 0x47, 0x4c, 0x53, 0x4c, 0x2e, 0x73, 0x74, 0x64, 0x2e, 0x34, 0x35, 0x30, 0x00, 0x00, 
0x00, 0x00, 0xa0, 0x04, 0x00, 0x01, 0xcf, 0x0f, 0x00, 0x9f, 0x2c, 0xed, 0xc2, 0xa5, 0xf3, 0x06, 0x00, 0x82, 0x1f, 0xcf, 
0x2d, 0x8c, 0x1a, 0xb0, 0x23, 0x84, 0x28, 0xab, 0x22, 0xd9, 0x1b, 0xc2, 0x26, 0x10, 0xde, 0x15, 0x06, 0x10, 0x37, 0xc1, 
0x0e, 0x0b, 0x00, 0x05, 0x00, 0x07, 0x01, 0x10, 0x00, 0x23, 0x00, 0x01, 0x05, 0x00, 0x07, 0x01, 0x10, 0x00, 0x23, 0x40, 
0x01, 0x23, 0x30, 0x01, 0x23, 0x04, 0x01, 0x23, 0x04, 0x01, 0x23, 0x04, 0x01, 0x23, 0x04, 0x10, 0xaa, 0x47, 0x01, 0x01, 
0x10, 0xbb, 0x48, 0x06, 0x80, 0x02, 0x00, 0x88, 0x15, 0x02, 0x47, 0x00, 0x01, 0x00, 0x23, 0x00, 0x10, 0xa2, 0x18, 0x21, 
0x00, 0x10, 0x00, 0x22, 0x01, 0x10, 0xd3, 0x17, 0x06, 0x40, 0x10, 0x02, 0x06, 0x40, 0x10, 0xe7, 0x07, 0x06, 0x10, 0x10, 
0x8c, 0x03, 0x06, 0x10, 0x10, 0x02, 0x06, 0x10, 0x10, 0x02, 0x06, 0x10, 0x10, 0x50, 0x06, 0x10, 0x00, 0xb9, 0x14, 0x02, 
0x37, 0x00, 0x95, 0x00, 0x05, 0x00, 0x07, 0x01, 0x10, 0x00, 0x23, 0x00, 0x01, 0x05, 0x00, 0x07, 0x01, 0x10, 0x00, 0x23, 
0x40, 0x01, 0x05, 0x00, 0x07, 0x01, 0x10, 0x00, 0x23, 0x40, 0x01, 0x05, 0x00, 0x07, 0x01, 0x10, 0x00, 0x23, 0x40, 0x01, 
0x05, 0x00, 0x07, 0x01, 0x10, 0x00, 0x23, 0x40, 0x01, 0x05, 0x00, 0x07, 0x01, 0x10, 0x00, 0x23, 0x80, 0x02, 0x01, 0x05, 
0x00, 0x07, 0x01, 0x10, 0x00, 0x23, 0x80, 0x02, 0x01, 0x05, 0x00, 0x07, 0x01, 0x10, 0x00, 0x23, 0x40, 0x01, 0x05, 0x00, 
0x07, 0x01, 0x10, 0x00, 0x23, 0x30, 0x01, 0x23, 0x40, 0x01, 0x23, 0x10, 0x01, 0x23, 0x08, 0x01, 0x23, 0x04, 0x01, 0x23, 
0x04, 0x01, 0x23, 0x10, 0x01, 0x23, 0x10, 0x01, 0x23, 0x08, 0x01, 0x23, 0x08, 0x01, 0x23, 0x04, 0x01, 0x00, 0x00, 0x23, 
0x04, 0x01, 0x23, 0x08, 0x01, 0x23, 0x04, 0x01, 0x23, 0x04, 0x01, 0x23, 0x04, 0x01, 0x23, 0x04, 0x01, 0x23, 0x04, 0x01, 
0x00, 0x00, 0x23, 0x04, 0x01, 0x00, 0x00, 0x23, 0x04, 0x01, 0x00, 0x00, 0x23, 0x04, 0x01, 0x00, 0x00, 0x23, 0x10, 0x01, 
0x00, 0x00, 0x23, 0x0c, 0x01, 0x00, 0x00, 0x23, 0x04, 0x01, 0x00, 0x00, 0x23, 0x08, 0x01, 0x00, 0x00, 0x23, 0x04, 0x01, 
0x00, 0x00, 0x23, 0x04, 0x01, 0x00, 0x00, 0x23, 0x04, 0x01, 0x23, 0x04, 0x01, 0x00, 0x00, 0x23, 0x04, 0x01, 0x00, 0x00, 
0x23, 0x04, 0x01, 0x23, 0x90, 0x01, 0x01, 0x00, 0x00, 0x23, 0x0c, 0x01, 0x23, 0x04, 0x01, 0x23, 0x10, 0x01, 0x23, 0x10, 
0x01, 0x00, 0x00, 0x23, 0x08, 0x01, 0x00, 0x00, 0x23, 0x04, 0x01, 0x23, 0x04, 0x01, 0x00, 0x00, 0x23, 0x08, 0x01, 0x00, 
0x00, 0x23, 0x04, 0x01, 0x23, 0x04, 0x01, 0x00, 0x00, 0x23, 0x10, 0x01, 0x00, 0x00, 0x23, 0x04, 0x01, 0x23, 0x04, 0x01, 
0x00, 0x00, 0x23, 0x08, 0x01, 0x23, 0x04, 0x01, 0x00, 0x00, 0x23, 0x04, 0x01, 0x00, 0x00, 0x23, 0x04, 0x01, 0x23, 0x04, 
0x01, 0x23, 0x0c, 0x01, 0x23, 0x04, 0x01, 0x23, 0x04, 0x01, 0x23, 0x04, 0x01, 0x23, 0x04, 0x01, 0x23, 0x04, 0x01, 0x23, 
0x0c, 0x01, 0x23, 0x04, 0x01, 0x23, 0x04, 0x01, 0x23, 0x04, 0x01, 0x23, 0x04, 0x01, 0x05, 0x00, 0x07, 0x01, 0x10, 0x00, 
0x23, 0x04, 0x01, 0x23, 0x30, 0x01, 0x23, 0x08, 0x01, 0x05, 0x00, 0x07, 0x01, 0x10, 0x00, 0x23, 0x08, 0x01, 0x05, 0x00, 
0x07, 0x01, 0x10, 0x00, 0x23, 0x40, 0x01, 0x00, 0x00, 0x23, 0x40, 0x01, 0x00, 0x00, 0x23, 0x04, 0x01, 0x00, 0x00, 0x23, 
0x04, 0x01, 0x00, 0x00, 0x23, 0x04, 0x01, 0x23, 0x04, 0x01, 0x23, 0x40, 0x01, 0x00, 0x00, 0x23, 0x04, 0x01, 0x00, 0x00, 
0x23, 0x04, 0x01, 0x00, 0x00, 0x23, 0x04, 0x01, 0x23, 0x04, 0x01, 0x23, 0x40, 0x01, 0x00, 0x00, 0x23, 0x40, 0x01, 0x00, 
0x00, 0x23, 0x04, 0x01, 0x00, 0x00, 0x23, 0x04, 0x01, 0x00, 0x00, 0x23, 0x04, 0x01, 0x00, 0x00, 0x23, 0x04, 0x10, 0xea, 
0x3b, 0x21, 0x00, 0x10, 0x00, 0x22, 0x00, 0x10, 0x85, 0x01, 0x1e, 0x00, 0x10, 0x9a, 0x1d, 0x1e, 0x03, 0x00, 0x85, 0x27, 
0x0e, 0x10, 0x00, 0x1e, 0x0a, 0x10, 0xc8, 0x12, 0x0b, 0x2b, 0x10, 0xa8, 0x09, 0x1e, 0x05, 0x10, 0xb1, 0x0b, 0x1e, 0x06, 
0x10, 0xa3, 0x0d, 0x1e, 0x09, 0x00, 0xbd, 0x23, 0x02, 0x47, 0x00, 0x04, 0x00, 0x0b, 0x01, 0x00, 0x01, 0x0b, 0x01, 0x01, 
0x01, 0x0b, 0x01, 0x03, 0x01, 0x0b, 0x01, 0x04, 0x93, 0x02, 0x0e, 0xa1, 0x04, 0xf4, 0x13, 0x08, 0xa6, 0x02, 0xe9, 0x13, 
0x20, 0xb7, 0x02, 0x20, 0x0d, 0x04, 0xb8, 0x02, 0x90, 0x01, 0x1d, 0x04, 0xb7, 0x02, 0x99, 0x01, 0x0d, 0x03, 0xb5, 0x02, 
0x17, 0x20, 0x01, 0xb7, 0x02, 0x0e, 0x0d, 0x02, 0xbe, 0x02, 0xa2, 0x10, 0x13, 0x1d, 0xb5, 0x02, 0xb1, 0x10, 0x20, 0x00, 
0xbb, 0x04, 0x0b, 0xfe, 0x27, 0x00, 0x00, 0x00, 0x00, 0xbb, 0x04, 0x0c, 0x02, 0x00, 0x00, 0x00, 0x00, 0xbb, 0x04, 0x0b, 
0x04, 0x01, 0x00, 0x00, 0x00, 0xbb, 0x04, 0x0b, 0x06, 0x02, 0x00, 0x00, 0x00, 0xb8, 0x02, 0x93, 0x27, 0x18, 0x03, 0xbb, 
0x04, 0x0b, 0xb8, 0x27, 0x08, 0x00, 0x00, 0x00, 0xbc, 0x02, 0xe5, 0x12, 0x1d, 0xa2, 0x14, 0x8e, 0x03, 0xc1, 0x0e, 0x65, 
0x46, 0x0c, 0x0c, 0x0c, 0x0d, 0xef, 0x0a, 0xb2, 0x06, 0x0c, 0xaa, 0x47, 0x40, 0x00, 0x00, 0x00, 0xbc, 0x02, 0xbb, 0x48, 
0xce, 0x03, 0xa3, 0x27, 0xae, 0x02, 0x88, 0x15, 0x85, 0x03, 0x3e, 0xfa, 0x09, 0x02, 0xc9, 0x0d, 0x39, 0xc6, 0x12, 0xa8, 
0x0e, 0x02, 0x3e, 0xef, 0x27, 0x02, 0x65, 0xbb, 0x04, 0x0c, 0xf0, 0x1c, 0x05, 0x00, 0x00, 0x00, 0xbb, 0x04, 0x0b, 0x07, 
0x04, 0x00, 0x00, 0x00, 0xbc, 0x02, 0xcb, 0x0c, 0x65, 0x96, 0x14, 0xbc, 0x02, 0x02, 0x65, 0x96, 0x14, 0xb7, 0x02, 0xb9, 
0x1b, 0x0b, 0x03, 0xbb, 0x04, 0x0b, 0xa2, 0x28, 0x09, 0x00, 0x00, 0x00, 0xbc, 0x02, 0xcf, 0x14, 0x18, 0xa5, 0x14, 0xbc, 
0x02, 0x8c, 0x03, 0x1d, 0x96, 0x14, 0xbc, 0x02, 0x02, 0x1d, 0x96, 0x14, 0xbc, 0x02, 0x02, 0x1d, 0x96, 0x14, 0xbc, 0x02, 
0x50, 0x1d, 0xa5, 0x14, 0xbe, 0x83, 0xc0, 0x02, 0xb9, 0x14, 0x65, 0x65, 0x65, 0x65, 0xf0, 0x0d, 0xf1, 0x0d, 0x65, 0x46, 
0x65, 0x1d, 0x13, 0x0d, 0x0d, 0x1d, 0x1d, 0x13, 0x13, 0x0d, 0x0d, 0x13, 0x0d, 0x0d, 0x0d, 0x0d, 0x0d, 0x0d, 0x0d, 0x0d, 
0x1d, 0x14, 0x0c, 0x13, 0x0c, 0x0c, 0x0c, 0x0c, 0x0d, 0x0d, 0xfd, 0x09, 0x18, 0x0d, 0x1d, 0x1d, 0x13, 0x0c, 0x0d, 0x13, 
0x0d, 0x0d, 0x1d, 0x0c, 0x0d, 0x13, 0x0d, 0x0d, 0x0d, 0x0b, 0x18, 0x0d, 0x0d, 0x0b, 0x0d, 0x0d, 0x18, 0x0d, 0x0d, 0x0d, 
0x0d, 0x0d, 0x46, 0x13, 0x13, 0x65, 0x65, 0x0d, 0x0d, 0x0d, 0x0d, 0xc3, 0x0b, 0x0c, 0x0d, 0x0d, 0x0d, 0xc4, 0x0b, 0xc5, 
0x0b, 0x0c, 0x0c, 0x0c, 0x0c, 0xed, 0x0b, 0x3e, 0xfa, 0x09, 0x02, 0xd0, 0x01, 0x39, 0xcd, 0x06, 0xf0, 0x31, 0x02, 0x3e, 
0xd5, 0x34, 0x01, 0x1d, 0x39, 0x9a, 0x05, 0xd0, 0x33, 0x01, 0x3e, 0xe3, 0x33, 0x01, 0x13, 0x39, 0x90, 0x05, 0xfe, 0x50, 
0x01, 0x3e, 0x89, 0x51, 0x01, 0x0d, 0xbb, 0x04, 0x0d, 0xff, 0x07, 0x00, 0x00, 0x80, 0x3f, 0x3e, 0xfe, 0x07, 0x03, 0x0c, 
0x39, 0x89, 0x05, 0x86, 0x2a, 0x03, 0x3e, 0x81, 0x2a, 0x01, 0x0c, 0x39, 0x8b, 0x05, 0xca, 0x3c, 0x01, 0x3e, 0xbd, 0x3c, 
0x03, 0x13, 0x39, 0x91, 0x05, 0xe6, 0x45, 0x03, 0x3e, 0xd1, 0x45, 0x03, 0x1d, 0x39, 0x9b, 0x05, 0xa0, 0x3a, 0x03, 0x3e, 
0xbd, 0x3a, 0x03, 0x0d, 0x39, 0x9b, 0x05, 0x9a, 0x2d, 0x03, 0xbc, 0x02, 0xb1, 0x2c, 0x0d, 0x8d, 0x14, 0xde, 0x02, 0xf4, 
0x08, 0x1d, 0x0d, 0xc0, 0x05, 0xc0, 0x05, 0x3e, 0xfa, 0x09, 0x03, 0xfa, 0x09, 0x39, 0xf7, 0x0e, 0x96, 0x2f, 0x03, 0xc6, 
0x06, 0x08, 0xba, 0x0b, 0x00, 0x82, 0x0a, 0x18, 0xf4, 0x60, 0x01, 0x0c, 0xba, 0xa9, 0x01, 0x8c, 0x9c, 0x02, 0x22, 0xd4, 
0xae, 0x02, 0x00, 0x01, 0x0c, 0xbf, 0x9f, 0x01, 0x94, 0x8f, 0x01, 0x33, 0xe2, 0x05, 0xfa, 0x3d, 0xda, 0x19, 0x8b, 0x14, 
0xd6, 0x61, 0x8b, 0x14, 0x01, 0x65, 0xbc, 0x7b, 0xbc, 0x7b, 0x13, 0x8a, 0x05, 0x9b, 0x23, 0xcf, 0x2d, 0x8a, 0x14, 0x01, 
0x0d, 0x9e, 0x23, 0x9e, 0x23, 0x13, 0x8a, 0x05, 0xd1, 0x0f, 0xcf, 0x2d, 0x8d, 0x14, 0x01, 0x0d, 0x91, 0x9d, 0x01, 0x91, 
0x9d, 0x01, 0xc3, 0x10, 0x0d, 0xd0, 0xb0, 0x01, 0xbc, 0xfe, 0x02, 0xd0, 0xb0, 0x01, 0xc0, 0x0a, 0x13, 0xad, 0x12, 0xc1, 
0x0e, 0xad, 0x12, 0x01, 0x1d, 0xc7, 0xca, 0x01, 0xd6, 0x65, 0x3d, 0x18, 0x82, 0x41, 0x82, 0x41, 0x82, 0x41, 0x18, 0xc1, 
0x0a, 0x0d, 0xdf, 0x66, 0xdf, 0x66, 0x00, 0xc1, 0x0a, 0x1d, 0xa0, 0x84, 0x01, 0xc5, 0x7a, 0x00, 0xce, 0x10, 0x1d, 0xec, 
0x1b, 0xec, 0x1b, 0x8c, 0xa0, 0x01, 0xc1, 0x0a, 0x0d, 0xbe, 0x14, 0xea, 0x4d, 0x01, 0xc1, 0x0a, 0x1d, 0x99, 0xd0, 0x01, 
0xb5, 0x9a, 0x02, 0x01, 0xce, 0x10, 0x1d, 0xde, 0xbb, 0x01, 0xde, 0xbb, 0x01, 0xbb, 0x14, 0xc1, 0x0a, 0x0d, 0xbe, 0x14, 
0xec, 0x4d, 0x02, 0xc1, 0x0a, 0x1d, 0x99, 0xd0, 0x01, 0xb3, 0x9a, 0x02, 0x02, 0xce, 0x10, 0x1d, 0xfa, 0xc9, 0x01, 0xfa, 
0xc9, 0x01, 0x9f, 0x06, 0xc1, 0x0a, 0x1d, 0xaf, 0x7f, 0xe9, 0xcf, 0x01, 0x03, 0x4b, 0x1d, 0x95, 0x0d, 0xc5, 0x8c, 0x01, 
0x95, 0x0d, 0x4b, 0x1d, 0xf6, 0x41, 0xb1, 0x3c, 0xf6, 0x41, 0x4b, 0x1d, 0x8a, 0x24, 0xa5, 0x18, 0x8a, 0x24, 0xc0, 0x0a, 
0xa4, 0x08, 0xb2, 0x0c, 0x8d, 0x5c, 0xb2, 0x0c, 0xc1, 0x0a, 0x13, 0x93, 0x19, 0x93, 0x19, 0x00, 0xc1, 0x0a, 0x1d, 0xf9, 
0x6e, 0x8d, 0x88, 0x01, 0x01, 0x22, 0xfe, 0x39, 0xf9, 0x6e, 0x3d, 0x18, 0x8a, 0xc1, 0x01, 0x8a, 0xc1, 0x01, 0x8a, 0xc1, 
0x01, 0x18, 0x13, 0x8c, 0x05, 0xb3, 0x06, 0xab, 0x22, 0x8a, 0x14, 0xc1, 0x0a, 0x0d, 0x85, 0x56, 0xb9, 0x5c, 0x00, 0x22, 
0x85, 0x56, 0x00, 0x13, 0x8c, 0x05, 0xf0, 0x2f, 0xab, 0x22, 0x8d, 0x14, 0xc1, 0x0a, 0x0d, 0xe1, 0x6e, 0xab, 0x9b, 0x01, 
0x01, 0x22, 0xe1, 0x6e, 0x00, 0x13, 0x8c, 0x05, 0xe4, 0x6e, 0xab, 0x22, 0x90, 0x14, 0xc1, 0x0a, 0x0d, 0xe1, 0x6e, 0xa9, 
0x9b, 0x01, 0x02, 0x22, 0xe1, 0x6e, 0x00, 0x23, 0xe2, 0x05, 0xba, 0xbd, 0x01, 0xc5, 0x1f, 0x9a, 0x14, 0x8b, 0x14, 0x01, 
0x65, 0xb1, 0x89, 0x01, 0xb1, 0x89, 0x01, 0xc1, 0x12, 0x1d, 0xf7, 0x5a, 0xf7, 0x5a, 0x8f, 0x01, 0x22, 0xc4, 0x51, 0x00, 
0xc1, 0x0a, 0x0d, 0x90, 0xa9, 0x01, 0x90, 0xa9, 0x01, 0x01, 0x3f, 0x0d, 0xe6, 0x10, 0xe6, 0x10, 0xd2, 0x0a, 0x1d, 0xe1, 
0x3d, 0xe1, 0x3d, 0x94, 0x7c, 0x01, 0x13, 0x9b, 0x05, 0xae, 0x19, 0xc2, 0x26, 0x8b, 0x14, 0x22, 0x00, 0xae, 0x19, 0x8d, 
0x1e, 0x88, 0x06, 0x00, 0x3e, 0x18, 0x00, 0x00, 0x00, 0x00, 0x00, 0x00, 0x4c, 0x4f, 0x4d, 0x53, 0x00, 0x03, 0x01, 0x00, 
0x0b, 0x00, 0x08, 0x00, 0x8c, 0x62, 0x00, 0x00, 0x00, 0x00, 0x00, 0x00, 0x04, 0x3b, 0x00, 0x00, 0x91, 0x02, 0x01, 0xd1, 
0x10, 0x02, 0x47, 0x4c, 0x53, 0x4c, 0x2e, 0x73, 0x74, 0x64, 0x2e, 0x34, 0x35, 0x30, 0x00, 0x00, 0x00, 0x00, 0xa0, 0x04, 
0x00, 0x01, 0xef, 0x0e, 0x04, 0x9f, 0x2c, 0xed, 0xc2, 0xa5, 0xf3, 0x06, 0x00, 0x84, 0x28, 0xbf, 0x1c, 0xa0, 0x02, 0x9f, 
0x2c, 0x07, 0x10, 0x88, 0x50, 0x1e, 0x05, 0x10, 0xb3, 0x31, 0x06, 0x40, 0x10, 0x02, 0x06, 0x40, 0x10, 0x9b, 0x0a, 0x06, 
0x10, 0x10, 0xa0, 0x03, 0x06, 0x10, 0x10, 0x02, 0x06, 0x10, 0x10, 0x02, 0x06, 0x10, 0x10, 0x50, 0x06, 0x10, 0x00, 0x95, 
0x15, 0x02, 0x37, 0x00, 0x95, 0x00, 0x05, 0x00, 0x07, 0x01, 0x10, 0x00, 0x23, 0x00, 0x01, 0x05, 0x00, 0x07, 0x01, 0x10, 
0x00, 0x23, 0x40, 0x01, 0x05, 0x00, 0x07, 0x01, 0x10, 0x00, 0x23, 0x40, 0x01, 0x05, 0x00, 0x07, 0x01, 0x10, 0x00, 0x23, 
0x40, 0x01, 0x05, 0x00, 0x07, 0x01, 0x10, 0x00, 0x23, 0x40, 0x01, 0x05, 0x00, 0x07, 0x01, 0x10, 0x00, 0x23, 0x80, 0x02, 
0x01, 0x05, 0x00, 0x07, 0x01, 0x10, 0x00, 0x23, 0x80, 0x02, 0x01, 0x05, 0x00, 0x07, 0x01, 0x10, 0x00, 0x23, 0x40, 0x01, 
0x05, 0x00, 0x07, 0x01, 0x10, 0x00, 0x23, 0x30, 0x01, 0x23, 0x40, 0x01, 0x23, 0x10, 0x01, 0x23, 0x08, 0x01, 0x23, 0x04, 
0x01, 0x23, 0x04, 0x01, 0x23, 0x10, 0x01, 0x23, 0x10, 0x01, 0x23, 0x08, 0x01, 0x23, 0x08, 0x01, 0x23, 0x04, 0x01, 0x00, 
0x00, 0x23, 0x04, 0x01, 0x23, 0x08, 0x01, 0x23, 0x04, 0x01, 0x23, 0x04, 0x01, 0x23, 0x04, 0x01, 0x23, 0x04, 0x01, 0x23, 
0x04, 0x01, 0x00, 0x00, 0x23, 0x04, 0x01, 0x00, 0x00, 0x23, 0x04, 0x01, 0x00, 0x00, 0x23, 0x04, 0x01, 0x00, 0x00, 0x23, 
0x10, 0x01, 0x00, 0x00, 0x23, 0x0c, 0x01, 0x00, 0x00, 0x23, 0x04, 0x01, 0x00, 0x00, 0x23, 0x08, 0x01, 0x00, 0x00, 0x23, 
0x04, 0x01, 0x00, 0x00, 0x23, 0x04, 0x01, 0x00, 0x00, 0x23, 0x04, 0x01, 0x23, 0x04, 0x01, 0x00, 0x00, 0x23, 0x04, 0x01, 
0x00, 0x00, 0x23, 0x04, 0x01, 0x23, 0x90, 0x01, 0x01, 0x00, 0x00, 0x23, 0x0c, 0x01, 0x23, 0x04, 0x01, 0x23, 0x10, 0x01, 
0x23, 0x10, 0x01, 0x00, 0x00, 0x23, 0x08, 0x01, 0x00, 0x00, 0x23, 0x04, 0x01, 0x23, 0x04, 0x01, 0x00, 0x00, 0x23, 0x08, 
0x01, 0x00, 0x00, 0x23, 0x04, 0x01, 0x23, 0x04, 0x01, 0x00, 0x00, 0x23, 0x10, 0x01, 0x00, 0x00, 0x23, 0x04, 0x01, 0x23, 
0x04, 0x01, 0x00, 0x00, 0x23, 0x08, 0x01, 0x23, 0x04, 0x01, 0x00, 0x00, 0x23, 0x04, 0x01, 0x00, 0x00, 0x23, 0x04, 0x01, 
0x23, 0x04, 0x01, 0x23, 0x0c, 0x01, 0x23, 0x04, 0x01, 0x23, 0x04, 0x01, 0x23, 0x04, 0x01, 0x23, 0x04, 0x01, 0x23, 0x04, 
0x01, 0x23, 0x0c, 0x01, 0x23, 0x04, 0x01, 0x23, 0x04, 0x01, 0x23, 0x04, 0x01, 0x23, 0x04, 0x01, 0x05, 0x00, 0x07, 0x01, 
0x10, 0x00, 0x23, 0x04, 0x01, 0x23, 0x30, 0x01, 0x23, 0x08, 0x01, 0x05, 0x00, 0x07, 0x01, 0x10, 0x00, 0x23, 0x08, 0x01, 
0x05, 0x00, 0x07, 0x01, 0x10, 0x00, 0x23, 0x40, 0x01, 0x00, 0x00, 0x23, 0x40, 0x01, 0x00, 0x00, 0x23, 0x04, 0x01, 0x00, 
0x00, 0x23, 0x04, 0x01, 0x00, 0x00, 0x23, 0x04, 0x01, 0x23, 0x04, 0x01, 0x23, 0x40, 0x01, 0x00, 0x00, 0x23, 0x04, 0x01, 
0x00, 0x00, 0x23, 0x04, 0x01, 0x00, 0x00, 0x23, 0x04, 0x01, 0x23, 0x04, 0x01, 0x23, 0x40, 0x01, 0x00, 0x00, 0x23, 0x40, 
0x01, 0x00, 0x00, 0x23, 0x04, 0x01, 0x00, 0x00, 0x23, 0x04, 0x01, 0x00, 0x00, 0x23, 0x04, 0x01, 0x00, 0x00, 0x23, 0x04, 
0x10, 0xf2, 0x3b, 0x21, 0x00, 0x10, 0x00, 0x22, 0x00, 0x00, 0xf9, 0x2d, 0x02, 0x47, 0x00, 0x06, 0x00, 0x23, 0x00, 0x01, 
0x23, 0x04, 0x01, 0x23, 0x04, 0x01, 0x23, 0x04, 0x01, 0x23, 0x04, 0x01, 0x23, 0x04, 0x10, 0xb4, 0x2d, 0x21, 0x00, 0x10, 
0x00, 0x22, 0x02, 0x10, 0xad, 0x0e, 0x21, 0x01, 0x10, 0x00, 0x22, 0x02, 0x10, 0xc4, 0x07, 0x21, 0x02, 0x10, 0x00, 0x22, 
0x02, 0x10, 0xa4, 0x01, 0x1e, 0x00, 0x93, 0x02, 0x0e, 0xa1, 0x04, 0xf4, 0x13, 0x08, 0xa6, 0x02, 0xe9, 0x13, 0x20, 0xb7, 
0x02, 0x0c, 0x0d, 0x02, 0x94, 0x02, 0x13, 0xb7, 0x02, 0x28, 0x0d, 0x04, 0xb7, 0x02, 0x09, 0x0d, 0x03, 0xfe, 0x02, 0xb6, 
0x13, 0x1d, 0x1d, 0x0d, 0x0d, 0x0d, 0x18, 0x3e, 0xfa, 0x09, 0x07, 0xf3, 0x09, 0xb1, 0x04, 0xf7, 0x0e, 0x08, 0xf0, 0x0e, 
0x89, 0x03, 0xbb, 0x0c, 0x0d, 0x01, 0x00, 0x00, 0x00, 0x01, 0x00, 0xab, 0x02, 0xd0, 0x05, 0x96, 0x01, 0x3e, 0xfa, 0x09, 
0x00, 0xfe, 0x03, 0x3e, 0xc1, 0x07, 0x07, 0x1d, 0xb5, 0x02, 0x9b, 0x0a, 0x20, 0x01, 0xb8, 0x02, 0xb2, 0x01, 0x1d, 0x04, 
0xb8, 0x02, 0x3d, 0x18, 0x03, 0xb5, 0x02, 0x75, 0x20, 0x00, 0xbb, 0x04, 0x0c, 0x80, 0x28, 0x00, 0x00, 0x00, 0x00, 0xbb, 
0x04, 0x0c, 0x06, 0x01, 0x00, 0x00, 0x00, 0xbb, 0x04, 0x0c, 0x06, 0x02, 0x00, 0x00, 0x00, 0xbb, 0x04, 0x0c, 0x06, 0x03, 
0x00, 0x00, 0x00, 0xbb, 0x04, 0x0c, 0x06, 0x04, 0x00, 0x00, 0x00, 0x3e, 0x99, 0x1e, 0x06, 0x0d, 0x3e, 0x02, 0x02, 0x0d, 
0x3e, 0x0a, 0x01, 0x13, 0x39, 0x90, 0x05, 0xe8, 0x45, 0x01, 0xbb, 0x04, 0x0b, 0xdb, 0x27, 0x04, 0x00, 0x00, 0x00, 0xbc, 
0x02, 0xd7, 0x09, 0x65, 0x96, 0x14, 0xbc, 0x02, 0x02, 0x65, 0x96, 0x14, 0xb7, 0x02, 0xad, 0x1e, 0x0b, 0x03, 0xbb, 0x04, 
0x0b, 0xa2, 0x28, 0x09, 0x00, 0x00, 0x00, 0xbc, 0x02, 0x8f, 0x14, 0x18, 0xa5, 0x14, 0xbc, 0x02, 0xa0, 0x03, 0x1d, 0x96, 
0x14, 0xbc, 0x02, 0x02, 0x1d, 0x96, 0x14, 0xbc, 0x02, 0x02, 0x1d, 0x96, 0x14, 0xbc, 0x02, 0x50, 0x1d, 0xa5, 0x14, 0xbe, 
0x83, 0xc0, 0x02, 0x95, 0x15, 0x65, 0x65, 0x65, 0x65, 0xaa, 0x0f, 0xab, 0x0f, 0x65, 0x46, 0x65, 0x1d, 0x13, 0x0d, 0x0d, 
0x1d, 0x1d, 0x13, 0x13, 0x0d, 0x0d, 0x13, 0x0d, 0x0d, 0x0d, 0x0d, 0x0d, 0x0d, 0x0d, 0x0d, 0x1d, 0x14, 0x0c, 0x13, 0x0c, 
0x0c, 0x0c, 0x0c, 0x0d, 0x0d, 0x9d, 0x0a, 0x18, 0x0d, 0x1d, 0x1d, 0x13, 0x0c, 0x0d, 0x13, 0x0d, 0x0d, 0x1d, 0x0c, 0x0d, 
0x13, 0x0d, 0x0d, 0x0d, 0x0b, 0x18, 0x0d, 0x0d, 0x0b, 0x0d, 0x0d, 0x18, 0x0d, 0x0d, 0x0d, 0x0d, 0x0d, 0x46, 0x13, 0x13, 
0x65, 0x65, 0x0d, 0x0d, 0x0d, 0x0d, 0xed, 0x0b, 0x0c, 0x0d, 0x0d, 0x0d, 0xee, 0x0b, 0xef, 0x0b, 0x0c, 0x0c, 0x0c, 0x0c, 
0x97, 0x0c, 0x3e, 0xfa, 0x09, 0x02, 0xcc, 0x01, 0x39, 0xc9, 0x06, 0xf8, 0x31, 0x02, 0xbb, 0x04, 0x0d, 0xf1, 0x16, 0x00, 
0x00, 0x00, 0x00, 0xbb, 0x04, 0x0d, 0x83, 0x26, 0x00, 0x00, 0x80, 0x3f, 0xec, 0x04, 0x1d, 0xf4, 0x11, 0xf4, 0x11, 0xf4, 
0x11, 0xf4, 0x11, 0xf4, 0x11, 0xec, 0x04, 0x1d, 0xd6, 0x19, 0xc6, 0x05, 0xc6, 0x05, 0xc6, 0x05, 0xca, 0x2b, 0xbb, 0x04, 
0x0d, 0xe5, 0x29, 0x00, 0x00, 0x00, 0x3f, 0xbb, 0x04, 0x0d, 0xdc, 0x20, 0x8c, 0xee, 0x2a, 0x47, 0xbb, 0x04, 0x0d, 0x8a, 
0x02, 0xcd, 0xcc, 0xcc, 0x3f, 0xbb, 0x04, 0x0d, 0xb5, 0x1a, 0x5c, 0x8f, 0xc2, 0x3e, 0xbb, 0x04, 0x0d, 0xaa, 0x0f, 0xec, 
0x51, 0x38, 0x3f, 0xbb, 0x04, 0x0d, 0x96, 0x07, 0x33, 0x33, 0x93, 0x3f, 0xbb, 0x04, 0x0d, 0xe8, 0x04, 0xcd, 0xcc, 0x8c, 
0x3f, 0xbb, 0x04, 0x0d, 0xb1, 0x0e, 0x00, 0x00, 0xa0, 0x3f, 0xbb, 0x04, 0x0d, 0x96, 0x10, 0xcd, 0xcc, 0x0c, 0x3f, 0xbb, 
0x04, 0x0d, 0x8c, 0x02, 0x66, 0x66, 0xc6, 0x3f, 0xfe, 0x02, 0xaf, 0x1a, 0x0d, 0x0d, 0x0d, 0x0d, 0x0d, 0x0b, 0x3e, 0xfa, 
0x09, 0x02, 0xc8, 0x08, 0x39, 0xc5, 0x0d, 0xba, 0x23, 0x02, 0xbb, 0x04, 0x0d, 0xa7, 0x2b, 0x8f, 0xc2, 0x75, 0x3f, 0xbb, 
0x04, 0x0d, 0x8c, 0x02, 0x66, 0x66, 0x66, 0x3f, 0xdc, 0x04, 0x18, 0x8f, 0x05, 0x84, 0x0e, 0x83, 0x03, 0x8f, 0x05, 0xbb, 
0x04, 0x0d, 0x9c, 0x09, 0x0a, 0xd7, 0x23, 0x3c, 0xbb, 0x04, 0x0d, 0x87, 0x0b, 0x00, 0x00, 0x08, 0x41, 0xbb, 0x04, 0x0d, 
0xa6, 0x1f, 0x00, 0x00, 0x80, 0x40, 0xbb, 0x04, 0x0d, 0xcb, 0x0f, 0x9a, 0x99, 0x99, 0x3f, 0xbb, 0x04, 0x0d, 0x80, 0x03, 
0xdb, 0x0f, 0x49, 0x40, 0xbb, 0x04, 0x0d, 0xe5, 0x08, 0xb8, 0x1e, 0x85, 0x3d, 0xbb, 0x04, 0x0d, 0x86, 0x10, 0x00, 0x00, 
0x00, 0x42, 0xbb, 0x04, 0x0d, 0xd7, 0x06, 0x9a, 0x99, 0x99, 0x3e, 0xbb, 0x04, 0x0d, 0x83, 0x21, 0x00, 0x00, 0x98, 0x41, 
0xbb, 0x04, 0x0d, 0xd0, 0x1c, 0x00, 0x00, 0xd0, 0x41, 0xbb, 0x04, 0x0d, 0xc9, 0x10, 0x33, 0x33, 0x33, 0x3f, 0xbb, 0x04, 
0x0d, 0x07, 0x00, 0x00, 0x88, 0x41, 0xbb, 0x04, 0x0d, 0xd0, 0x1a, 0xe0, 0x2d, 0x10, 0x3b, 0xbb, 0x04, 0x0d, 0xac, 0x07, 
0x00, 0x00, 0x40, 0x40, 0xbb, 0x04, 0x0d, 0xcf, 0x24, 0xae, 0x47, 0x61, 0x3e, 0xbb, 0x04, 0x0d, 0x8e, 0x20, 0x42, 0x60, 
0x65, 0x3b, 0xbb, 0x04, 0x0d, 0x81, 0x17, 0x00, 0x00, 0x60, 0x41, 0xbb, 0x04, 0x0d, 0xe0, 0x19, 0x00, 0x00, 0xc0, 0x40, 
0xbb, 0x04, 0x0d, 0xff, 0x2b, 0x6f, 0x12, 0x83, 0x3a, 0xcc, 0x04, 0x13, 0xdc, 0x17, 0xc4, 0x14, 0xc4, 0x14, 0xbb, 0x04, 
0x0d, 0xcf, 0x13, 0xa6, 0x9b, 0x44, 0x3d, 0xbb, 0x04, 0x0d, 0xe4, 0x01, 0xa6, 0x9b, 0xc4, 0x3c, 0xbb, 0x04, 0x0d, 0xac, 
0x02, 0x29, 0x5c, 0x0f, 0x3d, 0xbb, 0x04, 0x0d, 0x94, 0x13, 0x8f, 0xc2, 0xf5, 0x3c, 0xbb, 0x04, 0x0d, 0x86, 0x11, 0xf4, 
0xfd, 0xd4, 0x3c, 0xdc, 0x04, 0x18, 0xe7, 0x29, 0xcd, 0x05, 0xe1, 0x18, 0xe7, 0x29, 0xbb, 0x04, 0x0d, 0xae, 0x26, 0xa4, 
0x70, 0x7d, 0x3f, 0x39, 0xfb, 0x08, 0xba, 0x06, 0x00, 0x39, 0x8a, 0x05, 0xce, 0x1b, 0x06, 0xbb, 0x04, 0x0d, 0x81, 0x29, 
0xec, 0x51, 0x38, 0x3d, 0xbb, 0x04, 0x0d, 0xf5, 0x0c, 0x0a, 0xd7, 0x23, 0x3d, 0xdc, 0x04, 0x18, 0x8b, 0x06, 0x81, 0x13, 
0x8b, 0x06, 0xe4, 0x06, 0xbb, 0x04, 0x0d, 0x9e, 0x11, 0xec, 0x51, 0xb8, 0x3d, 0xbb, 0x04, 0x0d, 0xf3, 0x0c, 0x0a, 0xd7, 
0xa3, 0x3d, 0xbb, 0x04, 0x0d, 0xf1, 0x0c, 0x29, 0x5c, 0x8f, 0x3d, 0xdc, 0x04, 0x18, 0x9e, 0x22, 0xb8, 0x08, 0xac, 0x15, 
0x9e, 0x22, 0xbb, 0x04, 0x0d, 0x81, 0x1b, 0x33, 0x33, 0xb3, 0x3e, 0xbb, 0x04, 0x0d, 0xff, 0x05, 0xa6, 0x9b, 0x44, 0x3c, 
0xbb, 0x04, 0x0d, 0xc6, 0x26, 0xf4, 0xfd, 0x54, 0x3c, 0xbb, 0x04, 0x0d, 0x85, 0x11, 0x8f, 0xc2, 0x75, 0x3c, 0xdc, 0x04, 
0x18, 0x9f, 0x1d, 0xdf, 0x07, 0xa5, 0x2e, 0x9f, 0x1d, 0xbb, 0x04, 0x0d, 0x21, 0x00, 0x00, 0x00, 0x40, 0xcc, 0x04, 0x13, 
0x8c, 0x1c, 0xd9, 0x0b, 0xd9, 0x0b, 0xbb, 0x04, 0x0d, 0xf9, 0x0c, 0x77, 0xbe, 0x7f, 0x3f, 0xbb, 0x04, 0x0d, 0x80, 0x05, 
0x34, 0x80, 0xb7, 0x3a, 0xbb, 0x04, 0x0d, 0x83, 0x04, 0x0a, 0xd7, 0xa3, 0x3e, 0xbb, 0x04, 0x0d, 0xdd, 0x08, 0x00, 0x00, 
0xb4, 0x43, 0xbb, 0x04, 0x0d, 0xe2, 0x18, 0xd0, 0x0f, 0x49, 0x40, 0xbb, 0x04, 0x0d, 0xc5, 0x1a, 0x00, 0x00, 0x34, 0x44, 
0xbb, 0x04, 0x0d, 0x8c, 0x26, 0xcd, 0xcc, 0x4c, 0x3e, 0xbb, 0x04, 0x0d, 0xb9, 0x28, 0x29, 0x5c, 0x8f, 0x3e, 0xbb, 0x04, 
0x0d, 0xbe, 0x22, 0x1f, 0x85, 0xeb, 0x3e, 0xcc, 0x04, 0x13, 0x83, 0x13, 0xba, 0x0f, 0x83, 0x13, 0xbb, 0x04, 0x0d, 0xb2, 
0x18, 0xe8, 0x4b, 0x7b, 0x3f, 0xbb, 0x04, 0x0d, 0x93, 0x0e, 0x6f, 0x63, 0x43, 0xbe, 0xbb, 0x04, 0x0d, 0x82, 0x07, 0x1f, 
0x85, 0x6b, 0x3f, 0x39, 0xfb, 0x08, 0xb0, 0x13, 0x00, 0xbb, 0x04, 0x0d, 0xc3, 0x12, 0x9a, 0x99, 0x99, 0x3d, 0xbb, 0x04, 
0x0d, 0xb7, 0x19, 0x33, 0x33, 0x73, 0x3f, 0xbb, 0x04, 0x0d, 0xbd, 0x07, 0xd7, 0xa3, 0x70, 0x3f, 0xdc, 0x04, 0x18, 0xea, 
0x08, 0xac, 0x01, 0xea, 0x08, 0x9f, 0x17, 0xbb, 0x04, 0x0d, 0x85, 0x04, 0x00, 0x00, 0x96, 0x44, 0xbb, 0x04, 0x0d, 0xbd, 
0x04, 0x00, 0x00, 0xc8, 0x43, 0xbb, 0x04, 0x0d, 0xf4, 0x25, 0x6f, 0x12, 0x03, 0x3c, 0xbb, 0x04, 0x0c, 0xbd, 0x01, 0x11, 
0x00, 0x00, 0x00, 0x3e, 0xc5, 0x1e, 0x03, 0x1d, 0x39, 0x9b, 0x05, 0xc8, 0x2e, 0x03, 0xad, 0x06, 0x1d, 0xf9, 0x38, 0xad, 
0x06, 0x0d, 0x02, 0xad, 0x06, 0x18, 0x02, 0xad, 0x06, 0x18, 0x02, 0xad, 0x06, 0x0d, 0x02, 0xdc, 0x04, 0x18, 0xcc, 0x28, 
0x40, 0x40, 0x40, 0xdc, 0x04, 0x18, 0x27, 0x9c, 0x26, 0x9c, 0x26, 0x9c, 0x26, 0xbb, 0x04, 0x0d, 0x22, 0x23, 0xdb, 0x79, 
0x3f, 0xbb, 0x04, 0x0d, 0xbf, 0x0e, 0xe4, 0xa5, 0x1b, 0x3d, 0xbb, 0x04, 0x0d, 0xb6, 0x0d, 0xa2, 0x45, 0x76, 0x3f, 0xcc, 
0x04, 0x13, 0x67, 0xce, 0x0c, 0xce, 0x0c, 0xbb, 0x04, 0x0d, 0xe9, 0x08, 0x44, 0x8b, 0x6c, 0x3f, 0xcc, 0x04, 0x13, 0xdf, 
0x0b, 0xdf, 0x0b, 0xdf, 0x0b, 0xbb, 0x04, 0x0d, 0xea, 0x14, 0xe1, 0x7a, 0x74, 0x3f, 0xcc, 0x04, 0x13, 0xa9, 0x04, 0xa9, 
0x04, 0xa9, 0x04, 0xcc, 0x04, 0x13, 0xdb, 0x15, 0xc9, 0x07, 0x9d, 0x1b, 0xcc, 0x04, 0x13, 0x79, 0xec, 0x09, 0xec, 0x09, 
0xbb, 0x04, 0x0d, 0xdc, 0x02, 0x0a, 0xd7, 0x23, 0x3f, 0xcc, 0x04, 0x13, 0xef, 0x08, 0xef, 0x08, 0xef, 0x08, 0xc6, 0x06, 
0x08, 0xd2, 0x52, 0x00, 0x82, 0x0a, 0x18, 0x9a, 0x67, 0x39, 0xf0, 0x0e, 0xa3, 0x65, 0x07, 0x13, 0x8b, 0x05, 0xd6, 0x69, 
0xc5, 0x1f, 0xbe, 0x14, 0x01, 0x0d, 0x9e, 0xad, 0x01, 0x9e, 0xad, 0x01, 0x22, 0xc4, 0xa5, 0x02, 0x00, 0x80, 0x0b, 0xf3, 
0x09, 0xbb, 0xd7, 0x01, 0xe4, 0x85, 0x01, 0x8e, 0x6c, 0xe0, 0x99, 0x01, 0xe0, 0x99, 0x01, 0xe0, 0x99, 0x01, 0xe2, 0x99, 
0x01, 0x22, 0xb8, 0x3f, 0x00, 0xc9, 0x06, 0x08, 0xb9, 0x26, 0xc4, 0x3f, 0xfe, 0x18, 0x01, 0xf3, 0x09, 0xec, 0x7c, 0xea, 
0x95, 0x01, 0xc1, 0x0a, 0x1d, 0xbb, 0x04, 0xbb, 0x04, 0x00, 0x80, 0x0b, 0xf3, 0x09, 0x99, 0x72, 0x99, 0x72, 0xc4, 0x79, 
0xc2, 0x79, 0xc2, 0x79, 0xc2, 0x79, 0xc0, 0x79, 0xc1, 0x0a, 0x1d, 0x8a, 0x87, 0x01, 0x8a, 0x87, 0x01, 0x00, 0x22, 0xd4, 
0xc7, 0x01, 0x00, 0x8d, 0x1e, 0x88, 0x06, 0xc6, 0x06, 0x08, 0xe3, 0xcc, 0x01, 0x00, 0xb4, 0x07, 0xa7, 0x06, 0xf0, 0x0e, 
0xd6, 0x0e, 0x18, 0xfa, 0x36, 0x01, 0x13, 0xb6, 0xf3, 0x01, 0xec, 0x9c, 0x02, 0x13, 0x8b, 0x05, 0xff, 0xec, 0x01, 0xa2, 
0x1f, 0x94, 0x14, 0x01, 0x0d, 0xc1, 0x05, 0xc1, 0x05, 0x13, 0x8b, 0x05, 0xbc, 0xb5, 0x01, 0xa2, 0x1f, 0x91, 0x14, 0x01, 
0x0d, 0xd9, 0x3c, 0xd9, 0x3c, 0xc3, 0x10, 0x0d, 0xad, 0x4c, 0xd2, 0xa4, 0x01, 0xad, 0x4c, 0x13, 0x8b, 0x05, 0xba, 0x59, 
0xa2, 0x1f, 0x97, 0x14, 0x01, 0x0d, 0x91, 0x9c, 0x01, 0x91, 0x9c, 0x01, 0x4a, 0x0d, 0xa4, 0x82, 0x01, 0xa4, 0x82, 0x01, 
0xd4, 0xbf, 0x01, 0x5c, 0x0d, 0x04, 0x01, 0x0d, 0x99, 0x73, 0x4a, 0x0d, 0x90, 0x4c, 0x90, 0x4c, 0x9e, 0xa6, 0x02, 0x4b, 
0x0d, 0x91, 0xc3, 0x01, 0xbc, 0x6b, 0x91, 0xc3, 0x01, 0xc0, 0x0a, 0x13, 0xdc, 0x10, 0xdc, 0x10, 0xbe, 0x64, 0xc3, 0x10, 
0x13, 0xc6, 0xeb, 0x01, 0x9d, 0x01, 0xc6, 0xeb, 0x01, 0xc1, 0x0a, 0x0d, 0xb9, 0xbf, 0x01, 0xb9, 0xbf, 0x01, 0x00, 0x4a, 
0x0d, 0x9e, 0x74, 0x9e, 0x74, 0xd2, 0xfd, 0x01, 0xd2, 0x0a, 0x13, 0xb3, 0xbf, 0x01, 0xb3, 0xbf, 0x01, 0xcf, 0x8a, 0x02, 
0x00, 0x5c, 0x0d, 0x9a, 0xf3, 0x01, 0x01, 0x42, 0xc3, 0x30, 0xc8, 0x10, 0x0d, 0xae, 0x1c, 0xae, 0x1c, 0xfe, 0xc8, 0x02, 
0xc3, 0x10, 0x0d, 0xf9, 0xfb, 0x01, 0xc0, 0x72, 0xf9, 0xfb, 0x01, 0x7c, 0x0d, 0x8c, 0x83, 0x01, 0x01, 0x2b, 0xaa, 0x3a, 
0x8c, 0x14, 0x8a, 0x01, 0x6c, 0x0d, 0x9d, 0x1d, 0x01, 0x1a, 0xf0, 0x7b, 0xcf, 0x0c, 0x7c, 0x0d, 0xc9, 0x20, 0x01, 0x2e, 
0xda, 0x14, 0xe0, 0x15, 0xa1, 0x6d, 0xc1, 0x0a, 0x0d, 0xa7, 0x43, 0xa3, 0xf6, 0x01, 0x01, 0xce, 0x16, 0x09, 0xda, 0x4c, 
0xda, 0x4c, 0xf8, 0x48, 0xa7, 0x1e, 0xad, 0x2c, 0x00, 0xba, 0x1e, 0x00, 0x92, 0x0f, 0xad, 0x2c, 0x18, 0x91, 0x0f, 0xcc, 
0x16, 0x09, 0x96, 0xa2, 0x01, 0xde, 0xdf, 0x01, 0xc8, 0xaf, 0x01, 0x99, 0x1e, 0xd6, 0x66, 0x18, 0xd5, 0x66, 0xe5, 0x1e, 
0x09, 0xa0, 0x01, 0xd5, 0x30, 0x00, 0x00, 0x5f, 0x1e, 0x00, 0x00, 0x97, 0x55, 0x00, 0x00, 0x0c, 0x2d, 0x00, 0x00, 0xa7, 
0x1e, 0xd9, 0x1f, 0x00, 0xba, 0x1e, 0x00, 0xcb, 0x17, 0xa6, 0x85, 0x01, 0x18, 0xcc, 0x17, 0xc3, 0x10, 0x0d, 0xba, 0x3e, 
0x98, 0xa0, 0x01, 0xcc, 0xcc, 0x01, 0x6c, 0x0d, 0xa8, 0x2e, 0x01, 0x28, 0xda, 0x0c, 0xbf, 0xa3, 0x01, 0xc1, 0x0a, 0x0d, 
0xcb, 0x81, 0x01, 0x99, 0x79, 0x00, 0xc3, 0x10, 0x0d, 0xe9, 0x1b, 0xa0, 0x61, 0xbe, 0x5d, 0xc8, 0x10, 0x0d, 0xb5, 0x6d, 
0xb5, 0x6d, 0xeb, 0x8a, 0x02, 0xc0, 0x0a, 0x13, 0xba, 0x84, 0x01, 0xe5, 0x04, 0xba, 0x84, 0x01, 0xc8, 0x10, 0x0d, 0xd7, 
0x8b, 0x01, 0x71, 0xf0, 0x54, 0x5c, 0x0d, 0xaa, 0x91, 0x02, 0x01, 0x08, 0xce, 0x31, 0x5c, 0x0d, 0xa7, 0x14, 0x01, 0x0d, 
0xa3, 0xba, 0x01, 0x4a, 0x0d, 0xe3, 0xc0, 0x01, 0xe3, 0xc0, 0x01, 0xe6, 0x7a, 0x5c, 0x0d, 0x84, 0xde, 0x01, 0x01, 0x0a, 
0xdd, 0x4f, 0x4a, 0x0d, 0xfd, 0xf8, 0x01, 0xfd, 0xf8, 0x01, 0xee, 0x56, 0x4b, 0x0d, 0x8e, 0x3c, 0xa2, 0xb2, 0x01, 0x8e, 
0x3c, 0xcd, 0x10, 0x0d, 0x94, 0x4e, 0xd4, 0xaa, 0x01, 0x94, 0x4e, 0xc8, 0x16, 0x09, 0x93, 0x72, 0x93, 0x72, 0xc8, 0x7e, 
0xa7, 0x1e, 0x9c, 0x05, 0x00, 0xba, 0x1e, 0x00, 0xd9, 0x81, 0x01, 0x9c, 0x05, 0x18, 0xda, 0x81, 0x01, 0xc8, 0x10, 0x0d, 
0x95, 0x5e, 0xcf, 0x4e, 0x8c, 0xa2, 0x01, 0x4a, 0x0d, 0x93, 0x27, 0x93, 0x27, 0xf8, 0x77, 0x5c, 0x0d, 0xf5, 0x1e, 0x01, 
0x0d, 0xbf, 0x4c, 0x4a, 0x0d, 0x9c, 0xbc, 0x01, 0x84, 0x9e, 0x02, 0x9c, 0xbc, 0x01, 0x4a, 0x0d, 0xb9, 0x55, 0xdc, 0x7c, 
0xc4, 0xb8, 0x01, 0x4b, 0x0d, 0x91, 0x22, 0x91, 0x22, 0x8a, 0x9d, 0x01, 0x5c, 0x0d, 0xe2, 0x18, 0x01, 0x0d, 0xac, 0x5f, 
0x4a, 0x0d, 0x81, 0x5d, 0xaa, 0x16, 0xee, 0x79, 0x5c, 0x0d, 0x8c, 0xb1, 0x01, 0x01, 0x0e, 0x9c, 0x3d, 0x4a, 0x0d, 0xa9, 
0x9b, 0x01, 0x9f, 0x47, 0xa9, 0x9b, 0x01, 0x4a, 0x0d, 0xb4, 0x83, 0x01, 0xc0, 0xaf, 0x01, 0xb4, 0xf6, 0x01, 0xc3, 0x10, 
0x0d, 0xc9, 0xa8, 0x01, 0xc9, 0xa8, 0x01, 0xb4, 0x5e, 0x5c, 0x0d, 0xb8, 0xca, 0x01, 0x01, 0x0e, 0xc2, 0x35, 0x4a, 0x0d, 
0xe5, 0x05, 0xc8, 0xcb, 0x01, 0x8e, 0xa3, 0x02, 0x5c, 0x0d, 0xd8, 0x1e, 0x01, 0x0d, 0xeb, 0x97, 0x01, 0x4a, 0x0d, 0xf7, 
0xae, 0x01, 0x85, 0x96, 0x01, 0xf7, 0xae, 0x01, 0xc0, 0x0a, 0x13, 0xde, 0x64, 0xfa, 0x73, 0xde, 0x64, 0xce, 0x10, 0x13, 
0xa5, 0x1f, 0xa5, 0x1f, 0xe6, 0x6a, 0xce, 0x10, 0x13, 0x8b, 0x69, 0x8b, 0x69, 0xca, 0x54, 0x4b, 0x13, 0xd4, 0xde, 0x01, 
0xc2, 0x6b, 0xd4, 0xde, 0x01, 0x99, 0x1e, 0x84, 0xc3, 0x01, 0x18, 0x83, 0xc3, 0x01, 0xe5, 0x1e, 0x0d, 0xcc, 0x3e, 0x0c, 
0x0a, 0x00, 0x00, 0x22, 0x42, 0x00, 0x00, 0x92, 0x4d, 0x00, 0x00, 0x94, 0x47, 0x00, 0x00, 0xe5, 0x1e, 0x13, 0xb6, 0x2d, 
0xba, 0x3b, 0x00, 0x00, 0x22, 0x42, 0x00, 0x00, 0x9b, 0x56, 0x00, 0x00, 0x94, 0x47, 0x00, 0x00, 0xcd, 0x10, 0x0d, 0xd5, 
0x4f, 0xd0, 0x4f, 0x9a, 0x85, 0x01, 0xc8, 0x16, 0x09, 0x81, 0x46, 0x81, 0x46, 0xe8, 0x63, 0xa7, 0x1e, 0xf9, 0x93, 0x01, 
0x00, 0xba, 0x1e, 0x00, 0xcd, 0xb0, 0x01, 0xf9, 0x93, 0x01, 0x18, 0xce, 0xb0, 0x01, 0xc8, 0x10, 0x0d, 0x95, 0x5e, 0xb6, 
0x0c, 0xa0, 0xb6, 0x01, 0x4a, 0x0d, 0x93, 0x27, 0x93, 0x27, 0xfa, 0x77, 0x5c, 0x0d, 0xaf, 0x2e, 0x01, 0x0d, 0xc0, 0x4c, 
0x4a, 0x0d, 0xb6, 0x2f, 0xb6, 0x2f, 0x84, 0x70, 0xc1, 0x0a, 0x0d, 0x1f, 0xcd, 0x69, 0x01, 0x4a, 0x0d, 0xda, 0x37, 0xda, 
0x37, 0xc0, 0xbe, 0x01, 0x4a, 0x0d, 0xa2, 0x03, 0xd4, 0x70, 0x82, 0xa8, 0x01, 0x4b, 0x0d, 0x87, 0x16, 0xe5, 0x12, 0x87, 
0x16, 0x5c, 0x0d, 0x82, 0x2d, 0x01, 0x0d, 0xad, 0x5f, 0x4a, 0x0d, 0xaf, 0x20, 0xaf, 0x20, 0xa6, 0x31, 0xc1, 0x0a, 0x0d, 
0xef, 0x35, 0xf7, 0x6d, 0x00, 0x4b, 0x0d, 0xce, 0x95, 0x01, 0xce, 0x95, 0x01, 0xde, 0x5f, 0xd2, 0x0a, 0x13, 0xe0, 0x2e, 
0xe0, 0x2e, 0xb6, 0x56, 0x00, 0x99, 0x1e, 0x94, 0x58, 0x18, 0x93, 0x58, 0xe5, 0x1e, 0x13, 0x92, 0x79, 0xda, 0x40, 0x00, 
0x00, 0xd9, 0x25, 0x00, 0x00, 0x75, 0x56, 0x00, 0x00, 0x95, 0x47, 0x00, 0x00, 0x13, 0x8b, 0x05, 0xd1, 0x01, 0xa2, 0x1f, 
0x8b, 0x14, 0x01, 0x0d, 0xef, 0x7c, 0xef, 0x7c, 0xca, 0x16, 0x09, 0xbe, 0x54, 0xbe, 0x54, 0x84, 0xd0, 0x02, 0xa7, 0x1e, 
0x8a, 0xea, 0x01, 0x00, 0xba, 0x1e, 0x00, 0xc0, 0x20, 0x8a, 0xea, 0x01, 0x18, 0xbf, 0x20, 0xc3, 0x10, 0x13, 0x97, 0x46, 
0xdb, 0x90, 0x01, 0xd0, 0xd1, 0x01, 0xc4, 0x12, 0x0d, 0xc1, 0x03, 0xc1, 0x03, 0xc1, 0x03, 0xce, 0x10, 0x13, 0x92, 0x70, 
0xd0, 0x6c, 0x92, 0x70, 0x4a, 0x0d, 0xeb, 0xb2, 0x01, 0xb5, 0x58, 0x84, 0x9f, 0x01, 0xce, 0x10, 0x13, 0x9d, 0x1a, 0x89, 
0xcd, 0x01, 0x9d, 0x1a, 0x4b, 0x13, 0xda, 0xf6, 0x01, 0xc4, 0x05, 0xda, 0xf6, 0x01, 0x99, 0x1e, 0xd2, 0x99, 0x02, 0x18, 
0xd1, 0x99, 0x02, 0xe5, 0x1e, 0x13, 0xb0, 0x8d, 0x02, 0xb4, 0x5e, 0x00, 0x00, 0x6b, 0x40, 0x00, 0x00, 0x16, 0x60, 0x00, 
0x00, 0x12, 0x4c, 0x00, 0x00, 0xc1, 0x0a, 0x0d, 0xf2, 0x02, 0xf2, 0x02, 0x00, 0xc8, 0x16, 0x09, 0xc0, 0x02, 0xc0, 0x02, 
0xa4, 0xd1, 0x02, 0xb8, 0x14, 0x09, 0xa5, 0xf2, 0x01, 0xa5, 0xf2, 0x01, 0xa7, 0x1e, 0xed, 0x37, 0x00, 0xba, 0x1e, 0x00, 
0xb5, 0x32, 0xed, 0x37, 0x18, 0xb6, 0x32, 0xca, 0x16, 0x09, 0xe8, 0x72, 0xc7, 0x4a, 0xa0, 0xaa, 0x02, 0x99, 0x1e, 0xb0, 
0x6d, 0x18, 0xaf, 0x6d, 0xe5, 0x1e, 0x09, 0xb5, 0x23, 0x5e, 0x5e, 0x00, 0x00, 0xad, 0x19, 0x00, 0x00, 0x1a, 0x4b, 0x00, 
0x00, 0x66, 0x2e, 0x00, 0x00, 0xb8, 0x14, 0x09, 0xc8, 0x9e, 0x01, 0xc8, 0x9e, 0x01, 0xa7, 0x1e, 0xac, 0x94, 0x01, 0x00, 
0xba, 0x1e, 0x00, 0x84, 0xa2, 0x01, 0xac, 0x94, 0x01, 0x18, 0x83, 0xa2, 0x01, 0xc1, 0x0a, 0x0d, 0xc2, 0x9f, 0x01, 0xb5, 
0x3c, 0x01, 0xc8, 0x16, 0x09, 0xbd, 0xa5, 0x01, 0xbd, 0xa5, 0x01, 0xfe, 0x69, 0x99, 0x1e, 0xd3, 0x13, 0x18, 0xd4, 0x13, 
0xe5, 0x1e, 0x09, 0x99, 0x0a, 0xe7, 0x26, 0x00, 0x00, 0xc2, 0x2f, 0x00, 0x00, 0x8b, 0x24, 0x00, 0x00, 0x09, 0x26, 0x00, 
0x00, 0xb8, 0x14, 0x09, 0xc8, 0x9e, 0x01, 0xc8, 0x9e, 0x01, 0xa7, 0x1e, 0xda, 0x63, 0x00, 0xba, 0x1e, 0x00, 0xba, 0xa1, 
0x01, 0xda, 0x63, 0x18, 0xb9, 0xa1, 0x01, 0xc1, 0x0a, 0x0d, 0xc2, 0x99, 0x01, 0xe9, 0x41, 0x01, 0xca, 0x16, 0x09, 0x8f, 
0x76, 0x8f, 0x76, 0xfc, 0xb9, 0x01, 0x99, 0x1e, 0xad, 0x1a, 0x18, 0xae, 0x1a, 0xe5, 0x1e, 0x09, 0xbc, 0x1a, 0xe8, 0x26, 
0x00, 0x00, 0x75, 0x29, 0x00, 0x00, 0x08, 0x2f, 0x00, 0x00, 0x2f, 0x26, 0x00, 0x00, 0xa7, 0x1e, 0xbd, 0x2d, 0x00, 0xba, 
0x1e, 0x00, 0xd9, 0x0d, 0xbd, 0x2d, 0x18, 0xda, 0x0d, 0xce, 0x10, 0x18, 0xe5, 0x49, 0xc0, 0xb1, 0x01, 0x89, 0x05, 0xc1, 
0x0a, 0x0d, 0x8a, 0xbc, 0x01, 0x8a, 0xbc, 0x01, 0x00, 0xc1, 0x0a, 0x0d, 0xa3, 0xa7, 0x01, 0xe6, 0x14, 0x01, 0xc1, 0x0a, 
0x0d, 0xaa, 0xb7, 0x01, 0x90, 0xcc, 0x01, 0x02, 0xe0, 0x0a, 0x1d, 0xa7, 0x82, 0x01, 0xa1, 0x72, 0x82, 0x35, 0xa7, 0x82, 
0x01, 0xc2, 0xfc, 0x01, 0x13, 0x9a, 0x05, 0xf9, 0x60, 0xa2, 0x21, 0x8b, 0x14, 0x22, 0x00, 0xf9, 0x60, 0x8d, 0x1e, 0x18, 
0xdc, 0x80, 0x01, 0xc8, 0x16, 0x09, 0x87, 0x13, 0xcb, 0x6b, 0xe0, 0x84, 0x02, 0xb8, 0x14, 0x09, 0xa7, 0x5b, 0xa7, 0x5b, 
0xa7, 0x1e, 0xfd, 0x0e, 0x00, 0xba, 0x1e, 0x00, 0xc5, 0x09, 0xfd, 0x0e, 0x18, 0xc6, 0x09, 0xca, 0x16, 0x09, 0xe8, 0x72, 
0xc5, 0x4a, 0xe4, 0x83, 0x02, 0x99, 0x1e, 0xb0, 0x6d, 0x18, 0xaf, 0x6d, 0xe5, 0x1e, 0x09, 0xb3, 0x23, 0xd8, 0x42, 0x00, 
0x00, 0x9c, 0x47, 0x00, 0x00, 0x1b, 0x4b, 0x00, 0x00, 0x67, 0x2e, 0x00, 0x00, 0xb8, 0x14, 0x09, 0xc8, 0x9e, 0x01, 0xc8, 
0x9e, 0x01, 0xa7, 0x1e, 0xae, 0x94, 0x01, 0x00, 0xba, 0x1e, 0x00, 0x86, 0xa2, 0x01, 0xae, 0x94, 0x01, 0x18, 0x85, 0xa2, 
0x01, 0xc1, 0x0a, 0x0d, 0xc2, 0x9f, 0x01, 0xb3, 0x3c, 0x01, 0xc8, 0x16, 0x09, 0xbd, 0xa5, 0x01, 0xbd, 0xa5, 0x01, 0xc8, 
0x8b, 0x01, 0x99, 0x1e, 0xd3, 0x13, 0x18, 0xd4, 0x13, 0xe5, 0x1e, 0x09, 0x97, 0x0a, 0xe9, 0x26, 0x00, 0x00, 0xc3, 0x2f, 
0x00, 0x00, 0x8c, 0x24, 0x00, 0x00, 0x0a, 0x26, 0x00, 0x00, 0xb8, 0x14, 0x09, 0xc8, 0x9e, 0x01, 0xc8, 0x9e, 0x01, 0xa7, 
0x1e, 0xdc, 0x63, 0x00, 0xba, 0x1e, 0x00, 0xbc, 0xa1, 0x01, 0xdc, 0x63, 0x18, 0xbb, 0xa1, 0x01, 0xc1, 0x0a, 0x0d, 0xc2, 
0x99, 0x01, 0xe7, 0x41, 0x01, 0xca, 0x16, 0x09, 0x8f, 0x76, 0x8f, 0x76, 0xc0, 0x93, 0x01, 0x99, 0x1e, 0xad, 0x1a, 0x18, 
0xae, 0x1a, 0xe5, 0x1e, 0x09, 0xbc, 0x1a, 0xea, 0x26, 0x00, 0x00, 0x76, 0x29, 0x00, 0x00, 0x09, 0x2f, 0x00, 0x00, 0x30, 
0x26, 0x00, 0x00, 0xa7, 0x1e, 0xbd, 0x2d, 0x00, 0xba, 0x1e, 0x00, 0x81, 0x4e, 0xbd, 0x2d, 0x18, 0x82, 0x4e, 0xa7, 0x1e, 
0xe7, 0x22, 0x00, 0xba, 0x1e, 0xce, 0x33, 0xac, 0x14, 0xe4, 0x91, 0x01, 0x18, 0xab, 0x14, 0xc3, 0x10, 0x0d, 0xff, 0x1e, 
0x82, 0x85, 0x02, 0xa9, 0x6b, 0x4b, 0x0d, 0xff, 0x59, 0x82, 0xab, 0x01, 0xff, 0x59, 0xd2, 0x0a, 0x13, 0x95, 0x04, 0x95, 
0x04, 0xcd, 0xc6, 0x01, 0x00, 0x99, 0x1e, 0xa9, 0xb4, 0x01, 0x18, 0x21, 0xca, 0x16, 0x09, 0x86, 0xab, 0x01, 0xdb, 0x1e, 
0xce, 0xaf, 0x02, 0xa7, 0x1e, 0xfa, 0x1f, 0x00, 0xba, 0x1e, 0x00, 0x82, 0x2d, 0xfa, 0x1f, 0x18, 0x81, 0x2d, 0xc3, 0x10, 
0x0d, 0xff, 0x24, 0xdd, 0x70, 0xcc, 0xdd, 0x01, 0xc3, 0x10, 0x0d, 0xd1, 0x2a, 0xfa, 0xb2, 0x01, 0xd1, 0x2a, 0xd2, 0x0a, 
0x13, 0xf3, 0x35, 0xf3, 0x35, 0xb1, 0xce, 0x01, 0x00, 0x99, 0x1e, 0xcd, 0x92, 0x01, 0x18, 0xce, 0x92, 0x01, 0xe5, 0x1e, 
0x13, 0xad, 0x4d, 0x05, 0x5d, 0x00, 0x00, 0x4d, 0x2b, 0x00, 0x00, 0x6c, 0x29, 0x00, 0x00, 0xcf, 0x4a, 0x00, 0x00, 0x99, 
0x1e, 0xed, 0x76, 0x18, 0xee, 0x76, 0xe5, 0x1e, 0x13, 0xa6, 0x12, 0x5e, 0x2b, 0x00, 0x00, 0xa9, 0x4a, 0x00, 0x00, 0xbc, 
0x3a, 0x00, 0x00, 0x13, 0x4e, 0x00, 0x00, 0xc1, 0x0a, 0x0d, 0xd3, 0x8f, 0x02, 0xd3, 0x8f, 0x02, 0x01, 0xc8, 0x16, 0x09, 
0xb0, 0x40, 0xb0, 0x40, 0x98, 0x9e, 0x01, 0xa7, 0x1e, 0xff, 0xbc, 0x01, 0x00, 0xba, 0x1e, 0x00, 0xeb, 0x85, 0x01, 0xb3, 
0x08, 0x18, 0xec, 0x85, 0x01, 0xc3, 0x10, 0x0d, 0xff, 0x1e, 0x84, 0x85, 0x02, 0x9c, 0xa7, 0x01, 0x4b, 0x0d, 0xff, 0x59, 
0x84, 0xab, 0x01, 0xff, 0x59, 0xd2, 0x0a, 0x13, 0x95, 0x04, 0x95, 0x04, 0xcd, 0xc6, 0x01, 0x01, 0x99, 0x1e, 0xa9, 0xb4, 
0x01, 0x18, 0x21, 0xca, 0x16, 0x09, 0x86, 0xab, 0x01, 0xea, 0xf3, 0x01, 0xd0, 0xaf, 0x02, 0xa7, 0x1e, 0xfa, 0x1f, 0x00, 
0xba, 0x1e, 0x00, 0x82, 0x2d, 0xfa, 0x1f, 0x18, 0x81, 0x2d, 0xc3, 0x10, 0x0d, 0xff, 0x24, 0xe8, 0xa1, 0x01, 0xce, 0xdd, 
0x01, 0xc3, 0x10, 0x0d, 0xd1, 0x2a, 0xfc, 0xb2, 0x01, 0xd1, 0x2a, 0xd2, 0x0a, 0x13, 0xf3, 0x35, 0xf3, 0x35, 0xb1, 0xce, 
0x01, 0x01, 0x99, 0x1e, 0xcd, 0x92, 0x01, 0x18, 0xce, 0x92, 0x01, 0xe5, 0x1e, 0x13, 0xad, 0x4d, 0x06, 0x5d, 0x00, 0x00, 
0x4e, 0x2b, 0x00, 0x00, 0x6d, 0x29, 0x00, 0x00, 0xd0, 0x4a, 0x00, 0x00, 0x99, 0x1e, 0xed, 0x76, 0x18, 0xee, 0x76, 0xe5, 
0x1e, 0x13, 0x8f, 0x20, 0x5f, 0x2b, 0x00, 0x00, 0xaa, 0x4a, 0x00, 0x00, 0xbd, 0x3a, 0x00, 0x00, 0x14, 0x4e, 0x00, 0x00, 
0xc1, 0x0a, 0x0d, 0xcf, 0x7d, 0xcf, 0x7d, 0x01, 0x7c, 0x0d, 0xa2, 0xad, 0x01, 0x01, 0x2b, 0x84, 0x62, 0xda, 0x0c, 0xee, 
0x14, 0x4a, 0x0d, 0x8d, 0xb1, 0x01, 0x8d, 0xb1, 0x01, 0x89, 0xb5, 0x01, 0x4b, 0x0d, 0x98, 0x84, 0x01, 0x82, 0xca, 0x01, 
0x98, 0x84, 0x01, 0x01, 0xfe, 0x03, 0xc1, 0x20, 0xdc, 0xf3, 0x01, 0xc1, 0x0a, 0x0d, 0xa3, 0x44, 0x89, 0x62, 0x00, 0x7c, 
0x0d, 0x80, 0xa5, 0x01, 0x01, 0x2b, 0xe7, 0x6f, 0xda, 0x0c, 0xee, 0x14, 0xc0, 0x0a, 0x13, 0xd5, 0x49, 0xd5, 0x49, 0xbb, 
0x09, 0x01, 0x0d, 0xf5, 0x46, 0x9e, 0xa8, 0x01, 0xe7, 0x0a, 0x1d, 0xcd, 0x55, 0xbd, 0x85, 0x01, 0xc3, 0x9c, 0x01, 0x01, 
0x81, 0x7a, 0x3d, 0x18, 0x8e, 0x9b, 0x01, 0x8e, 0x9b, 0x01, 0x8e, 0x9b, 0x01, 0x18, 0xc3, 0x10, 0x0d, 0xad, 0x4e, 0x80, 
0xe9, 0x01, 0xe7, 0x8b, 0x01, 0x6c, 0x0d, 0x97, 0x89, 0x01, 0x01, 0x25, 0xbe, 0xbb, 0x01, 0xca, 0x75, 0xc1, 0x0a, 0x0d, 
0xb8, 0x72, 0xd5, 0x9f, 0x01, 0x01, 0xc3, 0x10, 0x0d, 0xd2, 0x49, 0xf2, 0x9b, 0x02, 0xd2, 0x49, 0x6c, 0x0d, 0xd9, 0xbc, 
0x01, 0x01, 0x25, 0x9a, 0x6a, 0x83, 0x8f, 0x01, 0x6c, 0x0d, 0xee, 0x5e, 0x01, 0x25, 0xfe, 0x30, 0xd6, 0x30, 0x7c, 0x0d, 
0xaa, 0x40, 0x01, 0x31, 0x8c, 0x14, 0xa8, 0x03, 0x8d, 0x60, 0xd0, 0x0a, 0x18, 0xa4, 0x86, 0x01, 0xa4, 0x86, 0x01, 0xa4, 
0x86, 0x01, 0xa4, 0x86, 0x01, 0x7c, 0x18, 0xb3, 0x9e, 0x01, 0x01, 0x2e, 0xf0, 0x07, 0xdb, 0x14, 0xb4, 0xc3, 0x01, 0xce, 
0x10, 0x18, 0xe2, 0x98, 0x01, 0xd4, 0x47, 0xe2, 0xf2, 0x02, 0x4b, 0x18, 0xad, 0xec, 0x01, 0xcb, 0x53, 0xad, 0xec, 0x01, 
0xce, 0x10, 0x18, 0xa6, 0x2c, 0xf6, 0xb0, 0x01, 0x96, 0x07, 0x4a, 0x18, 0xee, 0x32, 0x94, 0x5f, 0xee, 0x32, 0xd0, 0x0a, 
0x18, 0xd4, 0x80, 0x01, 0xd2, 0x9e, 0x01, 0xd2, 0x9e, 0x01, 0xd2, 0x9e, 0x01, 0xc3, 0x10, 0x18, 0xef, 0x4a, 0xe4, 0x35, 
0xef, 0x4a, 0xc1, 0x0a, 0x0d, 0xde, 0x0e, 0xde, 0x0e, 0x00, 0xc1, 0x0a, 0x0d, 0x8d, 0x62, 0xaf, 0x53, 0x01, 0xc1, 0x0a, 
0x0d, 0xd0, 0xaa, 0x01, 0xa0, 0x57, 0x02, 0xe0, 0x0a, 0x1d, 0xa7, 0x82, 0x01, 0xe5, 0x39, 0xa8, 0x28, 0xa7, 0x82, 0x01, 
0xc4, 0xfc, 0x01, 0x13, 0x9a, 0x05, 0xf9, 0x60, 0xa2, 0x21, 0x8b, 0x14, 0x22, 0x00, 0xf9, 0x60, 0x8d, 0x1e, 0x18, 0xdc, 
0x80, 0x01, 0xc8, 0x16, 0x09, 0x87, 0x13, 0xc9, 0x6b, 0xa0, 0xf1, 0x01, 0xb8, 0x14, 0x09, 0xa7, 0x5b, 0xa7, 0x5b, 0xa7, 
0x1e, 0xfd, 0x0e, 0x00, 0xba, 0x1e, 0x00, 0xc5, 0x09, 0xfd, 0x0e, 0x18, 0xc6, 0x09, 0xca, 0x16, 0x09, 0xe8, 0x72, 0xc3, 
0x4a, 0xf0, 0x84, 0x02, 0x99, 0x1e, 0xb0, 0x6d, 0x18, 0xaf, 0x6d, 0xe5, 0x1e, 0x09, 0xb1, 0x23, 0xd9, 0x42, 0x00, 0x00, 
0x9d, 0x47, 0x00, 0x00, 0x1c, 0x4b, 0x00, 0x00, 0x68, 0x2e, 0x00, 0x00, 0xb8, 0x14, 0x09, 0xc8, 0x9e, 0x01, 0xc8, 0x9e, 
0x01, 0xa7, 0x1e, 0xb0, 0x94, 0x01, 0x00, 0xba, 0x1e, 0x00, 0x88, 0xa2, 0x01, 0xb0, 0x94, 0x01, 0x18, 0x87, 0xa2, 0x01, 
0xc1, 0x0a, 0x0d, 0xc2, 0x9f, 0x01, 0xb1, 0x3c, 0x01, 0xc8, 0x16, 0x09, 0xbd, 0xa5, 0x01, 0xbd, 0xa5, 0x01, 0x88, 0x78, 
0x99, 0x1e, 0xd3, 0x13, 0x18, 0xd4, 0x13, 0xe5, 0x1e, 0x09, 0x95, 0x0a, 0xeb, 0x26, 0x00, 0x00, 0xc4, 0x2f, 0x00, 0x00, 
0x8d, 0x24, 0x00, 0x00, 0x0b, 0x26, 0x00, 0x00, 0xb8, 0x14, 0x09, 0xc8, 0x9e, 0x01, 0xc8, 0x9e, 0x01, 0xa7, 0x1e, 0xde, 
0x63, 0x00, 0xba, 0x1e, 0x00, 0xbe, 0xa1, 0x01, 0xde, 0x63, 0x18, 0xbd, 0xa1, 0x01, 0xc1, 0x0a, 0x0d, 0xc2, 0x99, 0x01, 
0xe5, 0x41, 0x01, 0xca, 0x16, 0x09, 0x8f, 0x76, 0x8f, 0x76, 0xcc, 0x94, 0x01, 0x99, 0x1e, 0xad, 0x1a, 0x18, 0xae, 0x1a, 
0xe5, 0x1e, 0x09, 0xbc, 0x1a, 0xec, 0x26, 0x00, 0x00, 0x77, 0x29, 0x00, 0x00, 0x0a, 0x2f, 0x00, 0x00, 0x31, 0x26, 0x00, 
0x00, 0xa7, 0x1e, 0xe2, 0x76, 0x00, 0xba, 0x1e, 0x00, 0x8d, 0x1d, 0xe2, 0x76, 0x18, 0x8e, 0x1d, 0xce, 0x10, 0x18, 0xf2, 
0x43, 0xe6, 0xc1, 0x02, 0x86, 0x98, 0x01, 0x4a, 0x18, 0xc5, 0x99, 0x01, 0xe4, 0xb7, 0x01, 0xc5, 0x99, 0x01, 0xd0, 0x0a, 
0x18, 0x9a, 0xbc, 0x01, 0xd4, 0x9e, 0x01, 0xd4, 0x9e, 0x01, 0xd4, 0x9e, 0x01, 0xc3, 0x10, 0x18, 0xef, 0x4a, 0xaa, 0x71, 
0xef, 0x4a, 0xc1, 0x0a, 0x0d, 0xde, 0x0e, 0xde, 0x0e, 0x00, 0xc1, 0x0a, 0x0d, 0x8d, 0x62, 0xaf, 0x53, 0x01, 0xc1, 0x0a, 
0x0d, 0xd0, 0xaa, 0x01, 0xa0, 0x57, 0x02, 0xe0, 0x0a, 0x1d, 0xa7, 0x82, 0x01, 0xe5, 0x39, 0xa8, 0x28, 0xa7, 0x82, 0x01, 
0xc6, 0xfc, 0x01, 0x13, 0x9a, 0x05, 0xf9, 0x60, 0xa2, 0x21, 0x8b, 0x14, 0x22, 0x00, 0xf9, 0x60, 0x8d, 0x1e, 0x18, 0xc3, 
0x23, 0xc3, 0x10, 0x13, 0xb4, 0x80, 0x01, 0xb9, 0x79, 0xf0, 0xd3, 0x01, 0xc8, 0x10, 0x13, 0x8c, 0x14, 0x8c, 0x14, 0xc6, 
0xfc, 0x01, 0xc3, 0x10, 0x13, 0xae, 0x3f, 0xae, 0x3f, 0xce, 0xb5, 0x02, 0x5c, 0x13, 0x8c, 0x25, 0x01, 0x04, 0x85, 0xa7, 
0x01, 0xce, 0x10, 0x13, 0xb1, 0x9c, 0x01, 0xb1, 0x9c, 0x01, 0xb2, 0xd6, 0x01, 0xc3, 0x10, 0x13, 0x9d, 0x0c, 0x9d, 0x0c, 
0xf0, 0xa7, 0x01, 0x6c, 0x13, 0x81, 0x61, 0x01, 0x28, 0xa3, 0x65, 0x9f, 0x0e, 0x5c, 0x0d, 0xc6, 0x84, 0x02, 0x01, 0x42, 
0xe2, 0x34, 0xca, 0x16, 0x09, 0xa5, 0x1c, 0xa5, 0x1c, 0x82, 0xaf, 0x02, 0xa7, 0x1e, 0xc6, 0x74, 0x00, 0xba, 0x1e, 0x00, 
0xd6, 0x43, 0xc6, 0x74, 0x18, 0xd5, 0x43, 0xce, 0x10, 0x18, 0xf2, 0x43, 0xe8, 0xc1, 0x02, 0x88, 0x98, 0x01, 0x4a, 0x18, 
0xc5, 0x99, 0x01, 0xe6, 0xb7, 0x01, 0xc5, 0x99, 0x01, 0xd0, 0x0a, 0x18, 0x9a, 0xbc, 0x01, 0xd6, 0x9e, 0x01, 0xd6, 0x9e, 
0x01, 0xd6, 0x9e, 0x01, 0xc3, 0x10, 0x18, 0xef, 0x4a, 0xaa, 0x71, 0xef, 0x4a, 0xc1, 0x0a, 0x0d, 0xde, 0x0e, 0xde, 0x0e, 
0x00, 0xc1, 0x0a, 0x0d, 0x8d, 0x62, 0xaf, 0x53, 0x01, 0xc1, 0x0a, 0x0d, 0xd0, 0xaa, 0x01, 0xa0, 0x57, 0x02, 0xe0, 0x0a, 
0x1d, 0xa7, 0x82, 0x01, 0xe5, 0x39, 0xa8, 0x28, 0xa7, 0x82, 0x01, 0xc8, 0xfc, 0x01, 0x13, 0x9a, 0x05, 0xf9, 0x60, 0xa2, 
0x21, 0x8b, 0x14, 0x22, 0x00, 0xf9, 0x60, 0x8d, 0x1e, 0x18, 0xbc, 0x3f, 0xc1, 0x0a, 0x0d, 0xdb, 0x27, 0x99, 0x59, 0x00, 
0x7c, 0x0d, 0xa9, 0x10, 0x01, 0x2b, 0xe1, 0x5a, 0x30, 0xe2, 0x07, 0xc1, 0x0a, 0x0d, 0xae, 0x82, 0x01, 0xea, 0x18, 0x01, 
0x7c, 0x0d, 0x99, 0x59, 0x01, 0x2b, 0xe3, 0x93, 0x01, 0x30, 0xe2, 0x07, 0x4a, 0x0d, 0xbd, 0x08, 0xbd, 0x08, 0xb7, 0xaf, 
0x01, 0x4b, 0x0d, 0xa0, 0x45, 0xdc, 0x90, 0x01, 0xa0, 0x45, 0xc0, 0x0a, 0x13, 0xbe, 0x40, 0xb4, 0xa6, 0x01, 0xbe, 0x40, 
0x01, 0xfe, 0x03, 0xe1, 0x59, 0xd4, 0xc1, 0x01, 0x4b, 0x13, 0xe9, 0x84, 0x01, 0xcb, 0xde, 0x01, 0x86, 0x60, 0xc7, 0x0a, 
0x1d, 0x8c, 0xf3, 0x01, 0xa2, 0x6e, 0x8c, 0xf3, 0x01, 0xc1, 0x0a, 0x0d, 0x81, 0xe7, 0x01, 0x81, 0xe7, 0x01, 0x00, 0x01, 
0xfe, 0x03, 0xe6, 0xcb, 0x01, 0xda, 0x94, 0x02, 0xc7, 0x0a, 0x1d, 0xbe, 0x43, 0xbe, 0x43, 0xe2, 0x3c, 0xc1, 0x0a, 0x0d, 
0xf3, 0x6e, 0xf3, 0x6e, 0x01, 0x01, 0xfe, 0x03, 0xdd, 0x49, 0xc6, 0x9f, 0x01, 0xc3, 0x10, 0x13, 0xcd, 0x5e, 0xbd, 0xda, 
0x01, 0x94, 0x64, 0xc7, 0x0a, 0x1d, 0xec, 0xec, 0x01, 0x9e, 0x8e, 0x01, 0xec, 0xec, 0x01, 0xc1, 0x0a, 0x0d, 0xb6, 0x24, 
0xb6, 0x24, 0x02, 0xd0, 0x0a, 0x18, 0xa3, 0x9d, 0x01, 0x82, 0x6c, 0xad, 0x34, 0xa3, 0x9d, 0x01, 0x13, 0x8b, 0x05, 0xc7, 
0x58, 0xa2, 0x1f, 0x8e, 0x14, 0x01, 0x0d, 0xfb, 0x1b, 0xfb, 0x1b, 0xca, 0x16, 0x09, 0xac, 0x66, 0xac, 0x66, 0x94, 0xd6, 
0x01, 0xd9, 0x14, 0x0d, 0x9f, 0x5d, 0x9f, 0x5d, 0x8c, 0x09, 0x94, 0x69, 0x4a, 0x0d, 0x8d, 0x07, 0xff, 0xb4, 0x01, 0xe4, 
0x6a, 0x4a, 0x0d, 0x92, 0xd2, 0x01, 0x92, 0xd2, 0x01, 0x94, 0xa4, 0x02, 0x5c, 0x0d, 0x95, 0xbf, 0x01, 0x01, 0x0d, 0xac, 
0xa2, 0x01, 0x4a, 0x0d, 0xe2, 0xbc, 0x01, 0xac, 0xbe, 0x02, 0xe2, 0xbc, 0x01, 0x4b, 0x0d, 0x93, 0x38, 0x98, 0x86, 0x02, 
0x93, 0x38, 0x4a, 0x0d, 0x89, 0x33, 0xb2, 0x5d, 0x89, 0x33, 0xc3, 0x10, 0x0d, 0xe2, 0x38, 0xd4, 0x8d, 0x02, 0xe2, 0x38, 
0xce, 0x10, 0x18, 0xdb, 0x85, 0x01, 0xff, 0x5a, 0xdb, 0x85, 0x01, 0x4a, 0x0d, 0xd6, 0xfa, 0x01, 0xa0, 0xcf, 0x01, 0xe4, 
0xfe, 0x02, 0x4a, 0x0d, 0x8b, 0x98, 0x01, 0x8b, 0x98, 0x01, 0x92, 0xcc, 0x01, 0x5c, 0x0d, 0x91, 0x67, 0x01, 0x0d, 0xab, 
0x76, 0x4a, 0x0d, 0xe2, 0xbc, 0x01, 0xae, 0xbe, 0x02, 0xe2, 0xbc, 0x01, 0x4b, 0x0d, 0x93, 0x38, 0x9a, 0x86, 0x02, 0x93, 
0x38, 0x4a, 0x0d, 0x89, 0x33, 0xfe, 0xc2, 0x01, 0x89, 0x33, 0xc3, 0x10, 0x0d, 0xdc, 0x28, 0xd0, 0xfd, 0x01, 0xdc, 0x28, 
0xce, 0x10, 0x18, 0xd8, 0x1b, 0xb0, 0x91, 0x01, 0xd8, 0x1b, 0x2d, 0x13, 0xad, 0x5c, 0xcd, 0x4f, 0xcd, 0x4f, 0x40, 0xc3, 
0x10, 0x13, 0xf8, 0x20, 0x86, 0xd4, 0x01, 0xf8, 0x20, 0x4a, 0x13, 0xe1, 0x4b, 0xb7, 0x7a, 0xe1, 0x4b, 0xc1, 0x0a, 0x0d, 
0xe0, 0x9e, 0x01, 0xe0, 0x9e, 0x01, 0x00, 0xc1, 0x0a, 0x0d, 0xa3, 0xc0, 0x01, 0xc3, 0x21, 0x01, 0x4a, 0x0d, 0xbe, 0x0a, 
0xe5, 0xb5, 0x01, 0xbe, 0x0a, 0x4a, 0x0d, 0xa2, 0x76, 0xa2, 0x76, 0xc0, 0xe0, 0x01, 0x6c, 0x0d, 0x88, 0x84, 0x01, 0x01, 
0x1a, 0xe0, 0x79, 0x85, 0x16, 0x7c, 0x0d, 0xd1, 0x78, 0x01, 0x2b, 0xe4, 0xbb, 0x01, 0x8c, 0x14, 0x8a, 0x01, 0xce, 0x10, 
0x18, 0xb3, 0x61, 0xf9, 0x7d, 0xb3, 0x61, 0xce, 0x10, 0x13, 0xc2, 0x4c, 0xd7, 0x24, 0xd2, 0xe9, 0x01, 0xc3, 0x10, 0x13, 
0xe0, 0x7d, 0xe0, 0x7d, 0xe4, 0xdb, 0x02, 0xc3, 0x10, 0x13, 0xf3, 0x63, 0xf3, 0x63, 0xe6, 0xf0, 0x01, 0xc1, 0x0a, 0x0d, 
0x15, 0x15, 0x00, 0x4a, 0x0d, 0xac, 0x42, 0xac, 0x42, 0xca, 0x9a, 0x02, 0xc1, 0x0a, 0x0d, 0xf3, 0xb8, 0x01, 0xdd, 0x76, 
0x01, 0x4a, 0x0d, 0xfa, 0x4a, 0xfa, 0x4a, 0xe4, 0xba, 0x01, 0xc3, 0x10, 0x0d, 0xaf, 0x14, 0xa9, 0x82, 0x01, 0xaf, 0x14, 
0x4a, 0x0d, 0xcd, 0x62, 0xcb, 0xa2, 0x01, 0xe6, 0x43, 0x4a, 0x0d, 0xa2, 0x85, 0x02, 0x9e, 0xd9, 0x01, 0xf4, 0xba, 0x02, 
0x4b, 0x0d, 0xcd, 0xcf, 0x01, 0xd4, 0x35, 0xcd, 0xcf, 0x01, 0xc0, 0x0a, 0x13, 0xf3, 0x15, 0xed, 0x42, 0xf3, 0x15, 0xc8, 
0x10, 0x13, 0xc2, 0x2d, 0xc2, 0x2d, 0xc4, 0xa8, 0x01, 0x4b, 0x13, 0x94, 0x3e, 0x94, 0x3e, 0x88, 0xd4, 0x01, 0xc1, 0x0a, 
0x0d, 0xa3, 0x3d, 0xa3, 0x3d, 0x00, 0xce, 0x16, 0x09, 0xa8, 0xa2, 0x01, 0xa8, 0xa2, 0x01, 0xb0, 0xa9, 0x02, 0xa7, 0x1e, 
0xee, 0x61, 0x00, 0xba, 0x1e, 0x00, 0xae, 0x9d, 0x01, 0xee, 0x61, 0x18, 0xad, 0x9d, 0x01, 0xcc, 0x16, 0x09, 0x96, 0xa2, 
0x01, 0x90, 0xa7, 0x01, 0x9c, 0xd4, 0x02, 0x99, 0x1e, 0xd6, 0x66, 0x18, 0xd5, 0x66, 0xe5, 0x1e, 0x09, 0xa6, 0x01, 0x64, 
0x54, 0x00, 0x00, 0x4f, 0x37, 0x00, 0x00, 0x98, 0x55, 0x00, 0x00, 0x0d, 0x2d, 0x00, 0x00, 0xa7, 0x1e, 0xf1, 0x17, 0x00, 
0xba, 0x1e, 0x00, 0x8a, 0x57, 0xf1, 0x17, 0x18, 0x89, 0x57, 0xc1, 0x0a, 0x0d, 0xc2, 0x8d, 0x01, 0xf4, 0x3a, 0x01, 0xce, 
0x16, 0x09, 0xb3, 0x17, 0xb3, 0x17, 0xec, 0xe7, 0x01, 0x99, 0x1e, 0x92, 0x07, 0x18, 0x91, 0x07, 0xe5, 0x1e, 0x09, 0xef, 
0x17, 0x40, 0x3c, 0x00, 0x00, 0xed, 0x3b, 0x00, 0x00, 0x02, 0x44, 0x00, 0x00, 0x7b, 0x26, 0x00, 0x00, 0xa7, 0x1e, 0xa6, 
0x01, 0x00, 0xba, 0x1e, 0x00, 0xd8, 0x57, 0xa6, 0x01, 0x18, 0xd7, 0x57, 0xc1, 0x0a, 0x0d, 0xc2, 0x93, 0x01, 0xa8, 0x40, 
0x01, 0xcc, 0x16, 0x09, 0xe1, 0x46, 0xe1, 0x46, 0xf6, 0xe3, 0x01, 0x99, 0x1e, 0xd1, 0x09, 0x18, 0xd2, 0x09, 0xe5, 0x1e, 
0x09, 0xa8, 0x01, 0x41, 0x3c, 0x00, 0x00, 0x39, 0x42, 0x00, 0x00, 0x85, 0x39, 0x00, 0x00, 0x55, 0x26, 0x00, 0x00, 0xa7, 
0x1e, 0xa3, 0x7f, 0x00, 0xba, 0x1e, 0x00, 0x91, 0x96, 0x01, 0xa3, 0x7f, 0x18, 0x92, 0x96, 0x01, 0x7c, 0x0d, 0xdb, 0xa3, 
0x01, 0x01, 0x31, 0x8c, 0x14, 0x85, 0x0a, 0xd0, 0x57, 0x7c, 0x0d, 0xdc, 0xa6, 0x01, 0x01, 0x31, 0x8a, 0x01, 0x95, 0x12, 
0xd0, 0x57, 0x4a, 0x0d, 0xe9, 0x8f, 0x02, 0x8d, 0x69, 0xe9, 0x8f, 0x02, 0xc1, 0x0a, 0x0d, 0x8e, 0xb1, 0x01, 0xf6, 0x3e, 
0x01, 0x7c, 0x0d, 0xa7, 0x2c, 0x01, 0x31, 0x8c, 0x14, 0x85, 0x0a, 0xdd, 0x95, 0x01, 0x4a, 0x0d, 0x8d, 0x84, 0x01, 0x58, 
0x8d, 0x84, 0x01, 0x7c, 0x0d, 0xd8, 0xc6, 0x01, 0x01, 0x31, 0x8a, 0x01, 0x95, 0x12, 0xdd, 0x95, 0x01, 0x4a, 0x0d, 0xc1, 
0x06, 0x96, 0xc0, 0x01, 0xc1, 0x06, 0x01, 0xfe, 0x03, 0x9d, 0x58, 0xa2, 0xab, 0x01, 0x01, 0x0d, 0xc4, 0x3a, 0xdc, 0xd1, 
0x01, 0xe7, 0x0a, 0x1d, 0xfe, 0x4d, 0xc2, 0x88, 0x01, 0xfa, 0x7e, 0x01, 0xe0, 0x8e, 0x01, 0xc1, 0x0a, 0x0d, 0xf6, 0x15, 
0xf6, 0x15, 0x00, 0x4a, 0x0d, 0xbf, 0xd7, 0x01, 0xbf, 0xd7, 0x01, 0xa5, 0x91, 0x01, 0x4a, 0x0d, 0xaa, 0x56, 0xaa, 0x56, 
0x88, 0xdb, 0x01, 0x99, 0x1e, 0x89, 0x70, 0x18, 0x8a, 0x70, 0xe5, 0x1e, 0x0d, 0xb9, 0xb1, 0x01, 0x0c, 0x0a, 0x00, 0x00, 
0xee, 0x3b, 0x00, 0x00, 0x0f, 0x40, 0x00, 0x00, 0xcb, 0x61, 0x00, 0x00, 0xce, 0x10, 0x18, 0xa3, 0x22, 0xc0, 0x8f, 0x01, 
0xa3, 0x22, 0x4b, 0x18, 0xca, 0x57, 0xd2, 0x56, 0xca, 0x57, 0xce, 0x10, 0x18, 0x83, 0x33, 0xf8, 0xb0, 0x01, 0x98, 0x07, 
0x4a, 0x18, 0xee, 0x32, 0x15, 0xee, 0x32, 0xd0, 0x0a, 0x18, 0xea, 0x6c, 0xea, 0x8a, 0x01, 0xea, 0x8a, 0x01, 0xea, 0x8a, 
0x01, 0xc3, 0x10, 0x18, 0x81, 0xcc, 0x01, 0x97, 0x5f, 0x81, 0xcc, 0x01, 0x7c, 0x18, 0xee, 0x75, 0x01, 0x2b, 0xb3, 0x4a, 
0xac, 0x14, 0x98, 0x14, 0xc1, 0x0a, 0x0d, 0xf9, 0x09, 0xf9, 0x09, 0x00, 0xc1, 0x0a, 0x0d, 0xcc, 0x14, 0xd2, 0x0a, 0x01, 
0xc1, 0x0a, 0x0d, 0xe0, 0x6b, 0xb2, 0x76, 0x02, 0xe0, 0x0a, 0x1d, 0xa7, 0x82, 0x01, 0xfb, 0x01, 0xc7, 0x16, 0xa7, 0x82, 
0x01, 0xca, 0xfc, 0x01, 0x13, 0x9a, 0x05, 0x99, 0x62, 0xa2, 0x21, 0x8b, 0x14, 0x22, 0x00, 0x99, 0x62, 0x99, 0x1e, 0x8d, 
0x74, 0x18, 0xf1, 0x30, 0x01, 0xfe, 0x03, 0xdc, 0x6a, 0x98, 0xa6, 0x01, 0x01, 0x0d, 0xc6, 0x4d, 0x90, 0xd8, 0x01, 0xe7, 
0x0a, 0x1d, 0xd9, 0x68, 0x93, 0x1b, 0xd9, 0xb1, 0x01, 0x01, 0xfa, 0x91, 0x01, 0x4a, 0x0d, 0x9e, 0xb4, 0x01, 0xe8, 0xf8, 
0x01, 0xb4, 0xe6, 0x02, 0x5c, 0x0d, 0xb3, 0x19, 0x01, 0x0d, 0xdc, 0xb7, 0x01, 0x4a, 0x0d, 0xfb, 0xbb, 0x01, 0xfb, 0xbb, 
0x01, 0x94, 0x7c, 0xc1, 0x0a, 0x0d, 0xfb, 0x23, 0xe7, 0xf6, 0x01, 0x00, 0x4a, 0x0d, 0x88, 0x97, 0x01, 0x88, 0x97, 0x01, 
0xce, 0x88, 0x02, 0x5c, 0x0d, 0xe1, 0x53, 0x01, 0x0e, 0xca, 0x86, 0x01, 0x4a, 0x0d, 0xe7, 0x2d, 0xe7, 0x2d, 0x90, 0x61, 
0x4b, 0x0d, 0x9a, 0xe3, 0x01, 0xdc, 0xd4, 0x01, 0x9a, 0xe3, 0x01, 0x3d, 0x18, 0x8f, 0x57, 0xba, 0x5c, 0xba, 0x5c, 0x18, 
0x4b, 0x0d, 0xa1, 0x74, 0x9e, 0xa1, 0x01, 0xb1, 0xcb, 0x01, 0xce, 0x10, 0x18, 0x80, 0xb5, 0x01, 0xde, 0x40, 0x80, 0xb5, 
0x01, 0xce, 0x10, 0x18, 0xc5, 0xee, 0x01, 0xd4, 0x59, 0x8b, 0x50, 0x4a, 0x18, 0x8c, 0x9a, 0x02, 0xc6, 0x2b, 0x8c, 0x9a, 
0x02, 0x7c, 0x18, 0xff, 0x35, 0x01, 0x2b, 0xfc, 0xc1, 0x01, 0xac, 0x14, 0x98, 0x14, 0xc1, 0x0a, 0x0d, 0x83, 0x34, 0x83, 
0x34, 0x00, 0xc1, 0x0a, 0x0d, 0xcb, 0x04, 0xcf, 0x38, 0x01, 0xc1, 0x0a, 0x0d, 0xe0, 0x6b, 0x90, 0x33, 0x02, 0xe0, 0x0a, 
0x1d, 0xa7, 0x82, 0x01, 0x93, 0x1b, 0xc7, 0x16, 0xa7, 0x82, 0x01, 0xcc, 0xfc, 0x01, 0x13, 0x9a, 0x05, 0x99, 0x62, 0xa2, 
0x21, 0x8b, 0x14, 0x22, 0x00, 0x99, 0x62, 0x99, 0x1e, 0x8b, 0x74, 0x18, 0x8c, 0x74, 0x8d, 0x1e, 0x88, 0x06, 0x00, 0x00, 
0xa7, 0x07, 0x00, 0x00, 0x00, 0x00, 0x00, 0x00, 0x4c, 0x4f, 0x4d, 0x53, 0x00, 0x03, 0x01, 0x00, 0x0b, 0x00, 0x08, 0x00, 
0x8c, 0x60, 0x00, 0x00, 0x00, 0x00, 0x00, 0x00, 0x34, 0x1a, 0x00, 0x00, 0x91, 0x02, 0x01, 0x91, 0x02, 0x20, 0xd1, 0x10, 
0x02, 0x47, 0x4c, 0x53, 0x4c, 0x2e, 0x73, 0x74, 0x64, 0x2e, 0x34, 0x35, 0x30, 0x00, 0x00, 0x00, 0x00, 0xa0, 0x04, 0x00, 
0x01, 0xcf, 0x0f, 0x00, 0x9f, 0x2c, 0xed, 0xc2, 0xa5, 0xf3, 0x06, 0x00, 0x8c, 0x1a, 0x82, 0x1f, 0xcf, 0x2d, 0xb0, 0x23, 
0x84, 0x28, 0xab, 0x22, 0xd9, 0x1b, 0xc2, 0x26, 0x10, 0xdc, 0x16, 0x06, 0x10, 0x37, 0xcf, 0x07, 0x0b, 0x00, 0x05, 0x00, 
0x07, 0x01, 0x10, 0x00, 0x23, 0x00, 0x01, 0x05, 0x00, 0x07, 0x01, 0x10, 0x00, 0x23, 0x40, 0x01, 0x23, 0x30, 0x01, 0x23, 
0x04, 0x01, 0x23, 0x04, 0x01, 0x23, 0x04, 0x01, 0x23, 0x04, 0x10, 0xba, 0x3f, 0x01, 0x01, 0x10, 0x97, 0x40, 0x06, 0x80, 
0x02, 0x00, 0xac, 0x1d, 0x02, 0x47, 0x00, 0x01, 0x00, 0x23, 0x00, 0x10, 0xda, 0x07, 0x21, 0x00, 0x10, 0x00, 0x22, 0x01, 
0x00, 0x64, 0x0e, 0x10, 0x00, 0x1e, 0x0a, 0x10, 0xb2, 0x21, 0x01, 0x08, 0x10, 0x81, 0x34, 0x06, 0x40, 0x10, 0x02, 0x06, 
0x40, 0x10, 0xcf, 0x0c, 0x06, 0x10, 0x10, 0xb4, 0x03, 0x06, 0x10, 0x10, 0x02, 0x06, 0x10, 0x10, 0x02, 0x06, 0x10, 0x10, 
0x50, 0x06, 0x10, 0x00, 0xf1, 0x15, 0x02, 0x37, 0x00, 0x95, 0x00, 0x05, 0x00, 0x07, 0x01, 0x10, 0x00, 0x23, 0x00, 0x01, 
0x05, 0x00, 0x07, 0x01, 0x10, 0x00, 0x23, 0x40, 0x01, 0x05, 0x00, 0x07, 0x01, 0x10, 0x00, 0x23, 0x40, 0x01, 0x05, 0x00, 
0x07, 0x01, 0x10, 0x00, 0x23, 0x40, 0x01, 0x05, 0x00, 0x07, 0x01, 0x10, 0x00, 0x23, 0x40, 0x01, 0x05, 0x00, 0x07, 0x01, 
0x10, 0x00, 0x23, 0x80, 0x02, 0x01, 0x05, 0x00, 0x07, 0x01, 0x10, 0x00, 0x23, 0x80, 0x02, 0x01, 0x05, 0x00, 0x07, 0x01, 
0x10, 0x00, 0x23, 0x40, 0x01, 0x05, 0x00, 0x07, 0x01, 0x10, 0x00, 0x23, 0x30, 0x01, 0x23, 0x40, 0x01, 0x23, 0x10, 0x01, 
0x23, 0x08, 0x01, 0x23, 0x04, 0x01, 0x23, 0x04, 0x01, 0x23, 0x10, 0x01, 0x23, 0x10, 0x01, 0x23, 0x08, 0x01, 0x23, 0x08, 
0x01, 0x23, 0x04, 0x01, 0x00, 0x00, 0x23, 0x04, 0x01, 0x23, 0x08, 0x01, 0x23, 0x04, 0x01, 0x23, 0x04, 0x01, 0x23, 0x04, 
0x01, 0x23, 0x04, 0x01, 0x23, 0x04, 0x01, 0x00, 0x00, 0x23, 0x04, 0x01, 0x00, 0x00, 0x23, 0x04, 0x01, 0x00, 0x00, 0x23, 
0x04, 0x01, 0x00, 0x00, 0x23, 0x10, 0x01, 0x00, 0x00, 0x23, 0x0c, 0x01, 0x00, 0x00, 0x23, 0x04, 0x01, 0x00, 0x00, 0x23, 
0x08, 0x01, 0x00, 0x00, 0x23, 0x04, 0x01, 0x00, 0x00, 0x23, 0x04, 0x01, 0x00, 0x00, 0x23, 0x04, 0x01, 0x23, 0x04, 0x01, 
0x00, 0x00, 0x23, 0x04, 0x01, 0x00, 0x00, 0x23, 0x04, 0x01, 0x23, 0x90, 0x01, 0x01, 0x00, 0x00, 0x23, 0x0c, 0x01, 0x23, 
0x04, 0x01, 0x23, 0x10, 0x01, 0x23, 0x10, 0x01, 0x00, 0x00, 0x23, 0x08, 0x01, 0x00, 0x00, 0x23, 0x04, 0x01, 0x23, 0x04, 
0x01, 0x00, 0x00, 0x23, 0x08, 0x01, 0x00, 0x00, 0x23, 0x04, 0x01, 0x23, 0x04, 0x01, 0x00, 0x00, 0x23, 0x10, 0x01, 0x00, 
0x00, 0x23, 0x04, 0x01, 0x23, 0x04, 0x01, 0x00, 0x00, 0x23, 0x08, 0x01, 0x23, 0x04, 0x01, 0x00, 0x00, 0x23, 0x04, 0x01, 
0x00, 0x00, 0x23, 0x04, 0x01, 0x23, 0x04, 0x01, 0x23, 0x0c, 0x01, 0x23, 0x04, 0x01, 0x23, 0x04, 0x01, 0x23, 0x04, 0x01, 
0x23, 0x04, 0x01, 0x23, 0x04, 0x01, 0x23, 0x0c, 0x01, 0x23, 0x04, 0x01, 0x23, 0x04, 0x01, 0x23, 0x04, 0x01, 0x23, 0x04, 
0x01, 0x05, 0x00, 0x07, 0x01, 0x10, 0x00, 0x23, 0x04, 0x01, 0x23, 0x30, 0x01, 0x23, 0x08, 0x01, 0x05, 0x00, 0x07, 0x01, 
0x10, 0x00, 0x23, 0x08, 0x01, 0x05, 0x00, 0x07, 0x01, 0x10, 0x00, 0x23, 0x40, 0x01, 0x00, 0x00, 0x23, 0x40, 0x01, 0x00, 
0x00, 0x23, 0x04, 0x01, 0x00, 0x00, 0x23, 0x04, 0x01, 0x00, 0x00, 0x23, 0x04, 0x01, 0x23, 0x04, 0x01, 0x23, 0x40, 0x01, 
0x00, 0x00, 0x23, 0x04, 0x01, 0x00, 0x00, 0x23, 0x04, 0x01, 0x00, 0x00, 0x23, 0x04, 0x01, 0x23, 0x04, 0x01, 0x23, 0x40, 
0x01, 0x00, 0x00, 0x23, 0x40, 0x01, 0x00, 0x00, 0x23, 0x04, 0x01, 0x00, 0x00, 0x23, 0x04, 0x01, 0x00, 0x00, 0x23, 0x04, 
0x01, 0x00, 0x00, 0x23, 0x04, 0x10, 0xfa, 0x3b, 0x21, 0x00, 0x10, 0x00, 0x22, 0x00, 0x10, 0x85, 0x01, 0x1e, 0x00, 0x10, 
0x9a, 0x1d, 0x1e, 0x03, 0x10, 0xbd, 0x14, 0x0b, 0x2b, 0x10, 0xa8, 0x09, 0x1e, 0x05, 0x10, 0xb1, 0x0b, 0x1e, 0x06, 0x10, 
0xa3, 0x0d, 0x1e, 0x09, 0x00, 0x93, 0x22, 0x02, 0x47, 0x00, 0x04, 0x00, 0x0b, 0x01, 0x00, 0x01, 0x0b, 0x01, 0x01, 0x01, 
0x0b, 0x01, 0x03, 0x01, 0x0b, 0x01, 0x04, 0x93, 0x02, 0x0e, 0xa1, 0x04, 0xf4, 0x13, 0x08, 0xa6, 0x02, 0xe9, 0x13, 0x20, 
0xb7, 0x02, 0x20, 0x0d, 0x04, 0xb8, 0x02, 0x90, 0x01, 0x1d, 0x04, 0xb7, 0x02, 0x99, 0x01, 0x0d, 0x03, 0xb5, 0x02, 0x17, 
0x20, 0x01, 0xb7, 0x02, 0x0e, 0x0d, 0x02, 0xbe, 0x02, 0xa2, 0x10, 0x13, 0x1d, 0xb5, 0x02, 0xb1, 0x10, 0x20, 0x00, 0xbb, 
0x04, 0x0b, 0xfe, 0x27, 0x00, 0x00, 0x00, 0x00, 0xbb, 0x04, 0x0c, 0x02, 0x00, 0x00, 0x00, 0x00, 0xbb, 0x04, 0x0b, 0x04, 
0x01, 0x00, 0x00, 0x00, 0xbb, 0x04, 0x0c, 0x02, 0x01, 0x00, 0x00, 0x00, 0xbb, 0x04, 0x0b, 0x04, 0x02, 0x00, 0x00, 0x00, 
0xbb, 0x04, 0x0c, 0x02, 0x02, 0x00, 0x00, 0x00, 0xb8, 0x02, 0x95, 0x27, 0x18, 0x03, 0xbb, 0x04, 0x0b, 0xb8, 0x27, 0x08, 
0x00, 0x00, 0x00, 0xbc, 0x02, 0xe7, 0x11, 0x1d, 0xa2, 0x14, 0x8e, 0x03, 0xcf, 0x07, 0x65, 0x46, 0x0c, 0x0c, 0x0c, 0x0d, 
0xae, 0x0b, 0xb2, 0x06, 0x0c, 0xba, 0x3f, 0x40, 0x00, 0x00, 0x00, 0xbc, 0x02, 0x97, 0x40, 0xc6, 0x07, 0xa3, 0x27, 0xae, 
0x02, 0xac, 0x1d, 0x97, 0x07, 0x3e, 0x8b, 0x25, 0x02, 0xed, 0x15, 0x39, 0xa7, 0x03, 0xe6, 0x2c, 0x02, 0x3e, 0xef, 0x27, 
0x02, 0x65, 0xbb, 0x04, 0x0c, 0xf0, 0x1c, 0x05, 0x00, 0x00, 0x00, 0x3e, 0xa1, 0x1e, 0x03, 0x0c, 0x39, 0x89, 0x05, 0x86, 
0x2a, 0x03, 0xb2, 0x06, 0x0c, 0xb2, 0x21, 0x02, 0x00, 0x00, 0x00, 0xbb, 0x04, 0x0b, 0x9d, 0x2d, 0x04, 0x00, 0x00, 0x00, 
0xbc, 0x02, 0xe3, 0x06, 0x65, 0x96, 0x14, 0xbc, 0x02, 0x02, 0x65, 0x96, 0x14, 0xb7, 0x02, 0xa1, 0x21, 0x0b, 0x03, 0xbb, 
0x04, 0x0b, 0xa2, 0x28, 0x09, 0x00, 0x00, 0x00, 0xbc, 0x02, 0xcf, 0x13, 0x18, 0xa5, 0x14, 0xbc, 0x02, 0xb4, 0x03, 0x1d, 
0x96, 0x14, 0xbc, 0x02, 0x02, 0x1d, 0x96, 0x14, 0xbc, 0x02, 0x02, 0x1d, 0x96, 0x14, 0xbc, 0x02, 0x50, 0x1d, 0xa5, 0x14, 
0xbe, 0x83, 0xc0, 0x02, 0xf1, 0x15, 0x65, 0x65, 0x65, 0x65, 0xe4, 0x10, 0xe5, 0x10, 0x65, 0x46, 0x65, 0x1d, 0x13, 0x0d, 
0x0d, 0x1d, 0x1d, 0x13, 0x13, 0x0d, 0x0d, 0x13, 0x0d, 0x0d, 0x0d, 0x0d, 0x0d, 0x0d, 0x0d, 0x0d, 0x1d, 0x14, 0x0c, 0x13, 
0x0c, 0x0c, 0x0c, 0x0c, 0x0d, 0x0d, 0xbd, 0x0a, 0x18, 0x0d, 0x1d, 0x1d, 0x13, 0x0c, 0x0d, 0x13, 0x0d, 0x0d, 0x1d, 0x0c, 
0x0d, 0x13, 0x0d, 0x0d, 0x0d, 0x0b, 0x18, 0x0d, 0x0d, 0x0b, 0x0d, 0x0d, 0x18, 0x0d, 0x0d, 0x0d, 0x0d, 0x0d, 0x46, 0x13, 
0x13, 0x65, 0x65, 0x0d, 0x0d, 0x0d, 0x0d, 0x97, 0x0c, 0x0c, 0x0d, 0x0d, 0x0d, 0x98, 0x0c, 0x99, 0x0c, 0x0c, 0x0c, 0x0c, 
0x0c, 0xc1, 0x0c, 0x3e, 0xfa, 0x09, 0x02, 0xc8, 0x01, 0x39, 0xc5, 0x06, 0x80, 0x32, 0x02, 0x3e, 0xd5, 0x34, 0x01, 0x1d, 
0x39, 0x9a, 0x05, 0xd0, 0x33, 0x01, 0x3e, 0xe3, 0x33, 0x01, 0x13, 0x39, 0x90, 0x05, 0xfe, 0x50, 0x01, 0x3e, 0x89, 0x51, 
0x01, 0x0d, 0xbb, 0x04, 0x0d, 0xff, 0x07, 0x00, 0x00, 0x80, 0x3f, 0x3e, 0x82, 0x08, 0x01, 0x0c, 0x39, 0x8b, 0x05, 0xca, 
0x3c, 0x01, 0x3e, 0xbd, 0x3c, 0x03, 0x13, 0x39, 0x91, 0x05, 0xe6, 0x45, 0x03, 0x3e, 0xd1, 0x45, 0x03, 0x1d, 0x39, 0x9b, 
0x05, 0xa0, 0x3a, 0x03, 0x3e, 0xbd, 0x3a, 0x03, 0x0d, 0x39, 0x9b, 0x05, 0x9a, 0x2d, 0x03, 0xbb, 0x04, 0x0d, 0xff, 0x36, 
0x00, 0x00, 0x00, 0x40, 0xbb, 0x04, 0x0d, 0xd0, 0x0c, 0x00, 0x00, 0x80, 0xbf, 0xbc, 0x02, 0xe3, 0x01, 0x0d, 0x90, 0x14, 
0xbc, 0x02, 0x13, 0x0d, 0x8d, 0x14, 0xde, 0x02, 0x94, 0x0a, 0x1d, 0x0d, 0xcf, 0x05, 0xc5, 0x05, 0x3e, 0xfa, 0x09, 0x03, 
0xcf, 0x0a, 0x39, 0xcc, 0x0f, 0xec, 0x2d, 0x03, 0xc6, 0x06, 0x08, 0xba, 0x0b, 0x00, 0x82, 0x0a, 0x18, 0xf4, 0x60, 0x01, 
0x0c, 0xba, 0xa9, 0x01, 0x8c, 0x9c, 0x02, 0x22, 0xd4, 0xae, 0x02, 0x00, 0x01, 0x0c, 0xc5, 0x31, 0x8e, 0xfd, 0x01, 0xc7, 
0x10, 0x0c, 0xc7, 0x51, 0xc7, 0x51, 0x94, 0x8a, 0x01, 0x33, 0xe2, 0x05, 0xeb, 0x2a, 0xda, 0x19, 0x8b, 0x14, 0xef, 0x6f, 
0x8b, 0x14, 0x01, 0x65, 0x96, 0x80, 0x01, 0x96, 0x80, 0x01, 0x13, 0x8a, 0x05, 0xbe, 0x24, 0xcf, 0x2d, 0x8a, 0x14, 0x01, 
0x0d, 0x9c, 0x23, 0x9c, 0x23, 0x13, 0x8a, 0x05, 0xcf, 0x0f, 0xcf, 0x2d, 0x8d, 0x14, 0x01, 0x0d, 0x91, 0x9d, 0x01, 0x91, 
0x9d, 0x01, 0xc3, 0x10, 0x0d, 0xd0, 0xb0, 0x01, 0xbc, 0xfe, 0x02, 0xd0, 0xb0, 0x01, 0xc0, 0x0a, 0x13, 0xad, 0x12, 0xbf, 
0x0e, 0xad, 0x12, 0x01, 0x1d, 0xc7, 0xca, 0x01, 0xd6, 0x65, 0x3d, 0x18, 0x82, 0x41, 0x82, 0x41, 0x82, 0x41, 0x18, 0xc1, 
0x0a, 0x0d, 0xdf, 0x66, 0xdf, 0x66, 0x00, 0xc1, 0x0a, 0x1d, 0xa0, 0x84, 0x01, 0xeb, 0x32, 0x00, 0xce, 0x10, 0x1d, 0xec, 
0x1b, 0xec, 0x1b, 0x8c, 0xa0, 0x01, 0xc1, 0x0a, 0x0d, 0xbe, 0x14, 0xea, 0x4d, 0x01, 0xc1, 0x0a, 0x1d, 0x99, 0xd0, 0x01, 
0xdb, 0xd2, 0x01, 0x01, 0xce, 0x10, 0x1d, 0xde, 0xbb, 0x01, 0xde, 0xbb, 0x01, 0xbb, 0x14, 0xc1, 0x0a, 0x0d, 0xbe, 0x14, 
0xec, 0x4d, 0x02, 0xc1, 0x0a, 0x1d, 0x99, 0xd0, 0x01, 0xd9, 0xd2, 0x01, 0x02, 0xce, 0x10, 0x1d, 0xfa, 0xc9, 0x01, 0xfa, 
0xc9, 0x01, 0x9f, 0x06, 0xc1, 0x0a, 0x1d, 0xaf, 0x7f, 0x8f, 0x88, 0x01, 0x03, 0x4b, 0x1d, 0x95, 0x0d, 0xc5, 0x8c, 0x01, 
0x95, 0x0d, 0x4b, 0x1d, 0xf6, 0x41, 0xb1, 0x3c, 0xf6, 0x41, 0x4b, 0x1d, 0x8a, 0x24, 0xa5, 0x18, 0x8a, 0x24, 0xc0, 0x0a, 
0xa4, 0x08, 0xb2, 0x0c, 0x8d, 0x5c, 0xb2, 0x0c, 0xc1, 0x0a, 0x13, 0x93, 0x19, 0x93, 0x19, 0x00, 0xc1, 0x0a, 0x1d, 0xf9, 
0x6e, 0x8d, 0x88, 0x01, 0x01, 0x22, 0xfe, 0x39, 0xf9, 0x6e, 0x3d, 0x18, 0x8a, 0xc1, 0x01, 0x8a, 0xc1, 0x01, 0x8a, 0xc1, 
0x01, 0x18, 0x13, 0x8c, 0x05, 0xb3, 0x06, 0xab, 0x22, 0x8a, 0x14, 0xc1, 0x0a, 0x0d, 0x85, 0x56, 0xb9, 0x5c, 0x00, 0x22, 
0x85, 0x56, 0x00, 0x13, 0x8c, 0x05, 0xf0, 0x2f, 0xab, 0x22, 0x8d, 0x14, 0xc1, 0x0a, 0x0d, 0xe1, 0x6e, 0xab, 0x9b, 0x01, 
0x01, 0x22, 0xe1, 0x6e, 0x00, 0x13, 0x8c, 0x05, 0xe4, 0x6e, 0xab, 0x22, 0x90, 0x14, 0xc1, 0x0a, 0x0d, 0xfb, 0x6f, 0xc3, 
0x9c, 0x01, 0x02, 0x22, 0xfb, 0x6f, 0x00, 0x01, 0x0c, 0x92, 0xaa, 0x01, 0xc6, 0xa4, 0x02, 0xcb, 0x10, 0x0c, 0x8b, 0x25, 
0x8b, 0x25, 0x88, 0xde, 0x01, 0x23, 0xe2, 0x05, 0xc4, 0x4e, 0xc5, 0x1f, 0x9a, 0x14, 0xe9, 0x99, 0x01, 0x01, 0x65, 0xc7, 
0x2d, 0xc7, 0x2d, 0xc1, 0x12, 0x1d, 0xcf, 0xd1, 0x01, 0xcf, 0xd1, 0x01, 0x87, 0x07, 0x22, 0xcc, 0x4b, 0x00, 0x01, 0x0c, 
0xd8, 0x1d, 0xbe, 0x6c, 0xcb, 0x10, 0x0c, 0xf2, 0x2c, 0xf2, 0x2c, 0xfe, 0x77, 0xbf, 0x0c, 0x0d, 0xdb, 0x36, 0xa2, 0x41, 
0xc8, 0x10, 0x0d, 0xbe, 0x47, 0xf8, 0xdd, 0x01, 0xbe, 0x47, 0xc8, 0x10, 0x0d, 0xab, 0x2a, 0xab, 0x2a, 0xcc, 0xb3, 0x01, 
0x4b, 0x0d, 0x94, 0x78, 0x90, 0x9f, 0x02, 0x94, 0x78, 0xbf, 0x0c, 0x0d, 0x8f, 0x0c, 0xba, 0x52, 0x4a, 0x0d, 0xa0, 0x10, 
0xf8, 0x51, 0xa0, 0x10, 0x4b, 0x0d, 0xa3, 0x8a, 0x01, 0x93, 0x86, 0x01, 0xa3, 0x8a, 0x01, 0xc8, 0x10, 0x0d, 0xf0, 0x37, 
0xda, 0xdb, 0x01, 0x82, 0x47, 0xc1, 0x0a, 0x0d, 0xfc, 0x96, 0x01, 0xec, 0xf1, 0x01, 0x00, 0x4a, 0x0d, 0xf6, 0x08, 0xf6, 
0x08, 0xf2, 0x9f, 0x01, 0xd2, 0x0a, 0x1d, 0x89, 0x8b, 0x02, 0x89, 0x8b, 0x02, 0xa7, 0x10, 0x00, 0xc1, 0x0a, 0x0d, 0x90, 
0xef, 0x01, 0x90, 0xef, 0x01, 0x03, 0x4a, 0x0d, 0x8f, 0x83, 0x01, 0xd8, 0x38, 0x8f, 0x83, 0x01, 0xc1, 0x0a, 0x0d, 0xef, 
0x7c, 0xef, 0x10, 0x00, 0x4b, 0x0d, 0xd8, 0xd4, 0x01, 0xd8, 0xd4, 0x01, 0xe8, 0x57, 0xd2, 0x0a, 0x1d, 0xf9, 0x4f, 0xf9, 
0x4f, 0xee, 0x73, 0x00, 0xc1, 0x0a, 0x0d, 0xa2, 0x4e, 0xa2, 0x4e, 0x00, 0xc3, 0x10, 0x0d, 0xf1, 0x7e, 0xe0, 0xb3, 0x01, 
0xad, 0x7a, 0xc1, 0x0a, 0x0d, 0x97, 0x49, 0xe7, 0x79, 0x03, 0x4a, 0x0d, 0xb0, 0x93, 0x01, 0x98, 0x4a, 0xb0, 0x93, 0x01, 
0x4b, 0x0d, 0x87, 0x22, 0xe1, 0x56, 0x87, 0x22, 0xc0, 0x10, 0x0c, 0xf4, 0x30, 0xb0, 0x41, 0xdc, 0xe6, 0x01, 0xbf, 0x0c, 
0x0d, 0xd8, 0x54, 0xd8, 0x54, 0x4a, 0x0d, 0xe7, 0x13, 0xbe, 0x71, 0xe7, 0x13, 0xc3, 0x10, 0x0d, 0xc1, 0x69, 0x92, 0xe4, 
0x01, 0xc1, 0x69, 0x4a, 0x0d, 0x8b, 0x50, 0x8b, 0x50, 0xbe, 0x29, 0x4b, 0x0d, 0xd5, 0x2d, 0xa1, 0xcc, 0x01, 0xd5, 0x2d, 
0x23, 0x8c, 0x05, 0xb2, 0x77, 0xc2, 0x26, 0x91, 0x14, 0x8b, 0x14, 0x22, 0x00, 0xf2, 0x01, 0x3f, 0x0d, 0xe0, 0x71, 0x92, 
0xe9, 0x01, 0x23, 0x8c, 0x05, 0xaa, 0x28, 0xc2, 0x26, 0x91, 0x14, 0x8e, 0x14, 0x22, 0x00, 0xaa, 0x28, 0xc1, 0x0a, 0x0d, 
0xf9, 0x90, 0x02, 0xbd, 0x7d, 0x01, 0x3f, 0x0d, 0xe6, 0xd9, 0x01, 0xe6, 0xd9, 0x01, 0xd2, 0x0a, 0x1d, 0xe1, 0x3d, 0xe1, 
0x3d, 0xc6, 0x1e, 0x01, 0x13, 0x9b, 0x05, 0xab, 0x1f, 0xc2, 0x26, 0x8b, 0x14, 0x22, 0x00, 0xab, 0x1f, 0x22, 0xc6, 0xb1, 
0x01, 0x80, 0x06, 0x8d, 0x1e, 0x88, 0x06, 0x00, 0x41, 0x11, 0x00, 0x00, 0x00, 0x00, 0x00, 0x00, 0x4c, 0x4f, 0x4d, 0x53, 
0x00, 0x03, 0x01, 0x00, 0x0b, 0x00, 0x08, 0x00, 0xd0, 0x61, 0x00, 0x00, 0x00, 0x00, 0x00, 0x00, 0xd0, 0x2f, 0x00, 0x00, 
0x91, 0x02, 0x01, 0xd1, 0x10, 0x02, 0x47, 0x4c, 0x53, 0x4c, 0x2e, 0x73, 0x74, 0x64, 0x2e, 0x34, 0x35, 0x30, 0x00, 0x00, 
0x00, 0x00, 0xa0, 0x04, 0x00, 0x01, 0xff, 0x0f, 0x00, 0x9f, 0x2c, 0xed, 0xc2, 0xa5, 0xf3, 0x06, 0x00, 0xa9, 0x20, 0x82, 
0x1f, 0xaf, 0x2e, 0x93, 0x2d, 0xcf, 0x2d, 0x8c, 0x1a, 0xb0, 0x23, 0x84, 0x28, 0xab, 0x22, 0xd9, 0x1b, 0xc2, 0x26, 0x10, 
0xf8, 0x1d, 0x06, 0x10, 0x37, 0x91, 0x04, 0x0b, 0x00, 0x05, 0x00, 0x07, 0x01, 0x10, 0x00, 0x23, 0x00, 0x01, 0x05, 0x00, 
0x07, 0x01, 0x10, 0x00, 0x23, 0x40, 0x01, 0x23, 0x30, 0x01, 0x23, 0x04, 0x01, 0x23, 0x04, 0x01, 0x23, 0x04, 0x01, 0x23, 
0x04, 0x10, 0xe0, 0x34, 0x01, 0x01, 0x10, 0xd5, 0x4a, 0x06, 0x80, 0x02, 0x00, 0xee, 0x12, 0x02, 0x47, 0x00, 0x01, 0x00, 
0x23, 0x00, 0x10, 0xd6, 0x1c, 0x21, 0x00, 0x10, 0x00, 0x22, 0x01, 0x10, 0xbb, 0x1f, 0x06, 0x40, 0x10, 0x02, 0x06, 0x40, 
0x10, 0xe0, 0x06, 0x06, 0x10, 0x10, 0x9a, 0x05, 0x06, 0x10, 0x10, 0x02, 0x06, 0x10, 0x10, 0x02, 0x06, 0x10, 0x10, 0x50, 
0x06, 0x10, 0x00, 0x93, 0x1e, 0x02, 0x37, 0x00, 0x95, 0x00, 0x05, 0x00, 0x07, 0x01, 0x10, 0x00, 0x23, 0x00, 0x01, 0x05, 
0x00, 0x07, 0x01, 0x10, 0x00, 0x23, 0x40, 0x01, 0x05, 0x00, 0x07, 0x01, 0x10, 0x00, 0x23, 0x40, 0x01, 0x05, 0x00, 0x07, 
0x01, 0x10, 0x00, 0x23, 0x40, 0x01, 0x05, 0x00, 0x07, 0x01, 0x10, 0x00, 0x23, 0x40, 0x01, 0x05, 0x00, 0x07, 0x01, 0x10, 
0x00, 0x23, 0x80, 0x02, 0x01, 0x05, 0x00, 0x07, 0x01, 0x10, 0x00, 0x23, 0x80, 0x02, 0x01, 0x05, 0x00, 0x07, 0x01, 0x10, 
0x00, 0x23, 0x40, 0x01, 0x05, 0x00, 0x07, 0x01, 0x10, 0x00, 0x23, 0x30, 0x01, 0x23, 0x40, 0x01, 0x23, 0x10, 0x01, 0x23, 
0x08, 0x01, 0x23, 0x04, 0x01, 0x23, 0x04, 0x01, 0x23, 0x10, 0x01, 0x23, 0x10, 0x01, 0x23, 0x08, 0x01, 0x23, 0x08, 0x01, 
0x23, 0x04, 0x01, 0x00, 0x00, 0x23, 0x04, 0x01, 0x23, 0x08, 0x01, 0x23, 0x04, 0x01, 0x23, 0x04, 0x01, 0x23, 0x04, 0x01, 
0x23, 0x04, 0x01, 0x23, 0x04, 0x01, 0x00, 0x00, 0x23, 0x04, 0x01, 0x00, 0x00, 0x23, 0x04, 0x01, 0x00, 0x00, 0x23, 0x04, 
0x01, 0x00, 0x00, 0x23, 0x10, 0x01, 0x00, 0x00, 0x23, 0x0c, 0x01, 0x00, 0x00, 0x23, 0x04, 0x01, 0x00, 0x00, 0x23, 0x08, 
0x01, 0x00, 0x00, 0x23, 0x04, 0x01, 0x00, 0x00, 0x23, 0x04, 0x01, 0x00, 0x00, 0x23, 0x04, 0x01, 0x23, 0x04, 0x01, 0x00, 
0x00, 0x23, 0x04, 0x01, 0x00, 0x00, 0x23, 0x04, 0x01, 0x23, 0x90, 0x01, 0x01, 0x00, 0x00, 0x23, 0x0c, 0x01, 0x23, 0x04, 
0x01, 0x23, 0x10, 0x01, 0x23, 0x10, 0x01, 0x00, 0x00, 0x23, 0x08, 0x01, 0x00, 0x00, 0x23, 0x04, 0x01, 0x23, 0x04, 0x01, 
0x00, 0x00, 0x23, 0x08, 0x01, 0x00, 0x00, 0x23, 0x04, 0x01, 0x23, 0x04, 0x01, 0x00, 0x00, 0x23, 0x10, 0x01, 0x00, 0x00, 
0x23, 0x04, 0x01, 0x23, 0x04, 0x01, 0x00, 0x00, 0x23, 0x08, 0x01, 0x23, 0x04, 0x01, 0x00, 0x00, 0x23, 0x04, 0x01, 0x00, 
0x00, 0x23, 0x04, 0x01, 0x23, 0x04, 0x01, 0x23, 0x0c, 0x01, 0x23, 0x04, 0x01, 0x23, 0x04, 0x01, 0x23, 0x04, 0x01, 0x23, 
0x04, 0x01, 0x23, 0x04, 0x01, 0x23, 0x0c, 0x01, 0x23, 0x04, 0x01, 0x23, 0x04, 0x01, 0x23, 0x04, 0x01, 0x23, 0x04, 0x01, 
0x05, 0x00, 0x07, 0x01, 0x10, 0x00, 0x23, 0x04, 0x01, 0x23, 0x30, 0x01, 0x23, 0x08, 0x01, 0x05, 0x00, 0x07, 0x01, 0x10, 
0x00, 0x23, 0x08, 0x01, 0x05, 0x00, 0x07, 0x01, 0x10, 0x00, 0x23, 0x40, 0x01, 0x00, 0x00, 0x23, 0x40, 0x01, 0x00, 0x00, 
0x23, 0x04, 0x01, 0x00, 0x00, 0x23, 0x04, 0x01, 0x00, 0x00, 0x23, 0x04, 0x01, 0x23, 0x04, 0x01, 0x23, 0x40, 0x01, 0x00, 
0x00, 0x23, 0x04, 0x01, 0x00, 0x00, 0x23, 0x04, 0x01, 0x00, 0x00, 0x23, 0x04, 0x01, 0x23, 0x04, 0x01, 0x23, 0x40, 0x01, 
0x00, 0x00, 0x23, 0x40, 0x01, 0x00, 0x00, 0x23, 0x04, 0x01, 0x00, 0x00, 0x23, 0x04, 0x01, 0x00, 0x00, 0x23, 0x04, 0x01, 
0x00, 0x00, 0x23, 0x04, 0x10, 0xd6, 0x3c, 0x21, 0x00, 0x10, 0x00, 0x22, 0x00, 0x10, 0xc8, 0x01, 0x0b, 0x2a, 0x37, 0x8b, 
0x2e, 0x05, 0x00, 0x05, 0x00, 0x07, 0x01, 0x10, 0x00, 0x23, 0x00, 0x01, 0x23, 0x30, 0x01, 0x23, 0x0c, 0x10, 0xda, 0x04, 
0x06, 0x40, 0x00, 0xe7, 0x08, 0x02, 0x47, 0x00, 0x01, 0x00, 0x23, 0x00, 0x10, 0xd0, 0x28, 0x21, 0x01, 0x10, 0x00, 0x22, 
0x01, 0x10, 0xb6, 0x0f, 0x21, 0x05, 0x10, 0x00, 0x22, 0x01, 0x00, 0x8f, 0x37, 0x02, 0x47, 0x00, 0x01, 0x00, 0x23, 0x00, 
0x10, 0xec, 0x12, 0x06, 0x10, 0x00, 0x92, 0x02, 0x02, 0x37, 0x00, 0x02, 0x00, 0x00, 0x00, 0x23, 0x00, 0x10, 0xfe, 0x1a, 
0x21, 0x02, 0x10, 0x00, 0x22, 0x01, 0x10, 0xcb, 0x02, 0x21, 0x03, 0x10, 0x00, 0x22, 0x01, 0x10, 0xa6, 0x01, 0x1e, 0x00, 
0x10, 0xda, 0x1e, 0x1e, 0x05, 0x10, 0xb7, 0x02, 0x1e, 0x06, 0x10, 0x78, 0x1e, 0x03, 0x00, 0x85, 0x27, 0x0e, 0x10, 0x00, 
0x1e, 0x0a, 0x10, 0xc8, 0x12, 0x0b, 0x2b, 0x10, 0xa8, 0x09, 0x1e, 0x05, 0x10, 0xb1, 0x0b, 0x1e, 0x06, 0x10, 0xa3, 0x0d, 
0x1e, 0x09, 0x00, 0x81, 0x14, 0x02, 0x47, 0x00, 0x04, 0x00, 0x0b, 0x01, 0x00, 0x01, 0x0b, 0x01, 0x01, 0x01, 0x0b, 0x01, 
0x03, 0x01, 0x0b, 0x01, 0x04, 0x00, 0xe4, 0xac, 0x01, 0x00, 0x93, 0x02, 0x0e, 0xa1, 0x04, 0xf4, 0x13, 0x08, 0xa6, 0x02, 
0xe9, 0x13, 0x20, 0xb7, 0x02, 0x20, 0x0d, 0x04, 0xb8, 0x02, 0x90, 0x01, 0x1d, 0x04, 0xb7, 0x02, 0x99, 0x01, 0x0d, 0x03, 
0xb5, 0x02, 0x17, 0x20, 0x01, 0x3e, 0x92, 0x0a, 0x07, 0x18, 0xb5, 0x02, 0x93, 0x0a, 0x20, 0x00, 0xb7, 0x02, 0x18, 0x0b, 
0x04, 0xd1, 0x04, 0xe8, 0x05, 0x08, 0x95, 0x05, 0x17, 0x1d, 0xb7, 0x02, 0xef, 0x05, 0x0d, 0x02, 0xbe, 0x02, 0xa2, 0x10, 
0x13, 0x1d, 0xbb, 0x04, 0x0b, 0xcc, 0x17, 0x00, 0x00, 0x00, 0x00, 0xbb, 0x04, 0x0c, 0x02, 0x00, 0x00, 0x00, 0x00, 0xbb, 
0x04, 0x0b, 0x04, 0x01, 0x00, 0x00, 0x00, 0xbb, 0x04, 0x0c, 0x02, 0x01, 0x00, 0x00, 0x00, 0xbb, 0x04, 0x0b, 0x04, 0x02, 
0x00, 0x00, 0x00, 0xbb, 0x04, 0x0c, 0x02, 0x02, 0x00, 0x00, 0x00, 0xbb, 0x04, 0x0c, 0x06, 0x03, 0x00, 0x00, 0x00, 0xb8, 
0x02, 0x9b, 0x27, 0x18, 0x03, 0xbb, 0x04, 0x0b, 0xb8, 0x27, 0x08, 0x00, 0x00, 0x00, 0xbc, 0x02, 0xcb, 0x0a, 0x1d, 0xa2, 
0x14, 0x8e, 0x03, 0x91, 0x04, 0x65, 0x46, 0x0c, 0x0c, 0x0c, 0x0d, 0xfc, 0x0e, 0xb2, 0x06, 0x0c, 0xe0, 0x34, 0x40, 0x00, 
0x00, 0x00, 0xbc, 0x02, 0xd5, 0x4a, 0xf3, 0x0c, 0xa3, 0x27, 0xae, 0x02, 0xee, 0x12, 0xf8, 0x01, 0x3e, 0xfa, 0x09, 0x02, 
0xaf, 0x0b, 0x39, 0xac, 0x10, 0xdc, 0x12, 0x02, 0x3e, 0xef, 0x27, 0x02, 0x65, 0x3e, 0xb1, 0x01, 0x02, 0x0c, 0xbb, 0x04, 
0x0c, 0xa2, 0x1e, 0x05, 0x00, 0x00, 0x00, 0x3e, 0x9f, 0x1e, 0x02, 0x0d, 0xbb, 0x04, 0x0b, 0x98, 0x1e, 0x04, 0x00, 0x00, 
0x00, 0xbc, 0x02, 0xb3, 0x14, 0x65, 0x96, 0x14, 0xbc, 0x02, 0x02, 0x65, 0x96, 0x14, 0xb7, 0x02, 0xd1, 0x13, 0x0b, 0x03, 
0xbb, 0x04, 0x0b, 0xa2, 0x28, 0x09, 0x00, 0x00, 0x00, 0xbc, 0x02, 0xef, 0x0d, 0x18, 0xa5, 0x14, 0xbc, 0x02, 0x9a, 0x05, 
0x1d, 0x96, 0x14, 0xbc, 0x02, 0x02, 0x1d, 0x96, 0x14, 0xbc, 0x02, 0x02, 0x1d, 0x96, 0x14, 0xbc, 0x02, 0x50, 0x1d, 0xa5, 
0x14, 0xbe, 0x83, 0xc0, 0x02, 0x93, 0x1e, 0x65, 0x65, 0x65, 0x65, 0xfc, 0x09, 0xfd, 0x09, 0x65, 0x46, 0x65, 0x1d, 0x13, 
0x0d, 0x0d, 0x1d, 0x1d, 0x13, 0x13, 0x0d, 0x0d, 0x13, 0x0d, 0x0d, 0x0d, 0x0d, 0x0d, 0x0d, 0x0d, 0x0d, 0x1d, 0x14, 0x0c, 
0x13, 0x0c, 0x0c, 0x0c, 0x0c, 0x0d, 0x0d, 0xad, 0x0d, 0x18, 0x0d, 0x1d, 0x1d, 0x13, 0x0c, 0x0d, 0x13, 0x0d, 0x0d, 0x1d, 
0x0c, 0x0d, 0x13, 0x0d, 0x0d, 0x0d, 0x0b, 0x18, 0x0d, 0x0d, 0x0b, 0x0d, 0x0d, 0x18, 0x0d, 0x0d, 0x0d, 0x0d, 0x0d, 0x46, 
0x13, 0x13, 0x65, 0x65, 0x0d, 0x0d, 0x0d, 0x0d, 0xfa, 0x0f, 0x0c, 0x0d, 0x0d, 0x0d, 0xfb, 0x0f, 0xfc, 0x0f, 0x0c, 0x0c, 
0x0c, 0x0c, 0xa4, 0x10, 0x3e, 0xfa, 0x09, 0x02, 0x9a, 0x01, 0x39, 0x97, 0x06, 0xdc, 0x32, 0x02, 0x3e, 0xf3, 0x34, 0x01, 
0x0c, 0x39, 0x8b, 0x05, 0xbc, 0x36, 0x01, 0xb8, 0x02, 0xa5, 0x3f, 0x18, 0x04, 0xb8, 0x02, 0x0b, 0x1d, 0x03, 0xce, 0x02, 
0xa6, 0x11, 0x50, 0x18, 0x0d, 0xbb, 0x04, 0x0b, 0xb7, 0x0d, 0x00, 0x01, 0x00, 0x00, 0xbc, 0x02, 0x92, 0x12, 0xa3, 0x09, 
0xc7, 0x02, 0xae, 0x02, 0xe7, 0x08, 0xd0, 0x0b, 0x3e, 0xfa, 0x09, 0x02, 0x9c, 0x07, 0x39, 0x99, 0x0c, 0xd6, 0x1e, 0x02, 
0x3e, 0xed, 0x2b, 0x02, 0x50, 0xbb, 0x04, 0x0b, 0x8c, 0x1d, 0x03, 0x00, 0x00, 0x00, 0xbb, 0x04, 0x0d, 0x0d, 0x00, 0x00, 
0x00, 0x00, 0x94, 0x02, 0x85, 0x28, 0xbb, 0x04, 0x0d, 0x82, 0x02, 0x00, 0x00, 0x80, 0x3f, 0xb7, 0x02, 0xef, 0x01, 0x0c, 
0x02, 0xbb, 0x04, 0x0b, 0xe4, 0x29, 0x00, 0x08, 0x00, 0x00, 0x89, 0x03, 0xdb, 0x27, 0x0d, 0x01, 0x00, 0x00, 0x00, 0x01, 
0x00, 0xab, 0x02, 0xd0, 0x05, 0x96, 0x01, 0x3e, 0xfa, 0x09, 0x00, 0xfe, 0x03, 0x39, 0xfb, 0x08, 0xc8, 0x34, 0x00, 0xae, 
0x02, 0x8f, 0x37, 0x0c, 0x3e, 0xfa, 0x09, 0x09, 0xd7, 0x07, 0x39, 0xd4, 0x0c, 0xa2, 0x17, 0x09, 0x3e, 0xb1, 0x26, 0x09, 
0x0c, 0xb7, 0x02, 0xeb, 0x09, 0x0c, 0x03, 0xbb, 0x04, 0x0c, 0xde, 0x29, 0x00, 0x08, 0x00, 0x00, 0xbc, 0x02, 0xef, 0x07, 
0x1d, 0xc7, 0x02, 0xae, 0x02, 0x92, 0x02, 0x8d, 0x11, 0x3e, 0xfa, 0x09, 0x02, 0x96, 0x12, 0x39, 0x93, 0x17, 0x84, 0x11, 
0x02, 0x89, 0x03, 0xfd, 0x3b, 0x0d, 0x01, 0x00, 0x01, 0x00, 0x01, 0x00, 0xab, 0x02, 0xd2, 0x04, 0xd6, 0x01, 0x3e, 0xfa, 
0x09, 0x00, 0xff, 0x03, 0x39, 0xfc, 0x08, 0xe6, 0x2a, 0x00, 0x3e, 0xa9, 0x32, 0x01, 0x1d, 0x39, 0x9a, 0x05, 0xd0, 0x33, 
0x01, 0xbb, 0x04, 0x0c, 0xf3, 0x2c, 0x00, 0x02, 0x00, 0x00, 0xbb, 0x04, 0x0c, 0xff, 0x0b, 0x00, 0x01, 0x00, 0x00, 0x3e, 
0x98, 0x05, 0x01, 0x17, 0x39, 0x94, 0x05, 0xb6, 0x52, 0x01, 0x39, 0x9a, 0x05, 0xb7, 0x02, 0x01, 0x3e, 0x85, 0x50, 0x01, 
0x13, 0x39, 0x90, 0x05, 0xfe, 0x50, 0x01, 0x3e, 0x83, 0x51, 0x01, 0x0d, 0x3e, 0x02, 0x03, 0x0c, 0x39, 0x8e, 0x05, 0xfc, 
0x29, 0x03, 0x39, 0x8b, 0x05, 0xc8, 0x12, 0x01, 0x3e, 0xbd, 0x3c, 0x03, 0x13, 0x39, 0x91, 0x05, 0xe6, 0x45, 0x03, 0x3e, 
0xd1, 0x45, 0x03, 0x1d, 0x39, 0x9b, 0x05, 0xa0, 0x3a, 0x03, 0x3e, 0xb7, 0x3a, 0x03, 0x0d, 0x39, 0x9b, 0x05, 0x94, 0x2d, 
0x03, 0xbc, 0x02, 0xd5, 0x2a, 0x0d, 0x8d, 0x14, 0xde, 0x02, 0xd4, 0x16, 0x1d, 0x0d, 0xae, 0x06, 0xae, 0x06, 0x3e, 0xfa, 
0x09, 0x03, 0xd8, 0x11, 0x39, 0xd5, 0x16, 0xda, 0x1f, 0x03, 0xad, 0x06, 0x1d, 0xff, 0x4c, 0xc6, 0x06, 0x08, 0xba, 0x58, 
0x00, 0x82, 0x0a, 0x18, 0x82, 0x66, 0x39, 0x95, 0x05, 0xb2, 0x7d, 0x07, 0x01, 0x0c, 0xdb, 0xce, 0x01, 0xb6, 0x26, 0x22, 
0xfe, 0x38, 0x00, 0x01, 0x0c, 0x96, 0x56, 0x94, 0x8f, 0x01, 0x33, 0xe2, 0x05, 0xfa, 0x3d, 0xda, 0x19, 0x8b, 0x14, 0xd6, 
0x61, 0x8b, 0x14, 0x01, 0x65, 0xbc, 0x7b, 0xbc, 0x7b, 0x33, 0x89, 0x05, 0x9b, 0x23, 0xda, 0x19, 0x8b, 0x14, 0xd6, 0x61, 
0x91, 0x14, 0x01, 0x0c, 0x9e, 0x23, 0x9e, 0x23, 0x33, 0x89, 0x05, 0x9b, 0x23, 0xda, 0x19, 0x8b, 0x14, 0xd6, 0x61, 0x94, 
0x14, 0x01, 0x0c, 0x9e, 0x23, 0x9e, 0x23, 0x13, 0x8d, 0x05, 0x9b, 0x23, 0xcf, 0x2d, 0x8a, 0x14, 0x01, 0x0d, 0x9e, 0x23, 
0x9e, 0x23, 0x13, 0x8d, 0x05, 0xd5, 0x0f, 0xcf, 0x2d, 0x8d, 0x14, 0x01, 0x0d, 0x91, 0x9d, 0x01, 0x91, 0x9d, 0x01, 0xc3, 
0x10, 0x0d, 0xd0, 0xb0, 0x01, 0xbc, 0xfe, 0x02, 0xd0, 0xb0, 0x01, 0xc0, 0x0a, 0x13, 0xdb, 0x98, 0x02, 0xf3, 0x94, 0x02, 
0xdb, 0x98, 0x02, 0x01, 0x1d, 0x90, 0x3c, 0x80, 0x66, 0xc7, 0x18, 0x0c, 0x8c, 0xc9, 0x01, 0xd5, 0x0f, 0x80, 0xdc, 0x02, 
0xcb, 0x14, 0x09, 0xf7, 0xaa, 0x01, 0xf7, 0xaa, 0x01, 0x82, 0x9a, 0x01, 0xa7, 0x1e, 0xb1, 0x8e, 0x01, 0x00, 0xba, 0x1e, 
0x00, 0xfb, 0x25, 0xb1, 0x8e, 0x01, 0x18, 0xfc, 0x25, 0x01, 0x0c, 0xf1, 0x0c, 0xd0, 0x9a, 0x01, 0x13, 0x8c, 0x05, 0xa1, 
0x70, 0xa5, 0x18, 0x8b, 0x14, 0x01, 0x0c, 0xd0, 0x7e, 0xd0, 0x7e, 0xc0, 0x10, 0x0c, 0xc6, 0x63, 0xf4, 0x71, 0xc6, 0x63, 
0xcb, 0x10, 0x0c, 0xb1, 0x9d, 0x01, 0xb1, 0x9d, 0x01, 0xda, 0x85, 0x01, 0xc7, 0x10, 0x0c, 0x81, 0x2a, 0xb3, 0xc7, 0x01, 
0xd8, 0x5b, 0xd0, 0x0a, 0x16, 0xda, 0xe8, 0x01, 0xd8, 0xbe, 0x01, 0xda, 0xe8, 0x01, 0xa6, 0xc6, 0x02, 0x99, 0x1e, 0xa4, 
0x13, 0x18, 0xa3, 0x13, 0xe5, 0x1e, 0x16, 0xf7, 0x8d, 0x01, 0x9e, 0x5b, 0x00, 0x00, 0x0a, 0x3a, 0x00, 0x00, 0x9c, 0x33, 
0x00, 0x00, 0x96, 0x5f, 0x00, 0x00, 0xe5, 0x1e, 0x1d, 0xaa, 0x1d, 0x02, 0x29, 0x00, 0x00, 0x0a, 0x3a, 0x00, 0x00, 0x36, 
0x3d, 0x00, 0x00, 0x96, 0x5f, 0x00, 0x00, 0xe5, 0x1e, 0x0c, 0x85, 0x51, 0x0b, 0x0a, 0x00, 0x00, 0x0a, 0x3a, 0x00, 0x00, 
0xb5, 0x5d, 0x00, 0x00, 0x96, 0x5f, 0x00, 0x00, 0xc1, 0x16, 0x09, 0xf5, 0x14, 0xf5, 0x14, 0x95, 0xf8, 0x01, 0xb6, 0x1e, 
0x8b, 0x07, 0xdd, 0xf9, 0x01, 0x00, 0xba, 0x1e, 0x00, 0xbf, 0x18, 0x8b, 0x07, 0x18, 0xc0, 0x18, 0x33, 0x8a, 0x05, 0x8c, 
0xc1, 0x01, 0xd5, 0x1f, 0x8b, 0x14, 0xe2, 0x4c, 0x8a, 0x14, 0x01, 0x0d, 0x85, 0x8e, 0x01, 0x85, 0x8e, 0x01, 0xc7, 0x16, 
0x09, 0x81, 0x16, 0x81, 0x16, 0xfa, 0x91, 0x01, 0xa7, 0x1e, 0xae, 0x4a, 0x00, 0xba, 0x1e, 0x00, 0xf8, 0x0b, 0xae, 0x4a, 
0x18, 0xf7, 0x0b, 0xd2, 0x0a, 0x16, 0xfe, 0x3c, 0xd4, 0x51, 0xf8, 0x1d, 0x02, 0x01, 0xff, 0x03, 0xb0, 0x51, 0xea, 0xff, 
0x01, 0xb4, 0x0c, 0xd6, 0x01, 0xeb, 0x58, 0xeb, 0x58, 0xef, 0x0a, 0x1d, 0xfe, 0x20, 0xfe, 0x20, 0xc2, 0x19, 0x02, 0x8b, 
0x14, 0xce, 0x10, 0x1d, 0xbb, 0x7e, 0xbb, 0x7e, 0xf5, 0x49, 0x4b, 0x1d, 0x9a, 0x87, 0x01, 0xee, 0x22, 0x9a, 0x87, 0x01, 
0x99, 0x1e, 0xd4, 0x9d, 0x01, 0x18, 0xd3, 0x9d, 0x01, 0xe5, 0x1e, 0x16, 0xd4, 0x5e, 0x50, 0x33, 0x00, 0x00, 0x47, 0x27, 
0x00, 0x00, 0xcc, 0x3a, 0x00, 0x00, 0x8d, 0x2b, 0x00, 0x00, 0xe5, 0x1e, 0x1d, 0xb4, 0x26, 0xa5, 0x3a, 0x00, 0x00, 0x47, 
0x27, 0x00, 0x00, 0x5c, 0x43, 0x00, 0x00, 0x8d, 0x2b, 0x00, 0x00, 0x99, 0x1e, 0xbf, 0x89, 0x01, 0x18, 0xc0, 0x89, 0x01, 
0xc0, 0x10, 0x0c, 0xc1, 0x07, 0xa6, 0xdd, 0x01, 0xce, 0xce, 0x02, 0x99, 0x1e, 0xd2, 0x1b, 0x18, 0x8f, 0xeb, 0x01, 0x99, 
0x1e, 0xef, 0xc4, 0x01, 0x18, 0xf0, 0xc4, 0x01, 0xe5, 0x1e, 0x1d, 0xf9, 0x1c, 0x02, 0x29, 0x00, 0x00, 0xa0, 0x2f, 0x00, 
0x00, 0xa5, 0x3a, 0x00, 0x00, 0xed, 0x22, 0x00, 0x00, 0xc7, 0x18, 0x0c, 0xa5, 0x78, 0xbb, 0xc1, 0x01, 0x9a, 0xb6, 0x01, 
0xcb, 0x14, 0x09, 0xd2, 0x6e, 0xd2, 0x6e, 0xe6, 0x81, 0x02, 0xa7, 0x1e, 0xe0, 0x4b, 0x00, 0xba, 0x1e, 0x00, 0x80, 0x43, 
0xe0, 0x4b, 0x18, 0xff, 0x42, 0x01, 0x17, 0xba, 0x04, 0xd8, 0x8e, 0x01, 0x01, 0x1d, 0xb4, 0x11, 0xc4, 0xa2, 0x01, 0x3d, 
0x18, 0xf6, 0x20, 0xef, 0x15, 0xef, 0x15, 0x18, 0x22, 0x91, 0x1e, 0x00, 0xe9, 0x06, 0x08, 0xc1, 0x84, 0x01, 0xfc, 0x51, 
0xd3, 0xa2, 0x01, 0x97, 0x52, 0xcb, 0x63, 0x01, 0x18, 0xcc, 0x57, 0x87, 0x4b, 0xc1, 0x0a, 0x0d, 0xbb, 0x0a, 0xbb, 0x0a, 
0x00, 0xd2, 0x0a, 0x1d, 0xf3, 0x3c, 0xf3, 0x3c, 0xb6, 0xa9, 0x01, 0x00, 0xc1, 0x0a, 0x0d, 0xb0, 0xab, 0x01, 0x80, 0x64, 
0x01, 0xd2, 0x0a, 0x1d, 0x89, 0x3a, 0x89, 0x3a, 0xa6, 0x71, 0x01, 0xc1, 0x0a, 0x0d, 0xfa, 0x6b, 0xf0, 0x95, 0x01, 0x02, 
0xd2, 0x0a, 0x1d, 0xe7, 0xd6, 0x01, 0xe7, 0xd6, 0x01, 0xed, 0x6a, 0x02, 0x99, 0x1e, 0xa9, 0x2e, 0x18, 0xaa, 0x2e, 0xe5, 
0x1e, 0x1d, 0x8a, 0x55, 0xe8, 0x4c, 0x00, 0x00, 0x25, 0x54, 0x00, 0x00, 0xf9, 0x2b, 0x00, 0x00, 0xbe, 0x39, 0x00, 0x00, 
0x3d, 0x18, 0xce, 0x29, 0xce, 0x29, 0xce, 0x29, 0x18, 0xc1, 0x0a, 0x0d, 0x93, 0x77, 0x93, 0x77, 0x00, 0xc1, 0x0a, 0x1d, 
0xbc, 0x1c, 0xc5, 0x7a, 0x00, 0xce, 0x10, 0x1d, 0xec, 0x1b, 0xec, 0x1b, 0xa8, 0x38, 0xc1, 0x0a, 0x0d, 0xbe, 0x14, 0xad, 
0x2a, 0x01, 0xc1, 0x0a, 0x1d, 0x99, 0xd0, 0x01, 0xb5, 0x9a, 0x02, 0x01, 0xce, 0x10, 0x1d, 0xde, 0xbb, 0x01, 0xde, 0xbb, 
0x01, 0xbb, 0x14, 0xc1, 0x0a, 0x0d, 0xbe, 0x14, 0xab, 0x2a, 0x02, 0xc1, 0x0a, 0x1d, 0x99, 0xd0, 0x01, 0xb3, 0x9a, 0x02, 
0x02, 0xce, 0x10, 0x1d, 0xfa, 0xc9, 0x01, 0xfa, 0xc9, 0x01, 0x9f, 0x06, 0xc1, 0x0a, 0x1d, 0xaf, 0x7f, 0xe9, 0xcf, 0x01, 
0x03, 0x4b, 0x1d, 0x95, 0x0d, 0xc5, 0x8c, 0x01, 0x95, 0x0d, 0x4b, 0x1d, 0xf6, 0x41, 0xb1, 0x3c, 0xf6, 0x41, 0x4b, 0x1d, 
0x8a, 0x24, 0xa5, 0x18, 0x8a, 0x24, 0xc0, 0x0a, 0xa4, 0x08, 0xb2, 0x0c, 0xa0, 0xaa, 0x01, 0xb2, 0x0c, 0xc1, 0x0a, 0x13, 
0x93, 0x19, 0x93, 0x19, 0x00, 0xc1, 0x0a, 0x1d, 0xf9, 0x6e, 0x8d, 0x88, 0x01, 0x01, 0x22, 0xfe, 0x39, 0xf9, 0x6e, 0x3d, 
0x18, 0x8a, 0xc1, 0x01, 0x8a, 0xc1, 0x01, 0x8a, 0xc1, 0x01, 0x18, 0x13, 0x8f, 0x05, 0xb3, 0x06, 0xab, 0x22, 0x8a, 0x14, 
0xc1, 0x0a, 0x0d, 0x85, 0x56, 0xb9, 0x5c, 0x00, 0x22, 0x85, 0x56, 0x00, 0x13, 0x8f, 0x05, 0xf0, 0x2f, 0xab, 0x22, 0x8d, 
0x14, 0xc1, 0x0a, 0x0d, 0xdf, 0x6e, 0xa9, 0x9b, 0x01, 0x01, 0x22, 0xdf, 0x6e, 0x00, 0x13, 0x8f, 0x05, 0xe2, 0x6e, 0xab, 
0x22, 0x90, 0x14, 0xc1, 0x0a, 0x0d, 0xdf, 0x6e, 0xa7, 0x9b, 0x01, 0x02, 0x22, 0xdf, 0x6e, 0x00, 0x23, 0xe2, 0x05, 0xb8, 
0xbd, 0x01, 0xc5, 0x1f, 0x9a, 0x14, 0x8b, 0x14, 0x01, 0x65, 0xb1, 0x89, 0x01, 0xb1, 0x89, 0x01, 0xc1, 0x12, 0x1d, 0xf7, 
0x5a, 0xf7, 0x5a, 0x8f, 0x01, 0x22, 0xc4, 0x51, 0x00, 0xc1, 0x0a, 0x0d, 0x90, 0xa9, 0x01, 0x90, 0xa9, 0x01, 0x01, 0x3f, 
0x0d, 0xe6, 0x10, 0xe6, 0x10, 0xd2, 0x0a, 0x1d, 0xe1, 0x3d, 0xe1, 0x3d, 0x94, 0x7c, 0x01, 0x13, 0x9b, 0x05, 0xae, 0x19, 
0xc2, 0x26, 0x8b, 0x14, 0x22, 0x00, 0xae, 0x19, 0x8d, 0x1e, 0x88, 0x06, 0xc6, 0x06, 0x08, 0x95, 0xd7, 0x01, 0x00, 0x8b, 
0x03, 0xa7, 0x06, 0x95, 0x05, 0x9d, 0x04, 0xa7, 0x06, 0x17, 0xd4, 0x16, 0xa7, 0x06, 0x1d, 0xd7, 0x12, 0x18, 0xe2, 0x9e, 
0x02, 0xc1, 0x0a, 0x0d, 0xd3, 0xaf, 0x01, 0x8e, 0x6f, 0x03, 0xce, 0x16, 0x09, 0xa0, 0x4a, 0xa0, 0x4a, 0x96, 0xd8, 0x01, 
0xa7, 0x1e, 0xfe, 0x24, 0x00, 0xba, 0x1e, 0x00, 0xbc, 0x9c, 0x01, 0xfe, 0x24, 0x18, 0xbb, 0x9c, 0x01, 0xc1, 0x0a, 0x0d, 
0xce, 0xd7, 0x01, 0xc0, 0xf4, 0x01, 0x00, 0xc1, 0x0a, 0x0b, 0xf5, 0x9d, 0x01, 0xf2, 0x43, 0x00, 0x01, 0x18, 0xc6, 0x7b, 
0x8c, 0xd6, 0x01, 0x33, 0xcd, 0x05, 0xec, 0x57, 0xc4, 0x1b, 0x8b, 0x14, 0xe5, 0x4e, 0x8b, 0x14, 0x01, 0x50, 0xd7, 0x0f, 
0xd7, 0x0f, 0xb4, 0x0a, 0x56, 0xb5, 0xbc, 0x01, 0x52, 0x58, 0x00, 0x00, 0xc1, 0x0a, 0x0d, 0xd8, 0x9c, 0x01, 0xb6, 0x28, 
0x00, 0xc1, 0x0a, 0x18, 0xdb, 0x85, 0x01, 0xfc, 0x16, 0x00, 0xce, 0x10, 0x18, 0x96, 0x74, 0x96, 0x74, 0xc5, 0x11, 0xc1, 
0x0a, 0x0d, 0xbe, 0x14, 0xae, 0x2b, 0x01, 0xc1, 0x0a, 0x18, 0x8d, 0x0b, 0xc2, 0x94, 0x01, 0x01, 0xce, 0x10, 0x18, 0xad, 
0x09, 0xad, 0x09, 0xbb, 0x14, 0xc1, 0x0a, 0x0d, 0xbe, 0x14, 0xb0, 0x2b, 0x02, 0xc1, 0x0a, 0x18, 0x8d, 0x0b, 0xc4, 0x94, 
0x01, 0x02, 0xce, 0x10, 0x18, 0xee, 0x04, 0xee, 0x04, 0x9f, 0x06, 0xc1, 0x0a, 0x18, 0xaf, 0x7f, 0x82, 0x1a, 0x03, 0x4b, 
0x18, 0x95, 0x0d, 0xc5, 0x8c, 0x01, 0x95, 0x0d, 0x4b, 0x18, 0xaa, 0x54, 0xfd, 0x29, 0xaa, 0x54, 0x4b, 0x18, 0x96, 0x2f, 
0x9a, 0x05, 0x96, 0x2f, 0xce, 0x10, 0x18, 0xb1, 0x09, 0xb1, 0x09, 0xd7, 0x0f, 0xc1, 0x0a, 0x0d, 0xf7, 0xc4, 0x01, 0xf0, 
0x1f, 0x01, 0xc1, 0x0a, 0x0b, 0xdc, 0x7e, 0xf4, 0x8b, 0x01, 0x01, 0x01, 0x18, 0xc6, 0x33, 0x8e, 0xd6, 0x01, 0x33, 0xcd, 
0x05, 0xec, 0x57, 0xc4, 0x1b, 0x8b, 0x14, 0xe6, 0x72, 0x8b, 0x14, 0x01, 0x50, 0xd7, 0x0f, 0xd7, 0x0f, 0xb4, 0x0a, 0x56, 
0xb5, 0xbc, 0x01, 0x53, 0x58, 0x00, 0x00, 0xc1, 0x0a, 0x0d, 0xd8, 0x9c, 0x01, 0xb6, 0x28, 0x00, 0xc1, 0x0a, 0x18, 0xdb, 
0x85, 0x01, 0xfc, 0x16, 0x00, 0xce, 0x10, 0x18, 0x98, 0x74, 0x98, 0x74, 0xc3, 0x11, 0xc1, 0x0a, 0x0d, 0xbe, 0x14, 0xb0, 
0x2b, 0x01, 0xc1, 0x0a, 0x18, 0x8d, 0x0b, 0xc4, 0x94, 0x01, 0x01, 0xce, 0x10, 0x18, 0xad, 0x09, 0xad, 0x09, 0xbb, 0x14, 
0xc1, 0x0a, 0x0d, 0xbe, 0x14, 0xb2, 0x2b, 0x02, 0xc1, 0x0a, 0x18, 0x8d, 0x0b, 0xc6, 0x94, 0x01, 0x02, 0xce, 0x10, 0x18, 
0xec, 0x04, 0xec, 0x04, 0xa1, 0x06, 0xc1, 0x0a, 0x18, 0xaf, 0x7f, 0x82, 0x1a, 0x03, 0x4b, 0x18, 0x95, 0x0d, 0xc5, 0x8c, 
0x01, 0x95, 0x0d, 0x4b, 0x18, 0xaa, 0x54, 0xff, 0x29, 0xaa, 0x54, 0x4b, 0x18, 0xb4, 0x3d, 0xb6, 0x13, 0xb4, 0x3d, 0xce, 
0x10, 0x18, 0xb1, 0x99, 0x01, 0xb1, 0x99, 0x01, 0x98, 0x43, 0x4b, 0x18, 0x9b, 0x31, 0xfb, 0xb2, 0x01, 0x9b, 0x31, 0xc1, 
0x0a, 0x0d, 0xe4, 0x31, 0xd0, 0x63, 0x02, 0xc1, 0x0a, 0x0b, 0xbe, 0x2e, 0xb6, 0x7f, 0x02, 0x01, 0x18, 0x86, 0x40, 0x90, 
0xd6, 0x01, 0x33, 0xcd, 0x05, 0xec, 0x57, 0xc4, 0x1b, 0x8b, 0x14, 0xc7, 0x6c, 0x8b, 0x14, 0x01, 0x50, 0xd7, 0x0f, 0xd7, 
0x0f, 0xb4, 0x0a, 0x56, 0xb5, 0xbc, 0x01, 0x54, 0x58, 0x00, 0x00, 0xc1, 0x0a, 0x0d, 0xd8, 0x9c, 0x01, 0xb6, 0x28, 0x00, 
0xc1, 0x0a, 0x18, 0xdb, 0x85, 0x01, 0xfc, 0x16, 0x00, 0xce, 0x10, 0x18, 0x9a, 0x74, 0x9a, 0x74, 0xc1, 0x11, 0xc1, 0x0a, 
0x0d, 0xbe, 0x14, 0xb2, 0x2b, 0x01, 0xc1, 0x0a, 0x18, 0x8d, 0x0b, 0xc6, 0x94, 0x01, 0x01, 0xce, 0x10, 0x18, 0xad, 0x09, 
0xad, 0x09, 0xbb, 0x14, 0xc1, 0x0a, 0x0d, 0xbe, 0x14, 0xb4, 0x2b, 0x02, 0xc1, 0x0a, 0x18, 0x8d, 0x0b, 0xc8, 0x94, 0x01, 
0x02, 0xce, 0x10, 0x18, 0xea, 0x04, 0xea, 0x04, 0xa3, 0x06, 0xc1, 0x0a, 0x18, 0xaf, 0x7f, 0x82, 0x1a, 0x03, 0x4b, 0x18, 
0x95, 0x0d, 0xc5, 0x8c, 0x01, 0x95, 0x0d, 0x4b, 0x18, 0xaa, 0x54, 0x81, 0x2a, 0xaa, 0x54, 0x4b, 0x18, 0xb4, 0x3d, 0xb4, 
0x13, 0xb4, 0x3d, 0xce, 0x10, 0x18, 0xb1, 0x99, 0x01, 0xb1, 0x99, 0x01, 0x45, 0x4b, 0x18, 0x95, 0x37, 0xf7, 0x05, 0x95, 
0x37, 0xc1, 0x0a, 0x0b, 0xfc, 0x6e, 0x98, 0x88, 0x01, 0x03, 0x01, 0x18, 0xd6, 0x9b, 0x01, 0xc2, 0xba, 0x02, 0x33, 0xcd, 
0x05, 0xc3, 0x0c, 0xc4, 0x1b, 0x8b, 0x14, 0xf8, 0x70, 0x8b, 0x14, 0x01, 0x50, 0xd7, 0x0f, 0xd7, 0x0f, 0xb4, 0x0a, 0x56, 
0xb5, 0xbc, 0x01, 0x55, 0x58, 0x00, 0x00, 0xc1, 0x0a, 0x0d, 0xd8, 0x9c, 0x01, 0xf9, 0x3b, 0x00, 0xc1, 0x0a, 0x18, 0xdb, 
0x85, 0x01, 0xfc, 0x16, 0x00, 0xce, 0x10, 0x18, 0x9c, 0x74, 0x9c, 0x74, 0xbf, 0x11, 0xc1, 0x0a, 0x0d, 0xbe, 0x14, 0xfb, 
0x38, 0x01, 0xc1, 0x0a, 0x18, 0x8d, 0x0b, 0xc8, 0x94, 0x01, 0x01, 0xce, 0x10, 0x18, 0xad, 0x09, 0xad, 0x09, 0xbb, 0x14, 
0xc1, 0x0a, 0x0d, 0xbe, 0x14, 0xf9, 0x38, 0x02, 0xc1, 0x0a, 0x18, 0x8d, 0x0b, 0xca, 0x94, 0x01, 0x02, 0xce, 0x10, 0x18, 
0xe8, 0x04, 0xe8, 0x04, 0xa5, 0x06, 0xc1, 0x0a, 0x18, 0xaf, 0x7f, 0x82, 0x1a, 0x03, 0x4b, 0x18, 0x95, 0x0d, 0xc5, 0x8c, 
0x01, 0x95, 0x0d, 0x4b, 0x18, 0xaa, 0x54, 0x83, 0x2a, 0xaa, 0x54, 0x4b, 0x18, 0xb4, 0x3d, 0xb2, 0x13, 0xb4, 0x3d, 0xce, 
0x10, 0x18, 0x87, 0x9f, 0x01, 0x87, 0x9f, 0x01, 0xd7, 0x11, 0x4b, 0x18, 0xec, 0x3a, 0xae, 0x6c, 0xec, 0x3a, 0x22, 0x9e, 
0x9c, 0x01, 0x00, 0x8d, 0x1e, 0x18, 0xf1, 0x03, 0xc1, 0x0a, 0x0d, 0xbe, 0x53, 0xee, 0xe7, 0x01, 0x00, 0xc1, 0x0a, 0x0b, 
0xa1, 0x91, 0x01, 0xf4, 0x43, 0x00, 0x01, 0x18, 0xca, 0x7b, 0x92, 0xd6, 0x01, 0x33, 0xcd, 0x05, 0xee, 0x57, 0xc4, 0x1b, 
0x8b, 0x14, 0xe6, 0x4e, 0x8b, 0x14, 0x01, 0x50, 0xd7, 0x0f, 0xd7, 0x0f, 0xb4, 0x0a, 0x56, 0xb5, 0xbc, 0x01, 0x56, 0x58, 
0x00, 0x00, 0xc1, 0x0a, 0x0d, 0xd8, 0x9c, 0x01, 0xb8, 0x28, 0x00, 0xc1, 0x0a, 0x18, 0xdb, 0x85, 0x01, 0xfc, 0x16, 0x00, 
0xce, 0x10, 0x18, 0x9e, 0x74, 0x9e, 0x74, 0xbd, 0x11, 0xc1, 0x0a, 0x0d, 0xbe, 0x14, 0xb8, 0x2b, 0x01, 0xc1, 0x0a, 0x18, 
0x8d, 0x0b, 0xca, 0x94, 0x01, 0x01, 0xce, 0x10, 0x18, 0xad, 0x09, 0xad, 0x09, 0xbb, 0x14, 0xc1, 0x0a, 0x0d, 0xbe, 0x14, 
0xba, 0x2b, 0x02, 0xc1, 0x0a, 0x18, 0x8d, 0x0b, 0xcc, 0x94, 0x01, 0x02, 0xce, 0x10, 0x18, 0xe6, 0x04, 0xe6, 0x04, 0xa7, 
0x06, 0xc1, 0x0a, 0x18, 0xaf, 0x7f, 0x82, 0x1a, 0x03, 0x4b, 0x18, 0x95, 0x0d, 0xc5, 0x8c, 0x01, 0x95, 0x0d, 0x4b, 0x18, 
0xaa, 0x54, 0x85, 0x2a, 0xaa, 0x54, 0x4b, 0x18, 0x90, 0x2f, 0x8c, 0x05, 0x90, 0x2f, 0xce, 0x10, 0x18, 0xb1, 0x09, 0xb1, 
0x09, 0x83, 0x03, 0xc1, 0x0a, 0x0d, 0xf7, 0xc4, 0x01, 0xf2, 0x1f, 0x01, 0xc1, 0x0a, 0x0b, 0xdc, 0x7e, 0xf6, 0x8b, 0x01, 
0x01, 0x01, 0x18, 0xca, 0x33, 0x94, 0xd6, 0x01, 0x33, 0xcd, 0x05, 0xee, 0x57, 0xc4, 0x1b, 0x8b, 0x14, 0xe7, 0x72, 0x8b, 
0x14, 0x01, 0x50, 0xd7, 0x0f, 0xd7, 0x0f, 0xb4, 0x0a, 0x56, 0xb5, 0xbc, 0x01, 0x57, 0x58, 0x00, 0x00, 0xc1, 0x0a, 0x0d, 
0xd8, 0x9c, 0x01, 0xb8, 0x28, 0x00, 0xc1, 0x0a, 0x18, 0xdb, 0x85, 0x01, 0xfc, 0x16, 0x00, 0xce, 0x10, 0x18, 0xa0, 0x74, 
0xa0, 0x74, 0xbb, 0x11, 0xc1, 0x0a, 0x0d, 0xbe, 0x14, 0xba, 0x2b, 0x01, 0xc1, 0x0a, 0x18, 0x8d, 0x0b, 0xcc, 0x94, 0x01, 
0x01, 0xce, 0x10, 0x18, 0xad, 0x09, 0xad, 0x09, 0xbb, 0x14, 0xc1, 0x0a, 0x0d, 0xbe, 0x14, 0xbc, 0x2b, 0x02, 0xc1, 0x0a, 
0x18, 0x8d, 0x0b, 0xce, 0x94, 0x01, 0x02, 0xce, 0x10, 0x18, 0xe4, 0x04, 0xe4, 0x04, 0xa9, 0x06, 0xc1, 0x0a, 0x18, 0xaf, 
0x7f, 0x82, 0x1a, 0x03, 0x4b, 0x18, 0x95, 0x0d, 0xc5, 0x8c, 0x01, 0x95, 0x0d, 0x4b, 0x18, 0xaa, 0x54, 0x87, 0x2a, 0xaa, 
0x54, 0x4b, 0x18, 0xb2, 0x3d, 0xac, 0x13, 0xb2, 0x3d, 0xce, 0x10, 0x18, 0xb3, 0x99, 0x01, 0xb3, 0x99, 0x01, 0x9a, 0x43, 
0x4b, 0x18, 0x9d, 0x31, 0xfb, 0xb2, 0x01, 0x9d, 0x31, 0xc1, 0x0a, 0x0d, 0xe4, 0x31, 0xd2, 0x63, 0x02, 0xc1, 0x0a, 0x0b, 
0xbe, 0x2e, 0xb8, 0x7f, 0x02, 0x01, 0x18, 0x8a, 0x40, 0x96, 0xd6, 0x01, 0x33, 0xcd, 0x05, 0xee, 0x57, 0xc4, 0x1b, 0x8b, 
0x14, 0xc8, 0x6c, 0x8b, 0x14, 0x01, 0x50, 0xd7, 0x0f, 0xd7, 0x0f, 0xb4, 0x0a, 0x56, 0xb5, 0xbc, 0x01, 0x58, 0x58, 0x00, 
0x00, 0xc1, 0x0a, 0x0d, 0xd8, 0x9c, 0x01, 0xb8, 0x28, 0x00, 0xc1, 0x0a, 0x18, 0xdb, 0x85, 0x01, 0xfc, 0x16, 0x00, 0xce, 
0x10, 0x18, 0xa2, 0x74, 0xa2, 0x74, 0xb9, 0x11, 0xc1, 0x0a, 0x0d, 0xbe, 0x14, 0xbc, 0x2b, 0x01, 0xc1, 0x0a, 0x18, 0x8d, 
0x0b, 0xce, 0x94, 0x01, 0x01, 0xce, 0x10, 0x18, 0xad, 0x09, 0xad, 0x09, 0xbb, 0x14, 0xc1, 0x0a, 0x0d, 0xbe, 0x14, 0xbe, 
0x2b, 0x02, 0xc1, 0x0a, 0x18, 0x8d, 0x0b, 0xd0, 0x94, 0x01, 0x02, 0xce, 0x10, 0x18, 0xe2, 0x04, 0xe2, 0x04, 0xab, 0x06, 
0xc1, 0x0a, 0x18, 0xaf, 0x7f, 0x82, 0x1a, 0x03, 0x4b, 0x18, 0x95, 0x0d, 0xc5, 0x8c, 0x01, 0x95, 0x0d, 0x4b, 0x18, 0xaa, 
0x54, 0x89, 0x2a, 0xaa, 0x54, 0x4b, 0x18, 0xb2, 0x3d, 0xaa, 0x13, 0xb2, 0x3d, 0xce, 0x10, 0x18, 0xe5, 0x8b, 0x01, 0xe5, 
0x8b, 0x01, 0x8a, 0x0d, 0x4b, 0x18, 0xce, 0x7d, 0xbc, 0xbc, 0x01, 0xce, 0x7d, 0x3f, 0x0d, 0xba, 0x08, 0xd6, 0x87, 0x01, 
0xc3, 0x10, 0x0d, 0xdd, 0x42, 0xdd, 0x42, 0xf2, 0xf8, 0x01, 0xbd, 0x0c, 0x0b, 0x88, 0x53, 0x88, 0x53, 0xc1, 0x0a, 0x0b, 
0xf7, 0x4f, 0xbe, 0xa4, 0x01, 0x03, 0xc2, 0x10, 0x0b, 0x8c, 0x45, 0x8c, 0x45, 0xfc, 0x9a, 0x02, 0xc0, 0x10, 0x0b, 0xfc, 
0x43, 0x90, 0x39, 0xfc, 0x43, 0x99, 0x1e, 0xca, 0x1a, 0x18, 0xc9, 0x1a, 0xe5, 0x1e, 0x18, 0xf9, 0xa1, 0x01, 0x55, 0x4d, 
0x00, 0x00, 0xd8, 0x36, 0x00, 0x00, 0x4f, 0x3c, 0x00, 0x00, 0x47, 0x4a, 0x00, 0x00, 0xe5, 0x1e, 0x0b, 0x95, 0x29, 0x87, 
0x53, 0x00, 0x00, 0xd8, 0x36, 0x00, 0x00, 0x83, 0x34, 0x00, 0x00, 0x47, 0x4a, 0x00, 0x00, 0xc0, 0x16, 0x09, 0x92, 0x10, 
0x92, 0x10, 0xc7, 0xd5, 0x01, 0xb6, 0x1e, 0x87, 0x58, 0xb7, 0x77, 0x00, 0xba, 0x1e, 0x00, 0xb7, 0x77, 0x87, 0x58, 0x18, 
0xb8, 0x77, 0xc9, 0x10, 0x0b, 0xa7, 0xc2, 0x01, 0xdd, 0x3a, 0xde, 0x3c, 0xbc, 0x0e, 0x0c, 0xae, 0x5d, 0xae, 0x5d, 0xc6, 
0x10, 0x0b, 0xb5, 0x3c, 0xe5, 0x19, 0xd6, 0x5d, 0xbc, 0x0e, 0x0c, 0xaa, 0xf6, 0x01, 0xaa, 0xf6, 0x01, 0xc0, 0x0a, 0x12, 
0xab, 0xc3, 0x01, 0xb7, 0x09, 0xab, 0xc3, 0x01, 0x01, 0xfe, 0x03, 0xc4, 0xca, 0x01, 0xe2, 0xbe, 0x02, 0xb4, 0x0c, 0x96, 
0x01, 0xbf, 0xbb, 0x01, 0xbf, 0xbb, 0x01, 0xef, 0x0a, 0x1d, 0x85, 0x41, 0x85, 0x41, 0x81, 0x32, 0x02, 0x8b, 0x14, 0x2d, 
0x13, 0xfa, 0xdf, 0x01, 0xfa, 0xdf, 0x01, 0xfa, 0xdf, 0x01, 0x10, 0xc1, 0x0a, 0x0d, 0xb2, 0x06, 0xb2, 0x06, 0x00, 0xbd, 
0x0c, 0x0b, 0xe6, 0x0d, 0xe6, 0x0d, 0x01, 0x18, 0x83, 0xda, 0x01, 0xe4, 0x5f, 0x33, 0xcd, 0x05, 0xd3, 0x29, 0xc4, 0x1b, 
0x8b, 0x14, 0xb6, 0xbe, 0x01, 0x8b, 0x14, 0x01, 0x50, 0x9e, 0xe8, 0x01, 0x9e, 0xe8, 0x01, 0xb4, 0x0a, 0x56, 0xb5, 0xbc, 
0x01, 0x59, 0x58, 0x00, 0x00, 0xc1, 0x0a, 0x0d, 0xd8, 0x9c, 0x01, 0xec, 0x9e, 0x01, 0x00, 0xc1, 0x0a, 0x18, 0xdb, 0x85, 
0x01, 0xfc, 0x16, 0x00, 0xce, 0x10, 0x18, 0xa4, 0x74, 0xa4, 0x74, 0xb7, 0x11, 0xc1, 0x0a, 0x0d, 0xbe, 0x14, 0xf2, 0xa1, 
0x01, 0x01, 0xc1, 0x0a, 0x18, 0x8d, 0x0b, 0xd0, 0x94, 0x01, 0x01, 0xce, 0x10, 0x18, 0xad, 0x09, 0xad, 0x09, 0xbb, 0x14, 
0xc1, 0x0a, 0x0d, 0xc0, 0x14, 0xf6, 0xa1, 0x01, 0x02, 0xc1, 0x0a, 0x18, 0x8f, 0x0b, 0xd2, 0x94, 0x01, 0x02, 0xce, 0x10, 
0x18, 0xe0, 0x04, 0xe0, 0x04, 0xaf, 0x06, 0xc1, 0x0a, 0x18, 0xaf, 0x7f, 0x82, 0x1a, 0x03, 0x4b, 0x18, 0x95, 0x0d, 0xc5, 
0x8c, 0x01, 0x95, 0x0d, 0x4b, 0x18, 0x8e, 0x42, 0xa7, 0x3c, 0x8e, 0x42, 0x4b, 0x18, 0xd9, 0x31, 0xff, 0x6d, 0xd9, 0x31, 
0xc1, 0x0a, 0x0d, 0x9a, 0x75, 0x9d, 0x31, 0x01, 0xce, 0x10, 0x18, 0xe5, 0x16, 0xb4, 0x5e, 0xe5, 0x16, 0x4b, 0x18, 0xb1, 
0x2f, 0xc4, 0x26, 0xb1, 0x2f, 0xc0, 0x10, 0x0b, 0x97, 0x1f, 0xc2, 0x30, 0xea, 0xa9, 0x01, 0x99, 0x1e, 0xcd, 0x9a, 0x01, 
0x18, 0xd8, 0x37, 0x22, 0xda, 0xc6, 0x01, 0x84, 0x3f, 0x8d, 0x1e, 0x88, 0x06, 0x00, 0x00, 0x00, 0x00, 0x00, 0x00, 0x00, 
0xb8, 0x12, 0x00, 0x00, 0x00, 0x00, 0x00, 0x00, 0x4c, 0x4f, 0x4d, 0x53, 0x00, 0x03, 0x01, 0x00, 0x0b, 0x00, 0x08, 0x00, 
0xd0, 0x61, 0x00, 0x00, 0x00, 0x00, 0x00, 0x00, 0x00, 0x33, 0x00, 0x00, 0x91, 0x02, 0x01, 0x91, 0x02, 0x20, 0xd1, 0x10, 
0x02, 0x47, 0x4c, 0x53, 0x4c, 0x2e, 0x73, 0x74, 0x64, 0x2e, 0x34, 0x35, 0x30, 0x00, 0x00, 0x00, 0x00, 0xa0, 0x04, 0x00, 
0x01, 0xff, 0x0f, 0x00, 0x9f, 0x2c, 0xed, 0xc2, 0xa5, 0xf3, 0x06, 0x00, 0x8c, 0x1a, 0xa9, 0x20, 0x82, 0x1f, 0xaf, 0x2e, 
0x93, 0x2d, 0xcf, 0x2d, 0xb0, 0x23, 0x84, 0x28, 0xab, 0x22, 0xd9, 0x1b, 0xc2, 0x26, 0x10, 0xa2, 0x1e, 0x06, 0x10, 0x37, 
0xeb, 0x01, 0x0b, 0x00, 0x05, 0x00, 0x07, 0x01, 0x10, 0x00, 0x23, 0x00, 0x01, 0x05, 0x00, 0x07, 0x01, 0x10, 0x00, 0x23, 
0x40, 0x01, 0x23, 0x30, 0x01, 0x23, 0x04, 0x01, 0x23, 0x04, 0x01, 0x23, 0x04, 0x01, 0x23, 0x04, 0x10, 0x90, 0x32, 0x01, 
0x01, 0x10, 0x9b, 0x45, 0x06, 0x80, 0x02, 0x00, 0xa8, 0x18, 0x02, 0x47, 0x00, 0x01, 0x00, 0x23, 0x00, 0x10, 0xe2, 0x11, 
0x21, 0x00, 0x10, 0x00, 0x22, 0x01, 0x00, 0x64, 0x0e, 0x10, 0x00, 0x1e, 0x0a, 0x10, 0xb2, 0x21, 0x01, 0x08, 0x10, 0xdd, 
0x3e, 0x06, 0x40, 0x10, 0x02, 0x06, 0x40, 0x10, 0xac, 0x04, 0x06, 0x10, 0x10, 0xae, 0x05, 0x06, 0x10, 0x10, 0x02, 0x06, 
0x10, 0x10, 0x02, 0x06, 0x10, 0x10, 0x50, 0x06, 0x10, 0x00, 0xef, 0x1e, 0x02, 0x37, 0x00, 0x95, 0x00, 0x05, 0x00, 0x07, 
0x01, 0x10, 0x00, 0x23, 0x00, 0x01, 0x05, 0x00, 0x07, 0x01, 0x10, 0x00, 0x23, 0x40, 0x01, 0x05, 0x00, 0x07, 0x01, 0x10, 
0x00, 0x23, 0x40, 0x01, 0x05, 0x00, 0x07, 0x01, 0x10, 0x00, 0x23, 0x40, 0x01, 0x05, 0x00, 0x07, 0x01, 0x10, 0x00, 0x23, 
0x40, 0x01, 0x05, 0x00, 0x07, 0x01, 0x10, 0x00, 0x23, 0x80, 0x02, 0x01, 0x05, 0x00, 0x07, 0x01, 0x10, 0x00, 0x23, 0x80, 
0x02, 0x01, 0x05, 0x00, 0x07, 0x01, 0x10, 0x00, 0x23, 0x40, 0x01, 0x05, 0x00, 0x07, 0x01, 0x10, 0x00, 0x23, 0x30, 0x01, 
0x23, 0x40, 0x01, 0x23, 0x10, 0x01, 0x23, 0x08, 0x01, 0x23, 0x04, 0x01, 0x23, 0x04, 0x01, 0x23, 0x10, 0x01, 0x23, 0x10, 
0x01, 0x23, 0x08, 0x01, 0x23, 0x08, 0x01, 0x23, 0x04, 0x01, 0x00, 0x00, 0x23, 0x04, 0x01, 0x23, 0x08, 0x01, 0x23, 0x04, 
0x01, 0x23, 0x04, 0x01, 0x23, 0x04, 0x01, 0x23, 0x04, 0x01, 0x23, 0x04, 0x01, 0x00, 0x00, 0x23, 0x04, 0x01, 0x00, 0x00, 
0x23, 0x04, 0x01, 0x00, 0x00, 0x23, 0x04, 0x01, 0x00, 0x00, 0x23, 0x10, 0x01, 0x00, 0x00, 0x23, 0x0c, 0x01, 0x00, 0x00, 
0x23, 0x04, 0x01, 0x00, 0x00, 0x23, 0x08, 0x01, 0x00, 0x00, 0x23, 0x04, 0x01, 0x00, 0x00, 0x23, 0x04, 0x01, 0x00, 0x00, 
0x23, 0x04, 0x01, 0x23, 0x04, 0x01, 0x00, 0x00, 0x23, 0x04, 0x01, 0x00, 0x00, 0x23, 0x04, 0x01, 0x23, 0x90, 0x01, 0x01, 
0x00, 0x00, 0x23, 0x0c, 0x01, 0x23, 0x04, 0x01, 0x23, 0x10, 0x01, 0x23, 0x10, 0x01, 0x00, 0x00, 0x23, 0x08, 0x01, 0x00, 
0x00, 0x23, 0x04, 0x01, 0x23, 0x04, 0x01, 0x00, 0x00, 0x23, 0x08, 0x01, 0x00, 0x00, 0x23, 0x04, 0x01, 0x23, 0x04, 0x01, 
0x00, 0x00, 0x23, 0x10, 0x01, 0x00, 0x00, 0x23, 0x04, 0x01, 0x23, 0x04, 0x01, 0x00, 0x00, 0x23, 0x08, 0x01, 0x23, 0x04, 
0x01, 0x00, 0x00, 0x23, 0x04, 0x01, 0x00, 0x00, 0x23, 0x04, 0x01, 0x23, 0x04, 0x01, 0x23, 0x0c, 0x01, 0x23, 0x04, 0x01, 
0x23, 0x04, 0x01, 0x23, 0x04, 0x01, 0x23, 0x04, 0x01, 0x23, 0x04, 0x01, 0x23, 0x0c, 0x01, 0x23, 0x04, 0x01, 0x23, 0x04, 
0x01, 0x23, 0x04, 0x01, 0x23, 0x04, 0x01, 0x05, 0x00, 0x07, 0x01, 0x10, 0x00, 0x23, 0x04, 0x01, 0x23, 0x30, 0x01, 0x23, 
0x08, 0x01, 0x05, 0x00, 0x07, 0x01, 0x10, 0x00, 0x23, 0x08, 0x01, 0x05, 0x00, 0x07, 0x01, 0x10, 0x00, 0x23, 0x40, 0x01, 
0x00, 0x00, 0x23, 0x40, 0x01, 0x00, 0x00, 0x23, 0x04, 0x01, 0x00, 0x00, 0x23, 0x04, 0x01, 0x00, 0x00, 0x23, 0x04, 0x01, 
0x23, 0x04, 0x01, 0x23, 0x40, 0x01, 0x00, 0x00, 0x23, 0x04, 0x01, 0x00, 0x00, 0x23, 0x04, 0x01, 0x00, 0x00, 0x23, 0x04, 
0x01, 0x23, 0x04, 0x01, 0x23, 0x40, 0x01, 0x00, 0x00, 0x23, 0x40, 0x01, 0x00, 0x00, 0x23, 0x04, 0x01, 0x00, 0x00, 0x23, 
0x04, 0x01, 0x00, 0x00, 0x23, 0x04, 0x01, 0x00, 0x00, 0x23, 0x04, 0x10, 0xde, 0x3c, 0x21, 0x00, 0x10, 0x00, 0x22, 0x00, 
0x10, 0xc8, 0x01, 0x0b, 0x2a, 0x37, 0x8b, 0x2e, 0x05, 0x00, 0x05, 0x00, 0x07, 0x01, 0x10, 0x00, 0x23, 0x00, 0x01, 0x23, 
0x30, 0x01, 0x23, 0x0c, 0x10, 0xbf, 0x05, 0x06, 0x40, 0x00, 0x84, 0x1c, 0x02, 0x47, 0x00, 0x01, 0x00, 0x23, 0x00, 0x10, 
0xfe, 0x0d, 0x21, 0x01, 0x10, 0x00, 0x22, 0x01, 0x10, 0xb6, 0x0f, 0x21, 0x05, 0x10, 0x00, 0x22, 0x01, 0x00, 0x8f, 0x37, 
0x02, 0x47, 0x00, 0x01, 0x00, 0x23, 0x00, 0x10, 0xc0, 0x13, 0x06, 0x10, 0x00, 0xe6, 0x02, 0x02, 0x37, 0x00, 0x02, 0x00, 
0x00, 0x00, 0x23, 0x00, 0x10, 0xd6, 0x19, 0x21, 0x02, 0x10, 0x00, 0x22, 0x01, 0x10, 0xcb, 0x02, 0x21, 0x03, 0x10, 0x00, 
0x22, 0x01, 0x10, 0xa6, 0x01, 0x1e, 0x00, 0x10, 0xda, 0x1e, 0x1e, 0x05, 0x10, 0xb7, 0x02, 0x1e, 0x06, 0x10, 0x78, 0x1e, 
0x03, 0x10, 0xbd, 0x14, 0x0b, 0x2b, 0x10, 0xa8, 0x09, 0x1e, 0x05, 0x10, 0xb1, 0x0b, 0x1e, 0x06, 0x10, 0xa3, 0x0d, 0x1e, 
0x09, 0x00, 0xd7, 0x12, 0x02, 0x47, 0x00, 0x04, 0x00, 0x0b, 0x01, 0x00, 0x01, 0x0b, 0x01, 0x01, 0x01, 0x0b, 0x01, 0x03, 
0x01, 0x0b, 0x01, 0x04, 0x00, 0xba, 0xab, 0x01, 0x00, 0x93, 0x02, 0x0e, 0xa1, 0x04, 0xf4, 0x13, 0x08, 0xa6, 0x02, 0xe9, 
0x13, 0x20, 0xb7, 0x02, 0x20, 0x0d, 0x04, 0xb8, 0x02, 0x90, 0x01, 0x1d, 0x04, 0xb7, 0x02, 0x99, 0x01, 0x0d, 0x03, 0xb5, 
0x02, 0x17, 0x20, 0x01, 0x3e, 0x92, 0x0a, 0x07, 0x18, 0xb5, 0x02, 0x93, 0x0a, 0x20, 0x00, 0xb7, 0x02, 0x18, 0x0b, 0x04, 
0xd1, 0x04, 0xe8, 0x05, 0x08, 0x95, 0x05, 0x17, 0x1d, 0xb7, 0x02, 0xef, 0x05, 0x0d, 0x02, 0xbe, 0x02, 0xa2, 0x10, 0x13, 
0x1d, 0xbb, 0x04, 0x0b, 0xcc, 0x17, 0x00, 0x00, 0x00, 0x00, 0xbb, 0x04, 0x0c, 0x02, 0x00, 0x00, 0x00, 0x00, 0xbb, 0x04, 
0x0b, 0x04, 0x01, 0x00, 0x00, 0x00, 0xbb, 0x04, 0x0c, 0x02, 0x01, 0x00, 0x00, 0x00, 0xbb, 0x04, 0x0b, 0x04, 0x02, 0x00, 
0x00, 0x00, 0xbb, 0x04, 0x0c, 0x02, 0x02, 0x00, 0x00, 0x00, 0xbb, 0x04, 0x0c, 0x06, 0x03, 0x00, 0x00, 0x00, 0xb8, 0x02, 
0x9b, 0x27, 0x18, 0x03, 0xbb, 0x04, 0x0b, 0xb8, 0x27, 0x08, 0x00, 0x00, 0x00, 0xbc, 0x02, 0xa1, 0x0a, 0x1d, 0xa2, 0x14, 
0x8e, 0x03, 0xeb, 0x01, 0x65, 0x46, 0x0c, 0x0c, 0x0c, 0x0d, 0x91, 0x0f, 0xb2, 0x06, 0x0c, 0x90, 0x32, 0x40, 0x00, 0x00, 
0x00, 0xbc, 0x02, 0x9b, 0x45, 0x9b, 0x0e, 0xa3, 0x27, 0xae, 0x02, 0xa8, 0x18, 0xd5, 0x04, 0x3e, 0xfa, 0x09, 0x02, 0xe9, 
0x10, 0x39, 0xe6, 0x15, 0xe8, 0x07, 0x02, 0x3e, 0xef, 0x27, 0x02, 0x65, 0x3e, 0xb1, 0x01, 0x02, 0x0c, 0xbb, 0x04, 0x0c, 
0xa2, 0x1e, 0x05, 0x00, 0x00, 0x00, 0x3e, 0x9f, 0x1e, 0x02, 0x0d, 0x3e, 0x02, 0x03, 0x0c, 0x39, 0x8b, 0x05, 0x82, 0x2a, 
0x03, 0xb2, 0x06, 0x0c, 0xb2, 0x21, 0x02, 0x00, 0x00, 0x00, 0xbb, 0x04, 0x0b, 0x9d, 0x2d, 0x04, 0x00, 0x00, 0x00, 0xbc, 
0x02, 0xbf, 0x11, 0x65, 0x96, 0x14, 0xbc, 0x02, 0x02, 0x65, 0x96, 0x14, 0xb7, 0x02, 0xc5, 0x16, 0x0b, 0x03, 0xbb, 0x04, 
0x0b, 0xa2, 0x28, 0x09, 0x00, 0x00, 0x00, 0xbc, 0x02, 0xaf, 0x0d, 0x18, 0xa5, 0x14, 0xbc, 0x02, 0xae, 0x05, 0x1d, 0x96, 
0x14, 0xbc, 0x02, 0x02, 0x1d, 0x96, 0x14, 0xbc, 0x02, 0x02, 0x1d, 0x96, 0x14, 0xbc, 0x02, 0x50, 0x1d, 0xa5, 0x14, 0xbe, 
0x83, 0xc0, 0x02, 0xef, 0x1e, 0x65, 0x65, 0x65, 0x65, 0xb6, 0x0b, 0xb7, 0x0b, 0x65, 0x46, 0x65, 0x1d, 0x13, 0x0d, 0x0d, 
0x1d, 0x1d, 0x13, 0x13, 0x0d, 0x0d, 0x13, 0x0d, 0x0d, 0x0d, 0x0d, 0x0d, 0x0d, 0x0d, 0x0d, 0x1d, 0x14, 0x0c, 0x13, 0x0c, 
0x0c, 0x0c, 0x0c, 0x0d, 0x0d, 0xcd, 0x0d, 0x18, 0x0d, 0x1d, 0x1d, 0x13, 0x0c, 0x0d, 0x13, 0x0d, 0x0d, 0x1d, 0x0c, 0x0d, 
0x13, 0x0d, 0x0d, 0x0d, 0x0b, 0x18, 0x0d, 0x0d, 0x0b, 0x0d, 0x0d, 0x18, 0x0d, 0x0d, 0x0d, 0x0d, 0x0d, 0x46, 0x13, 0x13, 
0x65, 0x65, 0x0d, 0x0d, 0x0d, 0x0d, 0xa4, 0x10, 0x0c, 0x0d, 0x0d, 0x0d, 0xa5, 0x10, 0xa6, 0x10, 0x0c, 0x0c, 0x0c, 0x0c, 
0xce, 0x10, 0x3e, 0xfa, 0x09, 0x02, 0x96, 0x01, 0x39, 0x93, 0x06, 0xe4, 0x32, 0x02, 0x3e, 0xf1, 0x34, 0x01, 0x0c, 0x39, 
0x8c, 0x05, 0xba, 0x36, 0x01, 0xb8, 0x02, 0xa5, 0x3f, 0x18, 0x04, 0xb8, 0x02, 0x0b, 0x1d, 0x03, 0xce, 0x02, 0xa6, 0x11, 
0x50, 0x18, 0x0d, 0xbb, 0x04, 0x0b, 0xb7, 0x0d, 0x00, 0x01, 0x00, 0x00, 0xbc, 0x02, 0xf8, 0x07, 0xa3, 0x09, 0xc7, 0x02, 
0xae, 0x02, 0x84, 0x1c, 0xc3, 0x06, 0x3e, 0x8b, 0x25, 0x02, 0xc5, 0x14, 0x39, 0xff, 0x01, 0x8a, 0x33, 0x02, 0x3e, 0xed, 
0x2b, 0x02, 0x50, 0xbb, 0x04, 0x0b, 0x8c, 0x1d, 0x03, 0x00, 0x00, 0x00, 0xbb, 0x04, 0x0d, 0x0d, 0x00, 0x00, 0x00, 0x00, 
0x94, 0x02, 0x85, 0x28, 0xbb, 0x04, 0x0d, 0x82, 0x02, 0x00, 0x00, 0x80, 0x3f, 0xb7, 0x02, 0xef, 0x01, 0x0c, 0x02, 0xbb, 
0x04, 0x0b, 0xe4, 0x29, 0x00, 0x08, 0x00, 0x00, 0x89, 0x03, 0xd9, 0x27, 0x0d, 0x01, 0x00, 0x00, 0x00, 0x01, 0x00, 0xab, 
0x02, 0xce, 0x05, 0x97, 0x01, 0x3e, 0xfa, 0x09, 0x00, 0xfe, 0x03, 0x39, 0xfb, 0x08, 0xc8, 0x34, 0x00, 0xae, 0x02, 0x8f, 
0x37, 0x0c, 0x3e, 0xfa, 0x09, 0x09, 0xd7, 0x07, 0x39, 0xd4, 0x0c, 0xa2, 0x17, 0x09, 0x3e, 0xaf, 0x26, 0x09, 0x0c, 0xb7, 
0x02, 0xed, 0x09, 0x0c, 0x03, 0xbb, 0x04, 0x0c, 0xde, 0x29, 0x00, 0x08, 0x00, 0x00, 0xbc, 0x02, 0x9b, 0x07, 0x1d, 0xc7, 
0x02, 0xae, 0x02, 0xe6, 0x02, 0xb7, 0x11, 0x3e, 0x8b, 0x25, 0x02, 0xea, 0x12, 0x39, 0x24, 0xe2, 0x3e, 0x02, 0x89, 0x03, 
0xfd, 0x3b, 0x0d, 0x01, 0x00, 0x01, 0x00, 0x01, 0x00, 0xab, 0x02, 0xd2, 0x04, 0xd6, 0x01, 0x3e, 0xfa, 0x09, 0x00, 0xff, 
0x03, 0x39, 0xfc, 0x08, 0xe6, 0x2a, 0x00, 0x3e, 0xa9, 0x32, 0x01, 0x1d, 0x39, 0x9a, 0x05, 0xd0, 0x33, 0x01, 0xbb, 0x04, 
0x0c, 0xf3, 0x2c, 0x00, 0x02, 0x00, 0x00, 0xbb, 0x04, 0x0c, 0xff, 0x0b, 0x00, 0x01, 0x00, 0x00, 0x3e, 0x98, 0x05, 0x01, 
0x17, 0x39, 0x94, 0x05, 0xb6, 0x52, 0x01, 0x39, 0x9a, 0x05, 0xb7, 0x02, 0x01, 0x3e, 0x85, 0x50, 0x01, 0x13, 0x39, 0x90, 
0x05, 0xfe, 0x50, 0x01, 0x3e, 0x81, 0x51, 0x01, 0x0d, 0x39, 0x8c, 0x05, 0xc4, 0x3c, 0x01, 0x3e, 0xbd, 0x3c, 0x03, 0x13, 
0x39, 0x91, 0x05, 0xe6, 0x45, 0x03, 0x3e, 0xd1, 0x45, 0x03, 0x1d, 0x39, 0x9b, 0x05, 0xa0, 0x3a, 0x03, 0x3e, 0xb7, 0x3a, 
0x03, 0x0d, 0x39, 0x9b, 0x05, 0x94, 0x2d, 0x03, 0xbb, 0x04, 0x0d, 0xff, 0x36, 0x00, 0x00, 0x00, 0x40, 0xbb, 0x04, 0x0d, 
0xd0, 0x0c, 0x00, 0x00, 0x80, 0xbf, 0xbc, 0x02, 0x07, 0x0d, 0x90, 0x14, 0xbc, 0x02, 0x13, 0x0d, 0x8d, 0x14, 0xde, 0x02, 
0xf4, 0x17, 0x1d, 0x0d, 0xbd, 0x06, 0xb3, 0x06, 0x3e, 0xfa, 0x09, 0x03, 0xad, 0x12, 0x39, 0xaa, 0x17, 0xb0, 0x1e, 0x03, 
0xad, 0x06, 0x1d, 0xff, 0x4c, 0xc6, 0x06, 0x08, 0xba, 0x58, 0x00, 0x82, 0x0a, 0x18, 0x82, 0x66, 0x39, 0x95, 0x05, 0xb2, 
0x7d, 0x07, 0x01, 0x0c, 0xdb, 0xce, 0x01, 0xb6, 0x26, 0x22, 0xfe, 0x38, 0x00, 0x01, 0x0c, 0x90, 0xc4, 0x01, 0x8e, 0xfd, 
0x01, 0xc7, 0x10, 0x0c, 0xc7, 0x51, 0xc7, 0x51, 0x94, 0x8a, 0x01, 0x33, 0xe2, 0x05, 0xeb, 0x2a, 0xda, 0x19, 0x8b, 0x14, 
0xef, 0x6f, 0x8b, 0x14, 0x01, 0x65, 0x96, 0x80, 0x01, 0x96, 0x80, 0x01, 0x33, 0x89, 0x05, 0xbe, 0x24, 0xda, 0x19, 0x8b, 
0x14, 0xef, 0x6f, 0x91, 0x14, 0x01, 0x0c, 0x9c, 0x23, 0x9c, 0x23, 0x33, 0x89, 0x05, 0x99, 0x23, 0xda, 0x19, 0x8b, 0x14, 
0xef, 0x6f, 0x94, 0x14, 0x01, 0x0c, 0x9c, 0x23, 0x9c, 0x23, 0x13, 0x8e, 0x05, 0x99, 0x23, 0xcf, 0x2d, 0x8a, 0x14, 0x01, 
0x0d, 0x9c, 0x23, 0x9c, 0x23, 0x13, 0x8e, 0x05, 0xd3, 0x0f, 0xcf, 0x2d, 0x8d, 0x14, 0x01, 0x0d, 0x91, 0x9d, 0x01, 0x91, 
0x9d, 0x01, 0xc3, 0x10, 0x0d, 0xd0, 0xb0, 0x01, 0xbc, 0xfe, 0x02, 0xd0, 0xb0, 0x01, 0xc0, 0x0a, 0x13, 0xdb, 0x98, 0x02, 
0xf1, 0x94, 0x02, 0xdb, 0x98, 0x02, 0x01, 0x1d, 0x90, 0x3c, 0x80, 0x66, 0xc7, 0x18, 0x0c, 0x8c, 0xc9, 0x01, 0xd3, 0x0f, 
0x80, 0xdc, 0x02, 0xcb, 0x14, 0x09, 0xf7, 0xaa, 0x01, 0xf7, 0xaa, 0x01, 0x82, 0x9a, 0x01, 0xa7, 0x1e, 0xb1, 0x8e, 0x01, 
0x00, 0xba, 0x1e, 0x00, 0xfb, 0x25, 0xb1, 0x8e, 0x01, 0x18, 0xfc, 0x25, 0x01, 0x0c, 0xf1, 0x0c, 0xd0, 0x9a, 0x01, 0x13, 
0x8d, 0x05, 0xa1, 0x70, 0xa5, 0x18, 0x8b, 0x14, 0x01, 0x0c, 0xd0, 0x7e, 0xd0, 0x7e, 0xc0, 0x10, 0x0c, 0xc6, 0x63, 0xf4, 
0x71, 0xc6, 0x63, 0xcb, 0x10, 0x0c, 0xb1, 0x9d, 0x01, 0xb1, 0x9d, 0x01, 0xda, 0x85, 0x01, 0xc7, 0x10, 0x0c, 0x81, 0x2a, 
0xb3, 0xc7, 0x01, 0xd8, 0x5b, 0xd0, 0x0a, 0x16, 0xda, 0xe8, 0x01, 0xd8, 0xbe, 0x01, 0xda, 0xe8, 0x01, 0xa6, 0xc6, 0x02, 
0x99, 0x1e, 0xa4, 0x13, 0x18, 0xa3, 0x13, 0xe5, 0x1e, 0x16, 0xf7, 0x8d, 0x01, 0x9e, 0x5b, 0x00, 0x00, 0x0a, 0x3a, 0x00, 
0x00, 0x9c, 0x33, 0x00, 0x00, 0x96, 0x5f, 0x00, 0x00, 0xe5, 0x1e, 0x1d, 0xaa, 0x1d, 0x02, 0x29, 0x00, 0x00, 0x0a, 0x3a, 
0x00, 0x00, 0x36, 0x3d, 0x00, 0x00, 0x96, 0x5f, 0x00, 0x00, 0xe5, 0x1e, 0x0c, 0x85, 0x51, 0x0b, 0x0a, 0x00, 0x00, 0x0a, 
0x3a, 0x00, 0x00, 0xb5, 0x5d, 0x00, 0x00, 0x96, 0x5f, 0x00, 0x00, 0xc1, 0x16, 0x09, 0xf5, 0x14, 0xf5, 0x14, 0x93, 0xf8, 
0x01, 0xb6, 0x1e, 0x8b, 0x07, 0xdd, 0xf9, 0x01, 0x00, 0xba, 0x1e, 0x00, 0xbf, 0x18, 0x8b, 0x07, 0x18, 0xc0, 0x18, 0x33, 
0x8a, 0x05, 0x8c, 0xc1, 0x01, 0xd5, 0x1f, 0x8b, 0x14, 0xe2, 0x4c, 0x8a, 0x14, 0x01, 0x0d, 0x85, 0x8e, 0x01, 0x85, 0x8e, 
0x01, 0xc7, 0x16, 0x09, 0x81, 0x16, 0x81, 0x16, 0xfa, 0x91, 0x01, 0xa7, 0x1e, 0xae, 0x4a, 0x00, 0xba, 0x1e, 0x00, 0xf8, 
0x0b, 0xae, 0x4a, 0x18, 0xf7, 0x0b, 0xd2, 0x0a, 0x16, 0xfe, 0x3c, 0xd4, 0x51, 0xf8, 0x1d, 0x02, 0x01, 0xff, 0x03, 0xb0, 
0x51, 0xea, 0xff, 0x01, 0xb4, 0x0c, 0xd6, 0x01, 0xeb, 0x58, 0xeb, 0x58, 0xef, 0x0a, 0x1d, 0xfe, 0x20, 0xfe, 0x20, 0xc2, 
0x19, 0x02, 0x8b, 0x14, 0xce, 0x10, 0x1d, 0xbb, 0x7e, 0xbb, 0x7e, 0xf5, 0x49, 0x4b, 0x1d, 0x9a, 0x87, 0x01, 0xee, 0x22, 
0x9a, 0x87, 0x01, 0x99, 0x1e, 0xd4, 0x9d, 0x01, 0x18, 0xd3, 0x9d, 0x01, 0xe5, 0x1e, 0x16, 0xd4, 0x5e, 0x50, 0x33, 0x00, 
0x00, 0x47, 0x27, 0x00, 0x00, 0xcc, 0x3a, 0x00, 0x00, 0x8d, 0x2b, 0x00, 0x00, 0xe5, 0x1e, 0x1d, 0xb4, 0x26, 0xa5, 0x3a, 
0x00, 0x00, 0x47, 0x27, 0x00, 0x00, 0x5c, 0x43, 0x00, 0x00, 0x8d, 0x2b, 0x00, 0x00, 0x99, 0x1e, 0xbf, 0x89, 0x01, 0x18, 
0xc0, 0x89, 0x01, 0xc0, 0x10, 0x0c, 0xc1, 0x07, 0xa6, 0xdd, 0x01, 0xce, 0xce, 0x02, 0x99, 0x1e, 0xd2, 0x1b, 0x18, 0x8f, 
0xeb, 0x01, 0x99, 0x1e, 0xef, 0xc4, 0x01, 0x18, 0xf0, 0xc4, 0x01, 0xe5, 0x1e, 0x1d, 0xf9, 0x1c, 0x02, 0x29, 0x00, 0x00, 
0xa0, 0x2f, 0x00, 0x00, 0xa5, 0x3a, 0x00, 0x00, 0xed, 0x22, 0x00, 0x00, 0xc7, 0x18, 0x0c, 0xa5, 0x78, 0xb9, 0xc1, 0x01, 
0x9a, 0xb6, 0x01, 0xcb, 0x14, 0x09, 0xd2, 0x6e, 0xd2, 0x6e, 0xe6, 0x81, 0x02, 0xa7, 0x1e, 0xe0, 0x4b, 0x00, 0xba, 0x1e, 
0x00, 0x80, 0x43, 0xe0, 0x4b, 0x18, 0xff, 0x42, 0x01, 0x17, 0xba, 0x04, 0xd8, 0x8e, 0x01, 0x01, 0x1d, 0xb4, 0x11, 0xc4, 
0xa2, 0x01, 0x3d, 0x18, 0xf6, 0x20, 0xef, 0x15, 0xef, 0x15, 0x18, 0x22, 0x91, 0x1e, 0x00, 0xe9, 0x06, 0x08, 0xc1, 0x84, 
0x01, 0xfc, 0x51, 0xd3, 0xa2, 0x01, 0x97, 0x52, 0xcb, 0x63, 0x01, 0x18, 0xcc, 0x57, 0x87, 0x4b, 0xc1, 0x0a, 0x0d, 0xbb, 
0x0a, 0xbb, 0x0a, 0x00, 0xd2, 0x0a, 0x1d, 0xf3, 0x3c, 0xf3, 0x3c, 0xb6, 0xa9, 0x01, 0x00, 0xc1, 0x0a, 0x0d, 0xb0, 0xab, 
0x01, 0x80, 0x64, 0x01, 0xd2, 0x0a, 0x1d, 0x89, 0x3a, 0x89, 0x3a, 0xa6, 0x71, 0x01, 0xc1, 0x0a, 0x0d, 0xfa, 0x6b, 0xf0, 
0x95, 0x01, 0x02, 0xd2, 0x0a, 0x1d, 0xe7, 0xd6, 0x01, 0xe7, 0xd6, 0x01, 0xed, 0x6a, 0x02, 0x99, 0x1e, 0xa9, 0x2e, 0x18, 
0xaa, 0x2e, 0xe5, 0x1e, 0x1d, 0x8a, 0x55, 0xe8, 0x4c, 0x00, 0x00, 0x25, 0x54, 0x00, 0x00, 0xf9, 0x2b, 0x00, 0x00, 0xbe, 
0x39, 0x00, 0x00, 0x3d, 0x18, 0xce, 0x29, 0xce, 0x29, 0xce, 0x29, 0x18, 0xc1, 0x0a, 0x0d, 0x93, 0x77, 0x93, 0x77, 0x00, 
0xc1, 0x0a, 0x1d, 0xbc, 0x1c, 0xeb, 0x32, 0x00, 0xce, 0x10, 0x1d, 0xec, 0x1b, 0xec, 0x1b, 0xa8, 0x38, 0xc1, 0x0a, 0x0d, 
0xbe, 0x14, 0xad, 0x2a, 0x01, 0xc1, 0x0a, 0x1d, 0x99, 0xd0, 0x01, 0xdb, 0xd2, 0x01, 0x01, 0xce, 0x10, 0x1d, 0xde, 0xbb, 
0x01, 0xde, 0xbb, 0x01, 0xbb, 0x14, 0xc1, 0x0a, 0x0d, 0xbe, 0x14, 0xab, 0x2a, 0x02, 0xc1, 0x0a, 0x1d, 0x99, 0xd0, 0x01, 
0xd9, 0xd2, 0x01, 0x02, 0xce, 0x10, 0x1d, 0xfa, 0xc9, 0x01, 0xfa, 0xc9, 0x01, 0x9f, 0x06, 0xc1, 0x0a, 0x1d, 0xaf, 0x7f, 
0x8f, 0x88, 0x01, 0x03, 0x4b, 0x1d, 0x95, 0x0d, 0xc5, 0x8c, 0x01, 0x95, 0x0d, 0x4b, 0x1d, 0xf6, 0x41, 0xb1, 0x3c, 0xf6, 
0x41, 0x4b, 0x1d, 0x8a, 0x24, 0xa5, 0x18, 0x8a, 0x24, 0xc0, 0x0a, 0xa4, 0x08, 0xb2, 0x0c, 0xa0, 0xaa, 0x01, 0xb2, 0x0c, 
0xc1, 0x0a, 0x13, 0x93, 0x19, 0x93, 0x19, 0x00, 0xc1, 0x0a, 0x1d, 0xf9, 0x6e, 0x8d, 0x88, 0x01, 0x01, 0x22, 0xfe, 0x39, 
0xf9, 0x6e, 0x3d, 0x18, 0x8a, 0xc1, 0x01, 0x8a, 0xc1, 0x01, 0x8a, 0xc1, 0x01, 0x18, 0x13, 0x8f, 0x05, 0xb3, 0x06, 0xab, 
0x22, 0x8a, 0x14, 0xc1, 0x0a, 0x0d, 0x85, 0x56, 0xb9, 0x5c, 0x00, 0x22, 0x85, 0x56, 0x00, 0x13, 0x8f, 0x05, 0xf0, 0x2f, 
0xab, 0x22, 0x8d, 0x14, 0xc1, 0x0a, 0x0d, 0xdf, 0x6e, 0xa9, 0x9b, 0x01, 0x01, 0x22, 0xdf, 0x6e, 0x00, 0x13, 0x8f, 0x05, 
0xe2, 0x6e, 0xab, 0x22, 0x90, 0x14, 0xc1, 0x0a, 0x0d, 0xfb, 0x6f, 0xc3, 0x9c, 0x01, 0x02, 0x22, 0xfb, 0x6f, 0x00, 0x01, 
0x0c, 0x92, 0xaa, 0x01, 0xc6, 0xa4, 0x02, 0xcb, 0x10, 0x0c, 0x8b, 0x25, 0x8b, 0x25, 0x88, 0xde, 0x01, 0x23, 0xe2, 0x05, 
0xc4, 0x4e, 0xc5, 0x1f, 0x9a, 0x14, 0xe9, 0x99, 0x01, 0x01, 0x65, 0xc7, 0x2d, 0xc7, 0x2d, 0xc1, 0x12, 0x1d, 0xcf, 0xd1, 
0x01, 0xcf, 0xd1, 0x01, 0x87, 0x07, 0x22, 0xcc, 0x4b, 0x00, 0x01, 0x0c, 0xd8, 0x1d, 0xbe, 0x6c, 0xcb, 0x10, 0x0c, 0xf2, 
0x2c, 0xf2, 0x2c, 0xfe, 0x77, 0xbf, 0x0c, 0x0d, 0xdb, 0x36, 0xa2, 0x41, 0xc8, 0x10, 0x0d, 0xbe, 0x47, 0xf8, 0xdd, 0x01, 
0xbe, 0x47, 0xc8, 0x10, 0x0d, 0xab, 0x2a, 0xab, 0x2a, 0xcc, 0xb3, 0x01, 0x4b, 0x0d, 0x94, 0x78, 0x90, 0x9f, 0x02, 0x94, 
0x78, 0xbf, 0x0c, 0x0d, 0x8f, 0x0c, 0xba, 0x52, 0x4a, 0x0d, 0xa0, 0x10, 0xf8, 0x51, 0xa0, 0x10, 0x4b, 0x0d, 0xa3, 0x8a, 
0x01, 0x93, 0x86, 0x01, 0xa3, 0x8a, 0x01, 0xc8, 0x10, 0x0d, 0xf0, 0x37, 0xda, 0xdb, 0x01, 0x82, 0x47, 0xc1, 0x0a, 0x0d, 
0xfc, 0x96, 0x01, 0xec, 0xf1, 0x01, 0x00, 0x4a, 0x0d, 0xf6, 0x08, 0xf6, 0x08, 0xf2, 0x9f, 0x01, 0xd2, 0x0a, 0x1d, 0x89, 
0x8b, 0x02, 0x89, 0x8b, 0x02, 0xa7, 0x10, 0x00, 0xc1, 0x0a, 0x0d, 0x90, 0xef, 0x01, 0x90, 0xef, 0x01, 0x03, 0x4a, 0x0d, 
0x8f, 0x83, 0x01, 0xd8, 0x38, 0x8f, 0x83, 0x01, 0xc1, 0x0a, 0x0d, 0xef, 0x7c, 0xef, 0x10, 0x00, 0x4b, 0x0d, 0xd8, 0xd4, 
0x01, 0xd8, 0xd4, 0x01, 0xe8, 0x57, 0xd2, 0x0a, 0x1d, 0xf9, 0x4f, 0xf9, 0x4f, 0xee, 0x73, 0x00, 0xc1, 0x0a, 0x0d, 0xa2, 
0x4e, 0xa2, 0x4e, 0x00, 0xc3, 0x10, 0x0d, 0xf1, 0x7e, 0xe0, 0xb3, 0x01, 0xad, 0x7a, 0xc1, 0x0a, 0x0d, 0x97, 0x49, 0xe7, 
0x79, 0x03, 0x4a, 0x0d, 0xb0, 0x93, 0x01, 0x98, 0x4a, 0xb0, 0x93, 0x01, 0x4b, 0x0d, 0x87, 0x22, 0xe1, 0x56, 0x87, 0x22, 
0xc0, 0x10, 0x0c, 0xf4, 0x30, 0xb0, 0x41, 0xdc, 0xe6, 0x01, 0xbf, 0x0c, 0x0d, 0xd8, 0x54, 0xd8, 0x54, 0x4a, 0x0d, 0xe7, 
0x13, 0xbe, 0x71, 0xe7, 0x13, 0xc3, 0x10, 0x0d, 0xc1, 0x69, 0x92, 0xe4, 0x01, 0xc1, 0x69, 0x4a, 0x0d, 0x8b, 0x50, 0x8b, 
0x50, 0xbe, 0x29, 0x4b, 0x0d, 0xd5, 0x2d, 0xa1, 0xcc, 0x01, 0xd5, 0x2d, 0x23, 0x8f, 0x05, 0xb2, 0x77, 0xc2, 0x26, 0x91, 
0x14, 0x8b, 0x14, 0x22, 0x00, 0xf2, 0x01, 0x3f, 0x0d, 0xe0, 0x71, 0x92, 0xe9, 0x01, 0x23, 0x8f, 0x05, 0xaa, 0x28, 0xc2, 
0x26, 0x91, 0x14, 0x8e, 0x14, 0x22, 0x00, 0xaa, 0x28, 0xc1, 0x0a, 0x0d, 0xf9, 0x90, 0x02, 0xbd, 0x7d, 0x01, 0x3f, 0x0d, 
0xe6, 0xd9, 0x01, 0xe6, 0xd9, 0x01, 0xd2, 0x0a, 0x1d, 0xe1, 0x3d, 0xe1, 0x3d, 0xc6, 0x1e, 0x01, 0x13, 0x9b, 0x05, 0xab, 
0x1f, 0xc2, 0x26, 0x8b, 0x14, 0x22, 0x00, 0xab, 0x1f, 0x22, 0xc6, 0xb1, 0x01, 0x80, 0x06, 0x8d, 0x1e, 0x88, 0x06, 0xc6, 
0x06, 0x08, 0xbb, 0x9e, 0x01, 0x00, 0x8b, 0x03, 0xa7, 0x06, 0x95, 0x05, 0x9d, 0x04, 0xa7, 0x06, 0x17, 0xd4, 0x16, 0xa7, 
0x06, 0x1d, 0xd7, 0x12, 0x18, 0xe2, 0x9e, 0x02, 0xc1, 0x0a, 0x0d, 0xd3, 0xaf, 0x01, 0x8e, 0x6f, 0x03, 0xce, 0x16, 0x09, 
0xa0, 0x4a, 0xa0, 0x4a, 0x96, 0xd8, 0x01, 0xa7, 0x1e, 0xfe, 0x24, 0x00, 0xba, 0x1e, 0x00, 0xbc, 0x9c, 0x01, 0xfe, 0x24, 
0x18, 0xbb, 0x9c, 0x01, 0xc1, 0x0a, 0x0d, 0xce, 0xd7, 0x01, 0xc0, 0xf4, 0x01, 0x00, 0xc1, 0x0a, 0x0b, 0xf5, 0x9d, 0x01, 
0xf2, 0x43, 0x00, 0x01, 0x18, 0xc6, 0x7b, 0x8c, 0xd6, 0x01, 0x33, 0xcd, 0x05, 0xec, 0x57, 0xc4, 0x1b, 0x8b, 0x14, 0xe5, 
0x4e, 0x8b, 0x14, 0x01, 0x50, 0xd7, 0x0f, 0xd7, 0x0f, 0xb4, 0x0a, 0x56, 0xb5, 0xbc, 0x01, 0x52, 0x58, 0x00, 0x00, 0xc1, 
0x0a, 0x0d, 0xd8, 0x9c, 0x01, 0xb6, 0x28, 0x00, 0xc1, 0x0a, 0x18, 0xdb, 0x85, 0x01, 0xfc, 0x16, 0x00, 0xce, 0x10, 0x18, 
0x96, 0x74, 0x96, 0x74, 0xc5, 0x11, 0xc1, 0x0a, 0x0d, 0xbe, 0x14, 0xae, 0x2b, 0x01, 0xc1, 0x0a, 0x18, 0x8d, 0x0b, 0xc2, 
0x94, 0x01, 0x01, 0xce, 0x10, 0x18, 0xad, 0x09, 0xad, 0x09, 0xbb, 0x14, 0xc1, 0x0a, 0x0d, 0xbe, 0x14, 0xb0, 0x2b, 0x02, 
0xc1, 0x0a, 0x18, 0x8d, 0x0b, 0xc4, 0x94, 0x01, 0x02, 0xce, 0x10, 0x18, 0xee, 0x04, 0xee, 0x04, 0x9f, 0x06, 0xc1, 0x0a, 
0x18, 0xaf, 0x7f, 0x82, 0x1a, 0x03, 0x4b, 0x18, 0x95, 0x0d, 0xc5, 0x8c, 0x01, 0x95, 0x0d, 0x4b, 0x18, 0xaa, 0x54, 0xfd, 
0x29, 0xaa, 0x54, 0x4b, 0x18, 0x96, 0x2f, 0x9a, 0x05, 0x96, 0x2f, 0xce, 0x10, 0x18, 0xb1, 0x09, 0xb1, 0x09, 0xd7, 0x0f, 
0xc1, 0x0a, 0x0d, 0xf7, 0xc4, 0x01, 0xf0, 0x1f, 0x01, 0xc1, 0x0a, 0x0b, 0xdc, 0x7e, 0xf4, 0x8b, 0x01, 0x01, 0x01, 0x18, 
0xc6, 0x33, 0x8e, 0xd6, 0x01, 0x33, 0xcd, 0x05, 0xec, 0x57, 0xc4, 0x1b, 0x8b, 0x14, 0xe6, 0x72, 0x8b, 0x14, 0x01, 0x50, 
0xd7, 0x0f, 0xd7, 0x0f, 0xb4, 0x0a, 0x56, 0xb5, 0xbc, 0x01, 0x53, 0x58, 0x00, 0x00, 0xc1, 0x0a, 0x0d, 0xd8, 0x9c, 0x01, 
0xb6, 0x28, 0x00, 0xc1, 0x0a, 0x18, 0xdb, 0x85, 0x01, 0xfc, 0x16, 0x00, 0xce, 0x10, 0x18, 0x98, 0x74, 0x98, 0x74, 0xc3, 
0x11, 0xc1, 0x0a, 0x0d, 0xbe, 0x14, 0xb0, 0x2b, 0x01, 0xc1, 0x0a, 0x18, 0x8d, 0x0b, 0xc4, 0x94, 0x01, 0x01, 0xce, 0x10, 
0x18, 0xad, 0x09, 0xad, 0x09, 0xbb, 0x14, 0xc1, 0x0a, 0x0d, 0xbe, 0x14, 0xb2, 0x2b, 0x02, 0xc1, 0x0a, 0x18, 0x8d, 0x0b, 
0xc6, 0x94, 0x01, 0x02, 0xce, 0x10, 0x18, 0xec, 0x04, 0xec, 0x04, 0xa1, 0x06, 0xc1, 0x0a, 0x18, 0xaf, 0x7f, 0x82, 0x1a, 
0x03, 0x4b, 0x18, 0x95, 0x0d, 0xc5, 0x8c, 0x01, 0x95, 0x0d, 0x4b, 0x18, 0xaa, 0x54, 0xff, 0x29, 0xaa, 0x54, 0x4b, 0x18, 
0xb4, 0x3d, 0xb6, 0x13, 0xb4, 0x3d, 0xce, 0x10, 0x18, 0xb1, 0x99, 0x01, 0xb1, 0x99, 0x01, 0x98, 0x43, 0x4b, 0x18, 0x9b, 
0x31, 0xfb, 0xb2, 0x01, 0x9b, 0x31, 0xc1, 0x0a, 0x0d, 0xe4, 0x31, 0xd0, 0x63, 0x02, 0xc1, 0x0a, 0x0b, 0xbe, 0x2e, 0xb6, 
0x7f, 0x02, 0x01, 0x18, 0x86, 0x40, 0x90, 0xd6, 0x01, 0x33, 0xcd, 0x05, 0xec, 0x57, 0xc4, 0x1b, 0x8b, 0x14, 0xc7, 0x6c, 
0x8b, 0x14, 0x01, 0x50, 0xd7, 0x0f, 0xd7, 0x0f, 0xb4, 0x0a, 0x56, 0xb5, 0xbc, 0x01, 0x54, 0x58, 0x00, 0x00, 0xc1, 0x0a, 
0x0d, 0xd8, 0x9c, 0x01, 0xb6, 0x28, 0x00, 0xc1, 0x0a, 0x18, 0xdb, 0x85, 0x01, 0xfc, 0x16, 0x00, 0xce, 0x10, 0x18, 0x9a, 
0x74, 0x9a, 0x74, 0xc1, 0x11, 0xc1, 0x0a, 0x0d, 0xbe, 0x14, 0xb2, 0x2b, 0x01, 0xc1, 0x0a, 0x18, 0x8d, 0x0b, 0xc6, 0x94, 
0x01, 0x01, 0xce, 0x10, 0x18, 0xad, 0x09, 0xad, 0x09, 0xbb, 0x14, 0xc1, 0x0a, 0x0d, 0xbe, 0x14, 0xb4, 0x2b, 0x02, 0xc1, 
0x0a, 0x18, 0x8d, 0x0b, 0xc8, 0x94, 0x01, 0x02, 0xce, 0x10, 0x18, 0xea, 0x04, 0xea, 0x04, 0xa3, 0x06, 0xc1, 0x0a, 0x18, 
0xaf, 0x7f, 0x82, 0x1a, 0x03, 0x4b, 0x18, 0x95, 0x0d, 0xc5, 0x8c, 0x01, 0x95, 0x0d, 0x4b, 0x18, 0xaa, 0x54, 0x81, 0x2a, 
0xaa, 0x54, 0x4b, 0x18, 0xb4, 0x3d, 0xb4, 0x13, 0xb4, 0x3d, 0xce, 0x10, 0x18, 0xb1, 0x99, 0x01, 0xb1, 0x99, 0x01, 0x45, 
0x4b, 0x18, 0x95, 0x37, 0xf7, 0x05, 0x95, 0x37, 0xc1, 0x0a, 0x0b, 0xfc, 0x6e, 0x98, 0x88, 0x01, 0x03, 0x01, 0x18, 0xd6, 
0x9b, 0x01, 0xc2, 0xba, 0x02, 0x33, 0xcd, 0x05, 0xc3, 0x0c, 0xc4, 0x1b, 0x8b, 0x14, 0xf8, 0x70, 0x8b, 0x14, 0x01, 0x50, 
0xd7, 0x0f, 0xd7, 0x0f, 0xb4, 0x0a, 0x56, 0xb5, 0xbc, 0x01, 0x55, 0x58, 0x00, 0x00, 0xc1, 0x0a, 0x0d, 0xd8, 0x9c, 0x01, 
0xf9, 0x3b, 0x00, 0xc1, 0x0a, 0x18, 0xdb, 0x85, 0x01, 0xfc, 0x16, 0x00, 0xce, 0x10, 0x18, 0x9c, 0x74, 0x9c, 0x74, 0xbf, 
0x11, 0xc1, 0x0a, 0x0d, 0xbe, 0x14, 0xfb, 0x38, 0x01, 0xc1, 0x0a, 0x18, 0x8d, 0x0b, 0xc8, 0x94, 0x01, 0x01, 0xce, 0x10, 
0x18, 0xad, 0x09, 0xad, 0x09, 0xbb, 0x14, 0xc1, 0x0a, 0x0d, 0xbe, 0x14, 0xf9, 0x38, 0x02, 0xc1, 0x0a, 0x18, 0x8d, 0x0b, 
0xca, 0x94, 0x01, 0x02, 0xce, 0x10, 0x18, 0xe8, 0x04, 0xe8, 0x04, 0xa5, 0x06, 0xc1, 0x0a, 0x18, 0xaf, 0x7f, 0x82, 0x1a, 
0x03, 0x4b, 0x18, 0x95, 0x0d, 0xc5, 0x8c, 0x01, 0x95, 0x0d, 0x4b, 0x18, 0xaa, 0x54, 0x83, 0x2a, 0xaa, 0x54, 0x4b, 0x18, 
0xb4, 0x3d, 0xb2, 0x13, 0xb4, 0x3d, 0xce, 0x10, 0x18, 0x87, 0x9f, 0x01, 0x87, 0x9f, 0x01, 0xd7, 0x11, 0x4b, 0x18, 0xec, 
0x3a, 0xae, 0x6c, 0xec, 0x3a, 0x22, 0x9e, 0x9c, 0x01, 0x00, 0x8d, 0x1e, 0x18, 0xf1, 0x03, 0xc1, 0x0a, 0x0d, 0xbe, 0x53, 
0xee, 0xe7, 0x01, 0x00, 0xc1, 0x0a, 0x0b, 0xa1, 0x91, 0x01, 0xf4, 0x43, 0x00, 0x01, 0x18, 0xca, 0x7b, 0x92, 0xd6, 0x01, 
0x33, 0xcd, 0x05, 0xee, 0x57, 0xc4, 0x1b, 0x8b, 0x14, 0xe6, 0x4e, 0x8b, 0x14, 0x01, 0x50, 0xd7, 0x0f, 0xd7, 0x0f, 0xb4, 
0x0a, 0x56, 0xb5, 0xbc, 0x01, 0x56, 0x58, 0x00, 0x00, 0xc1, 0x0a, 0x0d, 0xd8, 0x9c, 0x01, 0xb8, 0x28, 0x00, 0xc1, 0x0a, 
0x18, 0xdb, 0x85, 0x01, 0xfc, 0x16, 0x00, 0xce, 0x10, 0x18, 0x9e, 0x74, 0x9e, 0x74, 0xbd, 0x11, 0xc1, 0x0a, 0x0d, 0xbe, 
0x14, 0xb8, 0x2b, 0x01, 0xc1, 0x0a, 0x18, 0x8d, 0x0b, 0xca, 0x94, 0x01, 0x01, 0xce, 0x10, 0x18, 0xad, 0x09, 0xad, 0x09, 
0xbb, 0x14, 0xc1, 0x0a, 0x0d, 0xbe, 0x14, 0xba, 0x2b, 0x02, 0xc1, 0x0a, 0x18, 0x8d, 0x0b, 0xcc, 0x94, 0x01, 0x02, 0xce, 
0x10, 0x18, 0xe6, 0x04, 0xe6, 0x04, 0xa7, 0x06, 0xc1, 0x0a, 0x18, 0xaf, 0x7f, 0x82, 0x1a, 0x03, 0x4b, 0x18, 0x95, 0x0d, 
0xc5, 0x8c, 0x01, 0x95, 0x0d, 0x4b, 0x18, 0xaa, 0x54, 0x85, 0x2a, 0xaa, 0x54, 0x4b, 0x18, 0x90, 0x2f, 0x8c, 0x05, 0x90, 
0x2f, 0xce, 0x10, 0x18, 0xb1, 0x09, 0xb1, 0x09, 0x83, 0x03, 0xc1, 0x0a, 0x0d, 0xf7, 0xc4, 0x01, 0xf2, 0x1f, 0x01, 0xc1, 
0x0a, 0x0b, 0xdc, 0x7e, 0xf6, 0x8b, 0x01, 0x01, 0x01, 0x18, 0xca, 0x33, 0x94, 0xd6, 0x01, 0x33, 0xcd, 0x05, 0xee, 0x57, 
0xc4, 0x1b, 0x8b, 0x14, 0xe7, 0x72, 0x8b, 0x14, 0x01, 0x50, 0xd7, 0x0f, 0xd7, 0x0f, 0xb4, 0x0a, 0x56, 0xb5, 0xbc, 0x01, 
0x57, 0x58, 0x00, 0x00, 0xc1, 0x0a, 0x0d, 0xd8, 0x9c, 0x01, 0xb8, 0x28, 0x00, 0xc1, 0x0a, 0x18, 0xdb, 0x85, 0x01, 0xfc, 
0x16, 0x00, 0xce, 0x10, 0x18, 0xa0, 0x74, 0xa0, 0x74, 0xbb, 0x11, 0xc1, 0x0a, 0x0d, 0xbe, 0x14, 0xba, 0x2b, 0x01, 0xc1, 
0x0a, 0x18, 0x8d, 0x0b, 0xcc, 0x94, 0x01, 0x01, 0xce, 0x10, 0x18, 0xad, 0x09, 0xad, 0x09, 0xbb, 0x14, 0xc1, 0x0a, 0x0d, 
0xbe, 0x14, 0xbc, 0x2b, 0x02, 0xc1, 0x0a, 0x18, 0x8d, 0x0b, 0xce, 0x94, 0x01, 0x02, 0xce, 0x10, 0x18, 0xe4, 0x04, 0xe4, 
0x04, 0xa9, 0x06, 0xc1, 0x0a, 0x18, 0xaf, 0x7f, 0x82, 0x1a, 0x03, 0x4b, 0x18, 0x95, 0x0d, 0xc5, 0x8c, 0x01, 0x95, 0x0d, 
0x4b, 0x18, 0xaa, 0x54, 0x87, 0x2a, 0xaa, 0x54, 0x4b, 0x18, 0xb2, 0x3d, 0xac, 0x13, 0xb2, 0x3d, 0xce, 0x10, 0x18, 0xb3, 
0x99, 0x01, 0xb3, 0x99, 0x01, 0x9a, 0x43, 0x4b, 0x18, 0x9d, 0x31, 0xfb, 0xb2, 0x01, 0x9d, 0x31, 0xc1, 0x0a, 0x0d, 0xe4, 
0x31, 0xd2, 0x63, 0x02, 0xc1, 0x0a, 0x0b, 0xbe, 0x2e, 0xb8, 0x7f, 0x02, 0x01, 0x18, 0x8a, 0x40, 0x96, 0xd6, 0x01, 0x33, 
0xcd, 0x05, 0xee, 0x57, 0xc4, 0x1b, 0x8b, 0x14, 0xc8, 0x6c, 0x8b, 0x14, 0x01, 0x50, 0xd7, 0x0f, 0xd7, 0x0f, 0xb4, 0x0a, 
0x56, 0xb5, 0xbc, 0x01, 0x58, 0x58, 0x00, 0x00, 0xc1, 0x0a, 0x0d, 0xd8, 0x9c, 0x01, 0xb8, 0x28, 0x00, 0xc1, 0x0a, 0x18, 
0xdb, 0x85, 0x01, 0xfc, 0x16, 0x00, 0xce, 0x10, 0x18, 0xa2, 0x74, 0xa2, 0x74, 0xb9, 0x11, 0xc1, 0x0a, 0x0d, 0xbe, 0x14, 
0xbc, 0x2b, 0x01, 0xc1, 0x0a, 0x18, 0x8d, 0x0b, 0xce, 0x94, 0x01, 0x01, 0xce, 0x10, 0x18, 0xad, 0x09, 0xad, 0x09, 0xbb, 
0x14, 0xc1, 0x0a, 0x0d, 0xbe, 0x14, 0xbe, 0x2b, 0x02, 0xc1, 0x0a, 0x18, 0x8d, 0x0b, 0xd0, 0x94, 0x01, 0x02, 0xce, 0x10, 
0x18, 0xe2, 0x04, 0xe2, 0x04, 0xab, 0x06, 0xc1, 0x0a, 0x18, 0xaf, 0x7f, 0x82, 0x1a, 0x03, 0x4b, 0x18, 0x95, 0x0d, 0xc5, 
0x8c, 0x01, 0x95, 0x0d, 0x4b, 0x18, 0xaa, 0x54, 0x89, 0x2a, 0xaa, 0x54, 0x4b, 0x18, 0xb2, 0x3d, 0xaa, 0x13, 0xb2, 0x3d, 
0xce, 0x10, 0x18, 0xe5, 0x8b, 0x01, 0xe5, 0x8b, 0x01, 0x8a, 0x0d, 0x4b, 0x18, 0xce, 0x7d, 0xbc, 0xbc, 0x01, 0xce, 0x7d, 
0x3f, 0x0d, 0xba, 0x08, 0xd6, 0x87, 0x01, 0xc3, 0x10, 0x0d, 0xdd, 0x42, 0xdd, 0x42, 0xf2, 0xf8, 0x01, 0xbd, 0x0c, 0x0b, 
0x88, 0x53, 0x88, 0x53, 0xc1, 0x0a, 0x0b, 0xf7, 0x4f, 0xbe, 0xa4, 0x01, 0x03, 0xc2, 0x10, 0x0b, 0x8c, 0x45, 0x8c, 0x45, 
0xfc, 0x9a, 0x02, 0xc0, 0x10, 0x0b, 0xfc, 0x43, 0x90, 0x39, 0xfc, 0x43, 0x99, 0x1e, 0xca, 0x1a, 0x18, 0xc9, 0x1a, 0xe5, 
0x1e, 0x18, 0xf9, 0xa1, 0x01, 0x55, 0x4d, 0x00, 0x00, 0xd8, 0x36, 0x00, 0x00, 0x4f, 0x3c, 0x00, 0x00, 0x47, 0x4a, 0x00, 
0x00, 0xe5, 0x1e, 0x0b, 0x95, 0x29, 0x87, 0x53, 0x00, 0x00, 0xd8, 0x36, 0x00, 0x00, 0x83, 0x34, 0x00, 0x00, 0x47, 0x4a, 
0x00, 0x00, 0xc0, 0x16, 0x09, 0x92, 0x10, 0x92, 0x10, 0xc7, 0xd5, 0x01, 0xb6, 0x1e, 0x87, 0x58, 0xb7, 0x77, 0x00, 0xba, 
0x1e, 0x00, 0xb7, 0x77, 0x87, 0x58, 0x18, 0xb8, 0x77, 0xc9, 0x10, 0x0b, 0xa7, 0xc2, 0x01, 0xdd, 0x3a, 0xde, 0x3c, 0xbc, 
0x0e, 0x0c, 0xae, 0x5d, 0xae, 0x5d, 0xc6, 0x10, 0x0b, 0xb5, 0x3c, 0xe5, 0x19, 0xd6, 0x5d, 0xbc, 0x0e, 0x0c, 0xaa, 0xf6, 
0x01, 0xaa, 0xf6, 0x01, 0xc0, 0x0a, 0x12, 0xab, 0xc3, 0x01, 0xb7, 0x09, 0xab, 0xc3, 0x01, 0x01, 0xfe, 0x03, 0xc4, 0xca, 
0x01, 0xe2, 0xbe, 0x02, 0xb4, 0x0c, 0x97, 0x01, 0xbf, 0xbb, 0x01, 0xbf, 0xbb, 0x01, 0xef, 0x0a, 0x1d, 0x85, 0x41, 0x85, 
0x41, 0x81, 0x32, 0x02, 0x8b, 0x14, 0x2d, 0x13, 0xfa, 0xdf, 0x01, 0xfa, 0xdf, 0x01, 0xfa, 0xdf, 0x01, 0x10, 0xc1, 0x0a, 
0x0d, 0xb2, 0x06, 0xb2, 0x06, 0x00, 0xbd, 0x0c, 0x0b, 0xe6, 0x0d, 0xe6, 0x0d, 0x01, 0x18, 0x83, 0xda, 0x01, 0xe4, 0x5f, 
0x33, 0xcd, 0x05, 0xd3, 0x29, 0xc4, 0x1b, 0x8b, 0x14, 0xb6, 0xbe, 0x01, 0x8b, 0x14, 0x01, 0x50, 0x9e, 0xe8, 0x01, 0x9e, 
0xe8, 0x01, 0xb4, 0x0a, 0x56, 0xb5, 0xbc, 0x01, 0x59, 0x58, 0x00, 0x00, 0xc1, 0x0a, 0x0d, 0xd8, 0x9c, 0x01, 0xec, 0x9e, 
0x01, 0x00, 0xc1, 0x0a, 0x18, 0xdb, 0x85, 0x01, 0xfc, 0x16, 0x00, 0xce, 0x10, 0x18, 0xa4, 0x74, 0xa4, 0x74, 0xb7, 0x11, 
0xc1, 0x0a, 0x0d, 0xbe, 0x14, 0xf2, 0xa1, 0x01, 0x01, 0xc1, 0x0a, 0x18, 0x8d, 0x0b, 0xd0, 0x94, 0x01, 0x01, 0xce, 0x10, 
0x18, 0xad, 0x09, 0xad, 0x09, 0xbb, 0x14, 0xc1, 0x0a, 0x0d, 0xc0, 0x14, 0xf6, 0xa1, 0x01, 0x02, 0xc1, 0x0a, 0x18, 0x8f, 
0x0b, 0xd2, 0x94, 0x01, 0x02, 0xce, 0x10, 0x18, 0xe0, 0x04, 0xe0, 0x04, 0xaf, 0x06, 0xc1, 0x0a, 0x18, 0xaf, 0x7f, 0x82, 
0x1a, 0x03, 0x4b, 0x18, 0x95, 0x0d, 0xc5, 0x8c, 0x01, 0x95, 0x0d, 0x4b, 0x18, 0x8e, 0x42, 0xa7, 0x3c, 0x8e, 0x42, 0x4b, 
0x18, 0xd9, 0x31, 0xff, 0x6d, 0xd9, 0x31, 0xc1, 0x0a, 0x0d, 0x9a, 0x75, 0x9d, 0x31, 0x01, 0xce, 0x10, 0x18, 0xe5, 0x16, 
0xb4, 0x5e, 0xe5, 0x16, 0x4b, 0x18, 0xb1, 0x2f, 0xc4, 0x26, 0xb1, 0x2f, 0xc0, 0x10, 0x0b, 0x97, 0x1f, 0xc2, 0x30, 0xea, 
0xa9, 0x01, 0x99, 0x1e, 0xcd, 0x9a, 0x01, 0x18, 0xd8, 0x37, 0x22, 0xda, 0xc6, 0x01, 0x84, 0x3f, 0x8d, 0x1e, 0x88, 0x06, 
0xb6, 0x05, 0x00, 0x00, 0x00, 0x00, 0x00, 0x00, 0x4c, 0x4f, 0x4d, 0x53, 0x00, 0x03, 0x01, 0x00, 0x0b, 0x00, 0x08, 0x00, 
0x29, 0x60, 0x00, 0x00, 0x00, 0x00, 0x00, 0x00, 0xe8, 0x15, 0x00, 0x00, 0x91, 0x02, 0x01, 0xd1, 0x10, 0x02, 0x47, 0x4c, 
0x53, 0x4c, 0x2e, 0x73, 0x74, 0x64, 0x2e, 0x34, 0x35, 0x30, 0x00, 0x00, 0x00, 0x00, 0xa0, 0x04, 0x00, 0x01, 0xcf, 0x0f, 
0x00, 0x9f, 0x2c, 0xed, 0xc2, 0xa5, 0xf3, 0x06, 0x00, 0x82, 0x1f, 0xcf, 0x2d, 0x8c, 0x1a, 0xb0, 0x23, 0xd9, 0x1b, 0xc2, 
0x26, 0x84, 0x28, 0xab, 0x22, 0x10, 0xb4, 0x15, 0x06, 0x10, 0x37, 0xe7, 0x10, 0x0b, 0x00, 0x05, 0x00, 0x07, 0x01, 0x10, 
0x00, 0x23, 0x00, 0x01, 0x05, 0x00, 0x07, 0x01, 0x10, 0x00, 0x23, 0x40, 0x01, 0x23, 0x30, 0x01, 0x23, 0x04, 0x01, 0x23, 
0x04, 0x01, 0x23, 0x04, 0x01, 0x23, 0x04, 0x10, 0xfa, 0x49, 0x01, 0x01, 0x10, 0xc5, 0x3b, 0x06, 0x80, 0x02, 0x00, 0x87, 
0x0d, 0x02, 0x47, 0x00, 0x01, 0x00, 0x23, 0x00, 0x10, 0xbc, 0x2d, 0x21, 0x00, 0x10, 0x00, 0x22, 0x01, 0x10, 0x8d, 0x19, 
0x06, 0x40, 0x10, 0x02, 0x06, 0x40, 0x10, 0xcd, 0x06, 0x06, 0x10, 0x10, 0x82, 0x03, 0x06, 0x10, 0x10, 0x02, 0x06, 0x10, 
0x10, 0x02, 0x06, 0x10, 0x10, 0x50, 0x06, 0x10, 0x00, 0x8b, 0x14, 0x02, 0x37, 0x00, 0x95, 0x00, 0x05, 0x00, 0x07, 0x01, 
0x10, 0x00, 0x23, 0x00, 0x01, 0x05, 0x00, 0x07, 0x01, 0x10, 0x00, 0x23, 0x40, 0x01, 0x05, 0x00, 0x07, 0x01, 0x10, 0x00, 
0x23, 0x40, 0x01, 0x05, 0x00, 0x07, 0x01, 0x10, 0x00, 0x23, 0x40, 0x01, 0x05, 0x00, 0x07, 0x01, 0x10, 0x00, 0x23, 0x40, 
0x01, 0x05, 0x00, 0x07, 0x01, 0x10, 0x00, 0x23, 0x80, 0x02, 0x01, 0x05, 0x00, 0x07, 0x01, 0x10, 0x00, 0x23, 0x80, 0x02, 
0x01, 0x05, 0x00, 0x07, 0x01, 0x10, 0x00, 0x23, 0x40, 0x01, 0x05, 0x00, 0x07, 0x01, 0x10, 0x00, 0x23, 0x30, 0x01, 0x23, 
0x40, 0x01, 0x23, 0x10, 0x01, 0x23, 0x08, 0x01, 0x23, 0x04, 0x01, 0x23, 0x04, 0x01, 0x23, 0x10, 0x01, 0x23, 0x10, 0x01, 
0x23, 0x08, 0x01, 0x23, 0x08, 0x01, 0x23, 0x04, 0x01, 0x00, 0x00, 0x23, 0x04, 0x01, 0x23, 0x08, 0x01, 0x23, 0x04, 0x01, 
0x23, 0x04, 0x01, 0x23, 0x04, 0x01, 0x23, 0x04, 0x01, 0x23, 0x04, 0x01, 0x00, 0x00, 0x23, 0x04, 0x01, 0x00, 0x00, 0x23, 
0x04, 0x01, 0x00, 0x00, 0x23, 0x04, 0x01, 0x00, 0x00, 0x23, 0x10, 0x01, 0x00, 0x00, 0x23, 0x0c, 0x01, 0x00, 0x00, 0x23, 
0x04, 0x01, 0x00, 0x00, 0x23, 0x08, 0x01, 0x00, 0x00, 0x23, 0x04, 0x01, 0x00, 0x00, 0x23, 0x04, 0x01, 0x00, 0x00, 0x23, 
0x04, 0x01, 0x23, 0x04, 0x01, 0x00, 0x00, 0x23, 0x04, 0x01, 0x00, 0x00, 0x23, 0x04, 0x01, 0x23, 0x90, 0x01, 0x01, 0x00, 
0x00, 0x23, 0x0c, 0x01, 0x23, 0x04, 0x01, 0x23, 0x10, 0x01, 0x23, 0x10, 0x01, 0x00, 0x00, 0x23, 0x08, 0x01, 0x00, 0x00, 
0x23, 0x04, 0x01, 0x23, 0x04, 0x01, 0x00, 0x00, 0x23, 0x08, 0x01, 0x00, 0x00, 0x23, 0x04, 0x01, 0x23, 0x04, 0x01, 0x00, 
0x00, 0x23, 0x10, 0x01, 0x00, 0x00, 0x23, 0x04, 0x01, 0x23, 0x04, 0x01, 0x00, 0x00, 0x23, 0x08, 0x01, 0x23, 0x04, 0x01, 
0x00, 0x00, 0x23, 0x04, 0x01, 0x00, 0x00, 0x23, 0x04, 0x01, 0x23, 0x04, 0x01, 0x23, 0x0c, 0x01, 0x23, 0x04, 0x01, 0x23, 
0x04, 0x01, 0x23, 0x04, 0x01, 0x23, 0x04, 0x01, 0x23, 0x04, 0x01, 0x23, 0x0c, 0x01, 0x23, 0x04, 0x01, 0x23, 0x04, 0x01, 
0x23, 0x04, 0x01, 0x23, 0x04, 0x01, 0x05, 0x00, 0x07, 0x01, 0x10, 0x00, 0x23, 0x04, 0x01, 0x23, 0x30, 0x01, 0x23, 0x08, 
0x01, 0x05, 0x00, 0x07, 0x01, 0x10, 0x00, 0x23, 0x08, 0x01, 0x05, 0x00, 0x07, 0x01, 0x10, 0x00, 0x23, 0x40, 0x01, 0x00, 
0x00, 0x23, 0x40, 0x01, 0x00, 0x00, 0x23, 0x04, 0x01, 0x00, 0x00, 0x23, 0x04, 0x01, 0x00, 0x00, 0x23, 0x04, 0x01, 0x23, 
0x04, 0x01, 0x23, 0x40, 0x01, 0x00, 0x00, 0x23, 0x04, 0x01, 0x00, 0x00, 0x23, 0x04, 0x01, 0x00, 0x00, 0x23, 0x04, 0x01, 
0x23, 0x04, 0x01, 0x23, 0x40, 0x01, 0x00, 0x00, 0x23, 0x40, 0x01, 0x00, 0x00, 0x23, 0x04, 0x01, 0x00, 0x00, 0x23, 0x04, 
0x01, 0x00, 0x00, 0x23, 0x04, 0x01, 0x00, 0x00, 0x23, 0x04, 0x10, 0xe6, 0x3b, 0x21, 0x00, 0x10, 0x00, 0x22, 0x00, 0x10, 
0x85, 0x01, 0x1e, 0x00, 0x10, 0x9a, 0x1d, 0x1e, 0x03, 0x00, 0x85, 0x27, 0x0e, 0x10, 0x00, 0x1e, 0x0a, 0x10, 0xc8, 0x12, 
0x0b, 0x2b, 0x10, 0xad, 0x0f, 0x1e, 0x09, 0x00, 0xbd, 0x23, 0x02, 0x47, 0x00, 0x04, 0x00, 0x0b, 0x01, 0x00, 0x01, 0x0b, 
0x01, 0x01, 0x01, 0x0b, 0x01, 0x03, 0x01, 0x0b, 0x01, 0x04, 0x10, 0x94, 0x3c, 0x1e, 0x05, 0x10, 0xb1, 0x0b, 0x1e, 0x06, 
0x93, 0x02, 0x0e, 0xa1, 0x04, 0xf4, 0x13, 0x08, 0xa6, 0x02, 0xe9, 0x13, 0x20, 0xb7, 0x02, 0x20, 0x0d, 0x04, 0xb8, 0x02, 
0x90, 0x01, 0x1d, 0x04, 0xb7, 0x02, 0x99, 0x01, 0x0d, 0x03, 0xb5, 0x02, 0x17, 0x20, 0x01, 0xb7, 0x02, 0x0e, 0x0d, 0x02, 
0xbe, 0x02, 0xa2, 0x10, 0x13, 0x1d, 0xb5, 0x02, 0xb1, 0x10, 0x20, 0x00, 0xbb, 0x04, 0x0b, 0xfe, 0x27, 0x00, 0x00, 0x00, 
0x00, 0xbb, 0x04, 0x0c, 0x02, 0x00, 0x00, 0x00, 0x00, 0xbb, 0x04, 0x0b, 0x04, 0x01, 0x00, 0x00, 0x00, 0xb8, 0x02, 0x8d, 
0x27, 0x18, 0x03, 0xbb, 0x04, 0x0b, 0xb8, 0x27, 0x08, 0x00, 0x00, 0x00, 0xbc, 0x02, 0x8f, 0x13, 0x1d, 0xa2, 0x14, 0x8e, 
0x03, 0xe7, 0x10, 0x65, 0x46, 0x0c, 0x0c, 0x0c, 0x0d, 0xda, 0x0a, 0xb2, 0x06, 0x0c, 0xfa, 0x49, 0x40, 0x00, 0x00, 0x00, 
0xbc, 0x02, 0xc5, 0x3b, 0xa6, 0x02, 0xa3, 0x27, 0xae, 0x02, 0x87, 0x0d, 0xc0, 0x09, 0x3e, 0xfa, 0x09, 0x02, 0xfc, 0x02, 
0x39, 0xf9, 0x07, 0xc2, 0x23, 0x02, 0x3e, 0xef, 0x27, 0x02, 0x65, 0xbb, 0x04, 0x0c, 0xf0, 0x1c, 0x05, 0x00, 0x00, 0x00, 
0xbb, 0x04, 0x0b, 0x07, 0x04, 0x00, 0x00, 0x00, 0xbc, 0x02, 0x85, 0x0e, 0x65, 0x96, 0x14, 0xbc, 0x02, 0x02, 0x65, 0x96, 
0x14, 0xb7, 0x02, 0xff, 0x19, 0x0b, 0x03, 0xbb, 0x04, 0x0b, 0xa2, 0x28, 0x09, 0x00, 0x00, 0x00, 0xbc, 0x02, 0xef, 0x14, 
0x18, 0xa5, 0x14, 0xbc, 0x02, 0x82, 0x03, 0x1d, 0x96, 0x14, 0xbc, 0x02, 0x02, 0x1d, 0x96, 0x14, 0xbc, 0x02, 0x02, 0x1d, 
0x96, 0x14, 0xbc, 0x02, 0x50, 0x1d, 0xa5, 0x14, 0xbe, 0x83, 0xc0, 0x02, 0x8b, 0x14, 0x65, 0x65, 0x65, 0x65, 0x93, 0x0d, 
0x94, 0x0d, 0x65, 0x46, 0x65, 0x1d, 0x13, 0x0d, 0x0d, 0x1d, 0x1d, 0x13, 0x13, 0x0d, 0x0d, 0x13, 0x0d, 0x0d, 0x0d, 0x0d, 
0x0d, 0x0d, 0x0d, 0x0d, 0x1d, 0x14, 0x0c, 0x13, 0x0c, 0x0c, 0x0c, 0x0c, 0x0d, 0x0d, 0xed, 0x09, 0x18, 0x0d, 0x1d, 0x1d, 
0x13, 0x0c, 0x0d, 0x13, 0x0d, 0x0d, 0x1d, 0x0c, 0x0d, 0x13, 0x0d, 0x0d, 0x0d, 0x0b, 0x18, 0x0d, 0x0d, 0x0b, 0x0d, 0x0d, 
0x18, 0x0d, 0x0d, 0x0d, 0x0d, 0x0d, 0x46, 0x13, 0x13, 0x65, 0x65, 0x0d, 0x0d, 0x0d, 0x0d, 0xae, 0x0b, 0x0c, 0x0d, 0x0d, 
0x0d, 0xaf, 0x0b, 0xb0, 0x0b, 0x0c, 0x0c, 0x0c, 0x0c, 0xd8, 0x0b, 0x3e, 0xfa, 0x09, 0x02, 0xd2, 0x01, 0x39, 0xcf, 0x06, 
0xec, 0x31, 0x02, 0x3e, 0xd5, 0x34, 0x01, 0x1d, 0x39, 0x9a, 0x05, 0xd0, 0x33, 0x01, 0x3e, 0xe3, 0x33, 0x01, 0x13, 0x39, 
0x90, 0x05, 0xfe, 0x50, 0x01, 0x3e, 0x89, 0x51, 0x01, 0x0d, 0xbb, 0x04, 0x0d, 0xff, 0x07, 0x00, 0x00, 0x80, 0x3f, 0x3e, 
0xfe, 0x07, 0x03, 0x0c, 0x39, 0x89, 0x05, 0x86, 0x2a, 0x03, 0x3e, 0x81, 0x2a, 0x01, 0x0c, 0x39, 0x8b, 0x05, 0xca, 0x3c, 
0x01, 0x3e, 0xa9, 0x3c, 0x03, 0x1d, 0x39, 0x9b, 0x05, 0xfc, 0x2c, 0x03, 0xbc, 0x02, 0xb1, 0x2c, 0x0d, 0x8d, 0x14, 0xde, 
0x02, 0xf4, 0x08, 0x1d, 0x0d, 0xc0, 0x05, 0xc0, 0x05, 0x3e, 0xfa, 0x09, 0x03, 0xfa, 0x09, 0x39, 0xf7, 0x0e, 0x96, 0x2f, 
0x03, 0x3e, 0xe1, 0x42, 0x03, 0x13, 0x39, 0x91, 0x05, 0xe6, 0x45, 0x03, 0x39, 0x9b, 0x05, 0xb1, 0x0b, 0x03, 0xc6, 0x06, 
0x08, 0xe8, 0x13, 0x00, 0x82, 0x0a, 0x18, 0xf4, 0x60, 0x01, 0x0c, 0xba, 0xa9, 0x01, 0x8c, 0x9c, 0x02, 0x22, 0xd4, 0xae, 
0x02, 0x00, 0x01, 0x0c, 0xbf, 0x9f, 0x01, 0x94, 0x8f, 0x01, 0x33, 0xe2, 0x05, 0xfa, 0x3d, 0xda, 0x19, 0x8b, 0x14, 0xd6, 
0x61, 0x8b, 0x14, 0x01, 0x65, 0xbc, 0x7b, 0xbc, 0x7b, 0x13, 0x8a, 0x05, 0x9b, 0x23, 0xcf, 0x2d, 0x8a, 0x14, 0x01, 0x0d, 
0x9e, 0x23, 0x9e, 0x23, 0x13, 0x8a, 0x05, 0xd1, 0x0f, 0xcf, 0x2d, 0x8d, 0x14, 0x01, 0x0d, 0x91, 0x9d, 0x01, 0x91, 0x9d, 
0x01, 0xc3, 0x10, 0x0d, 0xd0, 0xb0, 0x01, 0xbc, 0xfe, 0x02, 0xd0, 0xb0, 0x01, 0xc0, 0x0a, 0x13, 0xad, 0x12, 0xc1, 0x0e, 
0xad, 0x12, 0x01, 0x1d, 0xc7, 0xca, 0x01, 0xd6, 0x65, 0x3d, 0x18, 0x82, 0x41, 0x82, 0x41, 0x82, 0x41, 0x18, 0xc1, 0x0a, 
0x0d, 0xdf, 0x66, 0xdf, 0x66, 0x00, 0xc1, 0x0a, 0x1d, 0xa0, 0x84, 0x01, 0xc5, 0x7a, 0x00, 0xce, 0x10, 0x1d, 0xec, 0x1b, 
0xec, 0x1b, 0x8c, 0xa0, 0x01, 0xc1, 0x0a, 0x0d, 0xbe, 0x14, 0xea, 0x4d, 0x01, 0xc1, 0x0a, 0x1d, 0x99, 0xd0, 0x01, 0xb5, 
0x9a, 0x02, 0x01, 0xce, 0x10, 0x1d, 0xde, 0xbb, 0x01, 0xde, 0xbb, 0x01, 0xbb, 0x14, 0xc1, 0x0a, 0x0d, 0xbe, 0x14, 0xec, 
0x4d, 0x02, 0xc1, 0x0a, 0x1d, 0x99, 0xd0, 0x01, 0xb3, 0x9a, 0x02, 0x02, 0xce, 0x10, 0x1d, 0xfa, 0xc9, 0x01, 0xfa, 0xc9, 
0x01, 0x9f, 0x06, 0xc1, 0x0a, 0x1d, 0xaf, 0x7f, 0xe9, 0xcf, 0x01, 0x03, 0x4b, 0x1d, 0x95, 0x0d, 0xc5, 0x8c, 0x01, 0x95, 
0x0d, 0x4b, 0x1d, 0xf6, 0x41, 0xb1, 0x3c, 0xf6, 0x41, 0x4b, 0x1d, 0xaa, 0x1f, 0x85, 0x1d, 0xaa, 0x1f, 0xc0, 0x0a, 0xa4, 
0x08, 0xba, 0x36, 0xe5, 0x36, 0xba, 0x36, 0x23, 0xe2, 0x05, 0xb3, 0x28, 0xc5, 0x1f, 0x9a, 0x14, 0x8b, 0x14, 0x01, 0x65, 
0xbf, 0x76, 0xbf, 0x76, 0xc1, 0x0a, 0x1d, 0xe2, 0xc7, 0x01, 0xee, 0x28, 0x01, 0xc1, 0x12, 0x1d, 0x9b, 0x97, 0x01, 0xc6, 
0x30, 0x9b, 0x97, 0x01, 0x22, 0xdc, 0x91, 0x01, 0x00, 0xc1, 0x0a, 0x0d, 0xf8, 0x68, 0xf8, 0x68, 0x01, 0x3f, 0x0d, 0xe6, 
0x10, 0xe6, 0x10, 0xd2, 0x0a, 0x1d, 0xe1, 0x3d, 0xe1, 0x3d, 0xfc, 0x3b, 0x01, 0x13, 0x9b, 0x05, 0xae, 0x19, 0xc2, 0x26, 
0x8b, 0x14, 0x22, 0x00, 0xae, 0x19, 0x8d, 0x1e, 0x88, 0x06, 0x00, 0x00, 0x5a, 0x00, 0x00, 0x00, 0x00, 0x00, 0x00, 0x00, 
0x4c, 0x4f, 0x4d, 0x53, 0x00, 0x03, 0x01, 0x00, 0x0b, 0x00, 0x08, 0x00, 0xe8, 0x50, 0x00, 0x00, 0x00, 0x00, 0x00, 0x00, 
0x98, 0x00, 0x00, 0x00, 0x91, 0x02, 0x01, 0xd1, 0x10, 0x02, 0x47, 0x4c, 0x53, 0x4c, 0x2e, 0x73, 0x74, 0x64, 0x2e, 0x34, 
0x35, 0x30, 0x00, 0x00, 0x00, 0x00, 0xa0, 0x04, 0x00, 0x01, 0xcf, 0x0e, 0x04, 0x9f, 0x2c, 0xed, 0xc2, 0xa5, 0xf3, 0x06, 
0x00, 0xa0, 0x02, 0x9f, 0x2c, 0x07, 0x93, 0x02, 0x0e, 0xa1, 0x04, 0xf4, 0x13, 0x08, 0xc6, 0x06, 0x08, 0xba, 0x44, 0x00, 
0x82, 0x0a, 0x18, 0x90, 0xeb, 0x01, 0x8d, 0x1e, 0x88, 0x06, 0x00, 0x00, 0x00, 0x00, 0x00, 0x00, 0x4b, 0x07, 0x00, 0x00, 
0x00, 0x00, 0x00, 0x00, 0x4c, 0x4f, 0x4d, 0x53, 0x00, 0x03, 0x01, 0x00, 0x0b, 0x00, 0x08, 0x00, 0x29, 0x60, 0x00, 0x00, 
0x00, 0x00, 0x00, 0x00, 0x58, 0x19, 0x00, 0x00, 0x91, 0x02, 0x01, 0x91, 0x02, 0x20, 0xd1, 0x10, 0x02, 0x47, 0x4c, 0x53, 
0x4c, 0x2e, 0x73, 0x74, 0x64, 0x2e, 0x34, 0x35, 0x30, 0x00, 0x00, 0x00, 0x00, 0xa0, 0x04, 0x00, 0x01, 0xcf, 0x0f, 0x00, 
0x9f, 0x2c, 0xed, 0xc2, 0xa5, 0xf3, 0x06, 0x00, 0x8c, 0x1a, 0x82, 0x1f, 0xcf, 0x2d, 0xb0, 0x23, 0xd9, 0x1b, 0xc2, 0x26, 
0x84, 0x28, 0xab, 0x22, 0x10, 0xdc, 0x16, 0x06, 0x10, 0x37, 0xcf, 0x07, 0x0b, 0x00, 0x05, 0x00, 0x07, 0x01, 0x10, 0x00, 
0x23, 0x00, 0x01, 0x05, 0x00, 0x07, 0x01, 0x10, 0x00, 0x23, 0x40, 0x01, 0x23, 0x30, 0x01, 0x23, 0x04, 0x01, 0x23, 0x04, 
0x01, 0x23, 0x04, 0x01, 0x23, 0x04, 0x10, 0xba, 0x3f, 0x01, 0x01, 0x10, 0x97, 0x40, 0x06, 0x80, 0x02, 0x00, 0xac, 0x1d, 
0x02, 0x47, 0x00, 0x01, 0x00, 0x23, 0x00, 0x10, 0xda, 0x07, 0x21, 0x00, 0x10, 0x00, 0x22, 0x01, 0x00, 0x64, 0x0e, 0x10, 
0x00, 0x1e, 0x0a, 0x10, 0xb2, 0x21, 0x01, 0x08, 0x10, 0x81, 0x34, 0x06, 0x40, 0x10, 0x02, 0x06, 0x40, 0x10, 0xcf, 0x0c, 
0x06, 0x10, 0x10, 0xb4, 0x03, 0x06, 0x10, 0x10, 0x02, 0x06, 0x10, 0x10, 0x02, 0x06, 0x10, 0x10, 0x50, 0x06, 0x10, 0x00, 
0xf1, 0x15, 0x02, 0x37, 0x00, 0x95, 0x00, 0x05, 0x00, 0x07, 0x01, 0x10, 0x00, 0x23, 0x00, 0x01, 0x05, 0x00, 0x07, 0x01, 
0x10, 0x00, 0x23, 0x40, 0x01, 0x05, 0x00, 0x07, 0x01, 0x10, 0x00, 0x23, 0x40, 0x01, 0x05, 0x00, 0x07, 0x01, 0x10, 0x00, 
0x23, 0x40, 0x01, 0x05, 0x00, 0x07, 0x01, 0x10, 0x00, 0x23, 0x40, 0x01, 0x05, 0x00, 0x07, 0x01, 0x10, 0x00, 0x23, 0x80, 
0x02, 0x01, 0x05, 0x00, 0x07, 0x01, 0x10, 0x00, 0x23, 0x80, 0x02, 0x01, 0x05, 0x00, 0x07, 0x01, 0x10, 0x00, 0x23, 0x40, 
0x01, 0x05, 0x00, 0x07, 0x01, 0x10, 0x00, 0x23, 0x30, 0x01, 0x23, 0x40, 0x01, 0x23, 0x10, 0x01, 0x23, 0x08, 0x01, 0x23, 
0x04, 0x01, 0x23, 0x04, 0x01, 0x23, 0x10, 0x01, 0x23, 0x10, 0x01, 0x23, 0x08, 0x01, 0x23, 0x08, 0x01, 0x23, 0x04, 0x01, 
0x00, 0x00, 0x23, 0x04, 0x01, 0x23, 0x08, 0x01, 0x23, 0x04, 0x01, 0x23, 0x04, 0x01, 0x23, 0x04, 0x01, 0x23, 0x04, 0x01, 
0x23, 0x04, 0x01, 0x00, 0x00, 0x23, 0x04, 0x01, 0x00, 0x00, 0x23, 0x04, 0x01, 0x00, 0x00, 0x23, 0x04, 0x01, 0x00, 0x00, 
0x23, 0x10, 0x01, 0x00, 0x00, 0x23, 0x0c, 0x01, 0x00, 0x00, 0x23, 0x04, 0x01, 0x00, 0x00, 0x23, 0x08, 0x01, 0x00, 0x00, 
0x23, 0x04, 0x01, 0x00, 0x00, 0x23, 0x04, 0x01, 0x00, 0x00, 0x23, 0x04, 0x01, 0x23, 0x04, 0x01, 0x00, 0x00, 0x23, 0x04, 
0x01, 0x00, 0x00, 0x23, 0x04, 0x01, 0x23, 0x90, 0x01, 0x01, 0x00, 0x00, 0x23, 0x0c, 0x01, 0x23, 0x04, 0x01, 0x23, 0x10, 
0x01, 0x23, 0x10, 0x01, 0x00, 0x00, 0x23, 0x08, 0x01, 0x00, 0x00, 0x23, 0x04, 0x01, 0x23, 0x04, 0x01, 0x00, 0x00, 0x23, 
0x08, 0x01, 0x00, 0x00, 0x23, 0x04, 0x01, 0x23, 0x04, 0x01, 0x00, 0x00, 0x23, 0x10, 0x01, 0x00, 0x00, 0x23, 0x04, 0x01, 
0x23, 0x04, 0x01, 0x00, 0x00, 0x23, 0x08, 0x01, 0x23, 0x04, 0x01, 0x00, 0x00, 0x23, 0x04, 0x01, 0x00, 0x00, 0x23, 0x04, 
0x01, 0x23, 0x04, 0x01, 0x23, 0x0c, 0x01, 0x23, 0x04, 0x01, 0x23, 0x04, 0x01, 0x23, 0x04, 0x01, 0x23, 0x04, 0x01, 0x23, 
0x04, 0x01, 0x23, 0x0c, 0x01, 0x23, 0x04, 0x01, 0x23, 0x04, 0x01, 0x23, 0x04, 0x01, 0x23, 0x04, 0x01, 0x05, 0x00, 0x07, 
0x01, 0x10, 0x00, 0x23, 0x04, 0x01, 0x23, 0x30, 0x01, 0x23, 0x08, 0x01, 0x05, 0x00, 0x07, 0x01, 0x10, 0x00, 0x23, 0x08, 
0x01, 0x05, 0x00, 0x07, 0x01, 0x10, 0x00, 0x23, 0x40, 0x01, 0x00, 0x00, 0x23, 0x40, 0x01, 0x00, 0x00, 0x23, 0x04, 0x01, 
0x00, 0x00, 0x23, 0x04, 0x01, 0x00, 0x00, 0x23, 0x04, 0x01, 0x23, 0x04, 0x01, 0x23, 0x40, 0x01, 0x00, 0x00, 0x23, 0x04, 
0x01, 0x00, 0x00, 0x23, 0x04, 0x01, 0x00, 0x00, 0x23, 0x04, 0x01, 0x23, 0x04, 0x01, 0x23, 0x40, 0x01, 0x00, 0x00, 0x23, 
0x40, 0x01, 0x00, 0x00, 0x23, 0x04, 0x01, 0x00, 0x00, 0x23, 0x04, 0x01, 0x00, 0x00, 0x23, 0x04, 0x01, 0x00, 0x00, 0x23, 
0x04, 0x10, 0xfa, 0x3b, 0x21, 0x00, 0x10, 0x00, 0x22, 0x00, 0x10, 0x85, 0x01, 0x1e, 0x00, 0x10, 0x9a, 0x1d, 0x1e, 0x03, 
0x10, 0xbd, 0x14, 0x0b, 0x2b, 0x10, 0xad, 0x0f, 0x1e, 0x09, 0x00, 0x93, 0x22, 0x02, 0x47, 0x00, 0x04, 0x00, 0x0b, 0x01, 
0x00, 0x01, 0x0b, 0x01, 0x01, 0x01, 0x0b, 0x01, 0x03, 0x01, 0x0b, 0x01, 0x04, 0x10, 0xea, 0x3a, 0x1e, 0x05, 0x10, 0xb1, 
0x0b, 0x1e, 0x06, 0x93, 0x02, 0x0e, 0xa1, 0x04, 0xf4, 0x13, 0x08, 0xa6, 0x02, 0xe9, 0x13, 0x20, 0xb7, 0x02, 0x20, 0x0d, 
0x04, 0xb8, 0x02, 0x90, 0x01, 0x1d, 0x04, 0xb7, 0x02, 0x99, 0x01, 0x0d, 0x03, 0xb5, 0x02, 0x17, 0x20, 0x01, 0xb7, 0x02, 
0x0e, 0x0d, 0x02, 0xbe, 0x02, 0xa2, 0x10, 0x13, 0x1d, 0xb5, 0x02, 0xb1, 0x10, 0x20, 0x00, 0xbb, 0x04, 0x0b, 0xfe, 0x27, 
0x00, 0x00, 0x00, 0x00, 0xbb, 0x04, 0x0c, 0x02, 0x00, 0x00, 0x00, 0x00, 0xbb, 0x04, 0x0b, 0x04, 0x01, 0x00, 0x00, 0x00, 
0xbb, 0x04, 0x0c, 0x02, 0x01, 0x00, 0x00, 0x00, 0xbb, 0x04, 0x0b, 0x04, 0x02, 0x00, 0x00, 0x00, 0xbb, 0x04, 0x0c, 0x02, 
0x02, 0x00, 0x00, 0x00, 0xb8, 0x02, 0x95, 0x27, 0x18, 0x03, 0xbb, 0x04, 0x0b, 0xb8, 0x27, 0x08, 0x00, 0x00, 0x00, 0xbc, 
0x02, 0xe7, 0x11, 0x1d, 0xa2, 0x14, 0x8e, 0x03, 0xcf, 0x07, 0x65, 0x46, 0x0c, 0x0c, 0x0c, 0x0d, 0xae, 0x0b, 0xb2, 0x06, 
0x0c, 0xba, 0x3f, 0x40, 0x00, 0x00, 0x00, 0xbc, 0x02, 0x97, 0x40, 0xc6, 0x07, 0xa3, 0x27, 0xae, 0x02, 0xac, 0x1d, 0x97, 
0x07, 0x3e, 0x8b, 0x25, 0x02, 0xed, 0x15, 0x39, 0xa7, 0x03, 0xe6, 0x2c, 0x02, 0x3e, 0xef, 0x27, 0x02, 0x65, 0xbb, 0x04, 
0x0c, 0xf0, 0x1c, 0x05, 0x00, 0x00, 0x00, 0x3e, 0xa1, 0x1e, 0x03, 0x0c, 0x39, 0x89, 0x05, 0x86, 0x2a, 0x03, 0xb2, 0x06, 
0x0c, 0xb2, 0x21, 0x02, 0x00, 0x00, 0x00, 0xbb, 0x04, 0x0b, 0x9d, 0x2d, 0x04, 0x00, 0x00, 0x00, 0xbc, 0x02, 0xe3, 0x06, 
0x65, 0x96, 0x14, 0xbc, 0x02, 0x02, 0x65, 0x96, 0x14, 0xb7, 0x02, 0xa1, 0x21, 0x0b, 0x03, 0xbb, 0x04, 0x0b, 0xa2, 0x28, 
0x09, 0x00, 0x00, 0x00, 0xbc, 0x02, 0xcf, 0x13, 0x18, 0xa5, 0x14, 0xbc, 0x02, 0xb4, 0x03, 0x1d, 0x96, 0x14, 0xbc, 0x02, 
0x02, 0x1d, 0x96, 0x14, 0xbc, 0x02, 0x02, 0x1d, 0x96, 0x14, 0xbc, 0x02, 0x50, 0x1d, 0xa5, 0x14, 0xbe, 0x83, 0xc0, 0x02, 
0xf1, 0x15, 0x65, 0x65, 0x65, 0x65, 0xe4, 0x10, 0xe5, 0x10, 0x65, 0x46, 0x65, 0x1d, 0x13, 0x0d, 0x0d, 0x1d, 0x1d, 0x13, 
0x13, 0x0d, 0x0d, 0x13, 0x0d, 0x0d, 0x0d, 0x0d, 0x0d, 0x0d, 0x0d, 0x0d, 0x1d, 0x14, 0x0c, 0x13, 0x0c, 0x0c, 0x0c, 0x0c, 
0x0d, 0x0d, 0xbd, 0x0a, 0x18, 0x0d, 0x1d, 0x1d, 0x13, 0x0c, 0x0d, 0x13, 0x0d, 0x0d, 0x1d, 0x0c, 0x0d, 0x13, 0x0d, 0x0d, 
0x0d, 0x0b, 0x18, 0x0d, 0x0d, 0x0b, 0x0d, 0x0d, 0x18, 0x0d, 0x0d, 0x0d, 0x0d, 0x0d, 0x46, 0x13, 0x13, 0x65, 0x65, 0x0d, 
0x0d, 0x0d, 0x0d, 0x97, 0x0c, 0x0c, 0x0d, 0x0d, 0x0d, 0x98, 0x0c, 0x99, 0x0c, 0x0c, 0x0c, 0x0c, 0x0c, 0xc1, 0x0c, 0x3e, 
0xfa, 0x09, 0x02, 0xc8, 0x01, 0x39, 0xc5, 0x06, 0x80, 0x32, 0x02, 0x3e, 0xd5, 0x34, 0x01, 0x1d, 0x39, 0x9a, 0x05, 0xd0, 
0x33, 0x01, 0x3e, 0xe3, 0x33, 0x01, 0x13, 0x39, 0x90, 0x05, 0xfe, 0x50, 0x01, 0x3e, 0x89, 0x51, 0x01, 0x0d, 0xbb, 0x04, 
0x0d, 0xff, 0x07, 0x00, 0x00, 0x80, 0x3f, 0x3e, 0x82, 0x08, 0x01, 0x0c, 0x39, 0x8b, 0x05, 0xca, 0x3c, 0x01, 0x3e, 0xa9, 
0x3c, 0x03, 0x1d, 0x39, 0x9b, 0x05, 0xfc, 0x2c, 0x03, 0xbb, 0x04, 0x0d, 0xff, 0x36, 0x00, 0x00, 0x00, 0x40, 0xbb, 0x04, 
0x0d, 0xd0, 0x0c, 0x00, 0x00, 0x80, 0xbf, 0xbc, 0x02, 0xe3, 0x01, 0x0d, 0x90, 0x14, 0xbc, 0x02, 0x13, 0x0d, 0x8d, 0x14, 
0xde, 0x02, 0x94, 0x0a, 0x1d, 0x0d, 0xcf, 0x05, 0xc5, 0x05, 0x3e, 0xfa, 0x09, 0x03, 0xcf, 0x0a, 0x39, 0xcc, 0x0f, 0xec, 
0x2d, 0x03, 0x3e, 0xeb, 0x42, 0x03, 0x0d, 0x3e, 0x0a, 0x03, 0x13, 0x39, 0x91, 0x05, 0xe6, 0x45, 0x03, 0x39, 0x9b, 0x05, 
0xb1, 0x0b, 0x03, 0xc6, 0x06, 0x08, 0xe8, 0x13, 0x00, 0x82, 0x0a, 0x18, 0xf4, 0x60, 0x01, 0x0c, 0xba, 0xa9, 0x01, 0x8c, 
0x9c, 0x02, 0x22, 0xd4, 0xae, 0x02, 0x00, 0x01, 0x0c, 0xc5, 0x31, 0x8e, 0xfd, 0x01, 0xc7, 0x10, 0x0c, 0xc7, 0x51, 0xc7, 
0x51, 0x94, 0x8a, 0x01, 0x33, 0xe2, 0x05, 0xeb, 0x2a, 0xda, 0x19, 0x8b, 0x14, 0xef, 0x6f, 0x8b, 0x14, 0x01, 0x65, 0x96, 
0x80, 0x01, 0x96, 0x80, 0x01, 0x13, 0x8a, 0x05, 0xbe, 0x24, 0xcf, 0x2d, 0x8a, 0x14, 0x01, 0x0d, 0x9c, 0x23, 0x9c, 0x23, 
0x13, 0x8a, 0x05, 0xcf, 0x0f, 0xcf, 0x2d, 0x8d, 0x14, 0x01, 0x0d, 0x91, 0x9d, 0x01, 0x91, 0x9d, 0x01, 0xc3, 0x10, 0x0d, 
0xd0, 0xb0, 0x01, 0xbc, 0xfe, 0x02, 0xd0, 0xb0, 0x01, 0xc0, 0x0a, 0x13, 0xad, 0x12, 0xbf, 0x0e, 0xad, 0x12, 0x01, 0x1d, 
0xc7, 0xca, 0x01, 0xd6, 0x65, 0x3d, 0x18, 0x82, 0x41, 0x82, 0x41, 0x82, 0x41, 0x18, 0xc1, 0x0a, 0x0d, 0xdf, 0x66, 0xdf, 
0x66, 0x00, 0xc1, 0x0a, 0x1d, 0xa0, 0x84, 0x01, 0xeb, 0x32, 0x00, 0xce, 0x10, 0x1d, 0xec, 0x1b, 0xec, 0x1b, 0x8c, 0xa0, 
0x01, 0xc1, 0x0a, 0x0d, 0xbe, 0x14, 0xea, 0x4d, 0x01, 0xc1, 0x0a, 0x1d, 0x99, 0xd0, 0x01, 0xdb, 0xd2, 0x01, 0x01, 0xce, 
0x10, 0x1d, 0xde, 0xbb, 0x01, 0xde, 0xbb, 0x01, 0xbb, 0x14, 0xc1, 0x0a, 0x0d, 0xbe, 0x14, 0xec, 0x4d, 0x02, 0xc1, 0x0a, 
0x1d, 0x99, 0xd0, 0x01, 0xd9, 0xd2, 0x01, 0x02, 0xce, 0x10, 0x1d, 0xfa, 0xc9, 0x01, 0xfa, 0xc9, 0x01, 0x9f, 0x06, 0xc1, 
0x0a, 0x1d, 0xaf, 0x7f, 0x8f, 0x88, 0x01, 0x03, 0x4b, 0x1d, 0x95, 0x0d, 0xc5, 0x8c, 0x01, 0x95, 0x0d, 0x4b, 0x1d, 0xf6, 
0x41, 0xb1, 0x3c, 0xf6, 0x41, 0x4b, 0x1d, 0x92, 0x1e, 0x9d, 0x1e, 0x92, 0x1e, 0xc0, 0x0a, 0xa4, 0x08, 0xce, 0x59, 0xe9, 
0x14, 0xce, 0x59, 0x01, 0x0c, 0xf1, 0x4b, 0xae, 0xd9, 0x01, 0xcb, 0x10, 0x0c, 0x92, 0x3f, 0x92, 0x3f, 0x8e, 0xf7, 0x01, 
0x23, 0xe2, 0x05, 0xbe, 0x22, 0xc5, 0x1f, 0x9a, 0x14, 0xac, 0xa6, 0x01, 0x01, 0x65, 0xf3, 0x7e, 0xf3, 0x7e, 0xc1, 0x0a, 
0x1d, 0x88, 0x70, 0xf2, 0x06, 0x01, 0xc1, 0x12, 0x1d, 0x93, 0x9d, 0x01, 0x8b, 0x2d, 0x93, 0x9d, 0x01, 0x22, 0xe4, 0x8b, 
0x01, 0x00, 0x01, 0x0c, 0xbf, 0x22, 0xbe, 0x6c, 0xcb, 0x10, 0x0c, 0xf2, 0x2c, 0xf2, 0x2c, 0xfe, 0x77, 0xbf, 0x0c, 0x0d, 
0xdb, 0x36, 0xa2, 0x41, 0xc8, 0x10, 0x0d, 0xbe, 0x47, 0xf8, 0xdd, 0x01, 0xbe, 0x47, 0xc8, 0x10, 0x0d, 0xab, 0x2a, 0xab, 
0x2a, 0xcc, 0xb3, 0x01, 0x4b, 0x0d, 0x94, 0x78, 0x90, 0x9f, 0x02, 0x94, 0x78, 0xbf, 0x0c, 0x0d, 0x8f, 0x0c, 0xba, 0x52, 
0x4a, 0x0d, 0xa0, 0x10, 0xf8, 0x51, 0xa0, 0x10, 0x4b, 0x0d, 0xa3, 0x8a, 0x01, 0x93, 0x86, 0x01, 0xa3, 0x8a, 0x01, 0xc8, 
0x10, 0x0d, 0xf0, 0x37, 0xda, 0xdb, 0x01, 0x82, 0x47, 0xc1, 0x0a, 0x0d, 0xfc, 0x96, 0x01, 0xd4, 0xb1, 0x01, 0x00, 0x4a, 
0x0d, 0xf6, 0x08, 0xf6, 0x08, 0xf2, 0x9f, 0x01, 0xd2, 0x0a, 0x1d, 0x89, 0x8b, 0x02, 0x89, 0x8b, 0x02, 0xbf, 0x50, 0x00, 
0xc1, 0x0a, 0x0d, 0x90, 0xef, 0x01, 0x90, 0xef, 0x01, 0x03, 0x4a, 0x0d, 0x8f, 0x83, 0x01, 0xd8, 0x38, 0x8f, 0x83, 0x01, 
0xc1, 0x0a, 0x0d, 0xef, 0x7c, 0xef, 0x10, 0x00, 0x4b, 0x0d, 0xd8, 0xd4, 0x01, 0xd8, 0xd4, 0x01, 0xe8, 0x57, 0xd2, 0x0a, 
0x1d, 0xf9, 0x4f, 0xf9, 0x4f, 0xee, 0x73, 0x00, 0xc1, 0x0a, 0x0d, 0xa2, 0x4e, 0xa2, 0x4e, 0x00, 0xc3, 0x10, 0x0d, 0xf1, 
0x7e, 0xe0, 0xb3, 0x01, 0xad, 0x7a, 0xc1, 0x0a, 0x0d, 0x97, 0x49, 0xe7, 0x79, 0x03, 0x4a, 0x0d, 0xb0, 0x93, 0x01, 0x98, 
0x4a, 0xb0, 0x93, 0x01, 0x4b, 0x0d, 0x87, 0x22, 0xe1, 0x56, 0x87, 0x22, 0xc0, 0x10, 0x0c, 0xf4, 0x30, 0xb0, 0x41, 0xdc, 
0xe6, 0x01, 0xbf, 0x0c, 0x0d, 0xd8, 0x54, 0xd8, 0x54, 0x4a, 0x0d, 0xe7, 0x13, 0xbe, 0x71, 0xe7, 0x13, 0xc3, 0x10, 0x0d, 
0xc1, 0x69, 0x92, 0xe4, 0x01, 0xc1, 0x69, 0x4a, 0x0d, 0x8b, 0x50, 0x8b, 0x50, 0xbe, 0x29, 0x4b, 0x0d, 0xd5, 0x2d, 0xa1, 
0xcc, 0x01, 0xd5, 0x2d, 0x23, 0x8c, 0x05, 0xb2, 0x77, 0xc2, 0x26, 0x91, 0x14, 0x8b, 0x14, 0x22, 0x00, 0xf2, 0x01, 0x3f, 
0x0d, 0xe0, 0x71, 0x92, 0xe9, 0x01, 0x23, 0x8c, 0x05, 0xaa, 0x28, 0xc2, 0x26, 0x91, 0x14, 0x8e, 0x14, 0x22, 0x00, 0xaa, 
0x28, 0xc1, 0x0a, 0x0d, 0xf9, 0x90, 0x02, 0xbd, 0x7d, 0x01, 0x3f, 0x0d, 0xe6, 0xd9, 0x01, 0xe6, 0xd9, 0x01, 0xd2, 0x0a, 
0x1d, 0xe1, 0x3d, 0xe1, 0x3d, 0xc6, 0x1e, 0x01, 0x13, 0x9b, 0x05, 0xab, 0x1f, 0xc2, 0x26, 0x8b, 0x14, 0x22, 0x00, 0xab, 
0x1f, 0x22, 0xc6, 0xb1, 0x01, 0x80, 0x06, 0x8d, 0x1e, 0x88, 0x06, 0x00, 0x00, 0x00, 0x00, 0x00, 0xd7, 0x10, 0x00, 0x00, 
0x00, 0x00, 0x00, 0x00, 0x4c, 0x4f, 0x4d, 0x53, 0x00, 0x03, 0x01, 0x00, 0x0b, 0x00, 0x08, 0x00, 0xd0, 0x61, 0x00, 0x00, 
0x00, 0x00, 0x00, 0x00, 0xd4, 0x2e, 0x00, 0x00, 0x91, 0x02, 0x01, 0xd1, 0x10, 0x02, 0x47, 0x4c, 0x53, 0x4c, 0x2e, 0x73, 
0x74, 0x64, 0x2e, 0x34, 0x35, 0x30, 0x00, 0x00, 0x00, 0x00, 0xa0, 0x04, 0x00, 0x01, 0xff, 0x0f, 0x00, 0x9f, 0x2c, 0xed, 
0xc2, 0xa5, 0xf3, 0x06, 0x00, 0xa9, 0x20, 0x82, 0x1f, 0xaf, 0x2e, 0x93, 0x2d, 0xcf, 0x2d, 0x8c, 0x1a, 0xb0, 0x23, 0xd9, 
0x1b, 0xc2, 0x26, 0x84, 0x28, 0xab, 0x22, 0x10, 0xce, 0x1d, 0x06, 0x10, 0x37, 0xb7, 0x06, 0x0b, 0x00, 0x05, 0x00, 0x07, 
0x01, 0x10, 0x00, 0x23, 0x00, 0x01, 0x05, 0x00, 0x07, 0x01, 0x10, 0x00, 0x23, 0x40, 0x01, 0x23, 0x30, 0x01, 0x23, 0x04, 
0x01, 0x23, 0x04, 0x01, 0x23, 0x04, 0x01, 0x23, 0x04, 0x10, 0xb0, 0x37, 0x01, 0x01, 0x10, 0x89, 0x21, 0x06, 0x80, 0x02, 
0x00, 0xd1, 0x21, 0x02, 0x47, 0x00, 0x01, 0x00, 0x23, 0x00, 0x10, 0xca, 0x27, 0x21, 0x00, 0x10, 0x00, 0x22, 0x01, 0x10, 
0xf5, 0x20, 0x06, 0x40, 0x10, 0x02, 0x06, 0x40, 0x10, 0xfa, 0x07, 0x06, 0x10, 0x10, 0x90, 0x05, 0x06, 0x10, 0x10, 0x02, 
0x06, 0x10, 0x10, 0x02, 0x06, 0x10, 0x10, 0x50, 0x06, 0x10, 0x00, 0xe5, 0x1d, 0x02, 0x37, 0x00, 0x95, 0x00, 0x05, 0x00, 
0x07, 0x01, 0x10, 0x00, 0x23, 0x00, 0x01, 0x05, 0x00, 0x07, 0x01, 0x10, 0x00, 0x23, 0x40, 0x01, 0x05, 0x00, 0x07, 0x01, 
0x10, 0x00, 0x23, 0x40, 0x01, 0x05, 0x00, 0x07, 0x01, 0x10, 0x00, 0x23, 0x40, 0x01, 0x05, 0x00, 0x07, 0x01, 0x10, 0x00, 
0x23, 0x40, 0x01, 0x05, 0x00, 0x07, 0x01, 0x10, 0x00, 0x23, 0x80, 0x02, 0x01, 0x05, 0x00, 0x07, 0x01, 0x10, 0x00, 0x23, 
0x80, 0x02, 0x01, 0x05, 0x00, 0x07, 0x01, 0x10, 0x00, 0x23, 0x40, 0x01, 0x05, 0x00, 0x07, 0x01, 0x10, 0x00, 0x23, 0x30, 
0x01, 0x23, 0x40, 0x01, 0x23, 0x10, 0x01, 0x23, 0x08, 0x01, 0x23, 0x04, 0x01, 0x23, 0x04, 0x01, 0x23, 0x10, 0x01, 0x23, 
0x10, 0x01, 0x23, 0x08, 0x01, 0x23, 0x08, 0x01, 0x23, 0x04, 0x01, 0x00, 0x00, 0x23, 0x04, 0x01, 0x23, 0x08, 0x01, 0x23, 
0x04, 0x01, 0x23, 0x04, 0x01, 0x23, 0x04, 0x01, 0x23, 0x04, 0x01, 0x23, 0x04, 0x01, 0x00, 0x00, 0x23, 0x04, 0x01, 0x00, 
0x00, 0x23, 0x04, 0x01, 0x00, 0x00, 0x23, 0x04, 0x01, 0x00, 0x00, 0x23, 0x10, 0x01, 0x00, 0x00, 0x23, 0x0c, 0x01, 0x00, 
0x00, 0x23, 0x04, 0x01, 0x00, 0x00, 0x23, 0x08, 0x01, 0x00, 0x00, 0x23, 0x04, 0x01, 0x00, 0x00, 0x23, 0x04, 0x01, 0x00, 
0x00, 0x23, 0x04, 0x01, 0x23, 0x04, 0x01, 0x00, 0x00, 0x23, 0x04, 0x01, 0x00, 0x00, 0x23, 0x04, 0x01, 0x23, 0x90, 0x01, 
0x01, 0x00, 0x00, 0x23, 0x0c, 0x01, 0x23, 0x04, 0x01, 0x23, 0x10, 0x01, 0x23, 0x10, 0x01, 0x00, 0x00, 0x23, 0x08, 0x01, 
0x00, 0x00, 0x23, 0x04, 0x01, 0x23, 0x04, 0x01, 0x00, 0x00, 0x23, 0x08, 0x01, 0x00, 0x00, 0x23, 0x04, 0x01, 0x23, 0x04, 
0x01, 0x00, 0x00, 0x23, 0x10, 0x01, 0x00, 0x00, 0x23, 0x04, 0x01, 0x23, 0x04, 0x01, 0x00, 0x00, 0x23, 0x08, 0x01, 0x23, 
0x04, 0x01, 0x00, 0x00, 0x23, 0x04, 0x01, 0x00, 0x00, 0x23, 0x04, 0x01, 0x23, 0x04, 0x01, 0x23, 0x0c, 0x01, 0x23, 0x04, 
0x01, 0x23, 0x04, 0x01, 0x23, 0x04, 0x01, 0x23, 0x04, 0x01, 0x23, 0x04, 0x01, 0x23, 0x0c, 0x01, 0x23, 0x04, 0x01, 0x23, 
0x04, 0x01, 0x23, 0x04, 0x01, 0x23, 0x04, 0x01, 0x05, 0x00, 0x07, 0x01, 0x10, 0x00, 0x23, 0x04, 0x01, 0x23, 0x30, 0x01, 
0x23, 0x08, 0x01, 0x05, 0x00, 0x07, 0x01, 0x10, 0x00, 0x23, 0x08, 0x01, 0x05, 0x00, 0x07, 0x01, 0x10, 0x00, 0x23, 0x40, 
0x01, 0x00, 0x00, 0x23, 0x40, 0x01, 0x00, 0x00, 0x23, 0x04, 0x01, 0x00, 0x00, 0x23, 0x04, 0x01, 0x00, 0x00, 0x23, 0x04, 
0x01, 0x23, 0x04, 0x01, 0x23, 0x40, 0x01, 0x00, 0x00, 0x23, 0x04, 0x01, 0x00, 0x00, 0x23, 0x04, 0x01, 0x00, 0x00, 0x23, 
0x04, 0x01, 0x23, 0x04, 0x01, 0x23, 0x40, 0x01, 0x00, 0x00, 0x23, 0x40, 0x01, 0x00, 0x00, 0x23, 0x04, 0x01, 0x00, 0x00, 
0x23, 0x04, 0x01, 0x00, 0x00, 0x23, 0x04, 0x01, 0x00, 0x00, 0x23, 0x04, 0x10, 0xd2, 0x3c, 0x21, 0x00, 0x10, 0x00, 0x22, 
0x00, 0x10, 0xc8, 0x01, 0x0b, 0x2a, 0x37, 0x8b, 0x2e, 0x05, 0x00, 0x05, 0x00, 0x07, 0x01, 0x10, 0x00, 0x23, 0x00, 0x01, 
0x23, 0x30, 0x01, 0x23, 0x0c, 0x10, 0xdb, 0x0d, 0x06, 0x40, 0x00, 0xe8, 0x13, 0x02, 0x47, 0x00, 0x01, 0x00, 0x23, 0x00, 
0x10, 0xb6, 0x1e, 0x21, 0x01, 0x10, 0x00, 0x22, 0x01, 0x10, 0xb6, 0x0f, 0x21, 0x05, 0x10, 0x00, 0x22, 0x01, 0x00, 0x8f, 
0x37, 0x02, 0x47, 0x00, 0x01, 0x00, 0x23, 0x00, 0x10, 0xc2, 0x12, 0x06, 0x10, 0x00, 0xe8, 0x01, 0x02, 0x37, 0x00, 0x02, 
0x00, 0x00, 0x00, 0x23, 0x00, 0x10, 0xd2, 0x1b, 0x21, 0x02, 0x10, 0x00, 0x22, 0x01, 0x10, 0xcb, 0x02, 0x21, 0x03, 0x10, 
0x00, 0x22, 0x01, 0x10, 0xa6, 0x01, 0x1e, 0x00, 0x10, 0xda, 0x1e, 0x1e, 0x05, 0x10, 0xb7, 0x02, 0x1e, 0x06, 0x10, 0x78, 
0x1e, 0x03, 0x00, 0x85, 0x27, 0x0e, 0x10, 0x00, 0x1e, 0x0a, 0x10, 0xc8, 0x12, 0x0b, 0x2b, 0x10, 0xad, 0x0f, 0x1e, 0x09, 
0x00, 0x81, 0x14, 0x02, 0x47, 0x00, 0x04, 0x00, 0x0b, 0x01, 0x00, 0x01, 0x0b, 0x01, 0x01, 0x01, 0x0b, 0x01, 0x03, 0x01, 
0x0b, 0x01, 0x04, 0x10, 0xd8, 0x2c, 0x1e, 0x05, 0x10, 0xb1, 0x0b, 0x1e, 0x06, 0x00, 0xbe, 0x8b, 0x01, 0x00, 0x93, 0x02, 
0x0e, 0xa1, 0x04, 0xf4, 0x13, 0x08, 0xa6, 0x02, 0xe9, 0x13, 0x20, 0xb7, 0x02, 0x20, 0x0d, 0x04, 0xb8, 0x02, 0x90, 0x01, 
0x1d, 0x04, 0xb7, 0x02, 0x99, 0x01, 0x0d, 0x03, 0xb5, 0x02, 0x17, 0x20, 0x01, 0x3e, 0x92, 0x0a, 0x07, 0x18, 0xb5, 0x02, 
0x93, 0x0a, 0x20, 0x00, 0xb7, 0x02, 0x18, 0x0b, 0x04, 0xd1, 0x04, 0xe8, 0x05, 0x08, 0x95, 0x05, 0x17, 0x1d, 0xb7, 0x02, 
0xef, 0x05, 0x0d, 0x02, 0xbe, 0x02, 0xa2, 0x10, 0x13, 0x1d, 0xbb, 0x04, 0x0b, 0xcc, 0x17, 0x00, 0x00, 0x00, 0x00, 0xbb, 
0x04, 0x0c, 0x02, 0x00, 0x00, 0x00, 0x00, 0xbb, 0x04, 0x0b, 0x04, 0x01, 0x00, 0x00, 0x00, 0xbb, 0x04, 0x0c, 0x02, 0x01, 
0x00, 0x00, 0x00, 0xbb, 0x04, 0x0c, 0x06, 0x02, 0x00, 0x00, 0x00, 0xbb, 0x04, 0x0c, 0x06, 0x03, 0x00, 0x00, 0x00, 0xb8, 
0x02, 0x9b, 0x27, 0x18, 0x03, 0xbb, 0x04, 0x0b, 0xb8, 0x27, 0x08, 0x00, 0x00, 0x00, 0xbc, 0x02, 0xf5, 0x0a, 0x1d, 0xa2, 
0x14, 0x8e, 0x03, 0xb7, 0x06, 0x65, 0x46, 0x0c, 0x0c, 0x0c, 0x0d, 0xe7, 0x0e, 0xb2, 0x06, 0x0c, 0xb0, 0x37, 0x40, 0x00, 
0x00, 0x00, 0xbc, 0x02, 0x89, 0x21, 0xcb, 0x0b, 0xa3, 0x27, 0xae, 0x02, 0xd1, 0x21, 0xde, 0x16, 0x3e, 0xfa, 0x09, 0x02, 
0xf5, 0x05, 0x39, 0xf2, 0x0a, 0xd0, 0x1d, 0x02, 0x3e, 0xef, 0x27, 0x02, 0x65, 0x3e, 0xb1, 0x01, 0x02, 0x0c, 0xbb, 0x04, 
0x0c, 0xa2, 0x1e, 0x05, 0x00, 0x00, 0x00, 0x3e, 0x9f, 0x1e, 0x02, 0x0d, 0xbb, 0x04, 0x0b, 0x98, 0x1e, 0x04, 0x00, 0x00, 
0x00, 0xbc, 0x02, 0xed, 0x15, 0x65, 0x96, 0x14, 0xbc, 0x02, 0x02, 0x65, 0x96, 0x14, 0xb7, 0x02, 0x97, 0x12, 0x0b, 0x03, 
0xbb, 0x04, 0x0b, 0xa2, 0x28, 0x09, 0x00, 0x00, 0x00, 0xbc, 0x02, 0x8f, 0x0e, 0x18, 0xa5, 0x14, 0xbc, 0x02, 0x90, 0x05, 
0x1d, 0x96, 0x14, 0xbc, 0x02, 0x02, 0x1d, 0x96, 0x14, 0xbc, 0x02, 0x02, 0x1d, 0x96, 0x14, 0xbc, 0x02, 0x50, 0x1d, 0xa5, 
0x14, 0xbe, 0x83, 0xc0, 0x02, 0xe5, 0x1d, 0x65, 0x65, 0x65, 0x65, 0x9f, 0x09, 0xa0, 0x09, 0x65, 0x46, 0x65, 0x1d, 0x13, 
0x0d, 0x0d, 0x1d, 0x1d, 0x13, 0x13, 0x0d, 0x0d, 0x13, 0x0d, 0x0d, 0x0d, 0x0d, 0x0d, 0x0d, 0x0d, 0x0d, 0x1d, 0x14, 0x0c, 
0x13, 0x0c, 0x0c, 0x0c, 0x0c, 0x0d, 0x0d, 0x9d, 0x0d, 0x18, 0x0d, 0x1d, 0x1d, 0x13, 0x0c, 0x0d, 0x13, 0x0d, 0x0d, 0x1d, 
0x0c, 0x0d, 0x13, 0x0d, 0x0d, 0x0d, 0x0b, 0x18, 0x0d, 0x0d, 0x0b, 0x0d, 0x0d, 0x18, 0x0d, 0x0d, 0x0d, 0x0d, 0x0d, 0x46, 
0x13, 0x13, 0x65, 0x65, 0x0d, 0x0d, 0x0d, 0x0d, 0xe5, 0x0f, 0x0c, 0x0d, 0x0d, 0x0d, 0xe6, 0x0f, 0xe7, 0x0f, 0x0c, 0x0c, 
0x0c, 0x0c, 0x8f, 0x10, 0x3e, 0xfa, 0x09, 0x02, 0x9c, 0x01, 0x39, 0x99, 0x06, 0xd8, 0x32, 0x02, 0x3e, 0xf3, 0x34, 0x01, 
0x0c, 0x39, 0x8b, 0x05, 0xbc, 0x36, 0x01, 0xb8, 0x02, 0xa5, 0x3f, 0x18, 0x04, 0xb8, 0x02, 0x0b, 0x1d, 0x03, 0xce, 0x02, 
0xa6, 0x11, 0x50, 0x18, 0x0d, 0xbb, 0x04, 0x0b, 0xb7, 0x0d, 0x00, 0x01, 0x00, 0x00, 0xbc, 0x02, 0x23, 0xa3, 0x09, 0xc7, 
0x02, 0xae, 0x02, 0xe8, 0x13, 0xb5, 0x02, 0x3e, 0xfa, 0x09, 0x02, 0xa9, 0x0c, 0x39, 0xa6, 0x11, 0xbc, 0x14, 0x02, 0x3e, 
0xed, 0x2b, 0x02, 0x50, 0xbb, 0x04, 0x0b, 0x8c, 0x1d, 0x03, 0x00, 0x00, 0x00, 0xbb, 0x04, 0x0d, 0x0d, 0x00, 0x00, 0x00, 
0x00, 0x94, 0x02, 0x85, 0x28, 0xbb, 0x04, 0x0d, 0x82, 0x02, 0x00, 0x00, 0x80, 0x3f, 0xb7, 0x02, 0xef, 0x01, 0x0c, 0x02, 
0xbb, 0x04, 0x0b, 0xe4, 0x29, 0x00, 0x08, 0x00, 0x00, 0x89, 0x03, 0xdb, 0x27, 0x0d, 0x01, 0x00, 0x00, 0x00, 0x01, 0x00, 
0xab, 0x02, 0xd0, 0x05, 0x96, 0x01, 0x3e, 0xfa, 0x09, 0x00, 0xfe, 0x03, 0x39, 0xfb, 0x08, 0xc8, 0x34, 0x00, 0xae, 0x02, 
0x8f, 0x37, 0x0c, 0x3e, 0xfa, 0x09, 0x09, 0xd7, 0x07, 0x39, 0xd4, 0x0c, 0xa2, 0x17, 0x09, 0x3e, 0xb1, 0x26, 0x09, 0x0c, 
0xb7, 0x02, 0xeb, 0x09, 0x0c, 0x03, 0xbb, 0x04, 0x0c, 0xde, 0x29, 0x00, 0x08, 0x00, 0x00, 0xbc, 0x02, 0x99, 0x08, 0x1d, 
0xc7, 0x02, 0xae, 0x02, 0xe8, 0x01, 0xf8, 0x10, 0x3e, 0xfa, 0x09, 0x02, 0xec, 0x11, 0x39, 0xe9, 0x16, 0xd8, 0x11, 0x02, 
0x89, 0x03, 0xfd, 0x3b, 0x0d, 0x01, 0x00, 0x01, 0x00, 0x01, 0x00, 0xab, 0x02, 0xd2, 0x04, 0xd6, 0x01, 0x3e, 0xfa, 0x09, 
0x00, 0xff, 0x03, 0x39, 0xfc, 0x08, 0xe6, 0x2a, 0x00, 0x3e, 0xa9, 0x32, 0x01, 0x1d, 0x39, 0x9a, 0x05, 0xd0, 0x33, 0x01, 
0xbb, 0x04, 0x0c, 0xf3, 0x2c, 0x00, 0x02, 0x00, 0x00, 0xbb, 0x04, 0x0c, 0xff, 0x0b, 0x00, 0x01, 0x00, 0x00, 0x3e, 0x98, 
0x05, 0x01, 0x17, 0x39, 0x94, 0x05, 0xb6, 0x52, 0x01, 0x39, 0x9a, 0x05, 0xb7, 0x02, 0x01, 0x3e, 0x85, 0x50, 0x01, 0x13, 
0x39, 0x90, 0x05, 0xfe, 0x50, 0x01, 0x3e, 0x83, 0x51, 0x01, 0x0d, 0x3e, 0x02, 0x03, 0x0c, 0x39, 0x8e, 0x05, 0xfc, 0x29, 
0x03, 0x39, 0x8b, 0x05, 0xc8, 0x12, 0x01, 0x3e, 0xa9, 0x3c, 0x03, 0x1d, 0x39, 0x9b, 0x05, 0xfc, 0x2c, 0x03, 0xbc, 0x02, 
0xd5, 0x2a, 0x0d, 0x8d, 0x14, 0xde, 0x02, 0xd4, 0x16, 0x1d, 0x0d, 0xae, 0x06, 0xae, 0x06, 0x3e, 0xfa, 0x09, 0x03, 0xd8, 
0x11, 0x39, 0xd5, 0x16, 0xda, 0x1f, 0x03, 0x3e, 0xe1, 0x42, 0x03, 0x13, 0x39, 0x91, 0x05, 0xe6, 0x45, 0x03, 0x39, 0x9b, 
0x05, 0xb1, 0x0b, 0x03, 0xad, 0x06, 0x1d, 0xd1, 0x44, 0xc6, 0x06, 0x08, 0xba, 0x58, 0x00, 0x82, 0x0a, 0x18, 0x82, 0x66, 
0x39, 0x95, 0x05, 0xb2, 0x7d, 0x07, 0x01, 0x0c, 0xdb, 0xce, 0x01, 0xb6, 0x26, 0x22, 0xfe, 0x38, 0x00, 0x01, 0x0c, 0x96, 
0x56, 0x94, 0x8f, 0x01, 0x33, 0xe2, 0x05, 0xfa, 0x3d, 0xda, 0x19, 0x8b, 0x14, 0xd6, 0x61, 0x8b, 0x14, 0x01, 0x65, 0xbc, 
0x7b, 0xbc, 0x7b, 0x33, 0x89, 0x05, 0x9b, 0x23, 0xda, 0x19, 0x8b, 0x14, 0xd6, 0x61, 0x91, 0x14, 0x01, 0x0c, 0x9e, 0x23, 
0x9e, 0x23, 0x33, 0x89, 0x05, 0x9b, 0x23, 0xda, 0x19, 0x8b, 0x14, 0xd6, 0x61, 0x94, 0x14, 0x01, 0x0c, 0x9e, 0x23, 0x9e, 
0x23, 0x13, 0x8d, 0x05, 0x9b, 0x23, 0xcf, 0x2d, 0x8a, 0x14, 0x01, 0x0d, 0x9e, 0x23, 0x9e, 0x23, 0x13, 0x8d, 0x05, 0xd5, 
0x0f, 0xcf, 0x2d, 0x8d, 0x14, 0x01, 0x0d, 0x91, 0x9d, 0x01, 0x91, 0x9d, 0x01, 0xc3, 0x10, 0x0d, 0xd0, 0xb0, 0x01, 0xbc, 
0xfe, 0x02, 0xd0, 0xb0, 0x01, 0xc0, 0x0a, 0x13, 0xdb, 0x98, 0x02, 0xf3, 0x94, 0x02, 0xdb, 0x98, 0x02, 0x01, 0x1d, 0x90, 
0x3c, 0x80, 0x66, 0xc7, 0x18, 0x0c, 0x8c, 0xc9, 0x01, 0xd5, 0x0f, 0x80, 0xdc, 0x02, 0xcb, 0x14, 0x09, 0xf7, 0xaa, 0x01, 
0xf7, 0xaa, 0x01, 0x82, 0x9a, 0x01, 0xa7, 0x1e, 0xb1, 0x8e, 0x01, 0x00, 0xba, 0x1e, 0x00, 0xfb, 0x25, 0xb1, 0x8e, 0x01, 
0x18, 0xfc, 0x25, 0x01, 0x0c, 0xf1, 0x0c, 0xd0, 0x9a, 0x01, 0x13, 0x8c, 0x05, 0xa1, 0x70, 0xa5, 0x18, 0x8b, 0x14, 0x01, 
0x0c, 0xd0, 0x7e, 0xd0, 0x7e, 0xc0, 0x10, 0x0c, 0xc6, 0x63, 0xf4, 0x71, 0xc6, 0x63, 0xcb, 0x10, 0x0c, 0xb1, 0x9d, 0x01, 
0xb1, 0x9d, 0x01, 0xda, 0x85, 0x01, 0xc7, 0x10, 0x0c, 0x81, 0x2a, 0xb3, 0xc7, 0x01, 0xd8, 0x5b, 0xd0, 0x0a, 0x16, 0xda, 
0xe8, 0x01, 0xd8, 0xbe, 0x01, 0xda, 0xe8, 0x01, 0xa6, 0xc6, 0x02, 0x99, 0x1e, 0xa4, 0x13, 0x18, 0xa3, 0x13, 0xe5, 0x1e, 
0x16, 0xf7, 0x8d, 0x01, 0x9e, 0x5b, 0x00, 0x00, 0x0a, 0x3a, 0x00, 0x00, 0x9c, 0x33, 0x00, 0x00, 0x96, 0x5f, 0x00, 0x00, 
0xe5, 0x1e, 0x1d, 0xaa, 0x1d, 0x02, 0x29, 0x00, 0x00, 0x0a, 0x3a, 0x00, 0x00, 0x36, 0x3d, 0x00, 0x00, 0x96, 0x5f, 0x00, 
0x00, 0xe5, 0x1e, 0x0c, 0x85, 0x51, 0x0b, 0x0a, 0x00, 0x00, 0x0a, 0x3a, 0x00, 0x00, 0xb5, 0x5d, 0x00, 0x00, 0x96, 0x5f, 
0x00, 0x00, 0xc1, 0x16, 0x09, 0xf5, 0x14, 0xf5, 0x14, 0x95, 0xf8, 0x01, 0xb6, 0x1e, 0x8b, 0x07, 0xdd, 0xf9, 0x01, 0x00, 
0xba, 0x1e, 0x00, 0xbf, 0x18, 0x8b, 0x07, 0x18, 0xc0, 0x18, 0x33, 0x8a, 0x05, 0x8c, 0xc1, 0x01, 0xd5, 0x1f, 0x8b, 0x14, 
0xe2, 0x4c, 0x8a, 0x14, 0x01, 0x0d, 0x85, 0x8e, 0x01, 0x85, 0x8e, 0x01, 0xc7, 0x16, 0x09, 0x81, 0x16, 0x81, 0x16, 0xfa, 
0x91, 0x01, 0xa7, 0x1e, 0xae, 0x4a, 0x00, 0xba, 0x1e, 0x00, 0xf8, 0x0b, 0xae, 0x4a, 0x18, 0xf7, 0x0b, 0xd2, 0x0a, 0x16, 
0xfe, 0x3c, 0xd4, 0x51, 0xf8, 0x1d, 0x02, 0x01, 0xff, 0x03, 0xb0, 0x51, 0xea, 0xff, 0x01, 0xb4, 0x0c, 0xd6, 0x01, 0xeb, 
0x58, 0xeb, 0x58, 0xef, 0x0a, 0x1d, 0xfe, 0x20, 0xfe, 0x20, 0xc2, 0x19, 0x02, 0x8b, 0x14, 0xce, 0x10, 0x1d, 0xbb, 0x7e, 
0xbb, 0x7e, 0xf5, 0x49, 0x4b, 0x1d, 0x9a, 0x87, 0x01, 0xee, 0x22, 0x9a, 0x87, 0x01, 0x99, 0x1e, 0xd4, 0x9d, 0x01, 0x18, 
0xd3, 0x9d, 0x01, 0xe5, 0x1e, 0x16, 0xd4, 0x5e, 0x50, 0x33, 0x00, 0x00, 0x47, 0x27, 0x00, 0x00, 0xcc, 0x3a, 0x00, 0x00, 
0x8d, 0x2b, 0x00, 0x00, 0xe5, 0x1e, 0x1d, 0xb4, 0x26, 0xa5, 0x3a, 0x00, 0x00, 0x47, 0x27, 0x00, 0x00, 0x5c, 0x43, 0x00, 
0x00, 0x8d, 0x2b, 0x00, 0x00, 0x99, 0x1e, 0xbf, 0x89, 0x01, 0x18, 0xc0, 0x89, 0x01, 0xc0, 0x10, 0x0c, 0xc1, 0x07, 0xa6, 
0xdd, 0x01, 0xce, 0xce, 0x02, 0x99, 0x1e, 0xd2, 0x1b, 0x18, 0x8f, 0xeb, 0x01, 0x99, 0x1e, 0xef, 0xc4, 0x01, 0x18, 0xf0, 
0xc4, 0x01, 0xe5, 0x1e, 0x1d, 0xf9, 0x1c, 0x02, 0x29, 0x00, 0x00, 0xa0, 0x2f, 0x00, 0x00, 0xa5, 0x3a, 0x00, 0x00, 0xed, 
0x22, 0x00, 0x00, 0xc7, 0x18, 0x0c, 0xa5, 0x78, 0xbb, 0xc1, 0x01, 0x9a, 0xb6, 0x01, 0xcb, 0x14, 0x09, 0xd2, 0x6e, 0xd2, 
0x6e, 0xe6, 0x81, 0x02, 0xa7, 0x1e, 0xe0, 0x4b, 0x00, 0xba, 0x1e, 0x00, 0x80, 0x43, 0xe0, 0x4b, 0x18, 0xff, 0x42, 0x01, 
0x17, 0xba, 0x04, 0xd8, 0x8e, 0x01, 0x01, 0x1d, 0xb4, 0x11, 0xc4, 0xa2, 0x01, 0x3d, 0x18, 0xf6, 0x20, 0xef, 0x15, 0xef, 
0x15, 0x18, 0x22, 0x91, 0x1e, 0x00, 0xe9, 0x06, 0x08, 0xc1, 0x84, 0x01, 0xfc, 0x51, 0xd3, 0xa2, 0x01, 0x97, 0x52, 0xcb, 
0x63, 0x01, 0x18, 0xcc, 0x57, 0x87, 0x4b, 0xc1, 0x0a, 0x0d, 0xbb, 0x0a, 0xbb, 0x0a, 0x00, 0xd2, 0x0a, 0x1d, 0xf3, 0x3c, 
0xf3, 0x3c, 0xb6, 0xa9, 0x01, 0x00, 0xc1, 0x0a, 0x0d, 0xb0, 0xab, 0x01, 0x80, 0x64, 0x01, 0xd2, 0x0a, 0x1d, 0x89, 0x3a, 
0x89, 0x3a, 0xa6, 0x71, 0x01, 0xc1, 0x0a, 0x0d, 0xfa, 0x6b, 0xf0, 0x95, 0x01, 0x02, 0xd2, 0x0a, 0x1d, 0xe7, 0xd6, 0x01, 
0xe7, 0xd6, 0x01, 0xed, 0x6a, 0x02, 0x99, 0x1e, 0xa9, 0x2e, 0x18, 0xaa, 0x2e, 0xe5, 0x1e, 0x1d, 0x8a, 0x55, 0xe8, 0x4c, 
0x00, 0x00, 0x25, 0x54, 0x00, 0x00, 0xf9, 0x2b, 0x00, 0x00, 0xbe, 0x39, 0x00, 0x00, 0x3d, 0x18, 0xce, 0x29, 0xce, 0x29, 
0xce, 0x29, 0x18, 0xc1, 0x0a, 0x0d, 0x93, 0x77, 0x93, 0x77, 0x00, 0xc1, 0x0a, 0x1d, 0xbc, 0x1c, 0xc5, 0x7a, 0x00, 0xce, 
0x10, 0x1d, 0xec, 0x1b, 0xec, 0x1b, 0xa8, 0x38, 0xc1, 0x0a, 0x0d, 0xbe, 0x14, 0xad, 0x2a, 0x01, 0xc1, 0x0a, 0x1d, 0x99, 
0xd0, 0x01, 0xb5, 0x9a, 0x02, 0x01, 0xce, 0x10, 0x1d, 0xde, 0xbb, 0x01, 0xde, 0xbb, 0x01, 0xbb, 0x14, 0xc1, 0x0a, 0x0d, 
0xbe, 0x14, 0xab, 0x2a, 0x02, 0xc1, 0x0a, 0x1d, 0x99, 0xd0, 0x01, 0xb3, 0x9a, 0x02, 0x02, 0xce, 0x10, 0x1d, 0xfa, 0xc9, 
0x01, 0xfa, 0xc9, 0x01, 0x9f, 0x06, 0xc1, 0x0a, 0x1d, 0xaf, 0x7f, 0xe9, 0xcf, 0x01, 0x03, 0x4b, 0x1d, 0x95, 0x0d, 0xc5, 
0x8c, 0x01, 0x95, 0x0d, 0x4b, 0x1d, 0xf6, 0x41, 0xb1, 0x3c, 0xf6, 0x41, 0x4b, 0x1d, 0xaa, 0x1f, 0x85, 0x1d, 0xaa, 0x1f, 
0xc0, 0x0a, 0xa4, 0x08, 0xba, 0x36, 0xc8, 0xcf, 0x01, 0xba, 0x36, 0x23, 0xe2, 0x05, 0xb3, 0x28, 0xc5, 0x1f, 0x9a, 0x14, 
0x8b, 0x14, 0x01, 0x65, 0xbf, 0x76, 0xbf, 0x76, 0xc1, 0x0a, 0x1d, 0xe2, 0xc7, 0x01, 0xee, 0x28, 0x01, 0xc1, 0x12, 0x1d, 
0x9b, 0x97, 0x01, 0xc6, 0x30, 0x9b, 0x97, 0x01, 0x22, 0xdc, 0x91, 0x01, 0x00, 0xc1, 0x0a, 0x0d, 0xf8, 0x68, 0xf8, 0x68, 
0x01, 0x3f, 0x0d, 0xe6, 0x10, 0xe6, 0x10, 0xd2, 0x0a, 0x1d, 0xe1, 0x3d, 0xe1, 0x3d, 0xfc, 0x3b, 0x01, 0x13, 0x9b, 0x05, 
0xae, 0x19, 0xc2, 0x26, 0x8b, 0x14, 0x22, 0x00, 0xae, 0x19, 0x8d, 0x1e, 0x88, 0x06, 0xc6, 0x06, 0x08, 0x95, 0xd7, 0x01, 
0x00, 0x8b, 0x03, 0xa7, 0x06, 0x95, 0x05, 0x9d, 0x04, 0xa7, 0x06, 0x17, 0xd4, 0x16, 0xa7, 0x06, 0x1d, 0xd7, 0x12, 0x18, 
0xe2, 0x9e, 0x02, 0xc1, 0x0a, 0x0d, 0xd3, 0xaf, 0x01, 0x8e, 0x6f, 0x03, 0xce, 0x16, 0x09, 0xa0, 0x4a, 0xa0, 0x4a, 0x96, 
0xd8, 0x01, 0xa7, 0x1e, 0xfe, 0x24, 0x00, 0xba, 0x1e, 0x00, 0xbc, 0x9c, 0x01, 0xfe, 0x24, 0x18, 0xbb, 0x9c, 0x01, 0xc1, 
0x0a, 0x0d, 0xce, 0xd7, 0x01, 0xc0, 0xf4, 0x01, 0x00, 0xc1, 0x0a, 0x0b, 0xf5, 0x9d, 0x01, 0xf2, 0x43, 0x00, 0x01, 0x18, 
0xc6, 0x7b, 0x8c, 0xd6, 0x01, 0x33, 0xcd, 0x05, 0xec, 0x57, 0xc4, 0x1b, 0x8b, 0x14, 0xe5, 0x4e, 0x8b, 0x14, 0x01, 0x50, 
0xd7, 0x0f, 0xd7, 0x0f, 0xb4, 0x0a, 0x56, 0xb5, 0xbc, 0x01, 0x52, 0x58, 0x00, 0x00, 0xc1, 0x0a, 0x0d, 0xd8, 0x9c, 0x01, 
0xb6, 0x28, 0x00, 0xc1, 0x0a, 0x18, 0xdb, 0x85, 0x01, 0xfc, 0x16, 0x00, 0xce, 0x10, 0x18, 0x96, 0x74, 0x96, 0x74, 0xc5, 
0x11, 0xc1, 0x0a, 0x0d, 0xbe, 0x14, 0xae, 0x2b, 0x01, 0xc1, 0x0a, 0x18, 0x8d, 0x0b, 0xc2, 0x94, 0x01, 0x01, 0xce, 0x10, 
0x18, 0xad, 0x09, 0xad, 0x09, 0xbb, 0x14, 0xc1, 0x0a, 0x0d, 0xbe, 0x14, 0xb0, 0x2b, 0x02, 0xc1, 0x0a, 0x18, 0x8d, 0x0b, 
0xc4, 0x94, 0x01, 0x02, 0xce, 0x10, 0x18, 0xee, 0x04, 0xee, 0x04, 0x9f, 0x06, 0xc1, 0x0a, 0x18, 0xaf, 0x7f, 0x82, 0x1a, 
0x03, 0x4b, 0x18, 0x95, 0x0d, 0xc5, 0x8c, 0x01, 0x95, 0x0d, 0x4b, 0x18, 0xaa, 0x54, 0xfd, 0x29, 0xaa, 0x54, 0x4b, 0x18, 
0x96, 0x2f, 0x9a, 0x05, 0x96, 0x2f, 0xce, 0x10, 0x18, 0xb1, 0x09, 0xb1, 0x09, 0xd7, 0x0f, 0xc1, 0x0a, 0x0d, 0xf7, 0xc4, 
0x01, 0xf0, 0x1f, 0x01, 0xc1, 0x0a, 0x0b, 0xdc, 0x7e, 0xf4, 0x8b, 0x01, 0x01, 0x01, 0x18, 0xc6, 0x33, 0x8e, 0xd6, 0x01, 
0x33, 0xcd, 0x05, 0xec, 0x57, 0xc4, 0x1b, 0x8b, 0x14, 0xe6, 0x72, 0x8b, 0x14, 0x01, 0x50, 0xd7, 0x0f, 0xd7, 0x0f, 0xb4, 
0x0a, 0x56, 0xb5, 0xbc, 0x01, 0x53, 0x58, 0x00, 0x00, 0xc1, 0x0a, 0x0d, 0xd8, 0x9c, 0x01, 0xb6, 0x28, 0x00, 0xc1, 0x0a, 
0x18, 0xdb, 0x85, 0x01, 0xfc, 0x16, 0x00, 0xce, 0x10, 0x18, 0x98, 0x74, 0x98, 0x74, 0xc3, 0x11, 0xc1, 0x0a, 0x0d, 0xbe, 
0x14, 0xb0, 0x2b, 0x01, 0xc1, 0x0a, 0x18, 0x8d, 0x0b, 0xc4, 0x94, 0x01, 0x01, 0xce, 0x10, 0x18, 0xad, 0x09, 0xad, 0x09, 
0xbb, 0x14, 0xc1, 0x0a, 0x0d, 0xbe, 0x14, 0xb2, 0x2b, 0x02, 0xc1, 0x0a, 0x18, 0x8d, 0x0b, 0xc6, 0x94, 0x01, 0x02, 0xce, 
0x10, 0x18, 0xec, 0x04, 0xec, 0x04, 0xa1, 0x06, 0xc1, 0x0a, 0x18, 0xaf, 0x7f, 0x82, 0x1a, 0x03, 0x4b, 0x18, 0x95, 0x0d, 
0xc5, 0x8c, 0x01, 0x95, 0x0d, 0x4b, 0x18, 0xaa, 0x54, 0xff, 0x29, 0xaa, 0x54, 0x4b, 0x18, 0xb4, 0x3d, 0xb6, 0x13, 0xb4, 
0x3d, 0xce, 0x10, 0x18, 0xb1, 0x99, 0x01, 0xb1, 0x99, 0x01, 0x98, 0x43, 0x4b, 0x18, 0x9b, 0x31, 0xfb, 0xb2, 0x01, 0x9b, 
0x31, 0xc1, 0x0a, 0x0d, 0xe4, 0x31, 0xd0, 0x63, 0x02, 0xc1, 0x0a, 0x0b, 0xbe, 0x2e, 0xb6, 0x7f, 0x02, 0x01, 0x18, 0x86, 
0x40, 0x90, 0xd6, 0x01, 0x33, 0xcd, 0x05, 0xec, 0x57, 0xc4, 0x1b, 0x8b, 0x14, 0xc7, 0x6c, 0x8b, 0x14, 0x01, 0x50, 0xd7, 
0x0f, 0xd7, 0x0f, 0xb4, 0x0a, 0x56, 0xb5, 0xbc, 0x01, 0x54, 0x58, 0x00, 0x00, 0xc1, 0x0a, 0x0d, 0xd8, 0x9c, 0x01, 0xb6, 
0x28, 0x00, 0xc1, 0x0a, 0x18, 0xdb, 0x85, 0x01, 0xfc, 0x16, 0x00, 0xce, 0x10, 0x18, 0x9a, 0x74, 0x9a, 0x74, 0xc1, 0x11, 
0xc1, 0x0a, 0x0d, 0xbe, 0x14, 0xb2, 0x2b, 0x01, 0xc1, 0x0a, 0x18, 0x8d, 0x0b, 0xc6, 0x94, 0x01, 0x01, 0xce, 0x10, 0x18, 
0xad, 0x09, 0xad, 0x09, 0xbb, 0x14, 0xc1, 0x0a, 0x0d, 0xbe, 0x14, 0xb4, 0x2b, 0x02, 0xc1, 0x0a, 0x18, 0x8d, 0x0b, 0xc8, 
0x94, 0x01, 0x02, 0xce, 0x10, 0x18, 0xea, 0x04, 0xea, 0x04, 0xa3, 0x06, 0xc1, 0x0a, 0x18, 0xaf, 0x7f, 0x82, 0x1a, 0x03, 
0x4b, 0x18, 0x95, 0x0d, 0xc5, 0x8c, 0x01, 0x95, 0x0d, 0x4b, 0x18, 0xaa, 0x54, 0x81, 0x2a, 0xaa, 0x54, 0x4b, 0x18, 0xb4, 
0x3d, 0xb4, 0x13, 0xb4, 0x3d, 0xce, 0x10, 0x18, 0xb1, 0x99, 0x01, 0xb1, 0x99, 0x01, 0x45, 0x4b, 0x18, 0x95, 0x37, 0xf7, 
0x05, 0x95, 0x37, 0xc1, 0x0a, 0x0b, 0xfc, 0x6e, 0x98, 0x88, 0x01, 0x03, 0x01, 0x18, 0xd6, 0x9b, 0x01, 0xc2, 0xba, 0x02, 
0x33, 0xcd, 0x05, 0xc3, 0x0c, 0xc4, 0x1b, 0x8b, 0x14, 0xf8, 0x70, 0x8b, 0x14, 0x01, 0x50, 0xd7, 0x0f, 0xd7, 0x0f, 0xb4, 
0x0a, 0x56, 0xb5, 0xbc, 0x01, 0x55, 0x58, 0x00, 0x00, 0xc1, 0x0a, 0x0d, 0xd8, 0x9c, 0x01, 0xf9, 0x3b, 0x00, 0xc1, 0x0a, 
0x18, 0xdb, 0x85, 0x01, 0xfc, 0x16, 0x00, 0xce, 0x10, 0x18, 0x9c, 0x74, 0x9c, 0x74, 0xbf, 0x11, 0xc1, 0x0a, 0x0d, 0xbe, 
0x14, 0xfb, 0x38, 0x01, 0xc1, 0x0a, 0x18, 0x8d, 0x0b, 0xc8, 0x94, 0x01, 0x01, 0xce, 0x10, 0x18, 0xad, 0x09, 0xad, 0x09, 
0xbb, 0x14, 0xc1, 0x0a, 0x0d, 0xbe, 0x14, 0xf9, 0x38, 0x02, 0xc1, 0x0a, 0x18, 0x8d, 0x0b, 0xca, 0x94, 0x01, 0x02, 0xce, 
0x10, 0x18, 0xe8, 0x04, 0xe8, 0x04, 0xa5, 0x06, 0xc1, 0x0a, 0x18, 0xaf, 0x7f, 0x82, 0x1a, 0x03, 0x4b, 0x18, 0x95, 0x0d, 
0xc5, 0x8c, 0x01, 0x95, 0x0d, 0x4b, 0x18, 0xaa, 0x54, 0x83, 0x2a, 0xaa, 0x54, 0x4b, 0x18, 0xb4, 0x3d, 0xb2, 0x13, 0xb4, 
0x3d, 0xce, 0x10, 0x18, 0x87, 0x9f, 0x01, 0x87, 0x9f, 0x01, 0xd7, 0x11, 0x4b, 0x18, 0xec, 0x3a, 0xae, 0x6c, 0xec, 0x3a, 
0x22, 0x9e, 0x9c, 0x01, 0x00, 0x8d, 0x1e, 0x18, 0xf1, 0x03, 0xc1, 0x0a, 0x0d, 0xbe, 0x53, 0xee, 0xe7, 0x01, 0x00, 0xc1, 
0x0a, 0x0b, 0xa1, 0x91, 0x01, 0xf4, 0x43, 0x00, 0x01, 0x18, 0xca, 0x7b, 0x92, 0xd6, 0x01, 0x33, 0xcd, 0x05, 0xee, 0x57, 
0xc4, 0x1b, 0x8b, 0x14, 0xe6, 0x4e, 0x8b, 0x14, 0x01, 0x50, 0xd7, 0x0f, 0xd7, 0x0f, 0xb4, 0x0a, 0x56, 0xb5, 0xbc, 0x01, 
0x56, 0x58, 0x00, 0x00, 0xc1, 0x0a, 0x0d, 0xd8, 0x9c, 0x01, 0xb8, 0x28, 0x00, 0xc1, 0x0a, 0x18, 0xdb, 0x85, 0x01, 0xfc, 
0x16, 0x00, 0xce, 0x10, 0x18, 0x9e, 0x74, 0x9e, 0x74, 0xbd, 0x11, 0xc1, 0x0a, 0x0d, 0xbe, 0x14, 0xb8, 0x2b, 0x01, 0xc1, 
0x0a, 0x18, 0x8d, 0x0b, 0xca, 0x94, 0x01, 0x01, 0xce, 0x10, 0x18, 0xad, 0x09, 0xad, 0x09, 0xbb, 0x14, 0xc1, 0x0a, 0x0d, 
0xbe, 0x14, 0xba, 0x2b, 0x02, 0xc1, 0x0a, 0x18, 0x8d, 0x0b, 0xcc, 0x94, 0x01, 0x02, 0xce, 0x10, 0x18, 0xe6, 0x04, 0xe6, 
0x04, 0xa7, 0x06, 0xc1, 0x0a, 0x18, 0xaf, 0x7f, 0x82, 0x1a, 0x03, 0x4b, 0x18, 0x95, 0x0d, 0xc5, 0x8c, 0x01, 0x95, 0x0d, 
0x4b, 0x18, 0xaa, 0x54, 0x85, 0x2a, 0xaa, 0x54, 0x4b, 0x18, 0x90, 0x2f, 0x8c, 0x05, 0x90, 0x2f, 0xce, 0x10, 0x18, 0xb1, 
0x09, 0xb1, 0x09, 0x83, 0x03, 0xc1, 0x0a, 0x0d, 0xf7, 0xc4, 0x01, 0xf2, 0x1f, 0x01, 0xc1, 0x0a, 0x0b, 0xdc, 0x7e, 0xf6, 
0x8b, 0x01, 0x01, 0x01, 0x18, 0xca, 0x33, 0x94, 0xd6, 0x01, 0x33, 0xcd, 0x05, 0xee, 0x57, 0xc4, 0x1b, 0x8b, 0x14, 0xe7, 
0x72, 0x8b, 0x14, 0x01, 0x50, 0xd7, 0x0f, 0xd7, 0x0f, 0xb4, 0x0a, 0x56, 0xb5, 0xbc, 0x01, 0x57, 0x58, 0x00, 0x00, 0xc1, 
0x0a, 0x0d, 0xd8, 0x9c, 0x01, 0xb8, 0x28, 0x00, 0xc1, 0x0a, 0x18, 0xdb, 0x85, 0x01, 0xfc, 0x16, 0x00, 0xce, 0x10, 0x18, 
0xa0, 0x74, 0xa0, 0x74, 0xbb, 0x11, 0xc1, 0x0a, 0x0d, 0xbe, 0x14, 0xba, 0x2b, 0x01, 0xc1, 0x0a, 0x18, 0x8d, 0x0b, 0xcc, 
0x94, 0x01, 0x01, 0xce, 0x10, 0x18, 0xad, 0x09, 0xad, 0x09, 0xbb, 0x14, 0xc1, 0x0a, 0x0d, 0xbe, 0x14, 0xbc, 0x2b, 0x02, 
0xc1, 0x0a, 0x18, 0x8d, 0x0b, 0xce, 0x94, 0x01, 0x02, 0xce, 0x10, 0x18, 0xe4, 0x04, 0xe4, 0x04, 0xa9, 0x06, 0xc1, 0x0a, 
0x18, 0xaf, 0x7f, 0x82, 0x1a, 0x03, 0x4b, 0x18, 0x95, 0x0d, 0xc5, 0x8c, 0x01, 0x95, 0x0d, 0x4b, 0x18, 0xaa, 0x54, 0x87, 
0x2a, 0xaa, 0x54, 0x4b, 0x18, 0xb2, 0x3d, 0xac, 0x13, 0xb2, 0x3d, 0xce, 0x10, 0x18, 0xb3, 0x99, 0x01, 0xb3, 0x99, 0x01, 
0x9a, 0x43, 0x4b, 0x18, 0x9d, 0x31, 0xfb, 0xb2, 0x01, 0x9d, 0x31, 0xc1, 0x0a, 0x0d, 0xe4, 0x31, 0xd2, 0x63, 0x02, 0xc1, 
0x0a, 0x0b, 0xbe, 0x2e, 0xb8, 0x7f, 0x02, 0x01, 0x18, 0x8a, 0x40, 0x96, 0xd6, 0x01, 0x33, 0xcd, 0x05, 0xee, 0x57, 0xc4, 
0x1b, 0x8b, 0x14, 0xc8, 0x6c, 0x8b, 0x14, 0x01, 0x50, 0xd7, 0x0f, 0xd7, 0x0f, 0xb4, 0x0a, 0x56, 0xb5, 0xbc, 0x01, 0x58, 
0x58, 0x00, 0x00, 0xc1, 0x0a, 0x0d, 0xd8, 0x9c, 0x01, 0xb8, 0x28, 0x00, 0xc1, 0x0a, 0x18, 0xdb, 0x85, 0x01, 0xfc, 0x16, 
0x00, 0xce, 0x10, 0x18, 0xa2, 0x74, 0xa2, 0x74, 0xb9, 0x11, 0xc1, 0x0a, 0x0d, 0xbe, 0x14, 0xbc, 0x2b, 0x01, 0xc1, 0x0a, 
0x18, 0x8d, 0x0b, 0xce, 0x94, 0x01, 0x01, 0xce, 0x10, 0x18, 0xad, 0x09, 0xad, 0x09, 0xbb, 0x14, 0xc1, 0x0a, 0x0d, 0xbe, 
0x14, 0xbe, 0x2b, 0x02, 0xc1, 0x0a, 0x18, 0x8d, 0x0b, 0xd0, 0x94, 0x01, 0x02, 0xce, 0x10, 0x18, 0xe2, 0x04, 0xe2, 0x04, 
0xab, 0x06, 0xc1, 0x0a, 0x18, 0xaf, 0x7f, 0x82, 0x1a, 0x03, 0x4b, 0x18, 0x95, 0x0d, 0xc5, 0x8c, 0x01, 0x95, 0x0d, 0x4b, 
0x18, 0xaa, 0x54, 0x89, 0x2a, 0xaa, 0x54, 0x4b, 0x18, 0xb2, 0x3d, 0xaa, 0x13, 0xb2, 0x3d, 0xce, 0x10, 0x18, 0xe5, 0x8b, 
0x01, 0xe5, 0x8b, 0x01, 0x8a, 0x0d, 0x4b, 0x18, 0xce, 0x7d, 0xbc, 0xbc, 0x01, 0xce, 0x7d, 0x3f, 0x0d, 0xba, 0x08, 0xd6, 
0x87, 0x01, 0xc3, 0x10, 0x0d, 0xdd, 0x42, 0xdd, 0x42, 0xf2, 0xf8, 0x01, 0xbd, 0x0c, 0x0b, 0x88, 0x53, 0x88, 0x53, 0xc1, 
0x0a, 0x0b, 0xf7, 0x4f, 0xbe, 0xa4, 0x01, 0x03, 0xc2, 0x10, 0x0b, 0x8c, 0x45, 0x8c, 0x45, 0xfc, 0x9a, 0x02, 0xc0, 0x10, 
0x0b, 0xfc, 0x43, 0x90, 0x39, 0xfc, 0x43, 0x99, 0x1e, 0xca, 0x1a, 0x18, 0xc9, 0x1a, 0xe5, 0x1e, 0x18, 0xf9, 0xa1, 0x01, 
0x55, 0x4d, 0x00, 0x00, 0xd8, 0x36, 0x00, 0x00, 0x4f, 0x3c, 0x00, 0x00, 0x47, 0x4a, 0x00, 0x00, 0xe5, 0x1e, 0x0b, 0x95, 
0x29, 0x87, 0x53, 0x00, 0x00, 0xd8, 0x36, 0x00, 0x00, 0x83, 0x34, 0x00, 0x00, 0x47, 0x4a, 0x00, 0x00, 0xc0, 0x16, 0x09, 
0x92, 0x10, 0x92, 0x10, 0xc7, 0xd5, 0x01, 0xb6, 0x1e, 0x87, 0x58, 0xb7, 0x77, 0x00, 0xba, 0x1e, 0x00, 0xb7, 0x77, 0x87, 
0x58, 0x18, 0xb8, 0x77, 0xc9, 0x10, 0x0b, 0xa7, 0xc2, 0x01, 0xdd, 0x3a, 0xde, 0x3c, 0xbc, 0x0e, 0x0c, 0xae, 0x5d, 0xae, 
0x5d, 0xc6, 0x10, 0x0b, 0xb5, 0x3c, 0xe5, 0x19, 0xd6, 0x5d, 0xbc, 0x0e, 0x0c, 0xaa, 0xf6, 0x01, 0xaa, 0xf6, 0x01, 0xc0, 
0x0a, 0x12, 0xab, 0xc3, 0x01, 0xb7, 0x09, 0xab, 0xc3, 0x01, 0x01, 0xfe, 0x03, 0xc4, 0xca, 0x01, 0xe2, 0xbe, 0x02, 0xb4, 
0x0c, 0x96, 0x01, 0xbf, 0xbb, 0x01, 0xbf, 0xbb, 0x01, 0xef, 0x0a, 0x1d, 0x85, 0x41, 0x85, 0x41, 0x81, 0x32, 0x02, 0x8b, 
0x14, 0x2d, 0x13, 0xfa, 0xdf, 0x01, 0xfa, 0xdf, 0x01, 0xfa, 0xdf, 0x01, 0x10, 0xc1, 0x0a, 0x0d, 0xb2, 0x06, 0xb2, 0x06, 
0x00, 0xbd, 0x0c, 0x0b, 0xe6, 0x0d, 0xe6, 0x0d, 0x01, 0x18, 0x83, 0xda, 0x01, 0xe4, 0x5f, 0x33, 0xcd, 0x05, 0xd3, 0x29, 
0xc4, 0x1b, 0x8b, 0x14, 0xb6, 0xbe, 0x01, 0x8b, 0x14, 0x01, 0x50, 0x9e, 0xe8, 0x01, 0x9e, 0xe8, 0x01, 0xb4, 0x0a, 0x56, 
0xb5, 0xbc, 0x01, 0x59, 0x58, 0x00, 0x00, 0xc1, 0x0a, 0x0d, 0xd8, 0x9c, 0x01, 0xec, 0x9e, 0x01, 0x00, 0xc1, 0x0a, 0x18, 
0xdb, 0x85, 0x01, 0xfc, 0x16, 0x00, 0xce, 0x10, 0x18, 0xa4, 0x74, 0xa4, 0x74, 0xb7, 0x11, 0xc1, 0x0a, 0x0d, 0xbe, 0x14, 
0xf2, 0xa1, 0x01, 0x01, 0xc1, 0x0a, 0x18, 0x8d, 0x0b, 0xd0, 0x94, 0x01, 0x01, 0xce, 0x10, 0x18, 0xad, 0x09, 0xad, 0x09, 
0xbb, 0x14, 0xc1, 0x0a, 0x0d, 0xbe, 0x14, 0xf4, 0xa1, 0x01, 0x02, 0xc1, 0x0a, 0x18, 0x8d, 0x0b, 0xd2, 0x94, 0x01, 0x02, 
0xce, 0x10, 0x18, 0xe0, 0x04, 0xe0, 0x04, 0xad, 0x06, 0xc1, 0x0a, 0x18, 0xaf, 0x7f, 0x82, 0x1a, 0x03, 0x4b, 0x18, 0x95, 
0x0d, 0xc5, 0x8c, 0x01, 0x95, 0x0d, 0x4b, 0x18, 0x8e, 0x42, 0xa7, 0x3c, 0x8e, 0x42, 0x4b, 0x18, 0xd9, 0x31, 0xff, 0x6d, 
0xd9, 0x31, 0xc1, 0x0a, 0x0d, 0x9a, 0x75, 0x9d, 0x31, 0x01, 0xce, 0x10, 0x18, 0xe5, 0x16, 0xb4, 0x5e, 0xe5, 0x16, 0x4b, 
0x18, 0xb1, 0x2f, 0xc4, 0x26, 0xb1, 0x2f, 0xc0, 0x10, 0x0b, 0x97, 0x1f, 0xc2, 0x30, 0xea, 0xa9, 0x01, 0x99, 0x1e, 0xcd, 
0x9a, 0x01, 0x18, 0xd8, 0x37, 0x22, 0xda, 0xc6, 0x01, 0x84, 0x3f, 0x8d, 0x1e, 0x88, 0x06, 0x00, 0x5c, 0x12, 0x00, 0x00, 
0x00, 0x00, 0x00, 0x00, 0x4c, 0x4f, 0x4d, 0x53, 0x00, 0x03, 0x01, 0x00, 0x0b, 0x00, 0x08, 0x00, 0xd0, 0x61, 0x00, 0x00, 
0x00, 0x00, 0x00, 0x00, 0x24, 0x32, 0x00, 0x00, 0x91, 0x02, 0x01, 0x91, 0x02, 0x20, 0xd1, 0x10, 0x02, 0x47, 0x4c, 0x53, 
0x4c, 0x2e, 0x73, 0x74, 0x64, 0x2e, 0x34, 0x35, 0x30, 0x00, 0x00, 0x00, 0x00, 0xa0, 0x04, 0x00, 0x01, 0xff, 0x0f, 0x00, 
0x9f, 0x2c, 0xed, 0xc2, 0xa5, 0xf3, 0x06, 0x00, 0x8c, 0x1a, 0xa9, 0x20, 0x82, 0x1f, 0xaf, 0x2e, 0x93, 0x2d, 0xcf, 0x2d, 
0xb0, 0x23, 0xd9, 0x1b, 0xc2, 0x26, 0x84, 0x28, 0xab, 0x22, 0x10, 0xa2, 0x1e, 0x06, 0x10, 0x37, 0xeb, 0x01, 0x0b, 0x00, 
0x05, 0x00, 0x07, 0x01, 0x10, 0x00, 0x23, 0x00, 0x01, 0x05, 0x00, 0x07, 0x01, 0x10, 0x00, 0x23, 0x40, 0x01, 0x23, 0x30, 
0x01, 0x23, 0x04, 0x01, 0x23, 0x04, 0x01, 0x23, 0x04, 0x01, 0x23, 0x04, 0x10, 0x90, 0x32, 0x01, 0x01, 0x10, 0x9b, 0x45, 
0x06, 0x80, 0x02, 0x00, 0xa8, 0x18, 0x02, 0x47, 0x00, 0x01, 0x00, 0x23, 0x00, 0x10, 0xe2, 0x11, 0x21, 0x00, 0x10, 0x00, 
0x22, 0x01, 0x00, 0x64, 0x0e, 0x10, 0x00, 0x1e, 0x0a, 0x10, 0xb2, 0x21, 0x01, 0x08, 0x10, 0xdd, 0x3e, 0x06, 0x40, 0x10, 
0x02, 0x06, 0x40, 0x10, 0xac, 0x04, 0x06, 0x10, 0x10, 0xae, 0x05, 0x06, 0x10, 0x10, 0x02, 0x06, 0x10, 0x10, 0x02, 0x06, 
0x10, 0x10, 0x50, 0x06, 0x10, 0x00, 0xef, 0x1e, 0x02, 0x37, 0x00, 0x95, 0x00, 0x05, 0x00, 0x07, 0x01, 0x10, 0x00, 0x23, 
0x00, 0x01, 0x05, 0x00, 0x07, 0x01, 0x10, 0x00, 0x23, 0x40, 0x01, 0x05, 0x00, 0x07, 0x01, 0x10, 0x00, 0x23, 0x40, 0x01, 
0x05, 0x00, 0x07, 0x01, 0x10, 0x00, 0x23, 0x40, 0x01, 0x05, 0x00, 0x07, 0x01, 0x10, 0x00, 0x23, 0x40, 0x01, 0x05, 0x00, 
0x07, 0x01, 0x10, 0x00, 0x23, 0x80, 0x02, 0x01, 0x05, 0x00, 0x07, 0x01, 0x10, 0x00, 0x23, 0x80, 0x02, 0x01, 0x05, 0x00, 
0x07, 0x01, 0x10, 0x00, 0x23, 0x40, 0x01, 0x05, 0x00, 0x07, 0x01, 0x10, 0x00, 0x23, 0x30, 0x01, 0x23, 0x40, 0x01, 0x23, 
0x10, 0x01, 0x23, 0x08, 0x01, 0x23, 0x04, 0x01, 0x23, 0x04, 0x01, 0x23, 0x10, 0x01, 0x23, 0x10, 0x01, 0x23, 0x08, 0x01, 
0x23, 0x08, 0x01, 0x23, 0x04, 0x01, 0x00, 0x00, 0x23, 0x04, 0x01, 0x23, 0x08, 0x01, 0x23, 0x04, 0x01, 0x23, 0x04, 0x01, 
0x23, 0x04, 0x01, 0x23, 0x04, 0x01, 0x23, 0x04, 0x01, 0x00, 0x00, 0x23, 0x04, 0x01, 0x00, 0x00, 0x23, 0x04, 0x01, 0x00, 
0x00, 0x23, 0x04, 0x01, 0x00, 0x00, 0x23, 0x10, 0x01, 0x00, 0x00, 0x23, 0x0c, 0x01, 0x00, 0x00, 0x23, 0x04, 0x01, 0x00, 
0x00, 0x23, 0x08, 0x01, 0x00, 0x00, 0x23, 0x04, 0x01, 0x00, 0x00, 0x23, 0x04, 0x01, 0x00, 0x00, 0x23, 0x04, 0x01, 0x23, 
0x04, 0x01, 0x00, 0x00, 0x23, 0x04, 0x01, 0x00, 0x00, 0x23, 0x04, 0x01, 0x23, 0x90, 0x01, 0x01, 0x00, 0x00, 0x23, 0x0c, 
0x01, 0x23, 0x04, 0x01, 0x23, 0x10, 0x01, 0x23, 0x10, 0x01, 0x00, 0x00, 0x23, 0x08, 0x01, 0x00, 0x00, 0x23, 0x04, 0x01, 
0x23, 0x04, 0x01, 0x00, 0x00, 0x23, 0x08, 0x01, 0x00, 0x00, 0x23, 0x04, 0x01, 0x23, 0x04, 0x01, 0x00, 0x00, 0x23, 0x10, 
0x01, 0x00, 0x00, 0x23, 0x04, 0x01, 0x23, 0x04, 0x01, 0x00, 0x00, 0x23, 0x08, 0x01, 0x23, 0x04, 0x01, 0x00, 0x00, 0x23, 
0x04, 0x01, 0x00, 0x00, 0x23, 0x04, 0x01, 0x23, 0x04, 0x01, 0x23, 0x0c, 0x01, 0x23, 0x04, 0x01, 0x23, 0x04, 0x01, 0x23, 
0x04, 0x01, 0x23, 0x04, 0x01, 0x23, 0x04, 0x01, 0x23, 0x0c, 0x01, 0x23, 0x04, 0x01, 0x23, 0x04, 0x01, 0x23, 0x04, 0x01, 
0x23, 0x04, 0x01, 0x05, 0x00, 0x07, 0x01, 0x10, 0x00, 0x23, 0x04, 0x01, 0x23, 0x30, 0x01, 0x23, 0x08, 0x01, 0x05, 0x00, 
0x07, 0x01, 0x10, 0x00, 0x23, 0x08, 0x01, 0x05, 0x00, 0x07, 0x01, 0x10, 0x00, 0x23, 0x40, 0x01, 0x00, 0x00, 0x23, 0x40, 
0x01, 0x00, 0x00, 0x23, 0x04, 0x01, 0x00, 0x00, 0x23, 0x04, 0x01, 0x00, 0x00, 0x23, 0x04, 0x01, 0x23, 0x04, 0x01, 0x23, 
0x40, 0x01, 0x00, 0x00, 0x23, 0x04, 0x01, 0x00, 0x00, 0x23, 0x04, 0x01, 0x00, 0x00, 0x23, 0x04, 0x01, 0x23, 0x04, 0x01, 
0x23, 0x40, 0x01, 0x00, 0x00, 0x23, 0x40, 0x01, 0x00, 0x00, 0x23, 0x04, 0x01, 0x00, 0x00, 0x23, 0x04, 0x01, 0x00, 0x00, 
0x23, 0x04, 0x01, 0x00, 0x00, 0x23, 0x04, 0x10, 0xde, 0x3c, 0x21, 0x00, 0x10, 0x00, 0x22, 0x00, 0x10, 0xc8, 0x01, 0x0b, 
0x2a, 0x37, 0x8b, 0x2e, 0x05, 0x00, 0x05, 0x00, 0x07, 0x01, 0x10, 0x00, 0x23, 0x00, 0x01, 0x23, 0x30, 0x01, 0x23, 0x0c, 
0x10, 0xbf, 0x05, 0x06, 0x40, 0x00, 0x84, 0x1c, 0x02, 0x47, 0x00, 0x01, 0x00, 0x23, 0x00, 0x10, 0xfe, 0x0d, 0x21, 0x01, 
0x10, 0x00, 0x22, 0x01, 0x10, 0xb6, 0x0f, 0x21, 0x05, 0x10, 0x00, 0x22, 0x01, 0x00, 0x8f, 0x37, 0x02, 0x47, 0x00, 0x01, 
0x00, 0x23, 0x00, 0x10, 0xc0, 0x13, 0x06, 0x10, 0x00, 0xe6, 0x02, 0x02, 0x37, 0x00, 0x02, 0x00, 0x00, 0x00, 0x23, 0x00, 
0x10, 0xd6, 0x19, 0x21, 0x02, 0x10, 0x00, 0x22, 0x01, 0x10, 0xcb, 0x02, 0x21, 0x03, 0x10, 0x00, 0x22, 0x01, 0x10, 0xa6, 
0x01, 0x1e, 0x00, 0x10, 0xda, 0x1e, 0x1e, 0x05, 0x10, 0xb7, 0x02, 0x1e, 0x06, 0x10, 0x78, 0x1e, 0x03, 0x10, 0xbd, 0x14, 
0x0b, 0x2b, 0x10, 0xad, 0x0f, 0x1e, 0x09, 0x00, 0xd7, 0x12, 0x02, 0x47, 0x00, 0x04, 0x00, 0x0b, 0x01, 0x00, 0x01, 0x0b, 
0x01, 0x01, 0x01, 0x0b, 0x01, 0x03, 0x01, 0x0b, 0x01, 0x04, 0x10, 0xae, 0x2b, 0x1e, 0x05, 0x10, 0xb1, 0x0b, 0x1e, 0x06, 
0x00, 0xbe, 0x8b, 0x01, 0x00, 0x93, 0x02, 0x0e, 0xa1, 0x04, 0xf4, 0x13, 0x08, 0xa6, 0x02, 0xe9, 0x13, 0x20, 0xb7, 0x02, 
0x20, 0x0d, 0x04, 0xb8, 0x02, 0x90, 0x01, 0x1d, 0x04, 0xb7, 0x02, 0x99, 0x01, 0x0d, 0x03, 0xb5, 0x02, 0x17, 0x20, 0x01, 
0x3e, 0x92, 0x0a, 0x07, 0x18, 0xb5, 0x02, 0x93, 0x0a, 0x20, 0x00, 0xb7, 0x02, 0x18, 0x0b, 0x04, 0xd1, 0x04, 0xe8, 0x05, 
0x08, 0x95, 0x05, 0x17, 0x1d, 0xb7, 0x02, 0xef, 0x05, 0x0d, 0x02, 0xbe, 0x02, 0xa2, 0x10, 0x13, 0x1d, 0xbb, 0x04, 0x0b, 
0xcc, 0x17, 0x00, 0x00, 0x00, 0x00, 0xbb, 0x04, 0x0c, 0x02, 0x00, 0x00, 0x00, 0x00, 0xbb, 0x04, 0x0b, 0x04, 0x01, 0x00, 
0x00, 0x00, 0xbb, 0x04, 0x0c, 0x02, 0x01, 0x00, 0x00, 0x00, 0xbb, 0x04, 0x0b, 0x04, 0x02, 0x00, 0x00, 0x00, 0xbb, 0x04, 
0x0c, 0x02, 0x02, 0x00, 0x00, 0x00, 0xbb, 0x04, 0x0c, 0x06, 0x03, 0x00, 0x00, 0x00, 0xb8, 0x02, 0x9b, 0x27, 0x18, 0x03, 
0xbb, 0x04, 0x0b, 0xb8, 0x27, 0x08, 0x00, 0x00, 0x00, 0xbc, 0x02, 0xa1, 0x0a, 0x1d, 0xa2, 0x14, 0x8e, 0x03, 0xeb, 0x01, 
0x65, 0x46, 0x0c, 0x0c, 0x0c, 0x0d, 0x91, 0x0f, 0xb2, 0x06, 0x0c, 0x90, 0x32, 0x40, 0x00, 0x00, 0x00, 0xbc, 0x02, 0x9b, 
0x45, 0x9b, 0x0e, 0xa3, 0x27, 0xae, 0x02, 0xa8, 0x18, 0xd5, 0x04, 0x3e, 0xfa, 0x09, 0x02, 0xe9, 0x10, 0x39, 0xe6, 0x15, 
0xe8, 0x07, 0x02, 0x3e, 0xef, 0x27, 0x02, 0x65, 0x3e, 0xb1, 0x01, 0x02, 0x0c, 0xbb, 0x04, 0x0c, 0xa2, 0x1e, 0x05, 0x00, 
0x00, 0x00, 0x3e, 0x9f, 0x1e, 0x02, 0x0d, 0x3e, 0x02, 0x03, 0x0c, 0x39, 0x8b, 0x05, 0x82, 0x2a, 0x03, 0xb2, 0x06, 0x0c, 
0xb2, 0x21, 0x02, 0x00, 0x00, 0x00, 0xbb, 0x04, 0x0b, 0x9d, 0x2d, 0x04, 0x00, 0x00, 0x00, 0xbc, 0x02, 0xbf, 0x11, 0x65, 
0x96, 0x14, 0xbc, 0x02, 0x02, 0x65, 0x96, 0x14, 0xb7, 0x02, 0xc5, 0x16, 0x0b, 0x03, 0xbb, 0x04, 0x0b, 0xa2, 0x28, 0x09, 
0x00, 0x00, 0x00, 0xbc, 0x02, 0xaf, 0x0d, 0x18, 0xa5, 0x14, 0xbc, 0x02, 0xae, 0x05, 0x1d, 0x96, 0x14, 0xbc, 0x02, 0x02, 
0x1d, 0x96, 0x14, 0xbc, 0x02, 0x02, 0x1d, 0x96, 0x14, 0xbc, 0x02, 0x50, 0x1d, 0xa5, 0x14, 0xbe, 0x83, 0xc0, 0x02, 0xef, 
0x1e, 0x65, 0x65, 0x65, 0x65, 0xb6, 0x0b, 0xb7, 0x0b, 0x65, 0x46, 0x65, 0x1d, 0x13, 0x0d, 0x0d, 0x1d, 0x1d, 0x13, 0x13, 
0x0d, 0x0d, 0x13, 0x0d, 0x0d, 0x0d, 0x0d, 0x0d, 0x0d, 0x0d, 0x0d, 0x1d, 0x14, 0x0c, 0x13, 0x0c, 0x0c, 0x0c, 0x0c, 0x0d, 
0x0d, 0xcd, 0x0d, 0x18, 0x0d, 0x1d, 0x1d, 0x13, 0x0c, 0x0d, 0x13, 0x0d, 0x0d, 0x1d, 0x0c, 0x0d, 0x13, 0x0d, 0x0d, 0x0d, 
0x0b, 0x18, 0x0d, 0x0d, 0x0b, 0x0d, 0x0d, 0x18, 0x0d, 0x0d, 0x0d, 0x0d, 0x0d, 0x46, 0x13, 0x13, 0x65, 0x65, 0x0d, 0x0d, 
0x0d, 0x0d, 0xa4, 0x10, 0x0c, 0x0d, 0x0d, 0x0d, 0xa5, 0x10, 0xa6, 0x10, 0x0c, 0x0c, 0x0c, 0x0c, 0xce, 0x10, 0x3e, 0xfa, 
0x09, 0x02, 0x96, 0x01, 0x39, 0x93, 0x06, 0xe4, 0x32, 0x02, 0x3e, 0xf1, 0x34, 0x01, 0x0c, 0x39, 0x8c, 0x05, 0xba, 0x36, 
0x01, 0xb8, 0x02, 0xa5, 0x3f, 0x18, 0x04, 0xb8, 0x02, 0x0b, 0x1d, 0x03, 0xce, 0x02, 0xa6, 0x11, 0x50, 0x18, 0x0d, 0xbb, 
0x04, 0x0b, 0xb7, 0x0d, 0x00, 0x01, 0x00, 0x00, 0xbc, 0x02, 0xf8, 0x07, 0xa3, 0x09, 0xc7, 0x02, 0xae, 0x02, 0x84, 0x1c, 
0xc3, 0x06, 0x3e, 0x8b, 0x25, 0x02, 0xc5, 0x14, 0x39, 0xff, 0x01, 0x8a, 0x33, 0x02, 0x3e, 0xed, 0x2b, 0x02, 0x50, 0xbb, 
0x04, 0x0b, 0x8c, 0x1d, 0x03, 0x00, 0x00, 0x00, 0xbb, 0x04, 0x0d, 0x0d, 0x00, 0x00, 0x00, 0x00, 0x94, 0x02, 0x85, 0x28, 
0xbb, 0x04, 0x0d, 0x82, 0x02, 0x00, 0x00, 0x80, 0x3f, 0xb7, 0x02, 0xef, 0x01, 0x0c, 0x02, 0xbb, 0x04, 0x0b, 0xe4, 0x29, 
0x00, 0x08, 0x00, 0x00, 0x89, 0x03, 0xd9, 0x27, 0x0d, 0x01, 0x00, 0x00, 0x00, 0x01, 0x00, 0xab, 0x02, 0xce, 0x05, 0x97, 
0x01, 0x3e, 0xfa, 0x09, 0x00, 0xfe, 0x03, 0x39, 0xfb, 0x08, 0xc8, 0x34, 0x00, 0xae, 0x02, 0x8f, 0x37, 0x0c, 0x3e, 0xfa, 
0x09, 0x09, 0xd7, 0x07, 0x39, 0xd4, 0x0c, 0xa2, 0x17, 0x09, 0x3e, 0xaf, 0x26, 0x09, 0x0c, 0xb7, 0x02, 0xed, 0x09, 0x0c, 
0x03, 0xbb, 0x04, 0x0c, 0xde, 0x29, 0x00, 0x08, 0x00, 0x00, 0xbc, 0x02, 0x9b, 0x07, 0x1d, 0xc7, 0x02, 0xae, 0x02, 0xe6, 
0x02, 0xb7, 0x11, 0x3e, 0x8b, 0x25, 0x02, 0xea, 0x12, 0x39, 0x24, 0xe2, 0x3e, 0x02, 0x89, 0x03, 0xfd, 0x3b, 0x0d, 0x01, 
0x00, 0x01, 0x00, 0x01, 0x00, 0xab, 0x02, 0xd2, 0x04, 0xd6, 0x01, 0x3e, 0xfa, 0x09, 0x00, 0xff, 0x03, 0x39, 0xfc, 0x08, 
0xe6, 0x2a, 0x00, 0x3e, 0xa9, 0x32, 0x01, 0x1d, 0x39, 0x9a, 0x05, 0xd0, 0x33, 0x01, 0xbb, 0x04, 0x0c, 0xf3, 0x2c, 0x00, 
0x02, 0x00, 0x00, 0xbb, 0x04, 0x0c, 0xff, 0x0b, 0x00, 0x01, 0x00, 0x00, 0x3e, 0x98, 0x05, 0x01, 0x17, 0x39, 0x94, 0x05, 
0xb6, 0x52, 0x01, 0x39, 0x9a, 0x05, 0xb7, 0x02, 0x01, 0x3e, 0x85, 0x50, 0x01, 0x13, 0x39, 0x90, 0x05, 0xfe, 0x50, 0x01, 
0x3e, 0x81, 0x51, 0x01, 0x0d, 0x39, 0x8c, 0x05, 0xc4, 0x3c, 0x01, 0x3e, 0xa9, 0x3c, 0x03, 0x1d, 0x39, 0x9b, 0x05, 0xfc, 
0x2c, 0x03, 0xbb, 0x04, 0x0d, 0xff, 0x36, 0x00, 0x00, 0x00, 0x40, 0xbb, 0x04, 0x0d, 0xd0, 0x0c, 0x00, 0x00, 0x80, 0xbf, 
0xbc, 0x02, 0x07, 0x0d, 0x90, 0x14, 0xbc, 0x02, 0x13, 0x0d, 0x8d, 0x14, 0xde, 0x02, 0xf4, 0x17, 0x1d, 0x0d, 0xbd, 0x06, 
0xb3, 0x06, 0x3e, 0xfa, 0x09, 0x03, 0xad, 0x12, 0x39, 0xaa, 0x17, 0xb0, 0x1e, 0x03, 0x3e, 0xe5, 0x42, 0x03, 0x0d, 0x3e, 
0x04, 0x03, 0x13, 0x39, 0x91, 0x05, 0xe6, 0x45, 0x03, 0x39, 0x9b, 0x05, 0xb1, 0x0b, 0x03, 0xad, 0x06, 0x1d, 0xd1, 0x44, 
0xc6, 0x06, 0x08, 0xba, 0x58, 0x00, 0x82, 0x0a, 0x18, 0x82, 0x66, 0x39, 0x95, 0x05, 0xb2, 0x7d, 0x07, 0x01, 0x0c, 0xdb, 
0xce, 0x01, 0xb6, 0x26, 0x22, 0xfe, 0x38, 0x00, 0x01, 0x0c, 0x90, 0xc4, 0x01, 0x8e, 0xfd, 0x01, 0xc7, 0x10, 0x0c, 0xc7, 
0x51, 0xc7, 0x51, 0x94, 0x8a, 0x01, 0x33, 0xe2, 0x05, 0xeb, 0x2a, 0xda, 0x19, 0x8b, 0x14, 0xef, 0x6f, 0x8b, 0x14, 0x01, 
0x65, 0x96, 0x80, 0x01, 0x96, 0x80, 0x01, 0x33, 0x89, 0x05, 0xbe, 0x24, 0xda, 0x19, 0x8b, 0x14, 0xef, 0x6f, 0x91, 0x14, 
0x01, 0x0c, 0x9c, 0x23, 0x9c, 0x23, 0x33, 0x89, 0x05, 0x99, 0x23, 0xda, 0x19, 0x8b, 0x14, 0xef, 0x6f, 0x94, 0x14, 0x01, 
0x0c, 0x9c, 0x23, 0x9c, 0x23, 0x13, 0x8e, 0x05, 0x99, 0x23, 0xcf, 0x2d, 0x8a, 0x14, 0x01, 0x0d, 0x9c, 0x23, 0x9c, 0x23, 
0x13, 0x8e, 0x05, 0xd3, 0x0f, 0xcf, 0x2d, 0x8d, 0x14, 0x01, 0x0d, 0x91, 0x9d, 0x01, 0x91, 0x9d, 0x01, 0xc3, 0x10, 0x0d, 
0xd0, 0xb0, 0x01, 0xbc, 0xfe, 0x02, 0xd0, 0xb0, 0x01, 0xc0, 0x0a, 0x13, 0xdb, 0x98, 0x02, 0xf1, 0x94, 0x02, 0xdb, 0x98, 
0x02, 0x01, 0x1d, 0x90, 0x3c, 0x80, 0x66, 0xc7, 0x18, 0x0c, 0x8c, 0xc9, 0x01, 0xd3, 0x0f, 0x80, 0xdc, 0x02, 0xcb, 0x14, 
0x09, 0xf7, 0xaa, 0x01, 0xf7, 0xaa, 0x01, 0x82, 0x9a, 0x01, 0xa7, 0x1e, 0xb1, 0x8e, 0x01, 0x00, 0xba, 0x1e, 0x00, 0xfb, 
0x25, 0xb1, 0x8e, 0x01, 0x18, 0xfc, 0x25, 0x01, 0x0c, 0xf1, 0x0c, 0xd0, 0x9a, 0x01, 0x13, 0x8d, 0x05, 0xa1, 0x70, 0xa5, 
0x18, 0x8b, 0x14, 0x01, 0x0c, 0xd0, 0x7e, 0xd0, 0x7e, 0xc0, 0x10, 0x0c, 0xc6, 0x63, 0xf4, 0x71, 0xc6, 0x63, 0xcb, 0x10, 
0x0c, 0xb1, 0x9d, 0x01, 0xb1, 0x9d, 0x01, 0xda, 0x85, 0x01, 0xc7, 0x10, 0x0c, 0x81, 0x2a, 0xb3, 0xc7, 0x01, 0xd8, 0x5b, 
0xd0, 0x0a, 0x16, 0xda, 0xe8, 0x01, 0xd8, 0xbe, 0x01, 0xda, 0xe8, 0x01, 0xa6, 0xc6, 0x02, 0x99, 0x1e, 0xa4, 0x13, 0x18, 
0xa3, 0x13, 0xe5, 0x1e, 0x16, 0xf7, 0x8d, 0x01, 0x9e, 0x5b, 0x00, 0x00, 0x0a, 0x3a, 0x00, 0x00, 0x9c, 0x33, 0x00, 0x00, 
0x96, 0x5f, 0x00, 0x00, 0xe5, 0x1e, 0x1d, 0xaa, 0x1d, 0x02, 0x29, 0x00, 0x00, 0x0a, 0x3a, 0x00, 0x00, 0x36, 0x3d, 0x00, 
0x00, 0x96, 0x5f, 0x00, 0x00, 0xe5, 0x1e, 0x0c, 0x85, 0x51, 0x0b, 0x0a, 0x00, 0x00, 0x0a, 0x3a, 0x00, 0x00, 0xb5, 0x5d, 
0x00, 0x00, 0x96, 0x5f, 0x00, 0x00, 0xc1, 0x16, 0x09, 0xf5, 0x14, 0xf5, 0x14, 0x93, 0xf8, 0x01, 0xb6, 0x1e, 0x8b, 0x07, 
0xdd, 0xf9, 0x01, 0x00, 0xba, 0x1e, 0x00, 0xbf, 0x18, 0x8b, 0x07, 0x18, 0xc0, 0x18, 0x33, 0x8a, 0x05, 0x8c, 0xc1, 0x01, 
0xd5, 0x1f, 0x8b, 0x14, 0xe2, 0x4c, 0x8a, 0x14, 0x01, 0x0d, 0x85, 0x8e, 0x01, 0x85, 0x8e, 0x01, 0xc7, 0x16, 0x09, 0x81, 
0x16, 0x81, 0x16, 0xfa, 0x91, 0x01, 0xa7, 0x1e, 0xae, 0x4a, 0x00, 0xba, 0x1e, 0x00, 0xf8, 0x0b, 0xae, 0x4a, 0x18, 0xf7, 
0x0b, 0xd2, 0x0a, 0x16, 0xfe, 0x3c, 0xd4, 0x51, 0xf8, 0x1d, 0x02, 0x01, 0xff, 0x03, 0xb0, 0x51, 0xea, 0xff, 0x01, 0xb4, 
0x0c, 0xd6, 0x01, 0xeb, 0x58, 0xeb, 0x58, 0xef, 0x0a, 0x1d, 0xfe, 0x20, 0xfe, 0x20, 0xc2, 0x19, 0x02, 0x8b, 0x14, 0xce, 
0x10, 0x1d, 0xbb, 0x7e, 0xbb, 0x7e, 0xf5, 0x49, 0x4b, 0x1d, 0x9a, 0x87, 0x01, 0xee, 0x22, 0x9a, 0x87, 0x01, 0x99, 0x1e, 
0xd4, 0x9d, 0x01, 0x18, 0xd3, 0x9d, 0x01, 0xe5, 0x1e, 0x16, 0xd4, 0x5e, 0x50, 0x33, 0x00, 0x00, 0x47, 0x27, 0x00, 0x00, 
0xcc, 0x3a, 0x00, 0x00, 0x8d, 0x2b, 0x00, 0x00, 0xe5, 0x1e, 0x1d, 0xb4, 0x26, 0xa5, 0x3a, 0x00, 0x00, 0x47, 0x27, 0x00, 
0x00, 0x5c, 0x43, 0x00, 0x00, 0x8d, 0x2b, 0x00, 0x00, 0x99, 0x1e, 0xbf, 0x89, 0x01, 0x18, 0xc0, 0x89, 0x01, 0xc0, 0x10, 
0x0c, 0xc1, 0x07, 0xa6, 0xdd, 0x01, 0xce, 0xce, 0x02, 0x99, 0x1e, 0xd2, 0x1b, 0x18, 0x8f, 0xeb, 0x01, 0x99, 0x1e, 0xef, 
0xc4, 0x01, 0x18, 0xf0, 0xc4, 0x01, 0xe5, 0x1e, 0x1d, 0xf9, 0x1c, 0x02, 0x29, 0x00, 0x00, 0xa0, 0x2f, 0x00, 0x00, 0xa5, 
0x3a, 0x00, 0x00, 0xed, 0x22, 0x00, 0x00, 0xc7, 0x18, 0x0c, 0xa5, 0x78, 0xb9, 0xc1, 0x01, 0x9a, 0xb6, 0x01, 0xcb, 0x14, 
0x09, 0xd2, 0x6e, 0xd2, 0x6e, 0xe6, 0x81, 0x02, 0xa7, 0x1e, 0xe0, 0x4b, 0x00, 0xba, 0x1e, 0x00, 0x80, 0x43, 0xe0, 0x4b, 
0x18, 0xff, 0x42, 0x01, 0x17, 0xba, 0x04, 0xd8, 0x8e, 0x01, 0x01, 0x1d, 0xb4, 0x11, 0xc4, 0xa2, 0x01, 0x3d, 0x18, 0xf6, 
0x20, 0xef, 0x15, 0xef, 0x15, 0x18, 0x22, 0x91, 0x1e, 0x00, 0xe9, 0x06, 0x08, 0xc1, 0x84, 0x01, 0xfc, 0x51, 0xd3, 0xa2, 
0x01, 0x97, 0x52, 0xcb, 0x63, 0x01, 0x18, 0xcc, 0x57, 0x87, 0x4b, 0xc1, 0x0a, 0x0d, 0xbb, 0x0a, 0xbb, 0x0a, 0x00, 0xd2, 
0x0a, 0x1d, 0xf3, 0x3c, 0xf3, 0x3c, 0xb6, 0xa9, 0x01, 0x00, 0xc1, 0x0a, 0x0d, 0xb0, 0xab, 0x01, 0x80, 0x64, 0x01, 0xd2, 
0x0a, 0x1d, 0x89, 0x3a, 0x89, 0x3a, 0xa6, 0x71, 0x01, 0xc1, 0x0a, 0x0d, 0xfa, 0x6b, 0xf0, 0x95, 0x01, 0x02, 0xd2, 0x0a, 
0x1d, 0xe7, 0xd6, 0x01, 0xe7, 0xd6, 0x01, 0xed, 0x6a, 0x02, 0x99, 0x1e, 0xa9, 0x2e, 0x18, 0xaa, 0x2e, 0xe5, 0x1e, 0x1d, 
0x8a, 0x55, 0xe8, 0x4c, 0x00, 0x00, 0x25, 0x54, 0x00, 0x00, 0xf9, 0x2b, 0x00, 0x00, 0xbe, 0x39, 0x00, 0x00, 0x3d, 0x18, 
0xce, 0x29, 0xce, 0x29, 0xce, 0x29, 0x18, 0xc1, 0x0a, 0x0d, 0x93, 0x77, 0x93, 0x77, 0x00, 0xc1, 0x0a, 0x1d, 0xbc, 0x1c, 
0xeb, 0x32, 0x00, 0xce, 0x10, 0x1d, 0xec, 0x1b, 0xec, 0x1b, 0xa8, 0x38, 0xc1, 0x0a, 0x0d, 0xbe, 0x14, 0xad, 0x2a, 0x01, 
0xc1, 0x0a, 0x1d, 0x99, 0xd0, 0x01, 0xdb, 0xd2, 0x01, 0x01, 0xce, 0x10, 0x1d, 0xde, 0xbb, 0x01, 0xde, 0xbb, 0x01, 0xbb, 
0x14, 0xc1, 0x0a, 0x0d, 0xbe, 0x14, 0xab, 0x2a, 0x02, 0xc1, 0x0a, 0x1d, 0x99, 0xd0, 0x01, 0xd9, 0xd2, 0x01, 0x02, 0xce, 
0x10, 0x1d, 0xfa, 0xc9, 0x01, 0xfa, 0xc9, 0x01, 0x9f, 0x06, 0xc1, 0x0a, 0x1d, 0xaf, 0x7f, 0x8f, 0x88, 0x01, 0x03, 0x4b, 
0x1d, 0x95, 0x0d, 0xc5, 0x8c, 0x01, 0x95, 0x0d, 0x4b, 0x1d, 0xf6, 0x41, 0xb1, 0x3c, 0xf6, 0x41, 0x4b, 0x1d, 0x92, 0x1e, 
0x9d, 0x1e, 0x92, 0x1e, 0xc0, 0x0a, 0xa4, 0x08, 0xce, 0x59, 0xc4, 0xf1, 0x01, 0xce, 0x59, 0x01, 0x0c, 0xf1, 0x4b, 0xae, 
0xd9, 0x01, 0xcb, 0x10, 0x0c, 0x92, 0x3f, 0x92, 0x3f, 0x8e, 0xf7, 0x01, 0x23, 0xe2, 0x05, 0xbe, 0x22, 0xc5, 0x1f, 0x9a, 
0x14, 0xac, 0xa6, 0x01, 0x01, 0x65, 0xf3, 0x7e, 0xf3, 0x7e, 0xc1, 0x0a, 0x1d, 0x88, 0x70, 0xf2, 0x06, 0x01, 0xc1, 0x12, 
0x1d, 0x93, 0x9d, 0x01, 0x8b, 0x2d, 0x93, 0x9d, 0x01, 0x22, 0xe4, 0x8b, 0x01, 0x00, 0x01, 0x0c, 0xbf, 0x22, 0xbe, 0x6c, 
0xcb, 0x10, 0x0c, 0xf2, 0x2c, 0xf2, 0x2c, 0xfe, 0x77, 0xbf, 0x0c, 0x0d, 0xdb, 0x36, 0xa2, 0x41, 0xc8, 0x10, 0x0d, 0xbe, 
0x47, 0xf8, 0xdd, 0x01, 0xbe, 0x47, 0xc8, 0x10, 0x0d, 0xab, 0x2a, 0xab, 0x2a, 0xcc, 0xb3, 0x01, 0x4b, 0x0d, 0x94, 0x78, 
0x90, 0x9f, 0x02, 0x94, 0x78, 0xbf, 0x0c, 0x0d, 0x8f, 0x0c, 0xba, 0x52, 0x4a, 0x0d, 0xa0, 0x10, 0xf8, 0x51, 0xa0, 0x10, 
0x4b, 0x0d, 0xa3, 0x8a, 0x01, 0x93, 0x86, 0x01, 0xa3, 0x8a, 0x01, 0xc8, 0x10, 0x0d, 0xf0, 0x37, 0xda, 0xdb, 0x01, 0x82, 
0x47, 0xc1, 0x0a, 0x0d, 0xfc, 0x96, 0x01, 0xd4, 0xb1, 0x01, 0x00, 0x4a, 0x0d, 0xf6, 0x08, 0xf6, 0x08, 0xf2, 0x9f, 0x01, 
0xd2, 0x0a, 0x1d, 0x89, 0x8b, 0x02, 0x89, 0x8b, 0x02, 0xbf, 0x50, 0x00, 0xc1, 0x0a, 0x0d, 0x90, 0xef, 0x01, 0x90, 0xef, 
0x01, 0x03, 0x4a, 0x0d, 0x8f, 0x83, 0x01, 0xd8, 0x38, 0x8f, 0x83, 0x01, 0xc1, 0x0a, 0x0d, 0xef, 0x7c, 0xef, 0x10, 0x00, 
0x4b, 0x0d, 0xd8, 0xd4, 0x01, 0xd8, 0xd4, 0x01, 0xe8, 0x57, 0xd2, 0x0a, 0x1d, 0xf9, 0x4f, 0xf9, 0x4f, 0xee, 0x73, 0x00, 
0xc1, 0x0a, 0x0d, 0xa2, 0x4e, 0xa2, 0x4e, 0x00, 0xc3, 0x10, 0x0d, 0xf1, 0x7e, 0xe0, 0xb3, 0x01, 0xad, 0x7a, 0xc1, 0x0a, 
0x0d, 0x97, 0x49, 0xe7, 0x79, 0x03, 0x4a, 0x0d, 0xb0, 0x93, 0x01, 0x98, 0x4a, 0xb0, 0x93, 0x01, 0x4b, 0x0d, 0x87, 0x22, 
0xe1, 0x56, 0x87, 0x22, 0xc0, 0x10, 0x0c, 0xf4, 0x30, 0xb0, 0x41, 0xdc, 0xe6, 0x01, 0xbf, 0x0c, 0x0d, 0xd8, 0x54, 0xd8, 
0x54, 0x4a, 0x0d, 0xe7, 0x13, 0xbe, 0x71, 0xe7, 0x13, 0xc3, 0x10, 0x0d, 0xc1, 0x69, 0x92, 0xe4, 0x01, 0xc1, 0x69, 0x4a, 
0x0d, 0x8b, 0x50, 0x8b, 0x50, 0xbe, 0x29, 0x4b, 0x0d, 0xd5, 0x2d, 0xa1, 0xcc, 0x01, 0xd5, 0x2d, 0x23, 0x8f, 0x05, 0xb2, 
0x77, 0xc2, 0x26, 0x91, 0x14, 0x8b, 0x14, 0x22, 0x00, 0xf2, 0x01, 0x3f, 0x0d, 0xe0, 0x71, 0x92, 0xe9, 0x01, 0x23, 0x8f, 
0x05, 0xaa, 0x28, 0xc2, 0x26, 0x91, 0x14, 0x8e, 0x14, 0x22, 0x00, 0xaa, 0x28, 0xc1, 0x0a, 0x0d, 0xf9, 0x90, 0x02, 0xbd, 
0x7d, 0x01, 0x3f, 0x0d, 0xe6, 0xd9, 0x01, 0xe6, 0xd9, 0x01, 0xd2, 0x0a, 0x1d, 0xe1, 0x3d, 0xe1, 0x3d, 0xc6, 0x1e, 0x01, 
0x13, 0x9b, 0x05, 0xab, 0x1f, 0xc2, 0x26, 0x8b, 0x14, 0x22, 0x00, 0xab, 0x1f, 0x22, 0xc6, 0xb1, 0x01, 0x80, 0x06, 0x8d, 
0x1e, 0x88, 0x06, 0xc6, 0x06, 0x08, 0xbb, 0x9e, 0x01, 0x00, 0x8b, 0x03, 0xa7, 0x06, 0x95, 0x05, 0x9d, 0x04, 0xa7, 0x06, 
0x17, 0xd4, 0x16, 0xa7, 0x06, 0x1d, 0xd7, 0x12, 0x18, 0xe2, 0x9e, 0x02, 0xc1, 0x0a, 0x0d, 0xd3, 0xaf, 0x01, 0x8e, 0x6f, 
0x03, 0xce, 0x16, 0x09, 0xa0, 0x4a, 0xa0, 0x4a, 0x96, 0xd8, 0x01, 0xa7, 0x1e, 0xfe, 0x24, 0x00, 0xba, 0x1e, 0x00, 0xbc, 
0x9c, 0x01, 0xfe, 0x24, 0x18, 0xbb, 0x9c, 0x01, 0xc1, 0x0a, 0x0d, 0xce, 0xd7, 0x01, 0xc0, 0xf4, 0x01, 0x00, 0xc1, 0x0a, 
0x0b, 0xf5, 0x9d, 0x01, 0xf2, 0x43, 0x00, 0x01, 0x18, 0xc6, 0x7b, 0x8c, 0xd6, 0x01, 0x33, 0xcd, 0x05, 0xec, 0x57, 0xc4, 
0x1b, 0x8b, 0x14, 0xe5, 0x4e, 0x8b, 0x14, 0x01, 0x50, 0xd7, 0x0f, 0xd7, 0x0f, 0xb4, 0x0a, 0x56, 0xb5, 0xbc, 0x01, 0x52, 
0x58, 0x00, 0x00, 0xc1, 0x0a, 0x0d, 0xd8, 0x9c, 0x01, 0xb6, 0x28, 0x00, 0xc1, 0x0a, 0x18, 0xdb, 0x85, 0x01, 0xfc, 0x16, 
0x00, 0xce, 0x10, 0x18, 0x96, 0x74, 0x96, 0x74, 0xc5, 0x11, 0xc1, 0x0a, 0x0d, 0xbe, 0x14, 0xae, 0x2b, 0x01, 0xc1, 0x0a, 
0x18, 0x8d, 0x0b, 0xc2, 0x94, 0x01, 0x01, 0xce, 0x10, 0x18, 0xad, 0x09, 0xad, 0x09, 0xbb, 0x14, 0xc1, 0x0a, 0x0d, 0xbe, 
0x14, 0xb0, 0x2b, 0x02, 0xc1, 0x0a, 0x18, 0x8d, 0x0b, 0xc4, 0x94, 0x01, 0x02, 0xce, 0x10, 0x18, 0xee, 0x04, 0xee, 0x04, 
0x9f, 0x06, 0xc1, 0x0a, 0x18, 0xaf, 0x7f, 0x82, 0x1a, 0x03, 0x4b, 0x18, 0x95, 0x0d, 0xc5, 0x8c, 0x01, 0x95, 0x0d, 0x4b, 
0x18, 0xaa, 0x54, 0xfd, 0x29, 0xaa, 0x54, 0x4b, 0x18, 0x96, 0x2f, 0x9a, 0x05, 0x96, 0x2f, 0xce, 0x10, 0x18, 0xb1, 0x09, 
0xb1, 0x09, 0xd7, 0x0f, 0xc1, 0x0a, 0x0d, 0xf7, 0xc4, 0x01, 0xf0, 0x1f, 0x01, 0xc1, 0x0a, 0x0b, 0xdc, 0x7e, 0xf4, 0x8b, 
0x01, 0x01, 0x01, 0x18, 0xc6, 0x33, 0x8e, 0xd6, 0x01, 0x33, 0xcd, 0x05, 0xec, 0x57, 0xc4, 0x1b, 0x8b, 0x14, 0xe6, 0x72, 
0x8b, 0x14, 0x01, 0x50, 0xd7, 0x0f, 0xd7, 0x0f, 0xb4, 0x0a, 0x56, 0xb5, 0xbc, 0x01, 0x53, 0x58, 0x00, 0x00, 0xc1, 0x0a, 
0x0d, 0xd8, 0x9c, 0x01, 0xb6, 0x28, 0x00, 0xc1, 0x0a, 0x18, 0xdb, 0x85, 0x01, 0xfc, 0x16, 0x00, 0xce, 0x10, 0x18, 0x98, 
0x74, 0x98, 0x74, 0xc3, 0x11, 0xc1, 0x0a, 0x0d, 0xbe, 0x14, 0xb0, 0x2b, 0x01, 0xc1, 0x0a, 0x18, 0x8d, 0x0b, 0xc4, 0x94, 
0x01, 0x01, 0xce, 0x10, 0x18, 0xad, 0x09, 0xad, 0x09, 0xbb, 0x14, 0xc1, 0x0a, 0x0d, 0xbe, 0x14, 0xb2, 0x2b, 0x02, 0xc1, 
0x0a, 0x18, 0x8d, 0x0b, 0xc6, 0x94, 0x01, 0x02, 0xce, 0x10, 0x18, 0xec, 0x04, 0xec, 0x04, 0xa1, 0x06, 0xc1, 0x0a, 0x18, 
0xaf, 0x7f, 0x82, 0x1a, 0x03, 0x4b, 0x18, 0x95, 0x0d, 0xc5, 0x8c, 0x01, 0x95, 0x0d, 0x4b, 0x18, 0xaa, 0x54, 0xff, 0x29, 
0xaa, 0x54, 0x4b, 0x18, 0xb4, 0x3d, 0xb6, 0x13, 0xb4, 0x3d, 0xce, 0x10, 0x18, 0xb1, 0x99, 0x01, 0xb1, 0x99, 0x01, 0x98, 
0x43, 0x4b, 0x18, 0x9b, 0x31, 0xfb, 0xb2, 0x01, 0x9b, 0x31, 0xc1, 0x0a, 0x0d, 0xe4, 0x31, 0xd0, 0x63, 0x02, 0xc1, 0x0a, 
0x0b, 0xbe, 0x2e, 0xb6, 0x7f, 0x02, 0x01, 0x18, 0x86, 0x40, 0x90, 0xd6, 0x01, 0x33, 0xcd, 0x05, 0xec, 0x57, 0xc4, 0x1b, 
0x8b, 0x14, 0xc7, 0x6c, 0x8b, 0x14, 0x01, 0x50, 0xd7, 0x0f, 0xd7, 0x0f, 0xb4, 0x0a, 0x56, 0xb5, 0xbc, 0x01, 0x54, 0x58, 
0x00, 0x00, 0xc1, 0x0a, 0x0d, 0xd8, 0x9c, 0x01, 0xb6, 0x28, 0x00, 0xc1, 0x0a, 0x18, 0xdb, 0x85, 0x01, 0xfc, 0x16, 0x00, 
0xce, 0x10, 0x18, 0x9a, 0x74, 0x9a, 0x74, 0xc1, 0x11, 0xc1, 0x0a, 0x0d, 0xbe, 0x14, 0xb2, 0x2b, 0x01, 0xc1, 0x0a, 0x18, 
0x8d, 0x0b, 0xc6, 0x94, 0x01, 0x01, 0xce, 0x10, 0x18, 0xad, 0x09, 0xad, 0x09, 0xbb, 0x14, 0xc1, 0x0a, 0x0d, 0xbe, 0x14, 
0xb4, 0x2b, 0x02, 0xc1, 0x0a, 0x18, 0x8d, 0x0b, 0xc8, 0x94, 0x01, 0x02, 0xce, 0x10, 0x18, 0xea, 0x04, 0xea, 0x04, 0xa3, 
0x06, 0xc1, 0x0a, 0x18, 0xaf, 0x7f, 0x82, 0x1a, 0x03, 0x4b, 0x18, 0x95, 0x0d, 0xc5, 0x8c, 0x01, 0x95, 0x0d, 0x4b, 0x18, 
0xaa, 0x54, 0x81, 0x2a, 0xaa, 0x54, 0x4b, 0x18, 0xb4, 0x3d, 0xb4, 0x13, 0xb4, 0x3d, 0xce, 0x10, 0x18, 0xb1, 0x99, 0x01, 
0xb1, 0x99, 0x01, 0x45, 0x4b, 0x18, 0x95, 0x37, 0xf7, 0x05, 0x95, 0x37, 0xc1, 0x0a, 0x0b, 0xfc, 0x6e, 0x98, 0x88, 0x01, 
0x03, 0x01, 0x18, 0xd6, 0x9b, 0x01, 0xc2, 0xba, 0x02, 0x33, 0xcd, 0x05, 0xc3, 0x0c, 0xc4, 0x1b, 0x8b, 0x14, 0xf8, 0x70, 
0x8b, 0x14, 0x01, 0x50, 0xd7, 0x0f, 0xd7, 0x0f, 0xb4, 0x0a, 0x56, 0xb5, 0xbc, 0x01, 0x55, 0x58, 0x00, 0x00, 0xc1, 0x0a, 
0x0d, 0xd8, 0x9c, 0x01, 0xf9, 0x3b, 0x00, 0xc1, 0x0a, 0x18, 0xdb, 0x85, 0x01, 0xfc, 0x16, 0x00, 0xce, 0x10, 0x18, 0x9c, 
0x74, 0x9c, 0x74, 0xbf, 0x11, 0xc1, 0x0a, 0x0d, 0xbe, 0x14, 0xfb, 0x38, 0x01, 0xc1, 0x0a, 0x18, 0x8d, 0x0b, 0xc8, 0x94, 
0x01, 0x01, 0xce, 0x10, 0x18, 0xad, 0x09, 0xad, 0x09, 0xbb, 0x14, 0xc1, 0x0a, 0x0d, 0xbe, 0x14, 0xf9, 0x38, 0x02, 0xc1, 
0x0a, 0x18, 0x8d, 0x0b, 0xca, 0x94, 0x01, 0x02, 0xce, 0x10, 0x18, 0xe8, 0x04, 0xe8, 0x04, 0xa5, 0x06, 0xc1, 0x0a, 0x18, 
0xaf, 0x7f, 0x82, 0x1a, 0x03, 0x4b, 0x18, 0x95, 0x0d, 0xc5, 0x8c, 0x01, 0x95, 0x0d, 0x4b, 0x18, 0xaa, 0x54, 0x83, 0x2a, 
0xaa, 0x54, 0x4b, 0x18, 0xb4, 0x3d, 0xb2, 0x13, 0xb4, 0x3d, 0xce, 0x10, 0x18, 0x87, 0x9f, 0x01, 0x87, 0x9f, 0x01, 0xd7, 
0x11, 0x4b, 0x18, 0xec, 0x3a, 0xae, 0x6c, 0xec, 0x3a, 0x22, 0x9e, 0x9c, 0x01, 0x00, 0x8d, 0x1e, 0x18, 0xf1, 0x03, 0xc1, 
0x0a, 0x0d, 0xbe, 0x53, 0xee, 0xe7, 0x01, 0x00, 0xc1, 0x0a, 0x0b, 0xa1, 0x91, 0x01, 0xf4, 0x43, 0x00, 0x01, 0x18, 0xca, 
0x7b, 0x92, 0xd6, 0x01, 0x33, 0xcd, 0x05, 0xee, 0x57, 0xc4, 0x1b, 0x8b, 0x14, 0xe6, 0x4e, 0x8b, 0x14, 0x01, 0x50, 0xd7, 
0x0f, 0xd7, 0x0f, 0xb4, 0x0a, 0x56, 0xb5, 0xbc, 0x01, 0x56, 0x58, 0x00, 0x00, 0xc1, 0x0a, 0x0d, 0xd8, 0x9c, 0x01, 0xb8, 
0x28, 0x00, 0xc1, 0x0a, 0x18, 0xdb, 0x85, 0x01, 0xfc, 0x16, 0x00, 0xce, 0x10, 0x18, 0x9e, 0x74, 0x9e, 0x74, 0xbd, 0x11, 
0xc1, 0x0a, 0x0d, 0xbe, 0x14, 0xb8, 0x2b, 0x01, 0xc1, 0x0a, 0x18, 0x8d, 0x0b, 0xca, 0x94, 0x01, 0x01, 0xce, 0x10, 0x18, 
0xad, 0x09, 0xad, 0x09, 0xbb, 0x14, 0xc1, 0x0a, 0x0d, 0xbe, 0x14, 0xba, 0x2b, 0x02, 0xc1, 0x0a, 0x18, 0x8d, 0x0b, 0xcc, 
0x94, 0x01, 0x02, 0xce, 0x10, 0x18, 0xe6, 0x04, 0xe6, 0x04, 0xa7, 0x06, 0xc1, 0x0a, 0x18, 0xaf, 0x7f, 0x82, 0x1a, 0x03, 
0x4b, 0x18, 0x95, 0x0d, 0xc5, 0x8c, 0x01, 0x95, 0x0d, 0x4b, 0x18, 0xaa, 0x54, 0x85, 0x2a, 0xaa, 0x54, 0x4b, 0x18, 0x90, 
0x2f, 0x8c, 0x05, 0x90, 0x2f, 0xce, 0x10, 0x18, 0xb1, 0x09, 0xb1, 0x09, 0x83, 0x03, 0xc1, 0x0a, 0x0d, 0xf7, 0xc4, 0x01, 
0xf2, 0x1f, 0x01, 0xc1, 0x0a, 0x0b, 0xdc, 0x7e, 0xf6, 0x8b, 0x01, 0x01, 0x01, 0x18, 0xca, 0x33, 0x94, 0xd6, 0x01, 0x33, 
0xcd, 0x05, 0xee, 0x57, 0xc4, 0x1b, 0x8b, 0x14, 0xe7, 0x72, 0x8b, 0x14, 0x01, 0x50, 0xd7, 0x0f, 0xd7, 0x0f, 0xb4, 0x0a, 
0x56, 0xb5, 0xbc, 0x01, 0x57, 0x58, 0x00, 0x00, 0xc1, 0x0a, 0x0d, 0xd8, 0x9c, 0x01, 0xb8, 0x28, 0x00, 0xc1, 0x0a, 0x18, 
0xdb, 0x85, 0x01, 0xfc, 0x16, 0x00, 0xce, 0x10, 0x18, 0xa0, 0x74, 0xa0, 0x74, 0xbb, 0x11, 0xc1, 0x0a, 0x0d, 0xbe, 0x14, 
0xba, 0x2b, 0x01, 0xc1, 0x0a, 0x18, 0x8d, 0x0b, 0xcc, 0x94, 0x01, 0x01, 0xce, 0x10, 0x18, 0xad, 0x09, 0xad, 0x09, 0xbb, 
0x14, 0xc1, 0x0a, 0x0d, 0xbe, 0x14, 0xbc, 0x2b, 0x02, 0xc1, 0x0a, 0x18, 0x8d, 0x0b, 0xce, 0x94, 0x01, 0x02, 0xce, 0x10, 
0x18, 0xe4, 0x04, 0xe4, 0x04, 0xa9, 0x06, 0xc1, 0x0a, 0x18, 0xaf, 0x7f, 0x82, 0x1a, 0x03, 0x4b, 0x18, 0x95, 0x0d, 0xc5, 
0x8c, 0x01, 0x95, 0x0d, 0x4b, 0x18, 0xaa, 0x54, 0x87, 0x2a, 0xaa, 0x54, 0x4b, 0x18, 0xb2, 0x3d, 0xac, 0x13, 0xb2, 0x3d, 
0xce, 0x10, 0x18, 0xb3, 0x99, 0x01, 0xb3, 0x99, 0x01, 0x9a, 0x43, 0x4b, 0x18, 0x9d, 0x31, 0xfb, 0xb2, 0x01, 0x9d, 0x31, 
0xc1, 0x0a, 0x0d, 0xe4, 0x31, 0xd2, 0x63, 0x02, 0xc1, 0x0a, 0x0b, 0xbe, 0x2e, 0xb8, 0x7f, 0x02, 0x01, 0x18, 0x8a, 0x40, 
0x96, 0xd6, 0x01, 0x33, 0xcd, 0x05, 0xee, 0x57, 0xc4, 0x1b, 0x8b, 0x14, 0xc8, 0x6c, 0x8b, 0x14, 0x01, 0x50, 0xd7, 0x0f, 
0xd7, 0x0f, 0xb4, 0x0a, 0x56, 0xb5, 0xbc, 0x01, 0x58, 0x58, 0x00, 0x00, 0xc1, 0x0a, 0x0d, 0xd8, 0x9c, 0x01, 0xb8, 0x28, 
0x00, 0xc1, 0x0a, 0x18, 0xdb, 0x85, 0x01, 0xfc, 0x16, 0x00, 0xce, 0x10, 0x18, 0xa2, 0x74, 0xa2, 0x74, 0xb9, 0x11, 0xc1, 
0x0a, 0x0d, 0xbe, 0x14, 0xbc, 0x2b, 0x01, 0xc1, 0x0a, 0x18, 0x8d, 0x0b, 0xce, 0x94, 0x01, 0x01, 0xce, 0x10, 0x18, 0xad, 
0x09, 0xad, 0x09, 0xbb, 0x14, 0xc1, 0x0a, 0x0d, 0xbe, 0x14, 0xbe, 0x2b, 0x02, 0xc1, 0x0a, 0x18, 0x8d, 0x0b, 0xd0, 0x94, 
0x01, 0x02, 0xce, 0x10, 0x18, 0xe2, 0x04, 0xe2, 0x04, 0xab, 0x06, 0xc1, 0x0a, 0x18, 0xaf, 0x7f, 0x82, 0x1a, 0x03, 0x4b, 
0x18, 0x95, 0x0d, 0xc5, 0x8c, 0x01, 0x95, 0x0d, 0x4b, 0x18, 0xaa, 0x54, 0x89, 0x2a, 0xaa, 0x54, 0x4b, 0x18, 0xb2, 0x3d, 
0xaa, 0x13, 0xb2, 0x3d, 0xce, 0x10, 0x18, 0xe5, 0x8b, 0x01, 0xe5, 0x8b, 0x01, 0x8a, 0x0d, 0x4b, 0x18, 0xce, 0x7d, 0xbc, 
0xbc, 0x01, 0xce, 0x7d, 0x3f, 0x0d, 0xba, 0x08, 0xd6, 0x87, 0x01, 0xc3, 0x10, 0x0d, 0xdd, 0x42, 0xdd, 0x42, 0xf2, 0xf8, 
0x01, 0xbd, 0x0c, 0x0b, 0x88, 0x53, 0x88, 0x53, 0xc1, 0x0a, 0x0b, 0xf7, 0x4f, 0xbe, 0xa4, 0x01, 0x03, 0xc2, 0x10, 0x0b, 
0x8c, 0x45, 0x8c, 0x45, 0xfc, 0x9a, 0x02, 0xc0, 0x10, 0x0b, 0xfc, 0x43, 0x90, 0x39, 0xfc, 0x43, 0x99, 0x1e, 0xca, 0x1a, 
0x18, 0xc9, 0x1a, 0xe5, 0x1e, 0x18, 0xf9, 0xa1, 0x01, 0x55, 0x4d, 0x00, 0x00, 0xd8, 0x36, 0x00, 0x00, 0x4f, 0x3c, 0x00, 
0x00, 0x47, 0x4a, 0x00, 0x00, 0xe5, 0x1e, 0x0b, 0x95, 0x29, 0x87, 0x53, 0x00, 0x00, 0xd8, 0x36, 0x00, 0x00, 0x83, 0x34, 
0x00, 0x00, 0x47, 0x4a, 0x00, 0x00, 0xc0, 0x16, 0x09, 0x92, 0x10, 0x92, 0x10, 0xc7, 0xd5, 0x01, 0xb6, 0x1e, 0x87, 0x58, 
0xb7, 0x77, 0x00, 0xba, 0x1e, 0x00, 0xb7, 0x77, 0x87, 0x58, 0x18, 0xb8, 0x77, 0xc9, 0x10, 0x0b, 0xa7, 0xc2, 0x01, 0xdd, 
0x3a, 0xde, 0x3c, 0xbc, 0x0e, 0x0c, 0xae, 0x5d, 0xae, 0x5d, 0xc6, 0x10, 0x0b, 0xb5, 0x3c, 0xe5, 0x19, 0xd6, 0x5d, 0xbc, 
0x0e, 0x0c, 0xaa, 0xf6, 0x01, 0xaa, 0xf6, 0x01, 0xc0, 0x0a, 0x12, 0xab, 0xc3, 0x01, 0xb7, 0x09, 0xab, 0xc3, 0x01, 0x01, 
0xfe, 0x03, 0xc4, 0xca, 0x01, 0xe2, 0xbe, 0x02, 0xb4, 0x0c, 0x97, 0x01, 0xbf, 0xbb, 0x01, 0xbf, 0xbb, 0x01, 0xef, 0x0a, 
0x1d, 0x85, 0x41, 0x85, 0x41, 0x81, 0x32, 0x02, 0x8b, 0x14, 0x2d, 0x13, 0xfa, 0xdf, 0x01, 0xfa, 0xdf, 0x01, 0xfa, 0xdf, 
0x01, 0x10, 0xc1, 0x0a, 0x0d, 0xb2, 0x06, 0xb2, 0x06, 0x00, 0xbd, 0x0c, 0x0b, 0xe6, 0x0d, 0xe6, 0x0d, 0x01, 0x18, 0x83, 
0xda, 0x01, 0xe4, 0x5f, 0x33, 0xcd, 0x05, 0xd3, 0x29, 0xc4, 0x1b, 0x8b, 0x14, 0xb6, 0xbe, 0x01, 0x8b, 0x14, 0x01, 0x50, 
0x9e, 0xe8, 0x01, 0x9e, 0xe8, 0x01, 0xb4, 0x0a, 0x56, 0xb5, 0xbc, 0x01, 0x59, 0x58, 0x00, 0x00, 0xc1, 0x0a, 0x0d, 0xd8, 
0x9c, 0x01, 0xec, 0x9e, 0x01, 0x00, 0xc1, 0x0a, 0x18, 0xdb, 0x85, 0x01, 0xfc, 0x16, 0x00, 0xce, 0x10, 0x18, 0xa4, 0x74, 
0xa4, 0x74, 0xb7, 0x11, 0xc1, 0x0a, 0x0d, 0xbe, 0x14, 0xf2, 0xa1, 0x01, 0x01, 0xc1, 0x0a, 0x18, 0x8d, 0x0b, 0xd0, 0x94, 
0x01, 0x01, 0xce, 0x10, 0x18, 0xad, 0x09, 0xad, 0x09, 0xbb, 0x14, 0xc1, 0x0a, 0x0d, 0xbe, 0x14, 0xf4, 0xa1, 0x01, 0x02, 
0xc1, 0x0a, 0x18, 0x8d, 0x0b, 0xd2, 0x94, 0x01, 0x02, 0xce, 0x10, 0x18, 0xe0, 0x04, 0xe0, 0x04, 0xad, 0x06, 0xc1, 0x0a, 
0x18, 0xaf, 0x7f, 0x82, 0x1a, 0x03, 0x4b, 0x18, 0x95, 0x0d, 0xc5, 0x8c, 0x01, 0x95, 0x0d, 0x4b, 0x18, 0x8e, 0x42, 0xa7, 
0x3c, 0x8e, 0x42, 0x4b, 0x18, 0xd9, 0x31, 0xff, 0x6d, 0xd9, 0x31, 0xc1, 0x0a, 0x0d, 0x9a, 0x75, 0x9d, 0x31, 0x01, 0xce, 
0x10, 0x18, 0xe5, 0x16, 0xb4, 0x5e, 0xe5, 0x16, 0x4b, 0x18, 0xb1, 0x2f, 0xc4, 0x26, 0xb1, 0x2f, 0xc0, 0x10, 0x0b, 0x97, 
0x1f, 0xc2, 0x30, 0xea, 0xa9, 0x01, 0x99, 0x1e, 0xcd, 0x9a, 0x01, 0x18, 0xd8, 0x37, 0x22, 0xda, 0xc6, 0x01, 0x84, 0x3f, 
0x8d, 0x1e, 0x88, 0x06, 0x00, 0x00, 0x00, 0x00, 0x17, 0x1f, 0x00, 0x00, 0x00, 0x00, 0x00, 0x00, 0x4c, 0x4f, 0x4d, 0x53, 
0x00, 0x03, 0x01, 0x00, 0x0b, 0x00, 0x08, 0x00, 0x8f, 0x62, 0x00, 0x00, 0x00, 0x00, 0x00, 0x00, 0x30, 0x4a, 0x00, 0x00, 
0x91, 0x02, 0x01, 0xd1, 0x10, 0x02, 0x47, 0x4c, 0x53, 0x4c, 0x2e, 0x73, 0x74, 0x64, 0x2e, 0x34, 0x35, 0x30, 0x00, 0x00, 
0x00, 0x00, 0xa0, 0x04, 0x00, 0x01, 0xff, 0x0e, 0x04, 0x9f, 0x2c, 0xed, 0xc2, 0xa5, 0xf3, 0x06, 0x00, 0x84, 0x28, 0xab, 
0x22, 0xbf, 0x1c, 0xa0, 0x02, 0x9f, 0x2c, 0x07, 0x00, 0xf4, 0x39, 0x00, 0x10, 0x91, 0x30, 0x06, 0x40, 0x10, 0x02, 0x06, 
0x40, 0x10, 0x96, 0x0f, 0x06, 0x10, 0x10, 0xd4, 0x04, 0x06, 0x10, 0x10, 0x02, 0x06, 0x10, 0x10, 0x02, 0x06, 0x10, 0x10, 
0x50, 0x06, 0x10, 0x00, 0xd1, 0x1b, 0x02, 0x37, 0x00, 0x95, 0x00, 0x05, 0x00, 0x07, 0x01, 0x10, 0x00, 0x23, 0x00, 0x01, 
0x05, 0x00, 0x07, 0x01, 0x10, 0x00, 0x23, 0x40, 0x01, 0x05, 0x00, 0x07, 0x01, 0x10, 0x00, 0x23, 0x40, 0x01, 0x05, 0x00, 
0x07, 0x01, 0x10, 0x00, 0x23, 0x40, 0x01, 0x05, 0x00, 0x07, 0x01, 0x10, 0x00, 0x23, 0x40, 0x01, 0x05, 0x00, 0x07, 0x01, 
0x10, 0x00, 0x23, 0x80, 0x02, 0x01, 0x05, 0x00, 0x07, 0x01, 0x10, 0x00, 0x23, 0x80, 0x02, 0x01, 0x05, 0x00, 0x07, 0x01, 
0x10, 0x00, 0x23, 0x40, 0x01, 0x05, 0x00, 0x07, 0x01, 0x10, 0x00, 0x23, 0x30, 0x01, 0x23, 0x40, 0x01, 0x23, 0x10, 0x01, 
0x23, 0x08, 0x01, 0x23, 0x04, 0x01, 0x23, 0x04, 0x01, 0x23, 0x10, 0x01, 0x23, 0x10, 0x01, 0x23, 0x08, 0x01, 0x23, 0x08, 
0x01, 0x23, 0x04, 0x01, 0x00, 0x00, 0x23, 0x04, 0x01, 0x23, 0x08, 0x01, 0x23, 0x04, 0x01, 0x23, 0x04, 0x01, 0x23, 0x04, 
0x01, 0x23, 0x04, 0x01, 0x23, 0x04, 0x01, 0x00, 0x00, 0x23, 0x04, 0x01, 0x00, 0x00, 0x23, 0x04, 0x01, 0x00, 0x00, 0x23, 
0x04, 0x01, 0x00, 0x00, 0x23, 0x10, 0x01, 0x00, 0x00, 0x23, 0x0c, 0x01, 0x00, 0x00, 0x23, 0x04, 0x01, 0x00, 0x00, 0x23, 
0x08, 0x01, 0x00, 0x00, 0x23, 0x04, 0x01, 0x00, 0x00, 0x23, 0x04, 0x01, 0x00, 0x00, 0x23, 0x04, 0x01, 0x23, 0x04, 0x01, 
0x00, 0x00, 0x23, 0x04, 0x01, 0x00, 0x00, 0x23, 0x04, 0x01, 0x23, 0x90, 0x01, 0x01, 0x00, 0x00, 0x23, 0x0c, 0x01, 0x23, 
0x04, 0x01, 0x23, 0x10, 0x01, 0x23, 0x10, 0x01, 0x00, 0x00, 0x23, 0x08, 0x01, 0x00, 0x00, 0x23, 0x04, 0x01, 0x23, 0x04, 
0x01, 0x00, 0x00, 0x23, 0x08, 0x01, 0x00, 0x00, 0x23, 0x04, 0x01, 0x23, 0x04, 0x01, 0x00, 0x00, 0x23, 0x10, 0x01, 0x00, 
0x00, 0x23, 0x04, 0x01, 0x23, 0x04, 0x01, 0x00, 0x00, 0x23, 0x08, 0x01, 0x23, 0x04, 0x01, 0x00, 0x00, 0x23, 0x04, 0x01, 
0x00, 0x00, 0x23, 0x04, 0x01, 0x23, 0x04, 0x01, 0x23, 0x0c, 0x01, 0x23, 0x04, 0x01, 0x23, 0x04, 0x01, 0x23, 0x04, 0x01, 
0x23, 0x04, 0x01, 0x23, 0x04, 0x01, 0x23, 0x0c, 0x01, 0x23, 0x04, 0x01, 0x23, 0x04, 0x01, 0x23, 0x04, 0x01, 0x23, 0x04, 
0x01, 0x05, 0x00, 0x07, 0x01, 0x10, 0x00, 0x23, 0x04, 0x01, 0x23, 0x30, 0x01, 0x23, 0x08, 0x01, 0x05, 0x00, 0x07, 0x01, 
0x10, 0x00, 0x23, 0x08, 0x01, 0x05, 0x00, 0x07, 0x01, 0x10, 0x00, 0x23, 0x40, 0x01, 0x00, 0x00, 0x23, 0x40, 0x01, 0x00, 
0x00, 0x23, 0x04, 0x01, 0x00, 0x00, 0x23, 0x04, 0x01, 0x00, 0x00, 0x23, 0x04, 0x01, 0x23, 0x04, 0x01, 0x23, 0x40, 0x01, 
0x00, 0x00, 0x23, 0x04, 0x01, 0x00, 0x00, 0x23, 0x04, 0x01, 0x00, 0x00, 0x23, 0x04, 0x01, 0x23, 0x04, 0x01, 0x23, 0x40, 
0x01, 0x00, 0x00, 0x23, 0x40, 0x01, 0x00, 0x00, 0x23, 0x04, 0x01, 0x00, 0x00, 0x23, 0x04, 0x01, 0x00, 0x00, 0x23, 0x04, 
0x01, 0x00, 0x00, 0x23, 0x04, 0x10, 0xba, 0x3c, 0x21, 0x00, 0x10, 0x00, 0x22, 0x00, 0x10, 0xfe, 0x10, 0x1e, 0x05, 0x10, 
0xb1, 0x0b, 0x1e, 0x06, 0x00, 0xc8, 0xc1, 0x02, 0x00, 0x00, 0x89, 0x9c, 0x02, 0x00, 0x00, 0xe6, 0xc0, 0x01, 0x00, 0x00, 
0xf3, 0x4f, 0x00, 0x00, 0xce, 0x2a, 0x00, 0x00, 0xc3, 0xf4, 0x01, 0x02, 0x47, 0x00, 0x06, 0x00, 0x23, 0x00, 0x01, 0x23, 
0x04, 0x01, 0x23, 0x04, 0x01, 0x23, 0x04, 0x01, 0x23, 0x04, 0x01, 0x23, 0x04, 0x10, 0xb4, 0x2d, 0x21, 0x00, 0x10, 0x00, 
0x22, 0x02, 0x10, 0xad, 0x0e, 0x21, 0x01, 0x10, 0x00, 0x22, 0x02, 0x10, 0xc4, 0x07, 0x21, 0x02, 0x10, 0x00, 0x22, 0x02, 
0x10, 0xa4, 0x01, 0x1e, 0x00, 0x00, 0x90, 0x0e, 0x00, 0x10, 0x00, 0x21, 0x0b, 0x10, 0x00, 0x22, 0x00, 0x93, 0x02, 0x0e, 
0xa1, 0x04, 0xf4, 0x13, 0x08, 0xa6, 0x02, 0xe9, 0x13, 0x20, 0xb7, 0x02, 0x16, 0x0d, 0x03, 0xb7, 0x02, 0x09, 0x0d, 0x02, 
0x94, 0x02, 0x13, 0xb7, 0x02, 0x28, 0x0d, 0x04, 0xfe, 0x02, 0xac, 0x13, 0x1d, 0x1d, 0x0d, 0x0d, 0x0d, 0x18, 0x3e, 0xfa, 
0x09, 0x07, 0xf3, 0x09, 0xb1, 0x04, 0xf7, 0x0e, 0x08, 0xf0, 0x0e, 0x3e, 0xbd, 0x04, 0x07, 0x18, 0x89, 0x03, 0xf9, 0x07, 
0x0d, 0x03, 0x00, 0x00, 0x00, 0x01, 0x00, 0xab, 0x02, 0xcc, 0x05, 0x98, 0x01, 0x3e, 0xfa, 0x09, 0x00, 0xfe, 0x03, 0xc1, 
0x04, 0xbc, 0x0a, 0x1d, 0x95, 0x05, 0xfb, 0x08, 0x3e, 0x9d, 0x12, 0x07, 0x0d, 0x89, 0x03, 0xe7, 0x07, 0x0d, 0x01, 0x00, 
0x00, 0x00, 0x01, 0x00, 0xab, 0x02, 0xd2, 0x05, 0x96, 0x01, 0x3e, 0xfa, 0x09, 0x00, 0xff, 0x03, 0x3e, 0xc3, 0x07, 0x07, 
0x1d, 0xb5, 0x02, 0x9b, 0x0a, 0x20, 0x01, 0xb8, 0x02, 0xb2, 0x01, 0x1d, 0x04, 0xb8, 0x02, 0x3d, 0x18, 0x03, 0xb5, 0x02, 
0x75, 0x20, 0x00, 0xbb, 0x04, 0x0c, 0x80, 0x28, 0x00, 0x00, 0x00, 0x00, 0x3e, 0xd1, 0x1c, 0x02, 0x65, 0xbb, 0x04, 0x0c, 
0xd8, 0x1c, 0x01, 0x00, 0x00, 0x00, 0x3e, 0x95, 0x1d, 0x02, 0x46, 0xbb, 0x04, 0x0c, 0x9c, 0x1d, 0x02, 0x00, 0x00, 0x00, 
0xbb, 0x04, 0x0c, 0x06, 0x03, 0x00, 0x00, 0x00, 0xbb, 0x04, 0x0c, 0x06, 0x04, 0x00, 0x00, 0x00, 0x3e, 0x97, 0x1e, 0x06, 
0x0d, 0x3e, 0x02, 0x02, 0x0d, 0xbb, 0x04, 0x0b, 0x94, 0x1e, 0x04, 0x00, 0x00, 0x00, 0xbc, 0x02, 0xc9, 0x1e, 0x65, 0x96, 
0x14, 0xbc, 0x02, 0x02, 0x65, 0x96, 0x14, 0xb7, 0x02, 0xbb, 0x09, 0x0b, 0x03, 0xbb, 0x04, 0x0b, 0xa2, 0x28, 0x09, 0x00, 
0x00, 0x00, 0xbc, 0x02, 0xcf, 0x0f, 0x18, 0xa5, 0x14, 0xbc, 0x02, 0xd4, 0x04, 0x1d, 0x96, 0x14, 0xbc, 0x02, 0x02, 0x1d, 
0x96, 0x14, 0xbc, 0x02, 0x02, 0x1d, 0x96, 0x14, 0xbc, 0x02, 0x50, 0x1d, 0xa5, 0x14, 0xbe, 0x83, 0xc0, 0x02, 0xd1, 0x1b, 
0x65, 0x65, 0x65, 0x65, 0xf1, 0x04, 0xf2, 0x04, 0x65, 0x46, 0x65, 0x1d, 0x13, 0x0d, 0x0d, 0x1d, 0x1d, 0x13, 0x13, 0x0d, 
0x0d, 0x13, 0x0d, 0x0d, 0x0d, 0x0d, 0x0d, 0x0d, 0x0d, 0x0d, 0x1d, 0x14, 0x0c, 0x13, 0x0c, 0x0c, 0x0c, 0x0c, 0x0d, 0x0d, 
0xbd, 0x0c, 0x18, 0x0d, 0x1d, 0x1d, 0x13, 0x0c, 0x0d, 0x13, 0x0d, 0x0d, 0x1d, 0x0c, 0x0d, 0x13, 0x0d, 0x0d, 0x0d, 0x0b, 
0x18, 0x0d, 0x0d, 0x0b, 0x0d, 0x0d, 0x18, 0x0d, 0x0d, 0x0d, 0x0d, 0x0d, 0x46, 0x13, 0x13, 0x65, 0x65, 0x0d, 0x0d, 0x0d, 
0x0d, 0xe7, 0x0e, 0x0c, 0x0d, 0x0d, 0x0d, 0xe8, 0x0e, 0xe9, 0x0e, 0x0c, 0x0c, 0x0c, 0x0c, 0x91, 0x0f, 0x3e, 0xfa, 0x09, 
0x02, 0xa8, 0x01, 0x39, 0xa5, 0x06, 0xc0, 0x32, 0x02, 0x3e, 0xd3, 0x34, 0x02, 0x1d, 0x3e, 0x15, 0x01, 0x13, 0x39, 0x90, 
0x05, 0xe8, 0x45, 0x01, 0xbb, 0x04, 0x0b, 0xe1, 0x27, 0x03, 0x00, 0x00, 0x00, 0xbb, 0x04, 0x0d, 0x0d, 0x00, 0x00, 0x00, 
0x00, 0xbb, 0x04, 0x0d, 0x83, 0x26, 0x00, 0x00, 0x80, 0x3f, 0xec, 0x04, 0x1d, 0xf4, 0x11, 0xf4, 0x11, 0xf4, 0x11, 0xf4, 
0x11, 0xf4, 0x11, 0xec, 0x04, 0x1d, 0xd6, 0x19, 0xc6, 0x05, 0xc6, 0x05, 0xc6, 0x05, 0xca, 0x2b, 0x3e, 0xa5, 0x23, 0x01, 
0x1d, 0x39, 0x9c, 0x05, 0x9e, 0x3a, 0x01, 0xbb, 0x04, 0x0d, 0xdd, 0x40, 0x00, 0x00, 0x00, 0x3f, 0xbb, 0x04, 0x0c, 0xfa, 
0x26, 0x3a, 0x00, 0x00, 0x00, 0xec, 0x04, 0x1d, 0x82, 0x03, 0xdc, 0x05, 0xdc, 0x05, 0xdc, 0x05, 0xdc, 0x05, 0xbb, 0x04, 
0x0c, 0xe9, 0x02, 0x3e, 0x00, 0x00, 0x00, 0xbb, 0x04, 0x0c, 0x1d, 0x39, 0x00, 0x00, 0x00, 0x3e, 0xbf, 0x20, 0x02, 0x18, 
0xbb, 0x04, 0x0c, 0xd8, 0x20, 0x3d, 0x00, 0x00, 0x00, 0xbb, 0x04, 0x0b, 0xe3, 0x02, 0x02, 0x00, 0x00, 0x00, 0xbb, 0x04, 
0x0b, 0x05, 0x01, 0x00, 0x00, 0x00, 0xbb, 0x04, 0x0d, 0xb9, 0x09, 0x0a, 0xd7, 0xa3, 0x3a, 0xbb, 0x04, 0x0b, 0xb4, 0x09, 
0x00, 0x00, 0x00, 0x00, 0xbb, 0x04, 0x0c, 0xe4, 0x02, 0x3b, 0x00, 0x00, 0x00, 0xbb, 0x04, 0x0c, 0x18, 0x3f, 0x00, 0x00, 
0x00, 0xbb, 0x04, 0x0c, 0x06, 0x40, 0x00, 0x00, 0x00, 0xbb, 0x04, 0x0c, 0x12, 0x43, 0x00, 0x00, 0x00, 0xbb, 0x04, 0x0c, 
0x06, 0x44, 0x00, 0x00, 0x00, 0xbb, 0x04, 0x0c, 0x2f, 0x3c, 0x00, 0x00, 0x00, 0x3e, 0xed, 0x20, 0x02, 0x0b, 0xbb, 0x04, 
0x0c, 0xb6, 0x1e, 0x08, 0x00, 0x00, 0x00, 0xbb, 0x04, 0x0c, 0xa8, 0x01, 0x24, 0x00, 0x00, 0x00, 0xbb, 0x04, 0x0c, 0xb4, 
0x01, 0x42, 0x00, 0x00, 0x00, 0xbb, 0x04, 0x0c, 0x05, 0x41, 0x00, 0x00, 0x00, 0xbb, 0x04, 0x0c, 0x8f, 0x01, 0x29, 0x00, 
0x00, 0x00, 0xbb, 0x04, 0x0c, 0x0b, 0x27, 0x00, 0x00, 0x00, 0xbb, 0x04, 0x0d, 0xab, 0x05, 0x8c, 0xee, 0x2a, 0x47, 0xbb, 
0x04, 0x0d, 0x8a, 0x02, 0xcd, 0xcc, 0xcc, 0x3f, 0xbb, 0x04, 0x0d, 0xb5, 0x1a, 0x5c, 0x8f, 0xc2, 0x3e, 0xbb, 0x04, 0x0d, 
0xaa, 0x0f, 0xec, 0x51, 0x38, 0x3f, 0xbb, 0x04, 0x0d, 0x96, 0x07, 0x33, 0x33, 0x93, 0x3f, 0xbb, 0x04, 0x0d, 0xe8, 0x04, 
0xcd, 0xcc, 0x8c, 0x3f, 0xbb, 0x04, 0x0d, 0xb1, 0x0e, 0x00, 0x00, 0xa0, 0x3f, 0xbb, 0x04, 0x0d, 0x96, 0x10, 0xcd, 0xcc, 
0x0c, 0x3f, 0xbb, 0x04, 0x0d, 0x8c, 0x02, 0x66, 0x66, 0xc6, 0x3f, 0xfe, 0x02, 0xaf, 0x1a, 0x0d, 0x0d, 0x0d, 0x0d, 0x0d, 
0x0b, 0x3e, 0xfa, 0x09, 0x02, 0xc8, 0x08, 0x39, 0xc5, 0x0d, 0xba, 0x23, 0x02, 0xbb, 0x04, 0x0d, 0xa7, 0x2b, 0x8f, 0xc2, 
0x75, 0x3f, 0xbb, 0x04, 0x0d, 0x8c, 0x02, 0x66, 0x66, 0x66, 0x3f, 0xdc, 0x04, 0x18, 0x8f, 0x05, 0x84, 0x0e, 0x83, 0x03, 
0x8f, 0x05, 0xbb, 0x04, 0x0d, 0x9c, 0x09, 0x0a, 0xd7, 0x23, 0x3c, 0xbb, 0x04, 0x0d, 0x87, 0x0b, 0x00, 0x00, 0x08, 0x41, 
0xbb, 0x04, 0x0d, 0xa6, 0x1f, 0x00, 0x00, 0x80, 0x40, 0xbb, 0x04, 0x0d, 0xcb, 0x0f, 0x9a, 0x99, 0x99, 0x3f, 0xbb, 0x04, 
0x0d, 0x80, 0x03, 0xdb, 0x0f, 0x49, 0x40, 0xbb, 0x04, 0x0d, 0xe5, 0x08, 0xb8, 0x1e, 0x85, 0x3d, 0xbb, 0x04, 0x0d, 0x8a, 
0x10, 0x00, 0x00, 0x00, 0x42, 0xbb, 0x04, 0x0d, 0xdb, 0x06, 0x9a, 0x99, 0x99, 0x3e, 0xbb, 0x04, 0x0d, 0x83, 0x21, 0x00, 
0x00, 0x98, 0x41, 0xbb, 0x04, 0x0d, 0xd0, 0x1c, 0x00, 0x00, 0xd0, 0x41, 0xbb, 0x04, 0x0d, 0xc9, 0x10, 0x33, 0x33, 0x33, 
0x3f, 0xbb, 0x04, 0x0d, 0x07, 0x00, 0x00, 0x88, 0x41, 0xbb, 0x04, 0x0d, 0xd0, 0x1a, 0xe0, 0x2d, 0x10, 0x3b, 0xbb, 0x04, 
0x0d, 0xac, 0x07, 0x00, 0x00, 0x40, 0x40, 0xbb, 0x04, 0x0d, 0xcf, 0x24, 0xae, 0x47, 0x61, 0x3e, 0xbb, 0x04, 0x0d, 0x8e, 
0x20, 0x42, 0x60, 0x65, 0x3b, 0xbb, 0x04, 0x0d, 0x81, 0x17, 0x00, 0x00, 0x60, 0x41, 0xbb, 0x04, 0x0d, 0xe0, 0x19, 0x00, 
0x00, 0xc0, 0x40, 0xbb, 0x04, 0x0d, 0xff, 0x2b, 0x6f, 0x12, 0x83, 0x3a, 0xcc, 0x04, 0x13, 0xdc, 0x17, 0xc4, 0x14, 0xc4, 
0x14, 0xbb, 0x04, 0x0d, 0xcf, 0x13, 0xa6, 0x9b, 0x44, 0x3d, 0xbb, 0x04, 0x0d, 0xe4, 0x01, 0xa6, 0x9b, 0xc4, 0x3c, 0xbb, 
0x04, 0x0d, 0xac, 0x02, 0x29, 0x5c, 0x0f, 0x3d, 0xbb, 0x04, 0x0d, 0x94, 0x13, 0x8f, 0xc2, 0xf5, 0x3c, 0xbb, 0x04, 0x0d, 
0x86, 0x11, 0xf4, 0xfd, 0xd4, 0x3c, 0xdc, 0x04, 0x18, 0xe7, 0x29, 0xcd, 0x05, 0xe1, 0x18, 0xe7, 0x29, 0xbb, 0x04, 0x0d, 
0xae, 0x26, 0xa4, 0x70, 0x7d, 0x3f, 0x39, 0xfc, 0x08, 0xba, 0x06, 0x00, 0x39, 0x8b, 0x05, 0xce, 0x1b, 0x06, 0xbb, 0x04, 
0x0d, 0x81, 0x29, 0xec, 0x51, 0x38, 0x3d, 0xbb, 0x04, 0x0d, 0xf5, 0x0c, 0x0a, 0xd7, 0x23, 0x3d, 0xdc, 0x04, 0x18, 0x8b, 
0x06, 0x81, 0x13, 0x8b, 0x06, 0xe4, 0x06, 0xbb, 0x04, 0x0d, 0x9e, 0x11, 0xec, 0x51, 0xb8, 0x3d, 0xbb, 0x04, 0x0d, 0xf3, 
0x0c, 0x0a, 0xd7, 0xa3, 0x3d, 0xbb, 0x04, 0x0d, 0xf1, 0x0c, 0x29, 0x5c, 0x8f, 0x3d, 0xdc, 0x04, 0x18, 0x9e, 0x22, 0xb8, 
0x08, 0xac, 0x15, 0x9e, 0x22, 0xbb, 0x04, 0x0d, 0x81, 0x1b, 0x33, 0x33, 0xb3, 0x3e, 0xbb, 0x04, 0x0d, 0xff, 0x05, 0xa6, 
0x9b, 0x44, 0x3c, 0xbb, 0x04, 0x0d, 0xc6, 0x26, 0xf4, 0xfd, 0x54, 0x3c, 0xbb, 0x04, 0x0d, 0x85, 0x11, 0x8f, 0xc2, 0x75, 
0x3c, 0xdc, 0x04, 0x18, 0x9f, 0x1d, 0xdf, 0x07, 0xa5, 0x2e, 0x9f, 0x1d, 0xbb, 0x04, 0x0d, 0x21, 0x00, 0x00, 0x00, 0x40, 
0xcc, 0x04, 0x13, 0x8c, 0x1c, 0xd9, 0x0b, 0xd9, 0x0b, 0xbb, 0x04, 0x0d, 0xf9, 0x0c, 0x77, 0xbe, 0x7f, 0x3f, 0xbb, 0x04, 
0x0d, 0x80, 0x05, 0x34, 0x80, 0xb7, 0x3a, 0xbb, 0x04, 0x0d, 0x83, 0x04, 0x0a, 0xd7, 0xa3, 0x3e, 0xbb, 0x04, 0x0d, 0xdd, 
0x08, 0x00, 0x00, 0xb4, 0x43, 0xbb, 0x04, 0x0d, 0xe2, 0x18, 0xd0, 0x0f, 0x49, 0x40, 0xbb, 0x04, 0x0d, 0xc5, 0x1a, 0x00, 
0x00, 0x34, 0x44, 0xbb, 0x04, 0x0d, 0x8c, 0x26, 0xcd, 0xcc, 0x4c, 0x3e, 0xbb, 0x04, 0x0d, 0xb9, 0x28, 0x29, 0x5c, 0x8f, 
0x3e, 0xbb, 0x04, 0x0d, 0xbe, 0x22, 0x1f, 0x85, 0xeb, 0x3e, 0xcc, 0x04, 0x13, 0x83, 0x13, 0xba, 0x0f, 0x83, 0x13, 0xbb, 
0x04, 0x0d, 0xb2, 0x18, 0xe8, 0x4b, 0x7b, 0x3f, 0xbb, 0x04, 0x0d, 0x93, 0x0e, 0x6f, 0x63, 0x43, 0xbe, 0xbb, 0x04, 0x0d, 
0x82, 0x07, 0x1f, 0x85, 0x6b, 0x3f, 0x39, 0xfc, 0x08, 0xb0, 0x13, 0x00, 0xbb, 0x04, 0x0d, 0xc3, 0x12, 0x9a, 0x99, 0x99, 
0x3d, 0xbb, 0x04, 0x0d, 0xb7, 0x19, 0x33, 0x33, 0x73, 0x3f, 0xbb, 0x04, 0x0d, 0xbd, 0x07, 0xd7, 0xa3, 0x70, 0x3f, 0xdc, 
0x04, 0x18, 0xea, 0x08, 0xac, 0x01, 0xea, 0x08, 0x9f, 0x17, 0xbb, 0x04, 0x0d, 0x85, 0x04, 0x00, 0x00, 0x96, 0x44, 0xbb, 
0x04, 0x0d, 0xbd, 0x04, 0x00, 0x00, 0xc8, 0x43, 0xbb, 0x04, 0x0d, 0xf4, 0x25, 0x6f, 0x12, 0x03, 0x3c, 0xbb, 0x04, 0x0c, 
0xbd, 0x01, 0x11, 0x00, 0x00, 0x00, 0x3e, 0xc1, 0x1e, 0x03, 0x1d, 0x39, 0x9d, 0x05, 0xc4, 0x2e, 0x03, 0xbb, 0x04, 0x0c, 
0xc9, 0x0d, 0x45, 0x00, 0x00, 0x00, 0x39, 0xfb, 0x08, 0xda, 0x1b, 0x00, 0x3e, 0xf3, 0x3c, 0x03, 0x0d, 0xad, 0x06, 0x1d, 
0x95, 0x0a, 0xad, 0x06, 0x0d, 0x02, 0xad, 0x06, 0x18, 0x02, 0xad, 0x06, 0x18, 0x02, 0xad, 0x06, 0x0d, 0x02, 0xdc, 0x04, 
0x18, 0xcc, 0x28, 0x40, 0x40, 0x40, 0xdc, 0x04, 0x18, 0x27, 0x9c, 0x26, 0x9c, 0x26, 0x9c, 0x26, 0xbb, 0x04, 0x0d, 0x22, 
0x23, 0xdb, 0x79, 0x3f, 0xbb, 0x04, 0x0d, 0xbf, 0x0e, 0xe4, 0xa5, 0x1b, 0x3d, 0xbb, 0x04, 0x0d, 0xb6, 0x0d, 0xa2, 0x45, 
0x76, 0x3f, 0xcc, 0x04, 0x13, 0x67, 0xce, 0x0c, 0xce, 0x0c, 0xbb, 0x04, 0x0d, 0xe9, 0x08, 0x44, 0x8b, 0x6c, 0x3f, 0xcc, 
0x04, 0x13, 0xdf, 0x0b, 0xdf, 0x0b, 0xdf, 0x0b, 0xbb, 0x04, 0x0d, 0xea, 0x14, 0xe1, 0x7a, 0x74, 0x3f, 0xcc, 0x04, 0x13, 
0xa9, 0x04, 0xa9, 0x04, 0xa9, 0x04, 0xcc, 0x04, 0x13, 0xdb, 0x15, 0xc9, 0x07, 0x9d, 0x1b, 0xcc, 0x04, 0x13, 0x79, 0xec, 
0x09, 0xec, 0x09, 0xbb, 0x04, 0x0d, 0xdc, 0x02, 0x0a, 0xd7, 0x23, 0x3f, 0xcc, 0x04, 0x13, 0xef, 0x08, 0xef, 0x08, 0xef, 
0x08, 0xc6, 0x06, 0x08, 0xd2, 0x52, 0x00, 0x82, 0x0a, 0x18, 0xb6, 0x65, 0x39, 0xf0, 0x0e, 0xa4, 0x84, 0x01, 0x07, 0x39, 
0x95, 0x05, 0xe3, 0xe7, 0x01, 0x07, 0x13, 0x8c, 0x05, 0xa8, 0x9f, 0x02, 0xc5, 0x1f, 0xbe, 0x14, 0x01, 0x0d, 0x85, 0x0e, 
0x85, 0x0e, 0x22, 0xf2, 0x9f, 0x02, 0x00, 0x01, 0x1d, 0xc3, 0xc8, 0x01, 0xbc, 0x5e, 0x3d, 0x18, 0xcc, 0x25, 0xcc, 0x25, 
0xcc, 0x25, 0x18, 0x80, 0x0b, 0xf3, 0x09, 0xb0, 0x4f, 0x86, 0x84, 0x02, 0xb0, 0xea, 0x01, 0x82, 0x98, 0x02, 0x82, 0x98, 
0x02, 0x82, 0x98, 0x02, 0x84, 0x98, 0x02, 0x22, 0x89, 0x2a, 0x00, 0xc9, 0x06, 0x08, 0xdb, 0xa4, 0x01, 0xc4, 0x3f, 0xe5, 
0xce, 0x01, 0x01, 0xf3, 0x09, 0xec, 0x7c, 0xf9, 0x51, 0xc1, 0x0a, 0x1d, 0xbb, 0x04, 0xbb, 0x04, 0x00, 0x80, 0x0b, 0xf3, 
0x09, 0x99, 0x72, 0x99, 0x72, 0xc4, 0x79, 0xc2, 0x79, 0xc2, 0x79, 0xc2, 0x79, 0xc0, 0x79, 0xc1, 0x0a, 0x1d, 0xa2, 0x4f, 
0xa2, 0x4f, 0x00, 0x22, 0xec, 0x8f, 0x01, 0x00, 0x23, 0x9b, 0x05, 0xea, 0x90, 0x01, 0xc5, 0x1f, 0x8e, 0x14, 0x94, 0x14, 
0x01, 0x1d, 0xf1, 0xd8, 0x01, 0xf1, 0xd8, 0x01, 0x3d, 0x18, 0xac, 0xdc, 0x01, 0xac, 0xdc, 0x01, 0xac, 0xdc, 0x01, 0x18, 
0xc3, 0x10, 0x18, 0xf9, 0x95, 0x01, 0xc9, 0x01, 0xf9, 0x95, 0x01, 0x13, 0xc3, 0x05, 0xfe, 0x92, 0x01, 0xc5, 0x1f, 0xda, 
0x15, 0x01, 0x46, 0xb9, 0x05, 0xb9, 0x05, 0xc1, 0x12, 0x18, 0xf1, 0xd2, 0x01, 0xf1, 0xd2, 0x01, 0xad, 0x45, 0x22, 0xb2, 
0x27, 0x00, 0xd9, 0x06, 0x1d, 0xa8, 0x94, 0x01, 0x9e, 0xce, 0x01, 0xda, 0xbb, 0x01, 0x80, 0xcf, 0x01, 0x01, 0x1d, 0x95, 
0x20, 0xfa, 0xbc, 0x01, 0x3d, 0x18, 0xfd, 0x27, 0xfd, 0x27, 0xfd, 0x27, 0x18, 0xc1, 0x0a, 0x0d, 0xec, 0x52, 0xd8, 0x0a, 
0x03, 0xc3, 0x10, 0x0d, 0xe8, 0x16, 0xba, 0xb5, 0x02, 0xe8, 0x16, 0xce, 0x10, 0x18, 0xa3, 0x76, 0xcf, 0x0c, 0xa3, 0x76, 
0x3d, 0x18, 0xa4, 0x2c, 0xbf, 0x28, 0xbf, 0x28, 0x18, 0x4b, 0x18, 0xb3, 0x6c, 0x8f, 0x40, 0xb3, 0x6c, 0x13, 0x8d, 0x05, 
0x82, 0x92, 0x01, 0xbf, 0x1c, 0x8a, 0x14, 0xc1, 0x0a, 0x0d, 0x8a, 0x59, 0x8c, 0xeb, 0x01, 0x00, 0x22, 0x8a, 0x59, 0x00, 
0x13, 0x8d, 0x05, 0xdf, 0x4d, 0xbf, 0x1c, 0x8d, 0x14, 0xc1, 0x0a, 0x0d, 0xe1, 0x6e, 0xca, 0x2e, 0x01, 0x22, 0xe1, 0x6e, 
0x00, 0x13, 0x8d, 0x05, 0xe4, 0x6e, 0xbf, 0x1c, 0x90, 0x14, 0xc1, 0x0a, 0x0d, 0xfb, 0x36, 0xb2, 0x66, 0x02, 0x22, 0xfb, 
0x36, 0x00, 0x8d, 0x1e, 0x88, 0x06, 0xc6, 0x06, 0x1d, 0xdb, 0x9f, 0x01, 0x00, 0x99, 0x0e, 0xa7, 0x06, 0x95, 0x05, 0xc9, 
0x0e, 0xa7, 0x06, 0xfb, 0x08, 0x4e, 0x18, 0xf6, 0x3c, 0x01, 0x18, 0x82, 0xb5, 0x01, 0xc6, 0xf2, 0x01, 0x5c, 0x0d, 0x87, 
0xab, 0x01, 0x01, 0x42, 0xf6, 0x95, 0x01, 0x13, 0x8c, 0x05, 0xe2, 0x37, 0xc5, 0x1f, 0xb9, 0x15, 0x01, 0x0d, 0xcf, 0x45, 
0xcf, 0x45, 0xc8, 0x16, 0x09, 0x84, 0xd7, 0x01, 0x96, 0xc9, 0x01, 0x84, 0xd7, 0x01, 0xa7, 0x1e, 0xdd, 0x07, 0x00, 0xba, 
0x1e, 0x00, 0xd1, 0x04, 0xdd, 0x07, 0x18, 0xd2, 0x04, 0x9e, 0x1e, 0x7a, 0x0b, 0x00, 0x00, 0x18, 0x8c, 0x03, 0x13, 0x8c, 
0x05, 0xd4, 0x25, 0xc5, 0x1f, 0xc5, 0x15, 0x01, 0x0d, 0xc7, 0x64, 0xc7, 0x64, 0xca, 0x16, 0x09, 0x90, 0x61, 0x90, 0xf3, 
0x01, 0x90, 0x61, 0xa7, 0x1e, 0x9a, 0x22, 0x00, 0xba, 0x1e, 0x00, 0xa6, 0x25, 0x9a, 0x22, 0x18, 0xa5, 0x25, 0x9e, 0x1e, 
0x7a, 0x0b, 0x00, 0x00, 0x18, 0x8c, 0x03, 0x13, 0x96, 0x05, 0xdc, 0x01, 0xc5, 0x1f, 0xb6, 0x15, 0x01, 0x18, 0xe1, 0x5a, 
0xe1, 0x5a, 0x13, 0x8c, 0x05, 0xbe, 0x4b, 0xc5, 0x1f, 0xc2, 0x15, 0x01, 0x0d, 0xcb, 0x0b, 0xcb, 0x0b, 0xc1, 0x0a, 0x0d, 
0xbe, 0x20, 0xb0, 0x60, 0x02, 0x13, 0x8a, 0x05, 0x9f, 0xef, 0x01, 0xd3, 0x1c, 0x8d, 0x14, 0x01, 0x0d, 0xe4, 0x64, 0xe4, 
0x64, 0x4a, 0x0d, 0xd3, 0x57, 0xd1, 0xc1, 0x01, 0xd3, 0x57, 0x5c, 0x0d, 0xe2, 0xcb, 0x01, 0x01, 0x04, 0xba, 0x3b, 0xca, 
0x16, 0x09, 0xfd, 0x40, 0xfd, 0x40, 0xf8, 0xe2, 0x01, 0xa7, 0x1e, 0xeb, 0x81, 0x01, 0x00, 0xba, 0x1e, 0x00, 0x80, 0x65, 
0xeb, 0x81, 0x01, 0x18, 0xff, 0x64, 0xc1, 0x0a, 0x0d, 0xc0, 0x87, 0x01, 0xc4, 0x2b, 0x00, 0xc1, 0x0a, 0x0d, 0xd2, 0x0f, 
0x96, 0x3b, 0x01, 0xc3, 0x10, 0x0d, 0xab, 0x29, 0xab, 0x29, 0xca, 0x93, 0x01, 0x5c, 0x0d, 0xf2, 0x0b, 0x01, 0x1b, 0x9f, 
0x85, 0x01, 0x4a, 0x0d, 0xbd, 0x0a, 0xa5, 0x18, 0xbd, 0x0a, 0xc3, 0x10, 0x0d, 0xd7, 0x0e, 0xe9, 0x5b, 0xd7, 0x0e, 0xc8, 
0x10, 0x0d, 0xda, 0x6e, 0xda, 0x6e, 0x80, 0xf5, 0x01, 0x99, 0x1e, 0xcf, 0x17, 0x18, 0xd0, 0x17, 0xe5, 0x1e, 0x0d, 0xe7, 
0x8a, 0x02, 0x42, 0x56, 0x00, 0x00, 0x6d, 0x54, 0x00, 0x00, 0xfa, 0x5a, 0x00, 0x00, 0x2c, 0x27, 0x00, 0x00, 0xc3, 0x10, 
0x0d, 0xa6, 0xf3, 0x01, 0x9e, 0xeb, 0x01, 0x8c, 0xf9, 0x01, 0x6c, 0x0d, 0xd9, 0x54, 0x01, 0x28, 0x81, 0xb6, 0x01, 0x8c, 
0x14, 0x4a, 0x0d, 0xf0, 0x45, 0xbc, 0xe4, 0x01, 0xf0, 0x45, 0x3f, 0x0d, 0xb9, 0xa6, 0x01, 0xb9, 0xa6, 0x01, 0x5c, 0x0d, 
0x91, 0x32, 0x01, 0x1b, 0xaf, 0x5b, 0xc3, 0x10, 0x0d, 0x8a, 0xc7, 0x01, 0xc2, 0xc9, 0x02, 0x8a, 0xc7, 0x01, 0x13, 0x8c, 
0x05, 0xad, 0x1d, 0xc5, 0x1f, 0xbc, 0x15, 0x01, 0x0d, 0x91, 0x67, 0x91, 0x67, 0x6c, 0x0d, 0xd2, 0xb0, 0x01, 0x01, 0x25, 
0xeb, 0xa5, 0x01, 0xcb, 0x63, 0x13, 0x96, 0x05, 0xb5, 0x89, 0x01, 0xc5, 0x1f, 0xc8, 0x15, 0x01, 0x18, 0xd6, 0x16, 0xd6, 
0x16, 0x13, 0x8c, 0x05, 0xa0, 0x5e, 0xc5, 0x1f, 0xcb, 0x15, 0x01, 0x0d, 0xb6, 0x19, 0xb6, 0x19, 0xca, 0x16, 0x09, 0xe7, 
0x08, 0xe7, 0x08, 0xde, 0xcb, 0x02, 0xa7, 0x1e, 0xd3, 0x08, 0x00, 0xba, 0x1e, 0x00, 0xf6, 0xb1, 0x01, 0xd3, 0x08, 0x18, 
0xf5, 0xb1, 0x01, 0x13, 0x8c, 0x05, 0x9a, 0x73, 0xc5, 0x1f, 0xd4, 0x15, 0x01, 0x0d, 0xea, 0x36, 0xea, 0x36, 0x4a, 0x0d, 
0x85, 0xdd, 0x01, 0x9a, 0x0e, 0x85, 0xdd, 0x01, 0x13, 0x8c, 0x05, 0x90, 0x27, 0xc5, 0x1f, 0xd7, 0x15, 0x01, 0x0d, 0xae, 
0xc4, 0x01, 0xae, 0xc4, 0x01, 0xc3, 0x10, 0x0d, 0xb7, 0x95, 0x02, 0xf9, 0x29, 0xb7, 0x95, 0x02, 0x13, 0x88, 0x05, 0xb2, 
0x9b, 0x01, 0xc5, 0x1f, 0xbf, 0x15, 0x01, 0x0b, 0x8c, 0x55, 0x8c, 0x55, 0x5c, 0x13, 0xd1, 0xcf, 0x01, 0x01, 0x3e, 0xe1, 
0xaa, 0x01, 0xc1, 0x0a, 0x0d, 0xae, 0x80, 0x02, 0xae, 0x80, 0x02, 0x01, 0xc1, 0x0a, 0x0d, 0x89, 0x9c, 0x02, 0xdb, 0x1b, 
0x00, 0x7c, 0x0d, 0xd0, 0x25, 0x01, 0x2b, 0xc2, 0x32, 0x8c, 0x14, 0x8a, 0x01, 0x7c, 0x0d, 0x86, 0x1a, 0x01, 0x2e, 0x8f, 
0xc3, 0x01, 0x8a, 0x35, 0xf2, 0x47, 0x13, 0xe2, 0x05, 0xb4, 0xc4, 0x01, 0xc5, 0x1f, 0xa3, 0x14, 0x01, 0x65, 0x97, 0xee, 
0x01, 0x97, 0xee, 0x01, 0xc1, 0x0a, 0x1d, 0x8a, 0xb9, 0x01, 0x8a, 0xb9, 0x01, 0x00, 0x3d, 0x18, 0x9e, 0x10, 0x9e, 0x10, 
0x9e, 0x10, 0x18, 0xc1, 0x0a, 0x1d, 0xff, 0xbf, 0x01, 0xa8, 0x09, 0x01, 0x3d, 0x18, 0x86, 0xd9, 0x01, 0x86, 0xd9, 0x01, 
0x86, 0xd9, 0x01, 0x18, 0xc1, 0x0a, 0x1d, 0xab, 0xd9, 0x01, 0x82, 0x09, 0x02, 0x3d, 0x18, 0xc4, 0xdd, 0x01, 0xc4, 0xdd, 
0x01, 0xc4, 0xdd, 0x01, 0x18, 0xd0, 0x0a, 0x46, 0xd5, 0x70, 0xb7, 0x53, 0xbd, 0x6c, 0xd5, 0x70, 0xb4, 0x0a, 0x46, 0xfe, 
0x74, 0x7b, 0x3d, 0x00, 0x00, 0x01, 0xfe, 0x03, 0xf9, 0x3f, 0x86, 0xf1, 0x01, 0x01, 0x18, 0xbe, 0x01, 0x92, 0xf3, 0x01, 
0xc1, 0x12, 0x18, 0xf6, 0x57, 0xba, 0x19, 0xf6, 0x57, 0xe8, 0x0a, 0x1d, 0xa7, 0xa9, 0x01, 0xf3, 0x4f, 0xa7, 0xa9, 0x01, 
0x02, 0xf5, 0x54, 0x3d, 0x18, 0xce, 0x2a, 0xce, 0x2a, 0xce, 0x2a, 0x18, 0x4a, 0x18, 0xc7, 0x66, 0xfb, 0x65, 0xc7, 0x66, 
0x99, 0x1e, 0xbd, 0xdd, 0x01, 0x18, 0xbe, 0xdd, 0x01, 0xe5, 0x1e, 0x18, 0xc3, 0x43, 0x44, 0x41, 0x00, 0x00, 0xe2, 0x60, 
0x00, 0x00, 0xc6, 0x27, 0x00, 0x00, 0x80, 0x30, 0x00, 0x00, 0x13, 0x8c, 0x05, 0xbb, 0xd6, 0x01, 0xc5, 0x1f, 0xf7, 0x14, 
0x01, 0x0d, 0x86, 0xc8, 0x01, 0x86, 0xc8, 0x01, 0x4a, 0x0d, 0xcd, 0x40, 0xcd, 0x40, 0xe5, 0x8d, 0x01, 0xce, 0x10, 0x18, 
0x9b, 0x6b, 0x9f, 0xba, 0x01, 0x9b, 0x6b, 0x13, 0x8c, 0x05, 0xf6, 0x23, 0xc5, 0x1f, 0xd1, 0x15, 0x01, 0x0d, 0x8a, 0xb8, 
0x01, 0x8a, 0xb8, 0x01, 0xca, 0x16, 0x09, 0x92, 0x19, 0x92, 0x19, 0xe0, 0xcb, 0x02, 0xa7, 0x1e, 0x82, 0x25, 0x00, 0xba, 
0x1e, 0x00, 0xf6, 0xb1, 0x01, 0x82, 0x25, 0x18, 0xf5, 0xb1, 0x01, 0x13, 0x8c, 0x05, 0xcc, 0x72, 0xc5, 0x1f, 0xce, 0x15, 
0x01, 0x0d, 0xda, 0x2d, 0xda, 0x2d, 0xc3, 0x10, 0x0d, 0xa3, 0x2f, 0xa0, 0xb2, 0x01, 0xa3, 0x2f, 0x6c, 0x0d, 0xbf, 0x83, 
0x01, 0x01, 0x28, 0xc2, 0x99, 0x01, 0x8c, 0x14, 0x4a, 0x0d, 0xd6, 0xad, 0x01, 0xbe, 0xe4, 0x01, 0xd6, 0xad, 0x01, 0x3f, 
0x0d, 0x85, 0xba, 0x01, 0x85, 0xba, 0x01, 0x5c, 0x0d, 0xd4, 0x92, 0x01, 0x01, 0x1b, 0xca, 0x51, 0x13, 0x9b, 0x05, 0xcd, 
0x35, 0xc5, 0x1f, 0x86, 0x15, 0x01, 0x1d, 0x84, 0x6c, 0x84, 0x6c, 0x3d, 0x18, 0x93, 0x3d, 0x93, 0x3d, 0x93, 0x3d, 0x18, 
0x23, 0x8c, 0x05, 0xeb, 0xba, 0x01, 0xc5, 0x1f, 0x86, 0x15, 0x93, 0x14, 0x01, 0x0d, 0x96, 0x9c, 0x01, 0x96, 0x9c, 0x01, 
0xce, 0x10, 0x18, 0xa3, 0x5c, 0xf9, 0x7a, 0xa3, 0x5c, 0x01, 0x18, 0xd0, 0x42, 0xba, 0xbd, 0x01, 0x5c, 0x18, 0xd9, 0x86, 
0x01, 0x01, 0x45, 0xb0, 0x7b, 0x13, 0x96, 0x05, 0xfc, 0xfd, 0x01, 0xc5, 0x1f, 0x80, 0x15, 0x01, 0x18, 0xa5, 0x9b, 0x01, 
0xa5, 0x9b, 0x01, 0xc4, 0x12, 0x0d, 0xc9, 0x1d, 0x8c, 0x45, 0xc9, 0x1d, 0x6c, 0x0d, 0xf6, 0xa2, 0x01, 0x01, 0x28, 0xc9, 
0x5a, 0x8c, 0x14, 0x6c, 0x0d, 0xbf, 0xd4, 0x01, 0x01, 0x1a, 0x84, 0xac, 0x01, 0xb3, 0xad, 0x01, 0xc3, 0x10, 0x0d, 0xd0, 
0x37, 0x84, 0xb9, 0x01, 0xcf, 0x7a, 0x4a, 0x0d, 0xde, 0x07, 0xae, 0x3f, 0xde, 0x07, 0xce, 0x10, 0x18, 0xb7, 0x09, 0xae, 
0x05, 0xb7, 0x09, 0x4b, 0x18, 0x8c, 0x85, 0x01, 0xe4, 0xbf, 0x01, 0x8c, 0x85, 0x01, 0x99, 0x1e, 0xab, 0x10, 0x18, 0xac, 
0x10, 0xe5, 0x1e, 0x18, 0x97, 0x3b, 0xb3, 0x1f, 0x00, 0x00, 0x25, 0x5f, 0x00, 0x00, 0xa5, 0x4f, 0x00, 0x00, 0x81, 0x30, 
0x00, 0x00, 0xc1, 0x0a, 0x0d, 0xfc, 0x58, 0xfc, 0x58, 0x00, 0xc1, 0x0a, 0x0d, 0xa5, 0xbb, 0x01, 0xa9, 0x62, 0x01, 0xc1, 
0x0a, 0x0d, 0x6a, 0xbf, 0x61, 0x02, 0xe0, 0x0a, 0x1d, 0x91, 0x43, 0xcd, 0xfd, 0x01, 0xa7, 0x42, 0x91, 0x43, 0xdb, 0x88, 
0x02, 0x9e, 0x1e, 0xc6, 0x1b, 0x00, 0x00, 0x88, 0x06, 0xc6, 0x06, 0x08, 0x9d, 0x3b, 0x00, 0xb4, 0x07, 0xa7, 0x06, 0xf0, 
0x0e, 0xd6, 0x0e, 0x18, 0xb4, 0x9e, 0x02, 0x01, 0x13, 0xb3, 0xf6, 0x01, 0xbc, 0x1a, 0x13, 0x8c, 0x05, 0x8a, 0x82, 0x02, 
0xa2, 0x1f, 0x94, 0x14, 0x01, 0x0d, 0xc1, 0x05, 0xc1, 0x05, 0x13, 0x8c, 0x05, 0xcf, 0x0f, 0xa2, 0x1f, 0x91, 0x14, 0x01, 
0x0d, 0xcb, 0xa1, 0x01, 0xcb, 0xa1, 0x01, 0xc3, 0x10, 0x0d, 0xad, 0x4c, 0xae, 0x67, 0xad, 0x4c, 0x13, 0x8c, 0x05, 0xac, 
0xbe, 0x01, 0xa2, 0x1f, 0x97, 0x14, 0x01, 0x0d, 0xfa, 0x28, 0xfa, 0x28, 0x4a, 0x0d, 0xd9, 0xa7, 0x01, 0xd9, 0xa7, 0x01, 
0xb0, 0x82, 0x01, 0x5c, 0x0d, 0xf6, 0x64, 0x01, 0x0d, 0xc7, 0x54, 0x4a, 0x0d, 0x90, 0x4c, 0x90, 0x4c, 0xec, 0xcd, 0x02, 
0x4b, 0x0d, 0xfa, 0x01, 0x96, 0xd8, 0x02, 0xfa, 0x01, 0xc0, 0x0a, 0x13, 0xaf, 0xb4, 0x01, 0xaf, 0xb4, 0x01, 0x8c, 0x8c, 
0x01, 0xc3, 0x10, 0x13, 0xd4, 0x86, 0x01, 0xee, 0xc3, 0x01, 0xd4, 0x86, 0x01, 0xc1, 0x0a, 0x0d, 0xb9, 0xbf, 0x01, 0xb9, 
0xbf, 0x01, 0x00, 0x4a, 0x0d, 0x90, 0xd9, 0x01, 0x90, 0xd9, 0x01, 0xa0, 0xa5, 0x02, 0xd2, 0x0a, 0x13, 0xd8, 0x05, 0xd8, 
0x05, 0xae, 0x1f, 0x00, 0x5c, 0x0d, 0x8e, 0x2e, 0x01, 0x42, 0xf0, 0xa6, 0x01, 0xc8, 0x10, 0x0d, 0xc3, 0x48, 0xc3, 0x48, 
0xda, 0x8b, 0x02, 0xc3, 0x10, 0x0d, 0x84, 0x2e, 0x9a, 0xdf, 0x02, 0x84, 0x2e, 0x7c, 0x0d, 0xff, 0x41, 0x01, 0x2b, 0xd7, 
0xb0, 0x01, 0x8c, 0x14, 0x8a, 0x01, 0x6c, 0x0d, 0x9d, 0x1d, 0x01, 0x1a, 0xd7, 0x8f, 0x01, 0xcf, 0x0c, 0x7c, 0x0d, 0xc9, 
0x20, 0x01, 0x2e, 0xda, 0x14, 0xe0, 0x15, 0x88, 0x81, 0x01, 0xc1, 0x0a, 0x0d, 0xe4, 0x81, 0x01, 0xe6, 0xf8, 0x01, 0x01, 
0xce, 0x16, 0x09, 0xb1, 0x78, 0xb1, 0x78, 0x93, 0x7c, 0xa7, 0x1e, 0xad, 0x2c, 0x00, 0xba, 0x1e, 0x00, 0x92, 0x0f, 0xad, 
0x2c, 0x18, 0x91, 0x0f, 0xcc, 0x16, 0x09, 0x96, 0xa2, 0x01, 0xd2, 0x1a, 0xba, 0x94, 0x02, 0x99, 0x1e, 0xd6, 0x66, 0x18, 
0xd5, 0x66, 0xe5, 0x1e, 0x09, 0xd1, 0x63, 0xbc, 0x3a, 0x00, 0x00, 0x3c, 0x58, 0x00, 0x00, 0x7e, 0x5f, 0x00, 0x00, 0xf3, 
0x36, 0x00, 0x00, 0xa7, 0x1e, 0xb8, 0x4a, 0x00, 0xba, 0x1e, 0x00, 0xbd, 0x7c, 0xb4, 0x20, 0x18, 0xbe, 0x7c, 0xc3, 0x10, 
0x0d, 0xba, 0x3e, 0x8a, 0x85, 0x02, 0xc0, 0x07, 0x6c, 0x0d, 0xd3, 0xfb, 0x01, 0x01, 0x28, 0xda, 0x0c, 0xa6, 0xb7, 0x01, 
0xc1, 0x0a, 0x0d, 0xbe, 0x43, 0xf2, 0x4b, 0x00, 0xc3, 0x10, 0x0d, 0x88, 0x49, 0xeb, 0x63, 0xcd, 0x67, 0xc8, 0x10, 0x0d, 
0xd6, 0x57, 0xd6, 0x57, 0x9c, 0xe4, 0x01, 0xc0, 0x0a, 0x13, 0xc3, 0xa5, 0x01, 0xe5, 0x04, 0xc3, 0xa5, 0x01, 0xc8, 0x10, 
0x0d, 0xa6, 0x9e, 0x01, 0x71, 0xca, 0xc1, 0x02, 0x5c, 0x0d, 0xdf, 0xdd, 0x01, 0x01, 0x08, 0xfb, 0xa7, 0x01, 0x5c, 0x0d, 
0xe4, 0xb0, 0x01, 0x01, 0x0d, 0x8b, 0x39, 0x4a, 0x0d, 0xf1, 0x5b, 0xf1, 0x5b, 0xb4, 0xa2, 0x01, 0x5c, 0x0d, 0xf9, 0x4b, 
0x01, 0x0a, 0xc4, 0x63, 0x4a, 0x0d, 0x80, 0x31, 0x80, 0x31, 0xbc, 0x7e, 0x4b, 0x0d, 0xe3, 0x28, 0xfe, 0x74, 0xe3, 0x28, 
0xcd, 0x10, 0x0d, 0x94, 0x4e, 0xa9, 0x7f, 0x94, 0x4e, 0xc8, 0x16, 0x09, 0xea, 0xb7, 0x01, 0xea, 0xb7, 0x01, 0xa2, 0xeb, 
0x02, 0xa7, 0x1e, 0x9c, 0x05, 0x00, 0xba, 0x1e, 0x00, 0xb2, 0x43, 0x9c, 0x05, 0x18, 0xb1, 0x43, 0xc8, 0x10, 0x0d, 0x87, 
0xc3, 0x01, 0xcf, 0x4e, 0xe8, 0x64, 0x4a, 0x0d, 0xea, 0x82, 0x02, 0xea, 0x82, 0x02, 0xd2, 0xe4, 0x02, 0x5c, 0x0d, 0x81, 
0xe4, 0x01, 0x01, 0x0d, 0xec, 0xc2, 0x01, 0x4a, 0x0d, 0x9c, 0xbc, 0x01, 0xd2, 0xc5, 0x02, 0x9c, 0xbc, 0x01, 0x4a, 0x0d, 
0xb9, 0x55, 0xaf, 0x48, 0x8e, 0xe0, 0x01, 0x4b, 0x0d, 0x83, 0x87, 0x01, 0x83, 0x87, 0x01, 0xe6, 0x5f, 0x5c, 0x0d, 0xd4, 
0x7d, 0x01, 0x0d, 0xda, 0x40, 0x4a, 0x0d, 0x8a, 0x68, 0xaa, 0x16, 0xc8, 0xe6, 0x02, 0x5c, 0x0d, 0xf1, 0x78, 0x01, 0x0e, 
0xc9, 0xb3, 0x01, 0x4a, 0x0d, 0xd4, 0x8e, 0x01, 0xec, 0x7d, 0xd4, 0x8e, 0x01, 0x4a, 0x0d, 0xd7, 0x41, 0xcb, 0x15, 0x82, 
0x9e, 0x02, 0xc3, 0x10, 0x0d, 0xc2, 0x1c, 0xc2, 0x1c, 0x8e, 0xcb, 0x02, 0x5c, 0x0d, 0xac, 0x05, 0x01, 0x0e, 0xef, 0xab, 
0x01, 0x4a, 0x0d, 0xe5, 0x05, 0xbc, 0x06, 0xdc, 0xca, 0x02, 0x5c, 0x0d, 0xd8, 0x1e, 0x01, 0x0d, 0xd2, 0xab, 0x01, 0x4a, 
0x0d, 0xf7, 0xae, 0x01, 0x85, 0x96, 0x01, 0xf7, 0xae, 0x01, 0xc0, 0x0a, 0x13, 0xde, 0x64, 0x91, 0x51, 0xde, 0x64, 0xce, 
0x10, 0x13, 0xa5, 0x1f, 0xa5, 0x1f, 0xe6, 0x6a, 0xce, 0x10, 0x13, 0x80, 0x5c, 0x80, 0x5c, 0xa4, 0xc1, 0x02, 0x4b, 0x13, 
0xc8, 0x19, 0xb4, 0xd0, 0x01, 0xc8, 0x19, 0x99, 0x1e, 0x87, 0x02, 0x18, 0x88, 0x02, 0xe5, 0x1e, 0x0d, 0xb1, 0xeb, 0x01, 
0x0c, 0x0a, 0x00, 0x00, 0x09, 0x4c, 0x00, 0x00, 0x79, 0x57, 0x00, 0x00, 0x7b, 0x51, 0x00, 0x00, 0xe5, 0x1e, 0x13, 0xb6, 
0x2d, 0x68, 0x2c, 0x00, 0x00, 0x09, 0x4c, 0x00, 0x00, 0x82, 0x60, 0x00, 0x00, 0x7b, 0x51, 0x00, 0x00, 0xcd, 0x10, 0x0d, 
0xd5, 0x4f, 0xad, 0xda, 0x01, 0xf6, 0x47, 0xc8, 0x16, 0x09, 0xf0, 0x1e, 0xf0, 0x1e, 0xb6, 0x8b, 0x01, 0xa7, 0x1e, 0x87, 
0x2f, 0x00, 0xba, 0x1e, 0x00, 0xcd, 0xb0, 0x01, 0x87, 0x2f, 0x18, 0xce, 0xb0, 0x01, 0xc8, 0x10, 0x0d, 0x87, 0xc3, 0x01, 
0xb6, 0x0c, 0xfc, 0x78, 0x4a, 0x0d, 0xea, 0x82, 0x02, 0xea, 0x82, 0x02, 0xd4, 0xe4, 0x02, 0x5c, 0x0d, 0xbb, 0xf3, 0x01, 
0x01, 0x0d, 0xed, 0xc2, 0x01, 0x4a, 0x0d, 0xb6, 0x2f, 0xb6, 0x2f, 0xd2, 0x97, 0x01, 0xc1, 0x0a, 0x0d, 0xec, 0xc4, 0x01, 
0xb0, 0xc0, 0x01, 0x01, 0x4a, 0x0d, 0xb1, 0x8d, 0x01, 0xb1, 0x8d, 0x01, 0x8e, 0xe6, 0x01, 0x4a, 0x0d, 0xa2, 0x03, 0xb7, 
0x54, 0xd0, 0xcf, 0x01, 0x4b, 0x0d, 0xf9, 0x7a, 0xd7, 0x77, 0xf9, 0x7a, 0x5c, 0x0d, 0xf4, 0x91, 0x01, 0x01, 0x0d, 0xdb, 
0x40, 0x4a, 0x0d, 0xa1, 0x85, 0x01, 0xa1, 0x85, 0x01, 0xcb, 0x33, 0xc1, 0x0a, 0x0d, 0x8e, 0xf4, 0x01, 0x86, 0xbc, 0x01, 
0x00, 0x4b, 0x0d, 0xbd, 0x2f, 0xbd, 0x2f, 0xd0, 0xc4, 0x01, 0xd2, 0x0a, 0x13, 0xe0, 0x2e, 0xe0, 0x2e, 0xa8, 0xbb, 0x01, 
0x00, 0x99, 0x1e, 0x86, 0xbd, 0x01, 0x18, 0x85, 0xbd, 0x01, 0xe5, 0x1e, 0x13, 0x92, 0x79, 0x88, 0x31, 0x00, 0x00, 0x06, 
0x61, 0x00, 0x00, 0x5c, 0x60, 0x00, 0x00, 0x7c, 0x51, 0x00, 0x00, 0x13, 0x8c, 0x05, 0xdd, 0xc6, 0x01, 0xa2, 0x1f, 0x8b, 
0x14, 0x01, 0x0d, 0x9c, 0x48, 0x9c, 0x48, 0xca, 0x16, 0x09, 0xb0, 0xb9, 0x01, 0xb0, 0xb9, 0x01, 0xd2, 0xf7, 0x02, 0xa7, 
0x1e, 0xfe, 0x24, 0x00, 0xba, 0x1e, 0x00, 0xc0, 0x20, 0xfe, 0x24, 0x18, 0xbf, 0x20, 0xc3, 0x10, 0x13, 0x89, 0xab, 0x01, 
0xdb, 0x90, 0x01, 0xac, 0x94, 0x01, 0xc4, 0x12, 0x0d, 0xc1, 0x03, 0xc1, 0x03, 0xc1, 0x03, 0xce, 0x10, 0x13, 0x92, 0x70, 
0xd0, 0x6c, 0x92, 0x70, 0x4a, 0x0d, 0xeb, 0xb2, 0x01, 0xb5, 0x58, 0xe0, 0x61, 0xce, 0x10, 0x13, 0xd4, 0x4a, 0x97, 0x68, 
0xd4, 0x4a, 0x4b, 0x13, 0xe8, 0x91, 0x01, 0xc4, 0x05, 0xe8, 0x91, 0x01, 0x99, 0x1e, 0xab, 0x10, 0x18, 0xac, 0x10, 0xe5, 
0x1e, 0x13, 0xcd, 0x1c, 0x62, 0x4f, 0x00, 0x00, 0x19, 0x31, 0x00, 0x00, 0xc4, 0x50, 0x00, 0x00, 0xf9, 0x55, 0x00, 0x00, 
0xc1, 0x0a, 0x0d, 0x99, 0xc2, 0x01, 0x99, 0xc2, 0x01, 0x00, 0xc8, 0x16, 0x09, 0xc0, 0x02, 0xc0, 0x02, 0xf4, 0x4e, 0xb8, 
0x14, 0x09, 0xe4, 0xfc, 0x01, 0xe4, 0xfc, 0x01, 0xa7, 0x1e, 0x9e, 0x8d, 0x01, 0x00, 0xba, 0x1e, 0x00, 0xd6, 0x92, 0x01, 
0x9e, 0x8d, 0x01, 0x18, 0xd5, 0x92, 0x01, 0xca, 0x16, 0x09, 0xe8, 0x72, 0xb6, 0xdf, 0x01, 0xee, 0xd1, 0x02, 0x99, 0x1e, 
0xb0, 0x6d, 0x18, 0xaf, 0x6d, 0xe5, 0x1e, 0x09, 0xd6, 0xa1, 0x01, 0xc6, 0x1d, 0x00, 0x00, 0xda, 0x54, 0x00, 0x00, 0x01, 
0x55, 0x00, 0x00, 0x4d, 0x38, 0x00, 0x00, 0xb8, 0x14, 0x09, 0xc3, 0x26, 0xc3, 0x26, 0xa7, 0x1e, 0xac, 0x94, 0x01, 0x00, 
0xba, 0x1e, 0x00, 0x84, 0xa2, 0x01, 0xac, 0x94, 0x01, 0x18, 0x83, 0xa2, 0x01, 0xc1, 0x0a, 0x0d, 0xc2, 0x9f, 0x01, 0xbc, 
0x28, 0x01, 0xc8, 0x16, 0x09, 0xbd, 0xa5, 0x01, 0xbd, 0xa5, 0x01, 0xcc, 0x91, 0x01, 0x99, 0x1e, 0xd3, 0x13, 0x18, 0xd4, 
0x13, 0xe5, 0x1e, 0x09, 0xf2, 0xba, 0x01, 0x14, 0x62, 0x00, 0x00, 0xa9, 0x39, 0x00, 0x00, 0x72, 0x2e, 0x00, 0x00, 0xf0, 
0x2f, 0x00, 0x00, 0xb8, 0x14, 0x09, 0xc3, 0x26, 0xc3, 0x26, 0xa7, 0x1e, 0xda, 0x63, 0x00, 0xba, 0x1e, 0x00, 0xba, 0xa1, 
0x01, 0xda, 0x63, 0x18, 0xb9, 0xa1, 0x01, 0xc1, 0x0a, 0x0d, 0xc2, 0x99, 0x01, 0x88, 0x23, 0x01, 0xca, 0x16, 0x09, 0x8f, 
0x76, 0x8f, 0x76, 0xca, 0xe1, 0x01, 0x99, 0x1e, 0xad, 0x1a, 0x18, 0xae, 0x1a, 0xe5, 0x1e, 0x09, 0xb5, 0x4a, 0x15, 0x62, 
0x00, 0x00, 0x5c, 0x33, 0x00, 0x00, 0xef, 0x38, 0x00, 0x00, 0x16, 0x30, 0x00, 0x00, 0xa7, 0x1e, 0xaf, 0x92, 0x01, 0x00, 
0xba, 0x1e, 0x00, 0xcb, 0x72, 0xaf, 0x92, 0x01, 0x18, 0xcc, 0x72, 0xce, 0x10, 0x18, 0xd7, 0xae, 0x01, 0x9c, 0x74, 0xfb, 
0x69, 0xc1, 0x0a, 0x0d, 0x8a, 0xbc, 0x01, 0x8a, 0xbc, 0x01, 0x00, 0xc1, 0x0a, 0x0d, 0xb1, 0x42, 0xd8, 0x79, 0x01, 0xc1, 
0x0a, 0x0d, 0xd3, 0x72, 0x84, 0x07, 0x02, 0xe0, 0x0a, 0x1d, 0xd6, 0xa7, 0x01, 0xaf, 0x0d, 0x82, 0x35, 0xd6, 0xa7, 0x01, 
0x90, 0xa4, 0x02, 0x13, 0x9a, 0x05, 0xf9, 0x60, 0xa2, 0x21, 0x8b, 0x14, 0x22, 0x00, 0xf9, 0x60, 0x8d, 0x1e, 0x18, 0xdc, 
0x80, 0x01, 0xc8, 0x16, 0x09, 0xf9, 0x77, 0xc0, 0x59, 0xbc, 0xc7, 0x01, 0xb8, 0x14, 0x09, 0xa7, 0x5b, 0xa7, 0x5b, 0xa7, 
0x1e, 0xef, 0x73, 0x00, 0xba, 0x1e, 0x00, 0xb7, 0x6e, 0xef, 0x73, 0x18, 0xb8, 0x6e, 0xca, 0x16, 0x09, 0xe8, 0x72, 0xb8, 
0xdf, 0x01, 0xb2, 0xab, 0x02, 0x99, 0x1e, 0xb0, 0x6d, 0x18, 0xaf, 0x6d, 0xe5, 0x1e, 0x09, 0xd8, 0xa1, 0x01, 0x86, 0x33, 
0x00, 0x00, 0x83, 0x51, 0x00, 0x00, 0x02, 0x55, 0x00, 0x00, 0x4e, 0x38, 0x00, 0x00, 0xb8, 0x14, 0x09, 0xc3, 0x26, 0xc3, 
0x26, 0xa7, 0x1e, 0xae, 0x94, 0x01, 0x00, 0xba, 0x1e, 0x00, 0x86, 0xa2, 0x01, 0xae, 0x94, 0x01, 0x18, 0x85, 0xa2, 0x01, 
0xc1, 0x0a, 0x0d, 0xc2, 0x9f, 0x01, 0xbe, 0x28, 0x01, 0xc8, 0x16, 0x09, 0xbd, 0xa5, 0x01, 0xbd, 0xa5, 0x01, 0x96, 0xb3, 
0x01, 0x99, 0x1e, 0xd3, 0x13, 0x18, 0xd4, 0x13, 0xe5, 0x1e, 0x09, 0xf4, 0xba, 0x01, 0x16, 0x62, 0x00, 0x00, 0xaa, 0x39, 
0x00, 0x00, 0x73, 0x2e, 0x00, 0x00, 0xf1, 0x2f, 0x00, 0x00, 0xb8, 0x14, 0x09, 0xc3, 0x26, 0xc3, 0x26, 0xa7, 0x1e, 0xdc, 
0x63, 0x00, 0xba, 0x1e, 0x00, 0xbc, 0xa1, 0x01, 0xdc, 0x63, 0x18, 0xbb, 0xa1, 0x01, 0xc1, 0x0a, 0x0d, 0xc2, 0x99, 0x01, 
0x8a, 0x23, 0x01, 0xca, 0x16, 0x09, 0x8f, 0x76, 0x8f, 0x76, 0x8e, 0xbb, 0x01, 0x99, 0x1e, 0xad, 0x1a, 0x18, 0xae, 0x1a, 
0xe5, 0x1e, 0x09, 0xb5, 0x4a, 0x17, 0x62, 0x00, 0x00, 0x5d, 0x33, 0x00, 0x00, 0xf0, 0x38, 0x00, 0x00, 0x17, 0x30, 0x00, 
0x00, 0xa7, 0x1e, 0xaf, 0x92, 0x01, 0x00, 0xba, 0x1e, 0x00, 0xf5, 0xb2, 0x01, 0xaf, 0x92, 0x01, 0x18, 0xf6, 0xb2, 0x01, 
0xa7, 0x1e, 0x8c, 0x42, 0x00, 0xba, 0x1e, 0xc2, 0x98, 0x01, 0xae, 0x14, 0xe6, 0x91, 0x01, 0x18, 0xad, 0x14, 0xc3, 0x10, 
0x0d, 0xff, 0x1e, 0xd0, 0xac, 0x02, 0xd4, 0xbe, 0x01, 0x4b, 0x0d, 0xf1, 0xbe, 0x01, 0xde, 0x6d, 0xf1, 0xbe, 0x01, 0xd2, 
0x0a, 0x13, 0xdc, 0x60, 0xdc, 0x60, 0xdb, 0x61, 0x00, 0x99, 0x1e, 0xb7, 0x4f, 0x18, 0x21, 0xca, 0x16, 0x09, 0x86, 0xab, 
0x01, 0xa2, 0x8b, 0x02, 0x9c, 0xd7, 0x02, 0xa7, 0x1e, 0xec, 0x84, 0x01, 0x00, 0xba, 0x1e, 0x00, 0x82, 0x2d, 0xec, 0x84, 
0x01, 0x18, 0x81, 0x2d, 0xc3, 0x10, 0x0d, 0xff, 0x24, 0xa0, 0xb9, 0x01, 0x9a, 0x85, 0x02, 0xc3, 0x10, 0x0d, 0xc3, 0x8f, 
0x01, 0xd6, 0x75, 0xc3, 0x8f, 0x01, 0xd2, 0x0a, 0x13, 0xf3, 0x35, 0xf3, 0x35, 0xb1, 0xce, 0x01, 0x00, 0x99, 0x1e, 0xcd, 
0x92, 0x01, 0x18, 0xce, 0x92, 0x01, 0xe5, 0x1e, 0x13, 0xad, 0x4d, 0xb3, 0x4d, 0x00, 0x00, 0x34, 0x35, 0x00, 0x00, 0x1a, 
0x1a, 0x00, 0x00, 0xb6, 0x54, 0x00, 0x00, 0x99, 0x1e, 0xed, 0x76, 0x18, 0xee, 0x76, 0xe5, 0x1e, 0x13, 0xa6, 0x12, 0x45, 
0x35, 0x00, 0x00, 0x90, 0x54, 0x00, 0x00, 0x6a, 0x2b, 0x00, 0x00, 0xc1, 0x3e, 0x00, 0x00, 0xc1, 0x0a, 0x0d, 0xe1, 0xaa, 
0x01, 0xe1, 0xaa, 0x01, 0x01, 0xc8, 0x16, 0x09, 0xb0, 0x40, 0xb0, 0x40, 0xe6, 0xc5, 0x01, 0xa7, 0x1e, 0x8d, 0x58, 0x00, 
0xba, 0x1e, 0x00, 0xeb, 0x85, 0x01, 0xb3, 0x08, 0x18, 0xec, 0x85, 0x01, 0xc3, 0x10, 0x0d, 0xff, 0x1e, 0xd2, 0xac, 0x02, 
0x9c, 0xa7, 0x01, 0x4b, 0x0d, 0xf1, 0xbe, 0x01, 0xe0, 0x6d, 0xf1, 0xbe, 0x01, 0xd2, 0x0a, 0x13, 0xdc, 0x60, 0xdc, 0x60, 
0xdb, 0x61, 0x01, 0x99, 0x1e, 0xb7, 0x4f, 0x18, 0x21, 0xca, 0x16, 0x09, 0x86, 0xab, 0x01, 0xea, 0xf3, 0x01, 0x9e, 0xd7, 
0x02, 0xa7, 0x1e, 0xec, 0x84, 0x01, 0x00, 0xba, 0x1e, 0x00, 0x82, 0x2d, 0xec, 0x84, 0x01, 0x18, 0x81, 0x2d, 0xc3, 0x10, 
0x0d, 0xff, 0x24, 0xe8, 0xa1, 0x01, 0x9c, 0x85, 0x02, 0xc3, 0x10, 0x0d, 0xc3, 0x8f, 0x01, 0xd8, 0x75, 0xc3, 0x8f, 0x01, 
0xd2, 0x0a, 0x13, 0xf3, 0x35, 0xf3, 0x35, 0xb1, 0xce, 0x01, 0x01, 0x99, 0x1e, 0xcd, 0x92, 0x01, 0x18, 0xce, 0x92, 0x01, 
0xe5, 0x1e, 0x13, 0xad, 0x4d, 0xb4, 0x4d, 0x00, 0x00, 0x35, 0x35, 0x00, 0x00, 0x1b, 0x1a, 0x00, 0x00, 0xb7, 0x54, 0x00, 
0x00, 0x99, 0x1e, 0xed, 0x76, 0x18, 0xee, 0x76, 0xe5, 0x1e, 0x13, 0x8f, 0x20, 0x46, 0x35, 0x00, 0x00, 0x91, 0x54, 0x00, 
0x00, 0x6b, 0x2b, 0x00, 0x00, 0xc2, 0x3e, 0x00, 0x00, 0xc1, 0x0a, 0x0d, 0xdd, 0x18, 0xdd, 0x18, 0x01, 0x7c, 0x0d, 0xae, 
0x48, 0x01, 0x2b, 0xeb, 0x75, 0xda, 0x0c, 0xee, 0x14, 0x4a, 0x0d, 0x8b, 0xb1, 0x01, 0x8b, 0xb1, 0x01, 0x80, 0x10, 0x4b, 
0x0d, 0x98, 0x84, 0x01, 0xfb, 0x5f, 0x98, 0x84, 0x01, 0x01, 0xff, 0x03, 0xb0, 0x44, 0xaa, 0x9b, 0x02, 0xc1, 0x0a, 0x0d, 
0xa3, 0x44, 0xe8, 0x02, 0x00, 0x7c, 0x0d, 0x8e, 0x40, 0x01, 0x2b, 0xce, 0x83, 0x01, 0xda, 0x0c, 0xee, 0x14, 0xc0, 0x0a, 
0x13, 0x9c, 0x1b, 0x9c, 0x1b, 0xb6, 0x5b, 0x01, 0x0d, 0xe5, 0xab, 0x01, 0xfc, 0x6a, 0xe7, 0x0a, 0x1d, 0xa2, 0x0f, 0xbd, 
0x85, 0x01, 0xc3, 0x9c, 0x01, 0x01, 0xb0, 0x5b, 0x3d, 0x18, 0x9c, 0x36, 0x9c, 0x36, 0x9c, 0x36, 0x18, 0xc3, 0x10, 0x0d, 
0xc4, 0x16, 0xce, 0x90, 0x02, 0x96, 0x9e, 0x01, 0x6c, 0x0d, 0x97, 0x89, 0x01, 0x01, 0x25, 0xa6, 0x3a, 0xb1, 0x89, 0x01, 
0xc1, 0x0a, 0x0d, 0xb8, 0x72, 0xe3, 0x3a, 0x01, 0xc3, 0x10, 0x0d, 0xd2, 0x49, 0xc0, 0xc3, 0x02, 0xd2, 0x49, 0x6c, 0x0d, 
0xb2, 0x08, 0x01, 0x25, 0x81, 0x7e, 0xea, 0xa2, 0x01, 0x6c, 0x0d, 0x9d, 0x66, 0x01, 0x25, 0xe5, 0x44, 0x83, 0xa7, 0x01, 
0x7c, 0x0d, 0xaa, 0x40, 0x01, 0x31, 0x8c, 0x14, 0xa8, 0x03, 0xf4, 0x73, 0xd0, 0x0a, 0x18, 0xb2, 0x21, 0xb2, 0x21, 0xb2, 
0x21, 0xb2, 0x21, 0x7c, 0x18, 0xc1, 0x39, 0x01, 0x2e, 0xf0, 0x07, 0xdb, 0x14, 0xe2, 0xa4, 0x01, 0xce, 0x10, 0x18, 0x99, 
0x91, 0x01, 0xb5, 0x7d, 0xb4, 0x70, 0x4b, 0x18, 0xce, 0x3d, 0xcb, 0x53, 0xce, 0x3d, 0xce, 0x10, 0x18, 0xa6, 0x2c, 0xc4, 
0xd8, 0x01, 0x96, 0x07, 0x4a, 0x18, 0xee, 0x32, 0x94, 0x5f, 0xee, 0x32, 0xd0, 0x0a, 0x18, 0xe2, 0x1b, 0xd2, 0x9e, 0x01, 
0xd2, 0x9e, 0x01, 0xd2, 0x9e, 0x01, 0xc3, 0x10, 0x18, 0x82, 0x1a, 0xe4, 0x35, 0x82, 0x1a, 0xc1, 0x0a, 0x0d, 0x93, 0x56, 
0x93, 0x56, 0x00, 0xc1, 0x0a, 0x0d, 0x8d, 0x62, 0xa1, 0xb8, 0x01, 0x01, 0xc1, 0x0a, 0x0d, 0xbb, 0x1a, 0xdd, 0xd2, 0x01, 
0x02, 0xe0, 0x0a, 0x1d, 0xd6, 0xa7, 0x01, 0x8c, 0x2b, 0x9a, 0x8d, 0x01, 0xd6, 0xa7, 0x01, 0x92, 0xa4, 0x02, 0x13, 0x9a, 
0x05, 0xf9, 0x60, 0xa2, 0x21, 0x8b, 0x14, 0x22, 0x00, 0xf9, 0x60, 0x8d, 0x1e, 0x18, 0xdc, 0x80, 0x01, 0xc8, 0x16, 0x09, 
0xf9, 0x77, 0xc2, 0x59, 0xfc, 0xb3, 0x01, 0xb8, 0x14, 0x09, 0xa7, 0x5b, 0xa7, 0x5b, 0xa7, 0x1e, 0xef, 0x73, 0x00, 0xba, 
0x1e, 0x00, 0xb7, 0x6e, 0xef, 0x73, 0x18, 0xb8, 0x6e, 0xca, 0x16, 0x09, 0xe8, 0x72, 0xba, 0xdf, 0x01, 0xbe, 0xac, 0x02, 
0x99, 0x1e, 0xb0, 0x6d, 0x18, 0xaf, 0x6d, 0xe5, 0x1e, 0x09, 0xda, 0xa1, 0x01, 0x87, 0x33, 0x00, 0x00, 0x84, 0x51, 0x00, 
0x00, 0x03, 0x55, 0x00, 0x00, 0x4f, 0x38, 0x00, 0x00, 0xb8, 0x14, 0x09, 0xc3, 0x26, 0xc3, 0x26, 0xa7, 0x1e, 0xb0, 0x94, 
0x01, 0x00, 0xba, 0x1e, 0x00, 0x88, 0xa2, 0x01, 0xb0, 0x94, 0x01, 0x18, 0x87, 0xa2, 0x01, 0xc1, 0x0a, 0x0d, 0xc2, 0x9f, 
0x01, 0xc0, 0x28, 0x01, 0xc8, 0x16, 0x09, 0xbd, 0xa5, 0x01, 0xbd, 0xa5, 0x01, 0xd6, 0x9f, 0x01, 0x99, 0x1e, 0xd3, 0x13, 
0x18, 0xd4, 0x13, 0xe5, 0x1e, 0x09, 0xf6, 0xba, 0x01, 0x18, 0x62, 0x00, 0x00, 0xab, 0x39, 0x00, 0x00, 0x74, 0x2e, 0x00, 
0x00, 0xf2, 0x2f, 0x00, 0x00, 0xb8, 0x14, 0x09, 0xc3, 0x26, 0xc3, 0x26, 0xa7, 0x1e, 0xde, 0x63, 0x00, 0xba, 0x1e, 0x00, 
0xbe, 0xa1, 0x01, 0xde, 0x63, 0x18, 0xbd, 0xa1, 0x01, 0xc1, 0x0a, 0x0d, 0xc2, 0x99, 0x01, 0x8c, 0x23, 0x01, 0xca, 0x16, 
0x09, 0x8f, 0x76, 0x8f, 0x76, 0x9a, 0xbc, 0x01, 0x99, 0x1e, 0xad, 0x1a, 0x18, 0xae, 0x1a, 0xe5, 0x1e, 0x09, 0xb5, 0x4a, 
0x19, 0x62, 0x00, 0x00, 0x5e, 0x33, 0x00, 0x00, 0xf1, 0x38, 0x00, 0x00, 0x18, 0x30, 0x00, 0x00, 0xa7, 0x1e, 0xf0, 0x11, 
0x00, 0xba, 0x1e, 0x00, 0xff, 0x81, 0x01, 0xf0, 0x11, 0x18, 0x80, 0x82, 0x01, 0xce, 0x10, 0x18, 0xff, 0x20, 0xc2, 0x84, 
0x02, 0x94, 0x33, 0x4a, 0x18, 0xd3, 0x34, 0xb2, 0xdf, 0x01, 0xd3, 0x34, 0xd0, 0x0a, 0x18, 0xa8, 0x57, 0xd4, 0x9e, 0x01, 
0xd4, 0x9e, 0x01, 0xd4, 0x9e, 0x01, 0xc3, 0x10, 0x18, 0x82, 0x1a, 0xaa, 0x71, 0x82, 0x1a, 0xc1, 0x0a, 0x0d, 0x93, 0x56, 
0x93, 0x56, 0x00, 0xc1, 0x0a, 0x0d, 0x8d, 0x62, 0xa1, 0xb8, 0x01, 0x01, 0xc1, 0x0a, 0x0d, 0xbb, 0x1a, 0xdd, 0xd2, 0x01, 
0x02, 0xe0, 0x0a, 0x1d, 0xd6, 0xa7, 0x01, 0x8c, 0x2b, 0x9a, 0x8d, 0x01, 0xd6, 0xa7, 0x01, 0x94, 0xa4, 0x02, 0x13, 0x9a, 
0x05, 0xf9, 0x60, 0xa2, 0x21, 0x8b, 0x14, 0x22, 0x00, 0xf9, 0x60, 0x8d, 0x1e, 0x18, 0xc3, 0x23, 0xc3, 0x10, 0x13, 0xb4, 
0x80, 0x01, 0xc7, 0x14, 0xbe, 0xfb, 0x01, 0xc8, 0x10, 0x13, 0xe5, 0x50, 0xe5, 0x50, 0xa2, 0xbf, 0x01, 0xc3, 0x10, 0x13, 
0xa0, 0xa4, 0x01, 0xa0, 0xa4, 0x01, 0x9c, 0xdd, 0x02, 0x5c, 0x13, 0xe5, 0x3f, 0x01, 0x04, 0xec, 0xba, 0x01, 0xce, 0x10, 
0x13, 0xbf, 0x37, 0xbf, 0x37, 0x80, 0xfe, 0x01, 0xc3, 0x10, 0x13, 0x9d, 0x0c, 0x9d, 0x0c, 0xbe, 0xcf, 0x01, 0x6c, 0x13, 
0x81, 0x61, 0x01, 0x28, 0x8a, 0x79, 0x9f, 0x0e, 0x5c, 0x0d, 0xb7, 0x25, 0x01, 0x42, 0xc9, 0x48, 0xca, 0x16, 0x09, 0xd8, 
0x8d, 0x02, 0xd8, 0x8d, 0x02, 0xd0, 0xd6, 0x02, 0xa7, 0x1e, 0xc6, 0x74, 0x00, 0xba, 0x1e, 0x00, 0xd6, 0x43, 0xc6, 0x74, 
0x18, 0xd5, 0x43, 0xce, 0x10, 0x18, 0xff, 0x20, 0xc4, 0x84, 0x02, 0x96, 0x33, 0x4a, 0x18, 0xd3, 0x34, 0xb4, 0xdf, 0x01, 
0xd3, 0x34, 0xd0, 0x0a, 0x18, 0xa8, 0x57, 0xd6, 0x9e, 0x01, 0xd6, 0x9e, 0x01, 0xd6, 0x9e, 0x01, 0xc3, 0x10, 0x18, 0x82, 
0x1a, 0xaa, 0x71, 0x82, 0x1a, 0xc1, 0x0a, 0x0d, 0x93, 0x56, 0x93, 0x56, 0x00, 0xc1, 0x0a, 0x0d, 0x8d, 0x62, 0xa1, 0xb8, 
0x01, 0x01, 0xc1, 0x0a, 0x0d, 0xbb, 0x1a, 0xdd, 0xd2, 0x01, 0x02, 0xe0, 0x0a, 0x1d, 0xd6, 0xa7, 0x01, 0x8c, 0x2b, 0x9a, 
0x8d, 0x01, 0xd6, 0xa7, 0x01, 0x96, 0xa4, 0x02, 0x13, 0x9a, 0x05, 0xf9, 0x60, 0xa2, 0x21, 0x8b, 0x14, 0x22, 0x00, 0xf9, 
0x60, 0x8d, 0x1e, 0x18, 0xbc, 0x3f, 0xc1, 0x0a, 0x0d, 0xcd, 0x8c, 0x01, 0x99, 0x59, 0x00, 0x7c, 0x0d, 0xa9, 0x10, 0x01, 
0x2b, 0x8f, 0x3c, 0x30, 0xe2, 0x07, 0xc1, 0x0a, 0x0d, 0xa0, 0xe7, 0x01, 0xdc, 0x7d, 0x01, 0x7c, 0x0d, 0x8b, 0xbe, 0x01, 
0x01, 0x2b, 0xca, 0xa7, 0x01, 0x30, 0xe2, 0x07, 0x4a, 0x0d, 0xbd, 0x08, 0xbd, 0x08, 0xd2, 0x15, 0x4b, 0x0d, 0xa0, 0x45, 
0xa1, 0x99, 0x01, 0xa0, 0x45, 0xc0, 0x0a, 0x13, 0xb0, 0xa5, 0x01, 0xa6, 0x8b, 0x02, 0xb0, 0xa5, 0x01, 0x01, 0xff, 0x03, 
0xdf, 0x59, 0xa4, 0xe9, 0x01, 0x4b, 0x13, 0xa0, 0x40, 0xbf, 0x19, 0xe0, 0xcc, 0x02, 0xc7, 0x0a, 0x1d, 0x80, 0x2e, 0xa0, 
0x6e, 0x80, 0x2e, 0xc1, 0x0a, 0x0d, 0xf5, 0x21, 0xf5, 0x21, 0x00, 0x01, 0xff, 0x03, 0x97, 0x5e, 0xb6, 0xd7, 0x01, 0xc7, 
0x0a, 0x1d, 0xcd, 0x81, 0x01, 0xcd, 0x81, 0x01, 0x9b, 0xed, 0x01, 0xc1, 0x0a, 0x0d, 0x98, 0x56, 0x98, 0x56, 0x01, 0x01, 
0xff, 0x03, 0xdd, 0x49, 0xa2, 0x62, 0xc3, 0x10, 0x13, 0xa4, 0x06, 0xbd, 0xda, 0x01, 0xe2, 0x8b, 0x01, 0xc7, 0x0a, 0x1d, 
0xec, 0xec, 0x01, 0x90, 0xf3, 0x01, 0xec, 0xec, 0x01, 0xc1, 0x0a, 0x0d, 0xbb, 0x40, 0xbb, 0x40, 0x02, 0xd0, 0x0a, 0x18, 
0xb1, 0x38, 0x89, 0x59, 0xc4, 0x30, 0xb1, 0x38, 0x13, 0x8c, 0x05, 0xc7, 0x58, 0xa2, 0x1f, 0x8e, 0x14, 0x01, 0x0d, 0xfb, 
0x1b, 0xfb, 0x1b, 0xca, 0x16, 0x09, 0xac, 0x66, 0xac, 0x66, 0xe2, 0xfd, 0x01, 0xd9, 0x14, 0x0d, 0x9f, 0x5d, 0x9f, 0x5d, 
0x8c, 0x09, 0xe2, 0x90, 0x01, 0x4a, 0x0d, 0xfe, 0xbd, 0x01, 0x8c, 0x10, 0xbe, 0xd7, 0x02, 0x4a, 0x0d, 0x88, 0x0d, 0x88, 
0x0d, 0xe4, 0xcb, 0x02, 0x5c, 0x0d, 0x97, 0xbf, 0x01, 0x01, 0x0d, 0x94, 0xb6, 0x01, 0x4a, 0x0d, 0xe2, 0xbc, 0x01, 0xfa, 
0xe5, 0x02, 0xe2, 0xbc, 0x01, 0x4b, 0x0d, 0x85, 0x9d, 0x01, 0xf4, 0xc8, 0x01, 0x85, 0x9d, 0x01, 0x4a, 0x0d, 0x89, 0x33, 
0xbf, 0x07, 0x89, 0x33, 0xc3, 0x10, 0x0d, 0xd4, 0x9d, 0x01, 0xa2, 0xb5, 0x02, 0xd4, 0x9d, 0x01, 0xce, 0x10, 0x18, 0xdb, 
0x85, 0x01, 0xff, 0x5a, 0xdb, 0x85, 0x01, 0x4a, 0x0d, 0xa7, 0x2f, 0x94, 0x0a, 0xb4, 0x7c, 0x4a, 0x0d, 0xf2, 0x91, 0x01, 
0xf2, 0x91, 0x01, 0xe0, 0xf3, 0x01, 0x5c, 0x0d, 0x91, 0x67, 0x01, 0x0d, 0x92, 0x8a, 0x01, 0x4a, 0x0d, 0xe2, 0xbc, 0x01, 
0xfc, 0xe5, 0x02, 0xe2, 0xbc, 0x01, 0x4b, 0x0d, 0x85, 0x9d, 0x01, 0xf6, 0xc8, 0x01, 0x85, 0x9d, 0x01, 0x4a, 0x0d, 0x89, 
0x33, 0xda, 0x85, 0x01, 0x89, 0x33, 0xc3, 0x10, 0x0d, 0xce, 0x8d, 0x01, 0x9e, 0xa5, 0x02, 0xce, 0x8d, 0x01, 0xce, 0x10, 
0x18, 0xd8, 0x1b, 0xb0, 0x91, 0x01, 0xd8, 0x1b, 0x2d, 0x13, 0xad, 0x5c, 0xa4, 0x15, 0xa4, 0x15, 0x40, 0xc3, 0x10, 0x13, 
0xf8, 0x20, 0xd4, 0xfb, 0x01, 0xf8, 0x20, 0x4a, 0x13, 0xaa, 0x79, 0xc6, 0xaf, 0x01, 0xaa, 0x79, 0xc1, 0x0a, 0x0d, 0xab, 
0x26, 0xab, 0x26, 0x00, 0xc1, 0x0a, 0x0d, 0xe8, 0x04, 0xc3, 0x21, 0x01, 0x4a, 0x0d, 0xbe, 0x0a, 0xa6, 0x0f, 0xbe, 0x0a, 
0x4a, 0x0d, 0xe9, 0x4e, 0xe9, 0x4e, 0x8e, 0x88, 0x02, 0x6c, 0x0d, 0xf5, 0xa5, 0x01, 0x01, 0x1a, 0xc7, 0x8d, 0x01, 0x85, 
0x16, 0x7c, 0x0d, 0xac, 0xb1, 0x01, 0x01, 0x2b, 0xcc, 0x3a, 0x8c, 0x14, 0x8a, 0x01, 0xce, 0x10, 0x18, 0xd8, 0x63, 0x92, 
0x47, 0xd8, 0x63, 0xce, 0x10, 0x13, 0xc9, 0x78, 0x9a, 0x40, 0xa0, 0x91, 0x02, 0xc3, 0x10, 0x13, 0x9d, 0xac, 0x01, 0x9d, 
0xac, 0x01, 0xb4, 0x59, 0xc3, 0x10, 0x13, 0x98, 0x61, 0x98, 0x61, 0xc2, 0xb3, 0x01, 0xc1, 0x0a, 0x0d, 0x15, 0x15, 0x00, 
0x4a, 0x0d, 0x9e, 0xa7, 0x01, 0x9e, 0xa7, 0x01, 0x98, 0xc2, 0x02, 0xc1, 0x0a, 0x0d, 0x98, 0x0c, 0xa0, 0xb3, 0x01, 0x01, 
0x4a, 0x0d, 0x91, 0x7a, 0x91, 0x7a, 0xb2, 0xe2, 0x01, 0xc3, 0x10, 0x0d, 0xaf, 0x14, 0xa9, 0x82, 0x01, 0xaf, 0x14, 0x4a, 
0x0d, 0xcd, 0x62, 0xd9, 0x3d, 0xb4, 0x6b, 0x4a, 0x0d, 0xdb, 0x24, 0xeb, 0x95, 0x02, 0xc4, 0x38, 0x4b, 0x0d, 0xbc, 0x9f, 
0x02, 0xe0, 0xfa, 0x01, 0xbc, 0x9f, 0x02, 0xc0, 0x0a, 0x13, 0xff, 0xda, 0x01, 0xed, 0x42, 0xff, 0xda, 0x01, 0xc8, 0x10, 
0x13, 0xaf, 0x37, 0xaf, 0x37, 0xa0, 0x6b, 0x4b, 0x13, 0x86, 0xa3, 0x01, 0x86, 0xa3, 0x01, 0xd6, 0xfb, 0x01, 0xc1, 0x0a, 
0x0d, 0xa3, 0x3d, 0xa3, 0x3d, 0x00, 0xce, 0x16, 0x09, 0xa8, 0xa2, 0x01, 0xa8, 0xa2, 0x01, 0xfe, 0xd0, 0x02, 0xa7, 0x1e, 
0xec, 0x61, 0x00, 0xba, 0x1e, 0x00, 0xae, 0x9d, 0x01, 0xec, 0x61, 0x18, 0xad, 0x9d, 0x01, 0xcc, 0x16, 0x09, 0x96, 0xa2, 
0x01, 0x90, 0xa7, 0x01, 0xea, 0xfb, 0x02, 0x99, 0x1e, 0xd4, 0x66, 0x18, 0xd3, 0x66, 0xe5, 0x1e, 0x09, 0xcd, 0x63, 0x4b, 
0x5e, 0x00, 0x00, 0x36, 0x41, 0x00, 0x00, 0x7f, 0x5f, 0x00, 0x00, 0xf4, 0x36, 0x00, 0x00, 0xa7, 0x1e, 0xf1, 0x17, 0x00, 
0xba, 0x1e, 0x00, 0xe7, 0x0d, 0xf1, 0x17, 0x18, 0xe8, 0x0d, 0xc1, 0x0a, 0x0d, 0xc2, 0x8d, 0x01, 0xf4, 0x3a, 0x01, 0xce, 
0x16, 0x09, 0xb3, 0x17, 0xb3, 0x17, 0xba, 0x8f, 0x02, 0x99, 0x1e, 0x84, 0x6c, 0x18, 0x83, 0x6c, 0xe5, 0x1e, 0x09, 0xef, 
0x17, 0xee, 0x2c, 0x00, 0x00, 0xd5, 0x45, 0x00, 0x00, 0xe9, 0x4d, 0x00, 0x00, 0x62, 0x30, 0x00, 0x00, 0xa7, 0x1e, 0xcd, 
0x63, 0x00, 0xba, 0x1e, 0x00, 0x99, 0x0d, 0xcd, 0x63, 0x18, 0x9a, 0x0d, 0xc1, 0x0a, 0x0d, 0xc2, 0x93, 0x01, 0xa8, 0x40, 
0x01, 0xcc, 0x16, 0x09, 0xe1, 0x46, 0xe1, 0x46, 0xc4, 0x8b, 0x02, 0x99, 0x1e, 0xd3, 0x09, 0x18, 0xd4, 0x09, 0xe5, 0x1e, 
0x09, 0xcb, 0x63, 0xef, 0x2c, 0x00, 0x00, 0xe7, 0x32, 0x00, 0x00, 0x6c, 0x43, 0x00, 0x00, 0x3c, 0x30, 0x00, 0x00, 0xa7, 
0x1e, 0xe8, 0x45, 0x00, 0xba, 0x1e, 0x00, 0xfa, 0x2e, 0xe8, 0x45, 0x18, 0xf9, 0x2e, 0x7c, 0x0d, 0xb0, 0x21, 0x01, 0x31, 
0x8c, 0x14, 0x85, 0x0a, 0xb7, 0x6b, 0x7c, 0x0d, 0xaf, 0x1e, 0x01, 0x31, 0x8a, 0x01, 0x95, 0x12, 0xb7, 0x6b, 0x4a, 0x0d, 
0x94, 0x1a, 0x9b, 0x04, 0x94, 0x1a, 0xc1, 0x0a, 0x0d, 0x9c, 0x4c, 0xfb, 0x25, 0x01, 0x7c, 0x0d, 0xa7, 0x2c, 0x01, 0x31, 
0x8c, 0x14, 0x85, 0x0a, 0x8b, 0x77, 0x4a, 0x0d, 0x9b, 0x1f, 0x58, 0x9b, 0x1f, 0x7c, 0x0d, 0xe6, 0x61, 0x01, 0x31, 0x8a, 
0x01, 0x95, 0x12, 0x8b, 0x77, 0x4a, 0x0d, 0xb0, 0x5e, 0x96, 0xc0, 0x01, 0xb0, 0x5e, 0x01, 0xff, 0x03, 0x8f, 0xbd, 0x01, 
0xfe, 0x6d, 0x01, 0x0d, 0xb6, 0x9f, 0x01, 0xaa, 0xf9, 0x01, 0xe7, 0x0a, 0x1d, 0xff, 0xdb, 0x01, 0xc9, 0x3c, 0x83, 0xab, 
0x01, 0x01, 0xc7, 0xa2, 0x01, 0xc1, 0x0a, 0x0d, 0x82, 0xdb, 0x01, 0x82, 0xdb, 0x01, 0x00, 0x4a, 0x0d, 0xbf, 0xd7, 0x01, 
0xbf, 0xd7, 0x01, 0x97, 0xf6, 0x01, 0x4a, 0x0d, 0x9c, 0xbb, 0x01, 0x9c, 0xbb, 0x01, 0xd6, 0x82, 0x02, 0x99, 0x1e, 0xf4, 
0xb9, 0x01, 0x18, 0xf3, 0xb9, 0x01, 0xe5, 0x1e, 0x0d, 0xd2, 0x13, 0x0c, 0x0a, 0x00, 0x00, 0xd6, 0x45, 0x00, 0x00, 0xf6, 
0x49, 0x00, 0x00, 0x33, 0x21, 0x00, 0x00, 0xce, 0x10, 0x18, 0xda, 0x87, 0x02, 0x9a, 0xfc, 0x02, 0xda, 0x87, 0x02, 0x4b, 
0x18, 0xc1, 0x6d, 0xb9, 0x6e, 0xc1, 0x6d, 0xce, 0x10, 0x18, 0x83, 0x33, 0xc6, 0xd8, 0x01, 0x98, 0x07, 0x4a, 0x18, 0xee, 
0x32, 0x15, 0xee, 0x32, 0xd0, 0x0a, 0x18, 0xf8, 0x07, 0xea, 0x8a, 0x01, 0xea, 0x8a, 0x01, 0xea, 0x8a, 0x01, 0xc3, 0x10, 
0x18, 0x8f, 0x67, 0x97, 0x5f, 0x8f, 0x67, 0x7c, 0x18, 0xee, 0x75, 0x01, 0x2b, 0x9a, 0x5e, 0xac, 0x14, 0x98, 0x14, 0xc1, 
0x0a, 0x0d, 0xeb, 0x6e, 0xeb, 0x6e, 0x00, 0xc1, 0x0a, 0x0d, 0xbe, 0x79, 0xd2, 0x0a, 0x01, 0xc1, 0x0a, 0x0d, 0x9d, 0xbe, 
0x01, 0xcb, 0xb3, 0x01, 0x02, 0xe0, 0x0a, 0x1d, 0xd6, 0xa7, 0x01, 0xf6, 0x62, 0xc7, 0x16, 0xd6, 0xa7, 0x01, 0x98, 0xa4, 
0x02, 0x13, 0x9a, 0x05, 0x99, 0x62, 0xa2, 0x21, 0x8b, 0x14, 0x22, 0x00, 0x99, 0x62, 0x99, 0x1e, 0xf6, 0x5a, 0x18, 0xf1, 
0x30, 0x01, 0xff, 0x03, 0xdc, 0x6a, 0xe6, 0xcd, 0x01, 0x01, 0x0d, 0xad, 0x17, 0xea, 0x9a, 0x01, 0xe7, 0x0a, 0x1d, 0xe5, 
0x03, 0x93, 0x1b, 0xa4, 0x78, 0x01, 0xa7, 0x73, 0x4a, 0x0d, 0xdf, 0x75, 0xa1, 0xf6, 0x01, 0x84, 0x64, 0x5c, 0x0d, 0xd8, 
0xab, 0x01, 0x01, 0x0d, 0xc4, 0x36, 0x4a, 0x0d, 0x89, 0x57, 0x89, 0x57, 0xe2, 0xa3, 0x01, 0xc1, 0x0a, 0x0d, 0x90, 0xa1, 
0x01, 0xa2, 0xf8, 0x01, 0x00, 0x4a, 0x0d, 0x83, 0x2e, 0x83, 0x2e, 0x9c, 0xb0, 0x02, 0x5c, 0x0d, 0xe1, 0x53, 0x01, 0x0e, 
0xb1, 0x9a, 0x01, 0x4a, 0x0d, 0xa4, 0x97, 0x01, 0xa4, 0x97, 0x01, 0xea, 0xcd, 0x02, 0x4b, 0x0d, 0xef, 0x8b, 0x02, 0xa1, 
0x55, 0xef, 0x8b, 0x02, 0x3d, 0x18, 0xee, 0xd2, 0x01, 0xba, 0x5c, 0xba, 0x5c, 0x18, 0x4b, 0x0d, 0xa1, 0x74, 0xec, 0xc8, 
0x01, 0xcc, 0x5e, 0xce, 0x10, 0x18, 0x80, 0xb5, 0x01, 0xde, 0x40, 0x80, 0xb5, 0x01, 0xce, 0x10, 0x18, 0xc5, 0xee, 0x01, 
0xa2, 0x81, 0x01, 0x8b, 0x50, 0x4a, 0x18, 0xf1, 0x0f, 0xb7, 0xfe, 0x01, 0xf1, 0x0f, 0x7c, 0x18, 0xfe, 0xf3, 0x01, 0x01, 
0x2b, 0xe4, 0x40, 0xac, 0x14, 0x98, 0x14, 0xc1, 0x0a, 0x0d, 0xf5, 0x98, 0x01, 0xf5, 0x98, 0x01, 0x00, 0xc1, 0x0a, 0x0d, 
0xa6, 0x60, 0xcf, 0x38, 0x01, 0xc1, 0x0a, 0x0d, 0x9d, 0xbe, 0x01, 0xed, 0xf6, 0x01, 0x02, 0xe0, 0x0a, 0x1d, 0xd6, 0xa7, 
0x01, 0xde, 0x49, 0xc7, 0x16, 0xd6, 0xa7, 0x01, 0x9a, 0xa4, 0x02, 0x13, 0x9a, 0x05, 0x99, 0x62, 0xa2, 0x21, 0x8b, 0x14, 
0x22, 0x00, 0x99, 0x62, 0x99, 0x1e, 0xf8, 0x5a, 0x18, 0xf7, 0x5a, 0x8d, 0x1e, 0x88, 0x06, 0x00, 0xf4, 0x01, 0x00, 0x00, 
0x00, 0x00, 0x00, 0x00, 0x4c, 0x4f, 0x4d, 0x53, 0x00, 0x03, 0x01, 0x00, 0x0b, 0x00, 0x08, 0x00, 0x43, 0x5c, 0x00, 0x00, 
0x00, 0x00, 0x00, 0x00, 0x18, 0x05, 0x00, 0x00, 0x91, 0x02, 0x01, 0xd1, 0x10, 0x02, 0x47, 0x4c, 0x53, 0x4c, 0x2e, 0x73, 
0x74, 0x64, 0x2e, 0x34, 0x35, 0x30, 0x00, 0x00, 0x00, 0x00, 0xa0, 0x04, 0x00, 0x01, 0xff, 0x0e, 0x04, 0x9f, 0x2c, 0xed, 
0xc2, 0xa5, 0xf3, 0x06, 0x00, 0x8c, 0x1a, 0xef, 0x25, 0xd9, 0x1b, 0xa0, 0x02, 0x9f, 0x2c, 0x07, 0x10, 0xec, 0x0e, 0x06, 
0x10, 0x37, 0xac, 0x1f, 0x0b, 0x00, 0x05, 0x00, 0x07, 0x01, 0x10, 0x00, 0x23, 0x00, 0x01, 0x05, 0x00, 0x07, 0x01, 0x10, 
0x00, 0x23, 0x40, 0x01, 0x23, 0x30, 0x01, 0x23, 0x04, 0x01, 0x23, 0x04, 0x01, 0x23, 0x04, 0x01, 0x23, 0x04, 0x10, 0xae, 
0x20, 0x01, 0x01, 0x10, 0xbd, 0x4d, 0x06, 0x80, 0x02, 0x00, 0x86, 0x10, 0x02, 0x47, 0x00, 0x01, 0x00, 0x23, 0x00, 0x10, 
0xa6, 0x22, 0x21, 0x00, 0x10, 0x00, 0x22, 0x01, 0x00, 0x64, 0x0e, 0x10, 0x00, 0x1e, 0x0a, 0x10, 0xc6, 0x17, 0x1e, 0x00, 
0x10, 0xab, 0x14, 0x1e, 0x09, 0x93, 0x02, 0x0e, 0xa1, 0x04, 0xf4, 0x13, 0x08, 0xb5, 0x02, 0xeb, 0x13, 0x20, 0x01, 0xa6, 
0x02, 0x02, 0x20, 0xb7, 0x02, 0x20, 0x0d, 0x04, 0xb8, 0x02, 0x90, 0x01, 0x1d, 0x04, 0xb7, 0x02, 0x99, 0x01, 0x0d, 0x03, 
0xb8, 0x02, 0x5c, 0x18, 0x03, 0xb5, 0x02, 0x75, 0x20, 0x00, 0xbb, 0x04, 0x0b, 0xae, 0x28, 0x08, 0x00, 0x00, 0x00, 0xbc, 
0x02, 0xd7, 0x19, 0x1d, 0xa2, 0x14, 0x8e, 0x03, 0xac, 0x1f, 0x65, 0x46, 0x0c, 0x0c, 0x0c, 0x0d, 0xb6, 0x07, 0xb2, 0x06, 
0x0c, 0xae, 0x20, 0x40, 0x00, 0x00, 0x00, 0xbc, 0x02, 0xbd, 0x4d, 0x8c, 0x17, 0xa3, 0x27, 0xae, 0x02, 0x86, 0x10, 0x44, 
0x3e, 0xfa, 0x09, 0x02, 0xc7, 0x08, 0x39, 0xc4, 0x0d, 0xac, 0x18, 0x02, 0xbb, 0x04, 0x0c, 0x9d, 0x0b, 0x00, 0x00, 0x00, 
0x00, 0x3e, 0x83, 0x1e, 0x02, 0x0c, 0xbb, 0x04, 0x0c, 0x9c, 0x1e, 0x04, 0x00, 0x00, 0x00, 0x3e, 0x99, 0x1e, 0x01, 0x0c, 
0x39, 0x8a, 0x05, 0x84, 0x2a, 0x01, 0xb7, 0x02, 0xf5, 0x33, 0x0b, 0x02, 0x3e, 0xfa, 0x09, 0x03, 0x11, 0x39, 0x8e, 0x05, 
0xc2, 0x41, 0x03, 0xbb, 0x04, 0x0b, 0xc9, 0x23, 0x00, 0x00, 0x00, 0x00, 0x3e, 0x83, 0x1e, 0x03, 0x0b, 0x3e, 0x24, 0x01, 
0x1d, 0x39, 0x9a, 0x05, 0xfe, 0x2c, 0x01, 0xbb, 0x04, 0x0b, 0x91, 0x0f, 0x02, 0x00, 0x00, 0x00, 0x3e, 0x89, 0x1e, 0x01, 
0x0d, 0xbb, 0x04, 0x0b, 0x90, 0x1e, 0x03, 0x00, 0x00, 0x00, 0xbb, 0x04, 0x0b, 0x0b, 0x01, 0x00, 0x00, 0x00, 0xc6, 0x06, 
0x08, 0xa4, 0x30, 0x00, 0x82, 0x0a, 0x18, 0xe6, 0x61, 0x01, 0x0c, 0xba, 0xa0, 0x01, 0xc6, 0xa6, 0x02, 0x33, 0x89, 0x05, 
0xf5, 0xf0, 0x01, 0xda, 0x19, 0x8b, 0x14, 0xaf, 0xad, 0x01, 0x97, 0x14, 0x01, 0x0c, 0xd4, 0x74, 0xd4, 0x74, 0xbc, 0x0e, 
0x0b, 0xe9, 0x5c, 0xe9, 0x5c, 0x13, 0x88, 0x05, 0xed, 0x04, 0xef, 0x25, 0x8a, 0x14, 0x22, 0x00, 0xed, 0x04, 0x13, 0x8b, 
0x05, 0xfe, 0x73, 0xd9, 0x1b, 0x90, 0x14, 0x01, 0x0d, 0xf7, 0x5e, 0xf7, 0x5e, 0x13, 0x8b, 0x05, 0xe6, 0xdc, 0x01, 0xd9, 
0x1b, 0x93, 0x14, 0x01, 0x0d, 0x89, 0x9f, 0x01, 0x89, 0x9f, 0x01, 0xc8, 0x10, 0x0d, 0x9c, 0x0f, 0xf8, 0x4c, 0x9c, 0x0f, 
0xbc, 0x0e, 0x0b, 0xa8, 0x24, 0xa8, 0x24, 0x13, 0x88, 0x05, 0xfa, 0x6d, 0xef, 0x25, 0x8d, 0x14, 0x22, 0x00, 0xfa, 0x6d, 
0x8d, 0x1e, 0x88, 0x06, 0x00, 0x00, 0x00, 0x00, 0x6a, 0x06, 0x00, 0x00, 0x00, 0x00, 0x00, 0x00, 0x4c, 0x4f, 0x4d, 0x53, 
0x00, 0x03, 0x01, 0x00, 0x0b, 0x00, 0x08, 0x00, 0x7d, 0x62, 0x00, 0x00, 0x00, 0x00, 0x00, 0x00, 0x68, 0x17, 0x00, 0x00, 
0x91, 0x02, 0x01, 0xd1, 0x10, 0x02, 0x47, 0x4c, 0x53, 0x4c, 0x2e, 0x73, 0x74, 0x64, 0x2e, 0x34, 0x35, 0x30, 0x00, 0x00, 
0x00, 0x00, 0xa0, 0x04, 0x00, 0x01, 0xcf, 0x0f, 0x00, 0x9f, 0x2c, 0xed, 0xc2, 0xa5, 0xf3, 0x06, 0x00, 0x82, 0x1f, 0xcf, 
0x2d, 0x8c, 0x1a, 0xb0, 0x23, 0xab, 0x22, 0xd9, 0x1b, 0xc2, 0x26, 0x84, 0x28, 0x10, 0xb4, 0x15, 0x06, 0x10, 0x37, 0xe7, 
0x10, 0x0b, 0x00, 0x05, 0x00, 0x07, 0x01, 0x10, 0x00, 0x23, 0x00, 0x01, 0x05, 0x00, 0x07, 0x01, 0x10, 0x00, 0x23, 0x40, 
0x01, 0x23, 0x30, 0x01, 0x23, 0x04, 0x01, 0x23, 0x04, 0x01, 0x23, 0x04, 0x01, 0x23, 0x04, 0x10, 0xfa, 0x49, 0x01, 0x01, 
0x10, 0xc5, 0x3b, 0x06, 0x80, 0x02, 0x00, 0x87, 0x0d, 0x02, 0x47, 0x00, 0x01, 0x00, 0x23, 0x00, 0x10, 0xbc, 0x2d, 0x21, 
0x00, 0x10, 0x00, 0x22, 0x01, 0x10, 0xd3, 0x17, 0x06, 0x40, 0x10, 0x02, 0x06, 0x40, 0x10, 0xe7, 0x07, 0x06, 0x10, 0x10, 
0x8c, 0x03, 0x06, 0x10, 0x10, 0x02, 0x06, 0x10, 0x10, 0x02, 0x06, 0x10, 0x10, 0x50, 0x06, 0x10, 0x00, 0xb9, 0x14, 0x02, 
0x37, 0x00, 0x95, 0x00, 0x05, 0x00, 0x07, 0x01, 0x10, 0x00, 0x23, 0x00, 0x01, 0x05, 0x00, 0x07, 0x01, 0x10, 0x00, 0x23, 
0x40, 0x01, 0x05, 0x00, 0x07, 0x01, 0x10, 0x00, 0x23, 0x40, 0x01, 0x05, 0x00, 0x07, 0x01, 0x10, 0x00, 0x23, 0x40, 0x01, 
0x05, 0x00, 0x07, 0x01, 0x10, 0x00, 0x23, 0x40, 0x01, 0x05, 0x00, 0x07, 0x01, 0x10, 0x00, 0x23, 0x80, 0x02, 0x01, 0x05, 
0x00, 0x07, 0x01, 0x10, 0x00, 0x23, 0x80, 0x02, 0x01, 0x05, 0x00, 0x07, 0x01, 0x10, 0x00, 0x23, 0x40, 0x01, 0x05, 0x00, 
0x07, 0x01, 0x10, 0x00, 0x23, 0x30, 0x01, 0x23, 0x40, 0x01, 0x23, 0x10, 0x01, 0x23, 0x08, 0x01, 0x23, 0x04, 0x01, 0x23, 
0x04, 0x01, 0x23, 0x10, 0x01, 0x23, 0x10, 0x01, 0x23, 0x08, 0x01, 0x23, 0x08, 0x01, 0x23, 0x04, 0x01, 0x00, 0x00, 0x23, 
0x04, 0x01, 0x23, 0x08, 0x01, 0x23, 0x04, 0x01, 0x23, 0x04, 0x01, 0x23, 0x04, 0x01, 0x23, 0x04, 0x01, 0x23, 0x04, 0x01, 
0x00, 0x00, 0x23, 0x04, 0x01, 0x00, 0x00, 0x23, 0x04, 0x01, 0x00, 0x00, 0x23, 0x04, 0x01, 0x00, 0x00, 0x23, 0x10, 0x01, 
0x00, 0x00, 0x23, 0x0c, 0x01, 0x00, 0x00, 0x23, 0x04, 0x01, 0x00, 0x00, 0x23, 0x08, 0x01, 0x00, 0x00, 0x23, 0x04, 0x01, 
0x00, 0x00, 0x23, 0x04, 0x01, 0x00, 0x00, 0x23, 0x04, 0x01, 0x23, 0x04, 0x01, 0x00, 0x00, 0x23, 0x04, 0x01, 0x00, 0x00, 
0x23, 0x04, 0x01, 0x23, 0x90, 0x01, 0x01, 0x00, 0x00, 0x23, 0x0c, 0x01, 0x23, 0x04, 0x01, 0x23, 0x10, 0x01, 0x23, 0x10, 
0x01, 0x00, 0x00, 0x23, 0x08, 0x01, 0x00, 0x00, 0x23, 0x04, 0x01, 0x23, 0x04, 0x01, 0x00, 0x00, 0x23, 0x08, 0x01, 0x00, 
0x00, 0x23, 0x04, 0x01, 0x23, 0x04, 0x01, 0x00, 0x00, 0x23, 0x10, 0x01, 0x00, 0x00, 0x23, 0x04, 0x01, 0x23, 0x04, 0x01, 
0x00, 0x00, 0x23, 0x08, 0x01, 0x23, 0x04, 0x01, 0x00, 0x00, 0x23, 0x04, 0x01, 0x00, 0x00, 0x23, 0x04, 0x01, 0x23, 0x04, 
0x01, 0x23, 0x0c, 0x01, 0x23, 0x04, 0x01, 0x23, 0x04, 0x01, 0x23, 0x04, 0x01, 0x23, 0x04, 0x01, 0x23, 0x04, 0x01, 0x23, 
0x0c, 0x01, 0x23, 0x04, 0x01, 0x23, 0x04, 0x01, 0x23, 0x04, 0x01, 0x23, 0x04, 0x01, 0x05, 0x00, 0x07, 0x01, 0x10, 0x00, 
0x23, 0x04, 0x01, 0x23, 0x30, 0x01, 0x23, 0x08, 0x01, 0x05, 0x00, 0x07, 0x01, 0x10, 0x00, 0x23, 0x08, 0x01, 0x05, 0x00, 
0x07, 0x01, 0x10, 0x00, 0x23, 0x40, 0x01, 0x00, 0x00, 0x23, 0x40, 0x01, 0x00, 0x00, 0x23, 0x04, 0x01, 0x00, 0x00, 0x23, 
0x04, 0x01, 0x00, 0x00, 0x23, 0x04, 0x01, 0x23, 0x04, 0x01, 0x23, 0x40, 0x01, 0x00, 0x00, 0x23, 0x04, 0x01, 0x00, 0x00, 
0x23, 0x04, 0x01, 0x00, 0x00, 0x23, 0x04, 0x01, 0x23, 0x04, 0x01, 0x23, 0x40, 0x01, 0x00, 0x00, 0x23, 0x40, 0x01, 0x00, 
0x00, 0x23, 0x04, 0x01, 0x00, 0x00, 0x23, 0x04, 0x01, 0x00, 0x00, 0x23, 0x04, 0x01, 0x00, 0x00, 0x23, 0x04, 0x10, 0xea, 
0x3b, 0x21, 0x00, 0x10, 0x00, 0x22, 0x00, 0x10, 0x85, 0x01, 0x1e, 0x00, 0x10, 0x9a, 0x1d, 0x1e, 0x03, 0x00, 0x85, 0x27, 
0x0e, 0x10, 0x00, 0x1e, 0x0a, 0x10, 0xc8, 0x12, 0x0b, 0x2b, 0x00, 0x89, 0x02, 0x10, 0x10, 0x00, 0x1e, 0x06, 0x10, 0xa3, 
0x0d, 0x1e, 0x09, 0x00, 0xbd, 0x23, 0x02, 0x47, 0x00, 0x04, 0x00, 0x0b, 0x01, 0x00, 0x01, 0x0b, 0x01, 0x01, 0x01, 0x0b, 
0x01, 0x03, 0x01, 0x0b, 0x01, 0x04, 0x10, 0x94, 0x3c, 0x1e, 0x05, 0x93, 0x02, 0x0e, 0xa1, 0x04, 0xf4, 0x13, 0x08, 0xa6, 
0x02, 0xe9, 0x13, 0x20, 0xb7, 0x02, 0x20, 0x0d, 0x04, 0xb8, 0x02, 0x90, 0x01, 0x1d, 0x04, 0xb7, 0x02, 0x99, 0x01, 0x0d, 
0x03, 0xb5, 0x02, 0x17, 0x20, 0x01, 0xb7, 0x02, 0x0e, 0x0d, 0x02, 0xbe, 0x02, 0xa2, 0x10, 0x13, 0x1d, 0xb5, 0x02, 0xb1, 
0x10, 0x20, 0x00, 0xbb, 0x04, 0x0b, 0xfe, 0x27, 0x00, 0x00, 0x00, 0x00, 0xbb, 0x04, 0x0c, 0x02, 0x00, 0x00, 0x00, 0x00, 
0xbb, 0x04, 0x0b, 0x04, 0x01, 0x00, 0x00, 0x00, 0xb8, 0x02, 0x8d, 0x27, 0x18, 0x03, 0xbb, 0x04, 0x0b, 0xb8, 0x27, 0x08, 
0x00, 0x00, 0x00, 0xbc, 0x02, 0x8f, 0x13, 0x1d, 0xa2, 0x14, 0x8e, 0x03, 0xe7, 0x10, 0x65, 0x46, 0x0c, 0x0c, 0x0c, 0x0d, 
0xda, 0x0a, 0xb2, 0x06, 0x0c, 0xfa, 0x49, 0x40, 0x00, 0x00, 0x00, 0xbc, 0x02, 0xc5, 0x3b, 0xa6, 0x02, 0xa3, 0x27, 0xae, 
0x02, 0x87, 0x0d, 0xc0, 0x09, 0x3e, 0xfa, 0x09, 0x02, 0xfc, 0x02, 0x39, 0xf9, 0x07, 0xc2, 0x23, 0x02, 0x3e, 0xef, 0x27, 
0x02, 0x65, 0xbb, 0x04, 0x0c, 0xf0, 0x1c, 0x05, 0x00, 0x00, 0x00, 0x3e, 0x9f, 0x1e, 0x02, 0x0d, 0xbb, 0x04, 0x0b, 0x98, 
0x1e, 0x04, 0x00, 0x00, 0x00, 0xbc, 0x02, 0xcb, 0x0c, 0x65, 0x96, 0x14, 0xbc, 0x02, 0x02, 0x65, 0x96, 0x14, 0xb7, 0x02, 
0xb9, 0x1b, 0x0b, 0x03, 0xbb, 0x04, 0x0b, 0xa2, 0x28, 0x09, 0x00, 0x00, 0x00, 0xbc, 0x02, 0xcf, 0x14, 0x18, 0xa5, 0x14, 
0xbc, 0x02, 0x8c, 0x03, 0x1d, 0x96, 0x14, 0xbc, 0x02, 0x02, 0x1d, 0x96, 0x14, 0xbc, 0x02, 0x02, 0x1d, 0x96, 0x14, 0xbc, 
0x02, 0x50, 0x1d, 0xa5, 0x14, 0xbe, 0x83, 0xc0, 0x02, 0xb9, 0x14, 0x65, 0x65, 0x65, 0x65, 0xf0, 0x0d, 0xf1, 0x0d, 0x65, 
0x46, 0x65, 0x1d, 0x13, 0x0d, 0x0d, 0x1d, 0x1d, 0x13, 0x13, 0x0d, 0x0d, 0x13, 0x0d, 0x0d, 0x0d, 0x0d, 0x0d, 0x0d, 0x0d, 
0x0d, 0x1d, 0x14, 0x0c, 0x13, 0x0c, 0x0c, 0x0c, 0x0c, 0x0d, 0x0d, 0xfd, 0x09, 0x18, 0x0d, 0x1d, 0x1d, 0x13, 0x0c, 0x0d, 
0x13, 0x0d, 0x0d, 0x1d, 0x0c, 0x0d, 0x13, 0x0d, 0x0d, 0x0d, 0x0b, 0x18, 0x0d, 0x0d, 0x0b, 0x0d, 0x0d, 0x18, 0x0d, 0x0d, 
0x0d, 0x0d, 0x0d, 0x46, 0x13, 0x13, 0x65, 0x65, 0x0d, 0x0d, 0x0d, 0x0d, 0xc3, 0x0b, 0x0c, 0x0d, 0x0d, 0x0d, 0xc4, 0x0b, 
0xc5, 0x0b, 0x0c, 0x0c, 0x0c, 0x0c, 0xed, 0x0b, 0x3e, 0xfa, 0x09, 0x02, 0xd0, 0x01, 0x39, 0xcd, 0x06, 0xf0, 0x31, 0x02, 
0x3e, 0xd5, 0x34, 0x01, 0x1d, 0x39, 0x9a, 0x05, 0xd0, 0x33, 0x01, 0x3e, 0xe3, 0x33, 0x01, 0x13, 0x39, 0x90, 0x05, 0xfe, 
0x50, 0x01, 0x3e, 0x87, 0x51, 0x01, 0x0d, 0xbb, 0x04, 0x0d, 0x81, 0x08, 0x00, 0x00, 0x80, 0x3f, 0x3e, 0xfe, 0x07, 0x03, 
0x0c, 0x39, 0x89, 0x05, 0x86, 0x2a, 0x03, 0x3e, 0xff, 0x29, 0x01, 0x0c, 0x39, 0x8c, 0x05, 0xc8, 0x3c, 0x01, 0xbb, 0x04, 
0x0c, 0xd1, 0x1d, 0x14, 0x00, 0x00, 0x00, 0xbb, 0x04, 0x0c, 0x06, 0x15, 0x00, 0x00, 0x00, 0xbb, 0x04, 0x0d, 0xe1, 0x28, 
0x00, 0x00, 0x00, 0x40, 0x3e, 0x84, 0x0a, 0x03, 0x1d, 0x39, 0x9b, 0x05, 0xa0, 0x3a, 0x03, 0xbb, 0x04, 0x0b, 0xaf, 0x1c, 
0x03, 0x00, 0x00, 0x00, 0x3e, 0x8b, 0x1e, 0x03, 0x0d, 0x39, 0x9b, 0x05, 0x98, 0x2d, 0x03, 0xbc, 0x02, 0xb1, 0x2c, 0x0d, 
0x8d, 0x14, 0xde, 0x02, 0xf4, 0x08, 0x1d, 0x0d, 0xc0, 0x05, 0xc0, 0x05, 0x3e, 0xfa, 0x09, 0x03, 0xfa, 0x09, 0x39, 0xf7, 
0x0e, 0x96, 0x2f, 0x03, 0x3e, 0xe1, 0x42, 0x03, 0x13, 0x39, 0x91, 0x05, 0xe6, 0x45, 0x03, 0xc6, 0x06, 0x08, 0xb6, 0x08, 
0x00, 0x82, 0x0a, 0x18, 0xf4, 0x60, 0x01, 0x0c, 0xba, 0xa9, 0x01, 0x8c, 0x9c, 0x02, 0x22, 0xd4, 0xae, 0x02, 0x00, 0x01, 
0x0c, 0xbf, 0x9f, 0x01, 0x94, 0x8f, 0x01, 0x33, 0xe2, 0x05, 0xfa, 0x3d, 0xda, 0x19, 0x8b, 0x14, 0xd6, 0x61, 0x8b, 0x14, 
0x01, 0x65, 0xbc, 0x7b, 0xbc, 0x7b, 0x13, 0x8b, 0x05, 0x9b, 0x23, 0xcf, 0x2d, 0x8a, 0x14, 0x01, 0x0d, 0x9e, 0x23, 0x9e, 
0x23, 0x13, 0x8b, 0x05, 0xd1, 0x0f, 0xcf, 0x2d, 0x8d, 0x14, 0x01, 0x0d, 0x91, 0x9d, 0x01, 0x91, 0x9d, 0x01, 0xc3, 0x10, 
0x0d, 0xd0, 0xb0, 0x01, 0xbc, 0xfe, 0x02, 0xd0, 0xb0, 0x01, 0xc0, 0x0a, 0x13, 0xad, 0x12, 0xc1, 0x0e, 0xad, 0x12, 0x01, 
0x1d, 0xc7, 0xca, 0x01, 0xd6, 0x65, 0x3d, 0x18, 0x82, 0x41, 0x82, 0x41, 0x82, 0x41, 0x18, 0xc1, 0x0a, 0x0d, 0xdf, 0x66, 
0xdf, 0x66, 0x00, 0xc1, 0x0a, 0x1d, 0xa0, 0x84, 0x01, 0xc5, 0x7a, 0x00, 0xce, 0x10, 0x1d, 0xec, 0x1b, 0xec, 0x1b, 0x8c, 
0xa0, 0x01, 0xc1, 0x0a, 0x0d, 0xbe, 0x14, 0xea, 0x4d, 0x01, 0xc1, 0x0a, 0x1d, 0x99, 0xd0, 0x01, 0xb5, 0x9a, 0x02, 0x01, 
0xce, 0x10, 0x1d, 0xde, 0xbb, 0x01, 0xde, 0xbb, 0x01, 0xbb, 0x14, 0xc1, 0x0a, 0x0d, 0xbe, 0x14, 0xec, 0x4d, 0x02, 0xc1, 
0x0a, 0x1d, 0x99, 0xd0, 0x01, 0xb3, 0x9a, 0x02, 0x02, 0xce, 0x10, 0x1d, 0xfa, 0xc9, 0x01, 0xfa, 0xc9, 0x01, 0x9f, 0x06, 
0xc1, 0x0a, 0x1d, 0xaf, 0x7f, 0xe9, 0xcf, 0x01, 0x03, 0x4b, 0x1d, 0x95, 0x0d, 0xc5, 0x8c, 0x01, 0x95, 0x0d, 0x4b, 0x1d, 
0xf6, 0x41, 0xb1, 0x3c, 0xf6, 0x41, 0x4b, 0x1d, 0xaa, 0x1f, 0x85, 0x1d, 0xaa, 0x1f, 0xc0, 0x0a, 0xa4, 0x08, 0xba, 0x36, 
0xe5, 0x36, 0xba, 0x36, 0x23, 0xe2, 0x05, 0xb3, 0x28, 0xc5, 0x1f, 0x9a, 0x14, 0x8b, 0x14, 0x01, 0x65, 0xbf, 0x76, 0xbf, 
0x76, 0xc1, 0x0a, 0x1d, 0xd4, 0xc8, 0x01, 0xe0, 0x29, 0x01, 0xc1, 0x12, 0x1d, 0x93, 0xa6, 0x01, 0xc0, 0x22, 0x93, 0xa6, 
0x01, 0x13, 0xe2, 0x05, 0x9e, 0x18, 0xc5, 0x1f, 0x8b, 0x14, 0x01, 0x65, 0xb5, 0x57, 0xb5, 0x57, 0xc1, 0x12, 0x1d, 0xd3, 
0x18, 0xd3, 0x18, 0xff, 0xfd, 0x01, 0xc1, 0x0a, 0x0d, 0xa6, 0xc3, 0x01, 0xa6, 0xc3, 0x01, 0x02, 0x3f, 0x0d, 0xc3, 0x24, 
0xc3, 0x24, 0x13, 0x8a, 0x05, 0xae, 0x7d, 0xc5, 0x1f, 0xc7, 0x14, 0x01, 0x0d, 0xdd, 0x3b, 0xdd, 0x3b, 0x4a, 0x0d, 0xbb, 
0x9a, 0x01, 0xeb, 0x58, 0xbb, 0x9a, 0x01, 0x13, 0x8a, 0x05, 0x90, 0x27, 0xc5, 0x1f, 0xca, 0x14, 0x01, 0x0d, 0xb7, 0x51, 
0xb7, 0x51, 0xc3, 0x10, 0x0d, 0xa8, 0x87, 0x01, 0x80, 0x5d, 0xa8, 0x87, 0x01, 0x4a, 0x0d, 0xb7, 0x14, 0xb7, 0x14, 0xa8, 
0xf1, 0x01, 0xc3, 0x10, 0x0d, 0x9b, 0x5f, 0x9b, 0x5f, 0xaa, 0x90, 0x01, 0x13, 0x8d, 0x05, 0xba, 0xf7, 0x01, 0xab, 0x22, 
0x93, 0x14, 0x22, 0x00, 0xba, 0xf7, 0x01, 0x22, 0xc6, 0xd2, 0x02, 0xf0, 0xce, 0x01, 0xc1, 0x0a, 0x0d, 0x9f, 0x94, 0x02, 
0xaf, 0x45, 0x01, 0x3f, 0x0d, 0x94, 0xcd, 0x01, 0x94, 0xcd, 0x01, 0xd2, 0x0a, 0x1d, 0xe1, 0x3d, 0xe1, 0x3d, 0x82, 0x4a, 
0x01, 0x13, 0x9b, 0x05, 0xae, 0x19, 0xc2, 0x26, 0x8b, 0x14, 0x22, 0x00, 0xae, 0x19, 0x8d, 0x1e, 0x88, 0x06, 0x00, 0x00, 
0x00, 0x00, 0x00, 0x00, 0x70, 0x04, 0x00, 0x00, 0x00, 0x00, 0x00, 0x00, 0x4c, 0x4f, 0x4d, 0x53, 0x00, 0x03, 0x01, 0x00, 
0x0b, 0x00, 0x08, 0x00, 0x95, 0x60, 0x00, 0x00, 0x00, 0x00, 0x00, 0x00, 0xf4, 0x11, 0x00, 0x00, 0x91, 0x02, 0x01, 0xd1, 
0x10, 0x02, 0x47, 0x4c, 0x53, 0x4c, 0x2e, 0x73, 0x74, 0x64, 0x2e, 0x34, 0x35, 0x30, 0x00, 0x00, 0x00, 0x00, 0xa0, 0x04, 
0x00, 0x01, 0xef, 0x0e, 0x04, 0x9f, 0x2c, 0xed, 0xc2, 0xa5, 0xf3, 0x06, 0x00, 0xab, 0x22, 0xbf, 0x1c, 0xa0, 0x02, 0x9f, 
0x2c, 0x07, 0x10, 0xa4, 0x2c, 0x06, 0x40, 0x10, 0x02, 0x06, 0x40, 0x10, 0xab, 0x1d, 0x06, 0x10, 0x10, 0x9a, 0x01, 0x06, 
0x10, 0x10, 0x02, 0x06, 0x10, 0x10, 0x02, 0x06, 0x10, 0x10, 0x7a, 0x06, 0x10, 0x00, 0xd0, 0x1a, 0x02, 0x37, 0x00, 0x95, 
0x00, 0x05, 0x00, 0x07, 0x01, 0x10, 0x00, 0x23, 0x00, 0x01, 0x05, 0x00, 0x07, 0x01, 0x10, 0x00, 0x23, 0x40, 0x01, 0x05, 
0x00, 0x07, 0x01, 0x10, 0x00, 0x23, 0x40, 0x01, 0x05, 0x00, 0x07, 0x01, 0x10, 0x00, 0x23, 0x40, 0x01, 0x05, 0x00, 0x07, 
0x01, 0x10, 0x00, 0x23, 0x40, 0x01, 0x05, 0x00, 0x07, 0x01, 0x10, 0x00, 0x23, 0x80, 0x02, 0x01, 0x05, 0x00, 0x07, 0x01, 
0x10, 0x00, 0x23, 0x80, 0x02, 0x01, 0x05, 0x00, 0x07, 0x01, 0x10, 0x00, 0x23, 0x40, 0x01, 0x05, 0x00, 0x07, 0x01, 0x10, 
0x00, 0x23, 0x30, 0x01, 0x23, 0x40, 0x01, 0x23, 0x10, 0x01, 0x23, 0x08, 0x01, 0x23, 0x04, 0x01, 0x23, 0x04, 0x01, 0x23, 
0x10, 0x01, 0x23, 0x10, 0x01, 0x23, 0x08, 0x01, 0x23, 0x08, 0x01, 0x23, 0x04, 0x01, 0x00, 0x00, 0x23, 0x04, 0x01, 0x23, 
0x08, 0x01, 0x23, 0x04, 0x01, 0x23, 0x04, 0x01, 0x23, 0x04, 0x01, 0x23, 0x04, 0x01, 0x23, 0x04, 0x01, 0x00, 0x00, 0x23, 
0x04, 0x01, 0x00, 0x00, 0x23, 0x04, 0x01, 0x00, 0x00, 0x23, 0x04, 0x01, 0x00, 0x00, 0x23, 0x10, 0x01, 0x00, 0x00, 0x23, 
0x0c, 0x01, 0x00, 0x00, 0x23, 0x04, 0x01, 0x00, 0x00, 0x23, 0x08, 0x01, 0x00, 0x00, 0x23, 0x04, 0x01, 0x00, 0x00, 0x23, 
0x04, 0x01, 0x00, 0x00, 0x23, 0x04, 0x01, 0x23, 0x04, 0x01, 0x00, 0x00, 0x23, 0x04, 0x01, 0x00, 0x00, 0x23, 0x04, 0x01, 
0x23, 0x90, 0x01, 0x01, 0x00, 0x00, 0x23, 0x0c, 0x01, 0x23, 0x04, 0x01, 0x23, 0x10, 0x01, 0x23, 0x10, 0x01, 0x00, 0x00, 
0x23, 0x08, 0x01, 0x00, 0x00, 0x23, 0x04, 0x01, 0x23, 0x04, 0x01, 0x00, 0x00, 0x23, 0x08, 0x01, 0x00, 0x00, 0x23, 0x04, 
0x01, 0x23, 0x04, 0x01, 0x00, 0x00, 0x23, 0x10, 0x01, 0x00, 0x00, 0x23, 0x04, 0x01, 0x23, 0x04, 0x01, 0x00, 0x00, 0x23, 
0x08, 0x01, 0x23, 0x04, 0x01, 0x00, 0x00, 0x23, 0x04, 0x01, 0x00, 0x00, 0x23, 0x04, 0x01, 0x23, 0x04, 0x01, 0x23, 0x0c, 
0x01, 0x23, 0x04, 0x01, 0x23, 0x04, 0x01, 0x23, 0x04, 0x01, 0x23, 0x04, 0x01, 0x23, 0x04, 0x01, 0x23, 0x0c, 0x01, 0x23, 
0x04, 0x01, 0x23, 0x04, 0x01, 0x23, 0x04, 0x01, 0x23, 0x04, 0x01, 0x05, 0x00, 0x07, 0x01, 0x10, 0x00, 0x23, 0x04, 0x01, 
0x23, 0x30, 0x01, 0x23, 0x08, 0x01, 0x05, 0x00, 0x07, 0x01, 0x10, 0x00, 0x23, 0x08, 0x01, 0x05, 0x00, 0x07, 0x01, 0x10, 
0x00, 0x23, 0x40, 0x01, 0x00, 0x00, 0x23, 0x40, 0x01, 0x00, 0x00, 0x23, 0x04, 0x01, 0x00, 0x00, 0x23, 0x04, 0x01, 0x00, 
0x00, 0x23, 0x04, 0x01, 0x23, 0x04, 0x01, 0x23, 0x40, 0x01, 0x00, 0x00, 0x23, 0x04, 0x01, 0x00, 0x00, 0x23, 0x04, 0x01, 
0x00, 0x00, 0x23, 0x04, 0x01, 0x23, 0x04, 0x01, 0x23, 0x40, 0x01, 0x00, 0x00, 0x23, 0x40, 0x01, 0x00, 0x00, 0x23, 0x04, 
0x01, 0x00, 0x00, 0x23, 0x04, 0x01, 0x00, 0x00, 0x23, 0x04, 0x01, 0x00, 0x00, 0x23, 0x04, 0x10, 0xa8, 0x13, 0x21, 0x00, 
0x10, 0x00, 0x22, 0x00, 0x00, 0xcc, 0x05, 0x10, 0x10, 0x00, 0x1e, 0x06, 0x10, 0xd7, 0x0b, 0x1e, 0x00, 0x00, 0xec, 0x7d, 
0x00, 0x93, 0x02, 0x0e, 0xa1, 0x04, 0xf4, 0x13, 0x08, 0xa6, 0x02, 0xe9, 0x13, 0x20, 0xb7, 0x02, 0x20, 0x0d, 0x04, 0xb5, 
0x02, 0x21, 0x20, 0x01, 0xb8, 0x02, 0xb2, 0x01, 0x1d, 0x04, 0xb7, 0x02, 0x99, 0x01, 0x0d, 0x03, 0xb8, 0x02, 0x5c, 0x18, 
0x03, 0xb5, 0x02, 0x75, 0x20, 0x00, 0x3e, 0xfe, 0x09, 0x02, 0x0d, 0xbb, 0x04, 0x0b, 0x98, 0x1e, 0x04, 0x00, 0x00, 0x00, 
0xbc, 0x02, 0xf8, 0x03, 0x65, 0x96, 0x14, 0xbc, 0x02, 0x02, 0x65, 0x96, 0x14, 0xb7, 0x02, 0xff, 0x2b, 0x0d, 0x02, 0xb7, 
0x02, 0x02, 0x0b, 0x03, 0xbb, 0x04, 0x0b, 0xa2, 0x28, 0x09, 0x00, 0x00, 0x00, 0xbc, 0x02, 0xcf, 0x19, 0x18, 0xa5, 0x14, 
0xbc, 0x02, 0x9a, 0x01, 0x1d, 0x96, 0x14, 0xbc, 0x02, 0x02, 0x1d, 0x96, 0x14, 0xbc, 0x02, 0x02, 0x1d, 0x96, 0x14, 0xbc, 
0x02, 0x7a, 0x1d, 0xa5, 0x14, 0xbe, 0x83, 0xc0, 0x02, 0xd0, 0x1a, 0x65, 0x65, 0x65, 0x65, 0x92, 0x16, 0x93, 0x16, 0x65, 
0x46, 0x65, 0x1d, 0x13, 0x0d, 0x0d, 0x1d, 0x1d, 0x13, 0x13, 0x0d, 0x0d, 0x13, 0x0d, 0x0d, 0x0d, 0x0d, 0x0d, 0x0d, 0x0d, 
0x0d, 0x1d, 0x14, 0x0c, 0x13, 0x0c, 0x0c, 0x0c, 0x0c, 0x0d, 0x0d, 0xbd, 0x07, 0x18, 0x0d, 0x1d, 0x1d, 0x13, 0x0c, 0x0d, 
0x13, 0x0d, 0x0d, 0x1d, 0x0c, 0x0d, 0x13, 0x0d, 0x0d, 0x0d, 0x0b, 0x18, 0x0d, 0x0d, 0x0b, 0x0d, 0x0d, 0x18, 0x0d, 0x0d, 
0x0d, 0x0d, 0x0d, 0x46, 0x13, 0x13, 0x65, 0x65, 0x0d, 0x0d, 0x0d, 0x0d, 0x8a, 0x08, 0x0c, 0x0d, 0x0d, 0x0d, 0x8b, 0x08, 
0x8c, 0x08, 0x0c, 0x0c, 0x0c, 0x0c, 0xc9, 0x08, 0x3e, 0x8b, 0x25, 0x02, 0xf1, 0x15, 0x39, 0xab, 0x03, 0xb4, 0x38, 0x02, 
0x3e, 0xd5, 0x34, 0x01, 0x1d, 0x39, 0x9a, 0x05, 0xa2, 0x3a, 0x01, 0xbb, 0x04, 0x0b, 0xaf, 0x1c, 0x03, 0x00, 0x00, 0x00, 
0x3e, 0x8f, 0x1e, 0x01, 0x0d, 0x3e, 0x20, 0x03, 0x1d, 0x39, 0x9b, 0x05, 0xc8, 0x2e, 0x03, 0xbb, 0x04, 0x0c, 0xa3, 0x0e, 
0x36, 0x00, 0x00, 0x00, 0xbb, 0x04, 0x0c, 0x05, 0x35, 0x00, 0x00, 0x00, 0xbb, 0x04, 0x0d, 0xd1, 0x1d, 0x00, 0x00, 0x80, 
0xbf, 0xbb, 0x04, 0x0d, 0xa5, 0x07, 0x00, 0x00, 0x80, 0x3e, 0xc6, 0x06, 0x08, 0xe2, 0x52, 0x00, 0x82, 0x0a, 0x18, 0xe6, 
0x55, 0x13, 0x8b, 0x05, 0xcf, 0x1d, 0xab, 0x22, 0x93, 0x14, 0x01, 0x0d, 0xa2, 0x1d, 0xa2, 0x1d, 0x13, 0x8a, 0x05, 0xd0, 
0xab, 0x01, 0xc5, 0x1f, 0xad, 0x15, 0x01, 0x0d, 0x9c, 0x23, 0x9c, 0x23, 0x13, 0x8a, 0x05, 0x83, 0x0f, 0xc5, 0x1f, 0xaa, 
0x15, 0x01, 0x0d, 0xf3, 0xb6, 0x01, 0xf3, 0xb6, 0x01, 0x4a, 0x0d, 0x9c, 0x26, 0x9c, 0x26, 0x90, 0x2f, 0x5c, 0x0d, 0xd7, 
0x62, 0x01, 0x1b, 0xc3, 0x6e, 0xc8, 0x10, 0x0d, 0xf4, 0x92, 0x01, 0xa0, 0x80, 0x02, 0xf4, 0x92, 0x01, 0xc0, 0x0a, 0x13, 
0xd7, 0x85, 0x01, 0x9c, 0x0d, 0xd7, 0x85, 0x01, 0x4a, 0x13, 0xee, 0xf7, 0x01, 0xee, 0xf7, 0x01, 0xee, 0xf7, 0x01, 0xbf, 
0x18, 0x0d, 0xe9, 0x5a, 0x7b, 0x2b, 0x00, 0x00, 0xb0, 0x1a, 0x0d, 0xba, 0x49, 0x7b, 0x2b, 0x00, 0x00, 0x4a, 0x0d, 0x8d, 
0x0b, 0xac, 0x3e, 0xac, 0x3e, 0x4a, 0x0d, 0xe5, 0x68, 0xf3, 0x73, 0xf3, 0x73, 0x4b, 0x0d, 0xea, 0x0e, 0xfb, 0x59, 0xea, 
0x0e, 0x4a, 0x0d, 0xf9, 0x5e, 0xa8, 0xa4, 0x01, 0xf9, 0x5e, 0x4a, 0x0d, 0xd8, 0xcf, 0x01, 0xf2, 0xc2, 0x01, 0xf2, 0xc2, 
0x01, 0xce, 0x10, 0x13, 0xc5, 0x0e, 0xa1, 0x14, 0xc5, 0x0e, 0xce, 0x10, 0x13, 0x99, 0xd8, 0x01, 0x99, 0xd8, 0x01, 0x87, 
0x17, 0x4b, 0x13, 0x8e, 0x34, 0xad, 0xb8, 0x01, 0x8e, 0x34, 0xc0, 0x0a, 0x13, 0xa6, 0x60, 0xb1, 0x55, 0xb1, 0x55, 0x6c, 
0x13, 0xf8, 0x5a, 0x01, 0x25, 0xc5, 0x63, 0xd8, 0x93, 0x01, 0xc1, 0x0a, 0x0d, 0x9d, 0x92, 0x01, 0xc0, 0x68, 0x00, 0xc1, 
0x0a, 0x0d, 0xb9, 0x24, 0xd7, 0xb6, 0x01, 0x00, 0xc1, 0x0a, 0x0d, 0xc0, 0x8f, 0x01, 0xc6, 0xd3, 0x01, 0x01, 0xc1, 0x0a, 
0x0d, 0xd1, 0x02, 0xe9, 0x29, 0x01, 0xe0, 0x0a, 0x1d, 0xcd, 0x40, 0xe6, 0x27, 0xa0, 0x4c, 0x9f, 0x43, 0xcd, 0x40, 0x22, 
0xf2, 0xde, 0x01, 0x00, 0x8d, 0x1e, 0x88, 0x06, 0xee, 0x07, 0x00, 0x00, 0x00, 0x00, 0x00, 0x00, 0x4c, 0x4f, 0x4d, 0x53, 
0x00, 0x03, 0x01, 0x00, 0x0b, 0x00, 0x08, 0x00, 0x7d, 0x62, 0x00, 0x00, 0x00, 0x00, 0x00, 0x00, 0xb8, 0x1a, 0x00, 0x00, 
0x91, 0x02, 0x01, 0x91, 0x02, 0x20, 0xd1, 0x10, 0x02, 0x47, 0x4c, 0x53, 0x4c, 0x2e, 0x73, 0x74, 0x64, 0x2e, 0x34, 0x35, 
0x30, 0x00, 0x00, 0x00, 0x00, 0xa0, 0x04, 0x00, 0x01, 0xcf, 0x0f, 0x00, 0x9f, 0x2c, 0xed, 0xc2, 0xa5, 0xf3, 0x06, 0x00, 
0x8c, 0x1a, 0x82, 0x1f, 0xcf, 0x2d, 0xb0, 0x23, 0xab, 0x22, 0xd9, 0x1b, 0xc2, 0x26, 0x84, 0x28, 0x10, 0xdc, 0x16, 0x06, 
0x10, 0x37, 0xcf, 0x07, 0x0b, 0x00, 0x05, 0x00, 0x07, 0x01, 0x10, 0x00, 0x23, 0x00, 0x01, 0x05, 0x00, 0x07, 0x01, 0x10, 
0x00, 0x23, 0x40, 0x01, 0x23, 0x30, 0x01, 0x23, 0x04, 0x01, 0x23, 0x04, 0x01, 0x23, 0x04, 0x01, 0x23, 0x04, 0x10, 0xba, 
0x3f, 0x01, 0x01, 0x10, 0x97, 0x40, 0x06, 0x80, 0x02, 0x00, 0xac, 0x1d, 0x02, 0x47, 0x00, 0x01, 0x00, 0x23, 0x00, 0x10, 
0xda, 0x07, 0x21, 0x00, 0x10, 0x00, 0x22, 0x01, 0x00, 0x64, 0x0e, 0x10, 0x00, 0x1e, 0x0a, 0x10, 0xb2, 0x21, 0x01, 0x08, 
0x10, 0xc7, 0x32, 0x06, 0x40, 0x10, 0x02, 0x06, 0x40, 0x10, 0xe9, 0x0d, 0x06, 0x10, 0x10, 0xbe, 0x03, 0x06, 0x10, 0x10, 
0x02, 0x06, 0x10, 0x10, 0x02, 0x06, 0x10, 0x10, 0x50, 0x06, 0x10, 0x00, 0x9f, 0x16, 0x02, 0x37, 0x00, 0x95, 0x00, 0x05, 
0x00, 0x07, 0x01, 0x10, 0x00, 0x23, 0x00, 0x01, 0x05, 0x00, 0x07, 0x01, 0x10, 0x00, 0x23, 0x40, 0x01, 0x05, 0x00, 0x07, 
0x01, 0x10, 0x00, 0x23, 0x40, 0x01, 0x05, 0x00, 0x07, 0x01, 0x10, 0x00, 0x23, 0x40, 0x01, 0x05, 0x00, 0x07, 0x01, 0x10, 
0x00, 0x23, 0x40, 0x01, 0x05, 0x00, 0x07, 0x01, 0x10, 0x00, 0x23, 0x80, 0x02, 0x01, 0x05, 0x00, 0x07, 0x01, 0x10, 0x00, 
0x23, 0x80, 0x02, 0x01, 0x05, 0x00, 0x07, 0x01, 0x10, 0x00, 0x23, 0x40, 0x01, 0x05, 0x00, 0x07, 0x01, 0x10, 0x00, 0x23, 
0x30, 0x01, 0x23, 0x40, 0x01, 0x23, 0x10, 0x01, 0x23, 0x08, 0x01, 0x23, 0x04, 0x01, 0x23, 0x04, 0x01, 0x23, 0x10, 0x01, 
0x23, 0x10, 0x01, 0x23, 0x08, 0x01, 0x23, 0x08, 0x01, 0x23, 0x04, 0x01, 0x00, 0x00, 0x23, 0x04, 0x01, 0x23, 0x08, 0x01, 
0x23, 0x04, 0x01, 0x23, 0x04, 0x01, 0x23, 0x04, 0x01, 0x23, 0x04, 0x01, 0x23, 0x04, 0x01, 0x00, 0x00, 0x23, 0x04, 0x01, 
0x00, 0x00, 0x23, 0x04, 0x01, 0x00, 0x00, 0x23, 0x04, 0x01, 0x00, 0x00, 0x23, 0x10, 0x01, 0x00, 0x00, 0x23, 0x0c, 0x01, 
0x00, 0x00, 0x23, 0x04, 0x01, 0x00, 0x00, 0x23, 0x08, 0x01, 0x00, 0x00, 0x23, 0x04, 0x01, 0x00, 0x00, 0x23, 0x04, 0x01, 
0x00, 0x00, 0x23, 0x04, 0x01, 0x23, 0x04, 0x01, 0x00, 0x00, 0x23, 0x04, 0x01, 0x00, 0x00, 0x23, 0x04, 0x01, 0x23, 0x90, 
0x01, 0x01, 0x00, 0x00, 0x23, 0x0c, 0x01, 0x23, 0x04, 0x01, 0x23, 0x10, 0x01, 0x23, 0x10, 0x01, 0x00, 0x00, 0x23, 0x08, 
0x01, 0x00, 0x00, 0x23, 0x04, 0x01, 0x23, 0x04, 0x01, 0x00, 0x00, 0x23, 0x08, 0x01, 0x00, 0x00, 0x23, 0x04, 0x01, 0x23, 
0x04, 0x01, 0x00, 0x00, 0x23, 0x10, 0x01, 0x00, 0x00, 0x23, 0x04, 0x01, 0x23, 0x04, 0x01, 0x00, 0x00, 0x23, 0x08, 0x01, 
0x23, 0x04, 0x01, 0x00, 0x00, 0x23, 0x04, 0x01, 0x00, 0x00, 0x23, 0x04, 0x01, 0x23, 0x04, 0x01, 0x23, 0x0c, 0x01, 0x23, 
0x04, 0x01, 0x23, 0x04, 0x01, 0x23, 0x04, 0x01, 0x23, 0x04, 0x01, 0x23, 0x04, 0x01, 0x23, 0x0c, 0x01, 0x23, 0x04, 0x01, 
0x23, 0x04, 0x01, 0x23, 0x04, 0x01, 0x23, 0x04, 0x01, 0x05, 0x00, 0x07, 0x01, 0x10, 0x00, 0x23, 0x04, 0x01, 0x23, 0x30, 
0x01, 0x23, 0x08, 0x01, 0x05, 0x00, 0x07, 0x01, 0x10, 0x00, 0x23, 0x08, 0x01, 0x05, 0x00, 0x07, 0x01, 0x10, 0x00, 0x23, 
0x40, 0x01, 0x00, 0x00, 0x23, 0x40, 0x01, 0x00, 0x00, 0x23, 0x04, 0x01, 0x00, 0x00, 0x23, 0x04, 0x01, 0x00, 0x00, 0x23, 
0x04, 0x01, 0x23, 0x04, 0x01, 0x23, 0x40, 0x01, 0x00, 0x00, 0x23, 0x04, 0x01, 0x00, 0x00, 0x23, 0x04, 0x01, 0x00, 0x00, 
0x23, 0x04, 0x01, 0x23, 0x04, 0x01, 0x23, 0x40, 0x01, 0x00, 0x00, 0x23, 0x40, 0x01, 0x00, 0x00, 0x23, 0x04, 0x01, 0x00, 
0x00, 0x23, 0x04, 0x01, 0x00, 0x00, 0x23, 0x04, 0x01, 0x00, 0x00, 0x23, 0x04, 0x10, 0xfe, 0x3b, 0x21, 0x00, 0x10, 0x00, 
0x22, 0x00, 0x10, 0x85, 0x01, 0x1e, 0x00, 0x10, 0x9a, 0x1d, 0x1e, 0x03, 0x10, 0xbd, 0x14, 0x0b, 0x2b, 0x00, 0x89, 0x02, 
0x10, 0x10, 0x00, 0x1e, 0x06, 0x10, 0xa3, 0x0d, 0x1e, 0x09, 0x00, 0x93, 0x22, 0x02, 0x47, 0x00, 0x04, 0x00, 0x0b, 0x01, 
0x00, 0x01, 0x0b, 0x01, 0x01, 0x01, 0x0b, 0x01, 0x03, 0x01, 0x0b, 0x01, 0x04, 0x10, 0xea, 0x3a, 0x1e, 0x05, 0x93, 0x02, 
0x0e, 0xa1, 0x04, 0xf4, 0x13, 0x08, 0xa6, 0x02, 0xe9, 0x13, 0x20, 0xb7, 0x02, 0x20, 0x0d, 0x04, 0xb8, 0x02, 0x90, 0x01, 
0x1d, 0x04, 0xb7, 0x02, 0x99, 0x01, 0x0d, 0x03, 0xb5, 0x02, 0x17, 0x20, 0x01, 0xb7, 0x02, 0x0e, 0x0d, 0x02, 0xbe, 0x02, 
0xa2, 0x10, 0x13, 0x1d, 0xb5, 0x02, 0xb1, 0x10, 0x20, 0x00, 0xbb, 0x04, 0x0b, 0xfe, 0x27, 0x00, 0x00, 0x00, 0x00, 0xbb, 
0x04, 0x0c, 0x02, 0x00, 0x00, 0x00, 0x00, 0xbb, 0x04, 0x0b, 0x04, 0x01, 0x00, 0x00, 0x00, 0xbb, 0x04, 0x0c, 0x02, 0x01, 
0x00, 0x00, 0x00, 0xbb, 0x04, 0x0b, 0x04, 0x02, 0x00, 0x00, 0x00, 0xbb, 0x04, 0x0c, 0x02, 0x02, 0x00, 0x00, 0x00, 0xb8, 
0x02, 0x95, 0x27, 0x18, 0x03, 0xbb, 0x04, 0x0b, 0xb8, 0x27, 0x08, 0x00, 0x00, 0x00, 0xbc, 0x02, 0xe7, 0x11, 0x1d, 0xa2, 
0x14, 0x8e, 0x03, 0xcf, 0x07, 0x65, 0x46, 0x0c, 0x0c, 0x0c, 0x0d, 0xae, 0x0b, 0xb2, 0x06, 0x0c, 0xba, 0x3f, 0x40, 0x00, 
0x00, 0x00, 0xbc, 0x02, 0x97, 0x40, 0xc6, 0x07, 0xa3, 0x27, 0xae, 0x02, 0xac, 0x1d, 0x97, 0x07, 0x3e, 0x8b, 0x25, 0x02, 
0xed, 0x15, 0x39, 0xa7, 0x03, 0xe6, 0x2c, 0x02, 0x3e, 0xef, 0x27, 0x02, 0x65, 0xbb, 0x04, 0x0c, 0xf0, 0x1c, 0x05, 0x00, 
0x00, 0x00, 0x3e, 0x9f, 0x1e, 0x02, 0x0d, 0x3e, 0x01, 0x03, 0x0c, 0x39, 0x89, 0x05, 0x86, 0x2a, 0x03, 0xb2, 0x06, 0x0c, 
0xb2, 0x21, 0x02, 0x00, 0x00, 0x00, 0xbb, 0x04, 0x0b, 0x9d, 0x2d, 0x04, 0x00, 0x00, 0x00, 0xbc, 0x02, 0xa9, 0x05, 0x65, 
0x96, 0x14, 0xbc, 0x02, 0x02, 0x65, 0x96, 0x14, 0xb7, 0x02, 0xdb, 0x22, 0x0b, 0x03, 0xbb, 0x04, 0x0b, 0xa2, 0x28, 0x09, 
0x00, 0x00, 0x00, 0xbc, 0x02, 0xaf, 0x13, 0x18, 0xa5, 0x14, 0xbc, 0x02, 0xbe, 0x03, 0x1d, 0x96, 0x14, 0xbc, 0x02, 0x02, 
0x1d, 0x96, 0x14, 0xbc, 0x02, 0x02, 0x1d, 0x96, 0x14, 0xbc, 0x02, 0x50, 0x1d, 0xa5, 0x14, 0xbe, 0x83, 0xc0, 0x02, 0x9f, 
0x16, 0x65, 0x65, 0x65, 0x65, 0xc1, 0x11, 0xc2, 0x11, 0x65, 0x46, 0x65, 0x1d, 0x13, 0x0d, 0x0d, 0x1d, 0x1d, 0x13, 0x13, 
0x0d, 0x0d, 0x13, 0x0d, 0x0d, 0x0d, 0x0d, 0x0d, 0x0d, 0x0d, 0x0d, 0x1d, 0x14, 0x0c, 0x13, 0x0c, 0x0c, 0x0c, 0x0c, 0x0d, 
0x0d, 0xcd, 0x0a, 0x18, 0x0d, 0x1d, 0x1d, 0x13, 0x0c, 0x0d, 0x13, 0x0d, 0x0d, 0x1d, 0x0c, 0x0d, 0x13, 0x0d, 0x0d, 0x0d, 
0x0b, 0x18, 0x0d, 0x0d, 0x0b, 0x0d, 0x0d, 0x18, 0x0d, 0x0d, 0x0d, 0x0d, 0x0d, 0x46, 0x13, 0x13, 0x65, 0x65, 0x0d, 0x0d, 
0x0d, 0x0d, 0xac, 0x0c, 0x0c, 0x0d, 0x0d, 0x0d, 0xad, 0x0c, 0xae, 0x0c, 0x0c, 0x0c, 0x0c, 0x0c, 0xd6, 0x0c, 0x3e, 0xfa, 
0x09, 0x02, 0xc6, 0x01, 0x39, 0xc3, 0x06, 0x84, 0x32, 0x02, 0x3e, 0xd5, 0x34, 0x01, 0x1d, 0x39, 0x9a, 0x05, 0xd0, 0x33, 
0x01, 0x3e, 0xe3, 0x33, 0x01, 0x13, 0x39, 0x90, 0x05, 0xfe, 0x50, 0x01, 0x3e, 0x87, 0x51, 0x01, 0x0d, 0xbb, 0x04, 0x0d, 
0x81, 0x08, 0x00, 0x00, 0x80, 0x3f, 0x3e, 0x84, 0x08, 0x01, 0x0c, 0x39, 0x8c, 0x05, 0xc8, 0x3c, 0x01, 0xbb, 0x04, 0x0c, 
0xd1, 0x1d, 0x14, 0x00, 0x00, 0x00, 0xbb, 0x04, 0x0c, 0x06, 0x15, 0x00, 0x00, 0x00, 0xbb, 0x04, 0x0d, 0xe1, 0x28, 0x00, 
0x00, 0x00, 0x40, 0x3e, 0x84, 0x0a, 0x03, 0x1d, 0x39, 0x9b, 0x05, 0xa0, 0x3a, 0x03, 0xbb, 0x04, 0x0b, 0xaf, 0x1c, 0x03, 
0x00, 0x00, 0x00, 0x3e, 0x8b, 0x1e, 0x03, 0x0d, 0x39, 0x9b, 0x05, 0x98, 0x2d, 0x03, 0xbb, 0x04, 0x0d, 0xaf, 0x2a, 0x00, 
0x00, 0x80, 0xbf, 0xbc, 0x02, 0xe3, 0x01, 0x0d, 0x90, 0x14, 0xbc, 0x02, 0x13, 0x0d, 0x8d, 0x14, 0xde, 0x02, 0x94, 0x0a, 
0x1d, 0x0d, 0xcf, 0x05, 0xc5, 0x05, 0x3e, 0xfa, 0x09, 0x03, 0xcf, 0x0a, 0x39, 0xcc, 0x0f, 0xec, 0x2d, 0x03, 0x3e, 0xe1, 
0x42, 0x03, 0x13, 0x39, 0x91, 0x05, 0xe6, 0x45, 0x03, 0xc6, 0x06, 0x08, 0xb6, 0x08, 0x00, 0x82, 0x0a, 0x18, 0xf4, 0x60, 
0x01, 0x0c, 0xba, 0xa9, 0x01, 0x8c, 0x9c, 0x02, 0x22, 0xd4, 0xae, 0x02, 0x00, 0x01, 0x0c, 0xc5, 0x31, 0x8e, 0xfd, 0x01, 
0xc7, 0x10, 0x0c, 0xc7, 0x51, 0xc7, 0x51, 0x94, 0x8a, 0x01, 0x33, 0xe2, 0x05, 0xeb, 0x2a, 0xda, 0x19, 0x8b, 0x14, 0xef, 
0x6f, 0x8b, 0x14, 0x01, 0x65, 0x96, 0x80, 0x01, 0x96, 0x80, 0x01, 0x13, 0x8b, 0x05, 0xbe, 0x24, 0xcf, 0x2d, 0x8a, 0x14, 
0x01, 0x0d, 0x9c, 0x23, 0x9c, 0x23, 0x13, 0x8b, 0x05, 0xcf, 0x0f, 0xcf, 0x2d, 0x8d, 0x14, 0x01, 0x0d, 0x91, 0x9d, 0x01, 
0x91, 0x9d, 0x01, 0xc3, 0x10, 0x0d, 0xd0, 0xb0, 0x01, 0xbc, 0xfe, 0x02, 0xd0, 0xb0, 0x01, 0xc0, 0x0a, 0x13, 0xad, 0x12, 
0xbf, 0x0e, 0xad, 0x12, 0x01, 0x1d, 0xc7, 0xca, 0x01, 0xd6, 0x65, 0x3d, 0x18, 0x82, 0x41, 0x82, 0x41, 0x82, 0x41, 0x18, 
0xc1, 0x0a, 0x0d, 0xdf, 0x66, 0xdf, 0x66, 0x00, 0xc1, 0x0a, 0x1d, 0xa0, 0x84, 0x01, 0xeb, 0x32, 0x00, 0xce, 0x10, 0x1d, 
0xec, 0x1b, 0xec, 0x1b, 0x8c, 0xa0, 0x01, 0xc1, 0x0a, 0x0d, 0xbe, 0x14, 0xea, 0x4d, 0x01, 0xc1, 0x0a, 0x1d, 0x99, 0xd0, 
0x01, 0xdb, 0xd2, 0x01, 0x01, 0xce, 0x10, 0x1d, 0xde, 0xbb, 0x01, 0xde, 0xbb, 0x01, 0xbb, 0x14, 0xc1, 0x0a, 0x0d, 0xbe, 
0x14, 0xec, 0x4d, 0x02, 0xc1, 0x0a, 0x1d, 0x99, 0xd0, 0x01, 0xd9, 0xd2, 0x01, 0x02, 0xce, 0x10, 0x1d, 0xfa, 0xc9, 0x01, 
0xfa, 0xc9, 0x01, 0x9f, 0x06, 0xc1, 0x0a, 0x1d, 0xaf, 0x7f, 0x8f, 0x88, 0x01, 0x03, 0x4b, 0x1d, 0x95, 0x0d, 0xc5, 0x8c, 
0x01, 0x95, 0x0d, 0x4b, 0x1d, 0xf6, 0x41, 0xb1, 0x3c, 0xf6, 0x41, 0x4b, 0x1d, 0x92, 0x1e, 0x9d, 0x1e, 0x92, 0x1e, 0xc0, 
0x0a, 0xa4, 0x08, 0xce, 0x59, 0xe9, 0x14, 0xce, 0x59, 0x01, 0x0c, 0xf1, 0x4b, 0xae, 0xd9, 0x01, 0xcb, 0x10, 0x0c, 0x92, 
0x3f, 0x92, 0x3f, 0x8e, 0xf7, 0x01, 0x23, 0xe2, 0x05, 0xbe, 0x22, 0xc5, 0x1f, 0x9a, 0x14, 0xac, 0xa6, 0x01, 0x01, 0x65, 
0xf3, 0x7e, 0xf3, 0x7e, 0xc1, 0x0a, 0x1d, 0xfa, 0x70, 0xe4, 0x07, 0x01, 0xc1, 0x12, 0x1d, 0x93, 0xa6, 0x01, 0x99, 0x35, 
0x93, 0xa6, 0x01, 0x13, 0xe2, 0x05, 0x9e, 0x18, 0xc5, 0x1f, 0x8b, 0x14, 0x01, 0x65, 0xb5, 0x57, 0xb5, 0x57, 0xc1, 0x12, 
0x1d, 0xd3, 0x18, 0xd3, 0x18, 0xff, 0xfd, 0x01, 0xc1, 0x0a, 0x0d, 0xa6, 0xc3, 0x01, 0xa6, 0xc3, 0x01, 0x02, 0x3f, 0x0d, 
0xc3, 0x24, 0xc3, 0x24, 0x13, 0x8a, 0x05, 0xae, 0x7d, 0xc5, 0x1f, 0xc7, 0x14, 0x01, 0x0d, 0xdd, 0x3b, 0xdd, 0x3b, 0x4a, 
0x0d, 0xbb, 0x9a, 0x01, 0xeb, 0x58, 0xbb, 0x9a, 0x01, 0x13, 0x8a, 0x05, 0x90, 0x27, 0xc5, 0x1f, 0xca, 0x14, 0x01, 0x0d, 
0xb7, 0x51, 0xb7, 0x51, 0xc3, 0x10, 0x0d, 0xa8, 0x87, 0x01, 0x80, 0x5d, 0xa8, 0x87, 0x01, 0x4a, 0x0d, 0xb7, 0x14, 0xb7, 
0x14, 0xa8, 0xf1, 0x01, 0xc3, 0x10, 0x0d, 0x9b, 0x5f, 0x9b, 0x5f, 0xaa, 0x90, 0x01, 0x13, 0x8d, 0x05, 0xba, 0xf7, 0x01, 
0xab, 0x22, 0x93, 0x14, 0x22, 0x00, 0xba, 0xf7, 0x01, 0x22, 0xc6, 0xd2, 0x02, 0xf0, 0xce, 0x01, 0x01, 0x0c, 0xd1, 0x7b, 
0x8e, 0xda, 0x01, 0xcb, 0x10, 0x0c, 0xdd, 0x40, 0xdd, 0x40, 0xfe, 0x77, 0xbf, 0x0c, 0x0d, 0xdb, 0x36, 0xa2, 0x41, 0xc8, 
0x10, 0x0d, 0xbe, 0x47, 0xf8, 0xdd, 0x01, 0xbe, 0x47, 0xc8, 0x10, 0x0d, 0xab, 0x2a, 0xab, 0x2a, 0xcc, 0xb3, 0x01, 0x4b, 
0x0d, 0x94, 0x78, 0x90, 0x9f, 0x02, 0x94, 0x78, 0xbf, 0x0c, 0x0d, 0x8f, 0x0c, 0xba, 0x52, 0x4a, 0x0d, 0xa0, 0x10, 0xf8, 
0x51, 0xa0, 0x10, 0x4b, 0x0d, 0xa3, 0x8a, 0x01, 0x93, 0x86, 0x01, 0xa3, 0x8a, 0x01, 0xc8, 0x10, 0x0d, 0xf0, 0x37, 0xda, 
0xdb, 0x01, 0x82, 0x47, 0xc1, 0x0a, 0x0d, 0xfc, 0x96, 0x01, 0xe2, 0xb9, 0x01, 0x00, 0x4a, 0x0d, 0xf6, 0x08, 0xf6, 0x08, 
0xf2, 0x9f, 0x01, 0xd2, 0x0a, 0x1d, 0x89, 0x8b, 0x02, 0x89, 0x8b, 0x02, 0xb1, 0x48, 0x00, 0xc1, 0x0a, 0x0d, 0x90, 0xef, 
0x01, 0x90, 0xef, 0x01, 0x03, 0x4a, 0x0d, 0x8f, 0x83, 0x01, 0xd8, 0x38, 0x8f, 0x83, 0x01, 0xc1, 0x0a, 0x0d, 0xef, 0x7c, 
0xef, 0x10, 0x00, 0x4b, 0x0d, 0xd8, 0xd4, 0x01, 0xd8, 0xd4, 0x01, 0xe8, 0x57, 0xd2, 0x0a, 0x1d, 0xf9, 0x4f, 0xf9, 0x4f, 
0xee, 0x73, 0x00, 0xc1, 0x0a, 0x0d, 0xa2, 0x4e, 0xa2, 0x4e, 0x00, 0xc3, 0x10, 0x0d, 0xf1, 0x7e, 0xe0, 0xb3, 0x01, 0xad, 
0x7a, 0xc1, 0x0a, 0x0d, 0x97, 0x49, 0xe7, 0x79, 0x03, 0x4a, 0x0d, 0xb0, 0x93, 0x01, 0x98, 0x4a, 0xb0, 0x93, 0x01, 0x4b, 
0x0d, 0x87, 0x22, 0xe1, 0x56, 0x87, 0x22, 0xc0, 0x10, 0x0c, 0xf4, 0x30, 0xb0, 0x41, 0xdc, 0xe6, 0x01, 0xbf, 0x0c, 0x0d, 
0xd8, 0x54, 0xd8, 0x54, 0x4a, 0x0d, 0xe7, 0x13, 0xbe, 0x71, 0xe7, 0x13, 0xc3, 0x10, 0x0d, 0xc1, 0x69, 0x92, 0xe4, 0x01, 
0xc1, 0x69, 0x4a, 0x0d, 0x8b, 0x50, 0x8b, 0x50, 0xbe, 0x29, 0x4b, 0x0d, 0xd5, 0x2d, 0xa1, 0xcc, 0x01, 0xd5, 0x2d, 0x23, 
0x8d, 0x05, 0xb2, 0x77, 0xc2, 0x26, 0x91, 0x14, 0x8b, 0x14, 0x22, 0x00, 0xf2, 0x01, 0x3f, 0x0d, 0xe0, 0x71, 0x92, 0xe9, 
0x01, 0x23, 0x8d, 0x05, 0xaa, 0x28, 0xc2, 0x26, 0x91, 0x14, 0x8e, 0x14, 0x22, 0x00, 0xaa, 0x28, 0xc1, 0x0a, 0x0d, 0xf9, 
0x90, 0x02, 0xbd, 0x7d, 0x01, 0x3f, 0x0d, 0xe6, 0xd9, 0x01, 0xe6, 0xd9, 0x01, 0xd2, 0x0a, 0x1d, 0xe1, 0x3d, 0xe1, 0x3d, 
0xc6, 0x1e, 0x01, 0x13, 0x9b, 0x05, 0xab, 0x1f, 0xc2, 0x26, 0x8b, 0x14, 0x22, 0x00, 0xab, 0x1f, 0x22, 0xc6, 0xb1, 0x01, 
0x80, 0x06, 0x8d, 0x1e, 0x88, 0x06, 0x00, 0x00, 0x7c, 0x11, 0x00, 0x00, 0x00, 0x00, 0x00, 0x00, 0x4c, 0x4f, 0x4d, 0x53, 
0x00, 0x03, 0x01, 0x00, 0x0b, 0x00, 0x08, 0x00, 0x7d, 0x62, 0x00, 0x00, 0x00, 0x00, 0x00, 0x00, 0x34, 0x30, 0x00, 0x00, 
0x91, 0x02, 0x01, 0xd1, 0x10, 0x02, 0x47, 0x4c, 0x53, 0x4c, 0x2e, 0x73, 0x74, 0x64, 0x2e, 0x34, 0x35, 0x30, 0x00, 0x00, 
0x00, 0x00, 0xa0, 0x04, 0x00, 0x01, 0xff, 0x0f, 0x00, 0x9f, 0x2c, 0xed, 0xc2, 0xa5, 0xf3, 0x06, 0x00, 0xa9, 0x20, 0x82, 
0x1f, 0xaf, 0x2e, 0x93, 0x2d, 0xcf, 0x2d, 0x8c, 0x1a, 0xb0, 0x23, 0xab, 0x22, 0xd9, 0x1b, 0xc2, 0x26, 0x84, 0x28, 0x10, 
0xce, 0x1d, 0x06, 0x10, 0x37, 0xb7, 0x06, 0x0b, 0x00, 0x05, 0x00, 0x07, 0x01, 0x10, 0x00, 0x23, 0x00, 0x01, 0x05, 0x00, 
0x07, 0x01, 0x10, 0x00, 0x23, 0x40, 0x01, 0x23, 0x30, 0x01, 0x23, 0x04, 0x01, 0x23, 0x04, 0x01, 0x23, 0x04, 0x01, 0x23, 
0x04, 0x10, 0xb0, 0x37, 0x01, 0x01, 0x10, 0x89, 0x21, 0x06, 0x80, 0x02, 0x00, 0xd1, 0x21, 0x02, 0x47, 0x00, 0x01, 0x00, 
0x23, 0x00, 0x10, 0xca, 0x27, 0x21, 0x00, 0x10, 0x00, 0x22, 0x01, 0x10, 0xf5, 0x20, 0x06, 0x40, 0x10, 0x02, 0x06, 0x40, 
0x10, 0xfa, 0x07, 0x06, 0x10, 0x10, 0x90, 0x05, 0x06, 0x10, 0x10, 0x02, 0x06, 0x10, 0x10, 0x02, 0x06, 0x10, 0x10, 0x50, 
0x06, 0x10, 0x00, 0xe5, 0x1d, 0x02, 0x37, 0x00, 0x95, 0x00, 0x05, 0x00, 0x07, 0x01, 0x10, 0x00, 0x23, 0x00, 0x01, 0x05, 
0x00, 0x07, 0x01, 0x10, 0x00, 0x23, 0x40, 0x01, 0x05, 0x00, 0x07, 0x01, 0x10, 0x00, 0x23, 0x40, 0x01, 0x05, 0x00, 0x07, 
0x01, 0x10, 0x00, 0x23, 0x40, 0x01, 0x05, 0x00, 0x07, 0x01, 0x10, 0x00, 0x23, 0x40, 0x01, 0x05, 0x00, 0x07, 0x01, 0x10, 
0x00, 0x23, 0x80, 0x02, 0x01, 0x05, 0x00, 0x07, 0x01, 0x10, 0x00, 0x23, 0x80, 0x02, 0x01, 0x05, 0x00, 0x07, 0x01, 0x10, 
0x00, 0x23, 0x40, 0x01, 0x05, 0x00, 0x07, 0x01, 0x10, 0x00, 0x23, 0x30, 0x01, 0x23, 0x40, 0x01, 0x23, 0x10, 0x01, 0x23, 
0x08, 0x01, 0x23, 0x04, 0x01, 0x23, 0x04, 0x01, 0x23, 0x10, 0x01, 0x23, 0x10, 0x01, 0x23, 0x08, 0x01, 0x23, 0x08, 0x01, 
0x23, 0x04, 0x01, 0x00, 0x00, 0x23, 0x04, 0x01, 0x23, 0x08, 0x01, 0x23, 0x04, 0x01, 0x23, 0x04, 0x01, 0x23, 0x04, 0x01, 
0x23, 0x04, 0x01, 0x23, 0x04, 0x01, 0x00, 0x00, 0x23, 0x04, 0x01, 0x00, 0x00, 0x23, 0x04, 0x01, 0x00, 0x00, 0x23, 0x04, 
0x01, 0x00, 0x00, 0x23, 0x10, 0x01, 0x00, 0x00, 0x23, 0x0c, 0x01, 0x00, 0x00, 0x23, 0x04, 0x01, 0x00, 0x00, 0x23, 0x08, 
0x01, 0x00, 0x00, 0x23, 0x04, 0x01, 0x00, 0x00, 0x23, 0x04, 0x01, 0x00, 0x00, 0x23, 0x04, 0x01, 0x23, 0x04, 0x01, 0x00, 
0x00, 0x23, 0x04, 0x01, 0x00, 0x00, 0x23, 0x04, 0x01, 0x23, 0x90, 0x01, 0x01, 0x00, 0x00, 0x23, 0x0c, 0x01, 0x23, 0x04, 
0x01, 0x23, 0x10, 0x01, 0x23, 0x10, 0x01, 0x00, 0x00, 0x23, 0x08, 0x01, 0x00, 0x00, 0x23, 0x04, 0x01, 0x23, 0x04, 0x01, 
0x00, 0x00, 0x23, 0x08, 0x01, 0x00, 0x00, 0x23, 0x04, 0x01, 0x23, 0x04, 0x01, 0x00, 0x00, 0x23, 0x10, 0x01, 0x00, 0x00, 
0x23, 0x04, 0x01, 0x23, 0x04, 0x01, 0x00, 0x00, 0x23, 0x08, 0x01, 0x23, 0x04, 0x01, 0x00, 0x00, 0x23, 0x04, 0x01, 0x00, 
0x00, 0x23, 0x04, 0x01, 0x23, 0x04, 0x01, 0x23, 0x0c, 0x01, 0x23, 0x04, 0x01, 0x23, 0x04, 0x01, 0x23, 0x04, 0x01, 0x23, 
0x04, 0x01, 0x23, 0x04, 0x01, 0x23, 0x0c, 0x01, 0x23, 0x04, 0x01, 0x23, 0x04, 0x01, 0x23, 0x04, 0x01, 0x23, 0x04, 0x01, 
0x05, 0x00, 0x07, 0x01, 0x10, 0x00, 0x23, 0x04, 0x01, 0x23, 0x30, 0x01, 0x23, 0x08, 0x01, 0x05, 0x00, 0x07, 0x01, 0x10, 
0x00, 0x23, 0x08, 0x01, 0x05, 0x00, 0x07, 0x01, 0x10, 0x00, 0x23, 0x40, 0x01, 0x00, 0x00, 0x23, 0x40, 0x01, 0x00, 0x00, 
0x23, 0x04, 0x01, 0x00, 0x00, 0x23, 0x04, 0x01, 0x00, 0x00, 0x23, 0x04, 0x01, 0x23, 0x04, 0x01, 0x23, 0x40, 0x01, 0x00, 
0x00, 0x23, 0x04, 0x01, 0x00, 0x00, 0x23, 0x04, 0x01, 0x00, 0x00, 0x23, 0x04, 0x01, 0x23, 0x04, 0x01, 0x23, 0x40, 0x01, 
0x00, 0x00, 0x23, 0x40, 0x01, 0x00, 0x00, 0x23, 0x04, 0x01, 0x00, 0x00, 0x23, 0x04, 0x01, 0x00, 0x00, 0x23, 0x04, 0x01, 
0x00, 0x00, 0x23, 0x04, 0x10, 0xd2, 0x3c, 0x21, 0x00, 0x10, 0x00, 0x22, 0x00, 0x10, 0xc8, 0x01, 0x0b, 0x2a, 0x37, 0x8b, 
0x2e, 0x05, 0x00, 0x05, 0x00, 0x07, 0x01, 0x10, 0x00, 0x23, 0x00, 0x01, 0x23, 0x30, 0x01, 0x23, 0x0c, 0x10, 0xdb, 0x0d, 
0x06, 0x40, 0x00, 0xe8, 0x13, 0x02, 0x47, 0x00, 0x01, 0x00, 0x23, 0x00, 0x10, 0xb6, 0x1e, 0x21, 0x01, 0x10, 0x00, 0x22, 
0x01, 0x10, 0xb6, 0x0f, 0x21, 0x05, 0x10, 0x00, 0x22, 0x01, 0x00, 0x8f, 0x37, 0x02, 0x47, 0x00, 0x01, 0x00, 0x23, 0x00, 
0x10, 0xc2, 0x12, 0x06, 0x10, 0x00, 0xe8, 0x01, 0x02, 0x37, 0x00, 0x02, 0x00, 0x00, 0x00, 0x23, 0x00, 0x10, 0xd2, 0x1b, 
0x21, 0x02, 0x10, 0x00, 0x22, 0x01, 0x10, 0xcb, 0x02, 0x21, 0x03, 0x10, 0x00, 0x22, 0x01, 0x10, 0xa6, 0x01, 0x1e, 0x00, 
0x10, 0xda, 0x1e, 0x1e, 0x05, 0x10, 0xb7, 0x02, 0x1e, 0x06, 0x10, 0x78, 0x1e, 0x03, 0x00, 0x85, 0x27, 0x0e, 0x10, 0x00, 
0x1e, 0x0a, 0x10, 0xc8, 0x12, 0x0b, 0x2b, 0x00, 0x89, 0x02, 0x10, 0x10, 0x00, 0x1e, 0x06, 0x10, 0xa3, 0x0d, 0x1e, 0x09, 
0x00, 0x81, 0x14, 0x02, 0x47, 0x00, 0x04, 0x00, 0x0b, 0x01, 0x00, 0x01, 0x0b, 0x01, 0x01, 0x01, 0x0b, 0x01, 0x03, 0x01, 
0x0b, 0x01, 0x04, 0x10, 0xd8, 0x2c, 0x1e, 0x05, 0x00, 0x8c, 0x80, 0x01, 0x00, 0x93, 0x02, 0x0e, 0xa1, 0x04, 0xf4, 0x13, 
0x08, 0xa6, 0x02, 0xe9, 0x13, 0x20, 0xb7, 0x02, 0x20, 0x0d, 0x04, 0xb8, 0x02, 0x90, 0x01, 0x1d, 0x04, 0xb7, 0x02, 0x99, 
0x01, 0x0d, 0x03, 0xb5, 0x02, 0x17, 0x20, 0x01, 0x3e, 0x92, 0x0a, 0x07, 0x18, 0xb5, 0x02, 0x93, 0x0a, 0x20, 0x00, 0xb7, 
0x02, 0x18, 0x0b, 0x04, 0xd1, 0x04, 0xe8, 0x05, 0x08, 0x95, 0x05, 0x17, 0x1d, 0xb7, 0x02, 0xef, 0x05, 0x0d, 0x02, 0xbe, 
0x02, 0xa2, 0x10, 0x13, 0x1d, 0xbb, 0x04, 0x0b, 0xcc, 0x17, 0x00, 0x00, 0x00, 0x00, 0xbb, 0x04, 0x0c, 0x02, 0x00, 0x00, 
0x00, 0x00, 0xbb, 0x04, 0x0b, 0x04, 0x01, 0x00, 0x00, 0x00, 0xbb, 0x04, 0x0c, 0x02, 0x01, 0x00, 0x00, 0x00, 0xbb, 0x04, 
0x0c, 0x06, 0x02, 0x00, 0x00, 0x00, 0xbb, 0x04, 0x0c, 0x06, 0x03, 0x00, 0x00, 0x00, 0xb8, 0x02, 0x9b, 0x27, 0x18, 0x03, 
0xbb, 0x04, 0x0b, 0xb8, 0x27, 0x08, 0x00, 0x00, 0x00, 0xbc, 0x02, 0xf5, 0x0a, 0x1d, 0xa2, 0x14, 0x8e, 0x03, 0xb7, 0x06, 
0x65, 0x46, 0x0c, 0x0c, 0x0c, 0x0d, 0xe7, 0x0e, 0xb2, 0x06, 0x0c, 0xb0, 0x37, 0x40, 0x00, 0x00, 0x00, 0xbc, 0x02, 0x89, 
0x21, 0xcb, 0x0b, 0xa3, 0x27, 0xae, 0x02, 0xd1, 0x21, 0xde, 0x16, 0x3e, 0xfa, 0x09, 0x02, 0xf5, 0x05, 0x39, 0xf2, 0x0a, 
0xd0, 0x1d, 0x02, 0x3e, 0xef, 0x27, 0x02, 0x65, 0x3e, 0xb1, 0x01, 0x02, 0x0c, 0xbb, 0x04, 0x0c, 0xa2, 0x1e, 0x05, 0x00, 
0x00, 0x00, 0x3e, 0x9f, 0x1e, 0x02, 0x0d, 0xbb, 0x04, 0x0b, 0x98, 0x1e, 0x04, 0x00, 0x00, 0x00, 0xbc, 0x02, 0xed, 0x15, 
0x65, 0x96, 0x14, 0xbc, 0x02, 0x02, 0x65, 0x96, 0x14, 0xb7, 0x02, 0x97, 0x12, 0x0b, 0x03, 0xbb, 0x04, 0x0b, 0xa2, 0x28, 
0x09, 0x00, 0x00, 0x00, 0xbc, 0x02, 0x8f, 0x0e, 0x18, 0xa5, 0x14, 0xbc, 0x02, 0x90, 0x05, 0x1d, 0x96, 0x14, 0xbc, 0x02, 
0x02, 0x1d, 0x96, 0x14, 0xbc, 0x02, 0x02, 0x1d, 0x96, 0x14, 0xbc, 0x02, 0x50, 0x1d, 0xa5, 0x14, 0xbe, 0x83, 0xc0, 0x02, 
0xe5, 0x1d, 0x65, 0x65, 0x65, 0x65, 0x9f, 0x09, 0xa0, 0x09, 0x65, 0x46, 0x65, 0x1d, 0x13, 0x0d, 0x0d, 0x1d, 0x1d, 0x13, 
0x13, 0x0d, 0x0d, 0x13, 0x0d, 0x0d, 0x0d, 0x0d, 0x0d, 0x0d, 0x0d, 0x0d, 0x1d, 0x14, 0x0c, 0x13, 0x0c, 0x0c, 0x0c, 0x0c, 
0x0d, 0x0d, 0x9d, 0x0d, 0x18, 0x0d, 0x1d, 0x1d, 0x13, 0x0c, 0x0d, 0x13, 0x0d, 0x0d, 0x1d, 0x0c, 0x0d, 0x13, 0x0d, 0x0d, 
0x0d, 0x0b, 0x18, 0x0d, 0x0d, 0x0b, 0x0d, 0x0d, 0x18, 0x0d, 0x0d, 0x0d, 0x0d, 0x0d, 0x46, 0x13, 0x13, 0x65, 0x65, 0x0d, 
0x0d, 0x0d, 0x0d, 0xe5, 0x0f, 0x0c, 0x0d, 0x0d, 0x0d, 0xe6, 0x0f, 0xe7, 0x0f, 0x0c, 0x0c, 0x0c, 0x0c, 0x8f, 0x10, 0x3e, 
0xfa, 0x09, 0x02, 0x9c, 0x01, 0x39, 0x99, 0x06, 0xd8, 0x32, 0x02, 0x3e, 0xf3, 0x34, 0x01, 0x0c, 0x39, 0x8b, 0x05, 0xbc, 
0x36, 0x01, 0xb8, 0x02, 0xa5, 0x3f, 0x18, 0x04, 0xb8, 0x02, 0x0b, 0x1d, 0x03, 0xce, 0x02, 0xa6, 0x11, 0x50, 0x18, 0x0d, 
0xbb, 0x04, 0x0b, 0xb7, 0x0d, 0x00, 0x01, 0x00, 0x00, 0xbc, 0x02, 0x23, 0xa3, 0x09, 0xc7, 0x02, 0xae, 0x02, 0xe8, 0x13, 
0xb5, 0x02, 0x3e, 0xfa, 0x09, 0x02, 0xa9, 0x0c, 0x39, 0xa6, 0x11, 0xbc, 0x14, 0x02, 0x3e, 0xed, 0x2b, 0x02, 0x50, 0xbb, 
0x04, 0x0b, 0x8c, 0x1d, 0x03, 0x00, 0x00, 0x00, 0xbb, 0x04, 0x0d, 0x0d, 0x00, 0x00, 0x00, 0x00, 0x94, 0x02, 0x85, 0x28, 
0xbb, 0x04, 0x0d, 0x82, 0x02, 0x00, 0x00, 0x80, 0x3f, 0xb7, 0x02, 0xef, 0x01, 0x0c, 0x02, 0xbb, 0x04, 0x0b, 0xe4, 0x29, 
0x00, 0x08, 0x00, 0x00, 0x89, 0x03, 0xdb, 0x27, 0x0d, 0x01, 0x00, 0x00, 0x00, 0x01, 0x00, 0xab, 0x02, 0xd0, 0x05, 0x96, 
0x01, 0x3e, 0xfa, 0x09, 0x00, 0xfe, 0x03, 0x39, 0xfb, 0x08, 0xc8, 0x34, 0x00, 0xae, 0x02, 0x8f, 0x37, 0x0c, 0x3e, 0xfa, 
0x09, 0x09, 0xd7, 0x07, 0x39, 0xd4, 0x0c, 0xa2, 0x17, 0x09, 0x3e, 0xb1, 0x26, 0x09, 0x0c, 0xb7, 0x02, 0xeb, 0x09, 0x0c, 
0x03, 0xbb, 0x04, 0x0c, 0xde, 0x29, 0x00, 0x08, 0x00, 0x00, 0xbc, 0x02, 0x99, 0x08, 0x1d, 0xc7, 0x02, 0xae, 0x02, 0xe8, 
0x01, 0xf8, 0x10, 0x3e, 0xfa, 0x09, 0x02, 0xec, 0x11, 0x39, 0xe9, 0x16, 0xd8, 0x11, 0x02, 0x89, 0x03, 0xfd, 0x3b, 0x0d, 
0x01, 0x00, 0x01, 0x00, 0x01, 0x00, 0xab, 0x02, 0xd2, 0x04, 0xd6, 0x01, 0x3e, 0xfa, 0x09, 0x00, 0xff, 0x03, 0x39, 0xfc, 
0x08, 0xe6, 0x2a, 0x00, 0x3e, 0xa9, 0x32, 0x01, 0x1d, 0x39, 0x9a, 0x05, 0xd0, 0x33, 0x01, 0xbb, 0x04, 0x0c, 0xf3, 0x2c, 
0x00, 0x02, 0x00, 0x00, 0xbb, 0x04, 0x0c, 0xff, 0x0b, 0x00, 0x01, 0x00, 0x00, 0x3e, 0x98, 0x05, 0x01, 0x17, 0x39, 0x94, 
0x05, 0xb6, 0x52, 0x01, 0x39, 0x9a, 0x05, 0xb7, 0x02, 0x01, 0x3e, 0x85, 0x50, 0x01, 0x13, 0x39, 0x90, 0x05, 0xfe, 0x50, 
0x01, 0x3e, 0x83, 0x51, 0x01, 0x0d, 0x3e, 0x02, 0x03, 0x0c, 0x39, 0x8e, 0x05, 0xfc, 0x29, 0x03, 0x39, 0x8b, 0x05, 0xc8, 
0x12, 0x01, 0xbb, 0x04, 0x0c, 0xd1, 0x1d, 0x14, 0x00, 0x00, 0x00, 0xbb, 0x04, 0x0c, 0x06, 0x15, 0x00, 0x00, 0x00, 0xbb, 
0x04, 0x0d, 0xe1, 0x28, 0x00, 0x00, 0x00, 0x40, 0x3e, 0x84, 0x0a, 0x03, 0x1d, 0x39, 0x9b, 0x05, 0xa0, 0x3a, 0x03, 0x3e, 
0xb7, 0x3a, 0x03, 0x0d, 0x39, 0x9b, 0x05, 0x94, 0x2d, 0x03, 0xbc, 0x02, 0xd5, 0x2a, 0x0d, 0x8d, 0x14, 0xde, 0x02, 0xd4, 
0x16, 0x1d, 0x0d, 0xae, 0x06, 0xae, 0x06, 0x3e, 0xfa, 0x09, 0x03, 0xd8, 0x11, 0x39, 0xd5, 0x16, 0xda, 0x1f, 0x03, 0x3e, 
0xe1, 0x42, 0x03, 0x13, 0x39, 0x91, 0x05, 0xe6, 0x45, 0x03, 0xad, 0x06, 0x1d, 0x83, 0x50, 0xc6, 0x06, 0x08, 0xba, 0x58, 
0x00, 0x82, 0x0a, 0x18, 0x82, 0x66, 0x39, 0x95, 0x05, 0xb2, 0x7d, 0x07, 0x01, 0x0c, 0xdb, 0xce, 0x01, 0xb6, 0x26, 0x22, 
0xfe, 0x38, 0x00, 0x01, 0x0c, 0x96, 0x56, 0x94, 0x8f, 0x01, 0x33, 0xe2, 0x05, 0xfa, 0x3d, 0xda, 0x19, 0x8b, 0x14, 0xd6, 
0x61, 0x8b, 0x14, 0x01, 0x65, 0xbc, 0x7b, 0xbc, 0x7b, 0x33, 0x89, 0x05, 0x9b, 0x23, 0xda, 0x19, 0x8b, 0x14, 0xd6, 0x61, 
0x91, 0x14, 0x01, 0x0c, 0x9e, 0x23, 0x9e, 0x23, 0x33, 0x89, 0x05, 0x9b, 0x23, 0xda, 0x19, 0x8b, 0x14, 0xd6, 0x61, 0x94, 
0x14, 0x01, 0x0c, 0x9e, 0x23, 0x9e, 0x23, 0x13, 0x8d, 0x05, 0x9b, 0x23, 0xcf, 0x2d, 0x8a, 0x14, 0x01, 0x0d, 0x9e, 0x23, 
0x9e, 0x23, 0x13, 0x8d, 0x05, 0xd5, 0x0f, 0xcf, 0x2d, 0x8d, 0x14, 0x01, 0x0d, 0x91, 0x9d, 0x01, 0x91, 0x9d, 0x01, 0xc3, 
0x10, 0x0d, 0xd0, 0xb0, 0x01, 0xbc, 0xfe, 0x02, 0xd0, 0xb0, 0x01, 0xc0, 0x0a, 0x13, 0xdb, 0x98, 0x02, 0xf3, 0x94, 0x02, 
0xdb, 0x98, 0x02, 0x01, 0x1d, 0x90, 0x3c, 0x80, 0x66, 0xc7, 0x18, 0x0c, 0x8c, 0xc9, 0x01, 0xd5, 0x0f, 0x80, 0xdc, 0x02, 
0xcb, 0x14, 0x09, 0xf7, 0xaa, 0x01, 0xf7, 0xaa, 0x01, 0x82, 0x9a, 0x01, 0xa7, 0x1e, 0xb1, 0x8e, 0x01, 0x00, 0xba, 0x1e, 
0x00, 0xfb, 0x25, 0xb1, 0x8e, 0x01, 0x18, 0xfc, 0x25, 0x01, 0x0c, 0xf1, 0x0c, 0xd0, 0x9a, 0x01, 0x13, 0x8c, 0x05, 0xa1, 
0x70, 0xa5, 0x18, 0x8b, 0x14, 0x01, 0x0c, 0xd0, 0x7e, 0xd0, 0x7e, 0xc0, 0x10, 0x0c, 0xc6, 0x63, 0xf4, 0x71, 0xc6, 0x63, 
0xcb, 0x10, 0x0c, 0xb1, 0x9d, 0x01, 0xb1, 0x9d, 0x01, 0xda, 0x85, 0x01, 0xc7, 0x10, 0x0c, 0x81, 0x2a, 0xb3, 0xc7, 0x01, 
0xd8, 0x5b, 0xd0, 0x0a, 0x16, 0xda, 0xe8, 0x01, 0xd8, 0xbe, 0x01, 0xda, 0xe8, 0x01, 0xa6, 0xc6, 0x02, 0x99, 0x1e, 0xa4, 
0x13, 0x18, 0xa3, 0x13, 0xe5, 0x1e, 0x16, 0xf7, 0x8d, 0x01, 0x9e, 0x5b, 0x00, 0x00, 0x0a, 0x3a, 0x00, 0x00, 0x9c, 0x33, 
0x00, 0x00, 0x96, 0x5f, 0x00, 0x00, 0xe5, 0x1e, 0x1d, 0xaa, 0x1d, 0x02, 0x29, 0x00, 0x00, 0x0a, 0x3a, 0x00, 0x00, 0x36, 
0x3d, 0x00, 0x00, 0x96, 0x5f, 0x00, 0x00, 0xe5, 0x1e, 0x0c, 0x85, 0x51, 0x0b, 0x0a, 0x00, 0x00, 0x0a, 0x3a, 0x00, 0x00, 
0xb5, 0x5d, 0x00, 0x00, 0x96, 0x5f, 0x00, 0x00, 0xc1, 0x16, 0x09, 0xf5, 0x14, 0xf5, 0x14, 0x95, 0xf8, 0x01, 0xb6, 0x1e, 
0x8b, 0x07, 0xdd, 0xf9, 0x01, 0x00, 0xba, 0x1e, 0x00, 0xbf, 0x18, 0x8b, 0x07, 0x18, 0xc0, 0x18, 0x33, 0x8a, 0x05, 0x8c, 
0xc1, 0x01, 0xd5, 0x1f, 0x8b, 0x14, 0xe2, 0x4c, 0x8a, 0x14, 0x01, 0x0d, 0x85, 0x8e, 0x01, 0x85, 0x8e, 0x01, 0xc7, 0x16, 
0x09, 0x81, 0x16, 0x81, 0x16, 0xfa, 0x91, 0x01, 0xa7, 0x1e, 0xae, 0x4a, 0x00, 0xba, 0x1e, 0x00, 0xf8, 0x0b, 0xae, 0x4a, 
0x18, 0xf7, 0x0b, 0xd2, 0x0a, 0x16, 0xfe, 0x3c, 0xd4, 0x51, 0xf8, 0x1d, 0x02, 0x01, 0xff, 0x03, 0xb0, 0x51, 0xea, 0xff, 
0x01, 0xb4, 0x0c, 0xd6, 0x01, 0xeb, 0x58, 0xeb, 0x58, 0xef, 0x0a, 0x1d, 0xfe, 0x20, 0xfe, 0x20, 0xc2, 0x19, 0x02, 0x8b, 
0x14, 0xce, 0x10, 0x1d, 0xbb, 0x7e, 0xbb, 0x7e, 0xf5, 0x49, 0x4b, 0x1d, 0x9a, 0x87, 0x01, 0xee, 0x22, 0x9a, 0x87, 0x01, 
0x99, 0x1e, 0xd4, 0x9d, 0x01, 0x18, 0xd3, 0x9d, 0x01, 0xe5, 0x1e, 0x16, 0xd4, 0x5e, 0x50, 0x33, 0x00, 0x00, 0x47, 0x27, 
0x00, 0x00, 0xcc, 0x3a, 0x00, 0x00, 0x8d, 0x2b, 0x00, 0x00, 0xe5, 0x1e, 0x1d, 0xb4, 0x26, 0xa5, 0x3a, 0x00, 0x00, 0x47, 
0x27, 0x00, 0x00, 0x5c, 0x43, 0x00, 0x00, 0x8d, 0x2b, 0x00, 0x00, 0x99, 0x1e, 0xbf, 0x89, 0x01, 0x18, 0xc0, 0x89, 0x01, 
0xc0, 0x10, 0x0c, 0xc1, 0x07, 0xa6, 0xdd, 0x01, 0xce, 0xce, 0x02, 0x99, 0x1e, 0xd2, 0x1b, 0x18, 0x8f, 0xeb, 0x01, 0x99, 
0x1e, 0xef, 0xc4, 0x01, 0x18, 0xf0, 0xc4, 0x01, 0xe5, 0x1e, 0x1d, 0xf9, 0x1c, 0x02, 0x29, 0x00, 0x00, 0xa0, 0x2f, 0x00, 
0x00, 0xa5, 0x3a, 0x00, 0x00, 0xed, 0x22, 0x00, 0x00, 0xc7, 0x18, 0x0c, 0xa5, 0x78, 0xbb, 0xc1, 0x01, 0x9a, 0xb6, 0x01, 
0xcb, 0x14, 0x09, 0xd2, 0x6e, 0xd2, 0x6e, 0xe6, 0x81, 0x02, 0xa7, 0x1e, 0xe0, 0x4b, 0x00, 0xba, 0x1e, 0x00, 0x80, 0x43, 
0xe0, 0x4b, 0x18, 0xff, 0x42, 0x01, 0x17, 0xba, 0x04, 0xd8, 0x8e, 0x01, 0x01, 0x1d, 0xb4, 0x11, 0xc4, 0xa2, 0x01, 0x3d, 
0x18, 0xf6, 0x20, 0xef, 0x15, 0xef, 0x15, 0x18, 0x22, 0x91, 0x1e, 0x00, 0xe9, 0x06, 0x08, 0xc1, 0x84, 0x01, 0xfc, 0x51, 
0xd3, 0xa2, 0x01, 0x97, 0x52, 0xcb, 0x63, 0x01, 0x18, 0xcc, 0x57, 0x87, 0x4b, 0xc1, 0x0a, 0x0d, 0xbb, 0x0a, 0xbb, 0x0a, 
0x00, 0xd2, 0x0a, 0x1d, 0xf3, 0x3c, 0xf3, 0x3c, 0xb6, 0xa9, 0x01, 0x00, 0xc1, 0x0a, 0x0d, 0xb0, 0xab, 0x01, 0x80, 0x64, 
0x01, 0xd2, 0x0a, 0x1d, 0x89, 0x3a, 0x89, 0x3a, 0xa6, 0x71, 0x01, 0xc1, 0x0a, 0x0d, 0xfa, 0x6b, 0xf0, 0x95, 0x01, 0x02, 
0xd2, 0x0a, 0x1d, 0xe7, 0xd6, 0x01, 0xe7, 0xd6, 0x01, 0xed, 0x6a, 0x02, 0x99, 0x1e, 0xa9, 0x2e, 0x18, 0xaa, 0x2e, 0xe5, 
0x1e, 0x1d, 0x8a, 0x55, 0xe8, 0x4c, 0x00, 0x00, 0x25, 0x54, 0x00, 0x00, 0xf9, 0x2b, 0x00, 0x00, 0xbe, 0x39, 0x00, 0x00, 
0x3d, 0x18, 0xce, 0x29, 0xce, 0x29, 0xce, 0x29, 0x18, 0xc1, 0x0a, 0x0d, 0x93, 0x77, 0x93, 0x77, 0x00, 0xc1, 0x0a, 0x1d, 
0xbc, 0x1c, 0xc5, 0x7a, 0x00, 0xce, 0x10, 0x1d, 0xec, 0x1b, 0xec, 0x1b, 0xa8, 0x38, 0xc1, 0x0a, 0x0d, 0xbe, 0x14, 0xad, 
0x2a, 0x01, 0xc1, 0x0a, 0x1d, 0x99, 0xd0, 0x01, 0xb5, 0x9a, 0x02, 0x01, 0xce, 0x10, 0x1d, 0xde, 0xbb, 0x01, 0xde, 0xbb, 
0x01, 0xbb, 0x14, 0xc1, 0x0a, 0x0d, 0xbe, 0x14, 0xab, 0x2a, 0x02, 0xc1, 0x0a, 0x1d, 0x99, 0xd0, 0x01, 0xb3, 0x9a, 0x02, 
0x02, 0xce, 0x10, 0x1d, 0xfa, 0xc9, 0x01, 0xfa, 0xc9, 0x01, 0x9f, 0x06, 0xc1, 0x0a, 0x1d, 0xaf, 0x7f, 0xe9, 0xcf, 0x01, 
0x03, 0x4b, 0x1d, 0x95, 0x0d, 0xc5, 0x8c, 0x01, 0x95, 0x0d, 0x4b, 0x1d, 0xf6, 0x41, 0xb1, 0x3c, 0xf6, 0x41, 0x4b, 0x1d, 
0xaa, 0x1f, 0x85, 0x1d, 0xaa, 0x1f, 0xc0, 0x0a, 0xa4, 0x08, 0xba, 0x36, 0xc8, 0xcf, 0x01, 0xba, 0x36, 0x23, 0xe2, 0x05, 
0xb3, 0x28, 0xc5, 0x1f, 0x9a, 0x14, 0x8b, 0x14, 0x01, 0x65, 0xbf, 0x76, 0xbf, 0x76, 0xc1, 0x0a, 0x1d, 0xd4, 0xc8, 0x01, 
0xe0, 0x29, 0x01, 0xc1, 0x12, 0x1d, 0x93, 0xa6, 0x01, 0xc0, 0x22, 0x93, 0xa6, 0x01, 0x13, 0xe2, 0x05, 0x9e, 0x18, 0xc5, 
0x1f, 0x8b, 0x14, 0x01, 0x65, 0xb5, 0x57, 0xb5, 0x57, 0xc1, 0x12, 0x1d, 0xd3, 0x18, 0xd3, 0x18, 0xff, 0xfd, 0x01, 0xc1, 
0x0a, 0x0d, 0xa6, 0xc3, 0x01, 0xa6, 0xc3, 0x01, 0x02, 0x3f, 0x0d, 0xc3, 0x24, 0xc3, 0x24, 0x13, 0x8a, 0x05, 0xae, 0x7d, 
0xc5, 0x1f, 0xc7, 0x14, 0x01, 0x0d, 0xdd, 0x3b, 0xdd, 0x3b, 0x4a, 0x0d, 0xbb, 0x9a, 0x01, 0xeb, 0x58, 0xbb, 0x9a, 0x01, 
0x13, 0x8a, 0x05, 0x90, 0x27, 0xc5, 0x1f, 0xca, 0x14, 0x01, 0x0d, 0xb7, 0x51, 0xb7, 0x51, 0xc3, 0x10, 0x0d, 0xa8, 0x87, 
0x01, 0x80, 0x5d, 0xa8, 0x87, 0x01, 0x4a, 0x0d, 0xb7, 0x14, 0xb7, 0x14, 0xa8, 0xf1, 0x01, 0xc3, 0x10, 0x0d, 0x9b, 0x5f, 
0x9b, 0x5f, 0xaa, 0x90, 0x01, 0x13, 0x8f, 0x05, 0xba, 0xf7, 0x01, 0xab, 0x22, 0x93, 0x14, 0x22, 0x00, 0xba, 0xf7, 0x01, 
0x22, 0xc6, 0xd2, 0x02, 0xf0, 0xce, 0x01, 0xc1, 0x0a, 0x0d, 0x9f, 0x94, 0x02, 0xaf, 0x45, 0x01, 0x3f, 0x0d, 0x94, 0xcd, 
0x01, 0x94, 0xcd, 0x01, 0xd2, 0x0a, 0x1d, 0xe1, 0x3d, 0xe1, 0x3d, 0x82, 0x4a, 0x01, 0x13, 0x9b, 0x05, 0xae, 0x19, 0xc2, 
0x26, 0x8b, 0x14, 0x22, 0x00, 0xae, 0x19, 0x8d, 0x1e, 0x88, 0x06, 0xc6, 0x06, 0x08, 0x95, 0xd7, 0x01, 0x00, 0x8b, 0x03, 
0xa7, 0x06, 0x95, 0x05, 0x9d, 0x04, 0xa7, 0x06, 0x17, 0xd4, 0x16, 0xa7, 0x06, 0x1d, 0xd7, 0x12, 0x18, 0xe2, 0x9e, 0x02, 
0xc1, 0x0a, 0x0d, 0xd3, 0xaf, 0x01, 0x8e, 0x6f, 0x03, 0xce, 0x16, 0x09, 0xa0, 0x4a, 0xa0, 0x4a, 0x96, 0xd8, 0x01, 0xa7, 
0x1e, 0xfe, 0x24, 0x00, 0xba, 0x1e, 0x00, 0xbc, 0x9c, 0x01, 0xfe, 0x24, 0x18, 0xbb, 0x9c, 0x01, 0xc1, 0x0a, 0x0d, 0xce, 
0xd7, 0x01, 0xc0, 0xf4, 0x01, 0x00, 0xc1, 0x0a, 0x0b, 0xf5, 0x9d, 0x01, 0xf2, 0x43, 0x00, 0x01, 0x18, 0xc6, 0x7b, 0x8c, 
0xd6, 0x01, 0x33, 0xcd, 0x05, 0xec, 0x57, 0xc4, 0x1b, 0x8b, 0x14, 0xe5, 0x4e, 0x8b, 0x14, 0x01, 0x50, 0xd7, 0x0f, 0xd7, 
0x0f, 0xb4, 0x0a, 0x56, 0xb5, 0xbc, 0x01, 0x52, 0x58, 0x00, 0x00, 0xc1, 0x0a, 0x0d, 0xd8, 0x9c, 0x01, 0xb6, 0x28, 0x00, 
0xc1, 0x0a, 0x18, 0xdb, 0x85, 0x01, 0xfc, 0x16, 0x00, 0xce, 0x10, 0x18, 0x96, 0x74, 0x96, 0x74, 0xc5, 0x11, 0xc1, 0x0a, 
0x0d, 0xbe, 0x14, 0xae, 0x2b, 0x01, 0xc1, 0x0a, 0x18, 0x8d, 0x0b, 0xc2, 0x94, 0x01, 0x01, 0xce, 0x10, 0x18, 0xad, 0x09, 
0xad, 0x09, 0xbb, 0x14, 0xc1, 0x0a, 0x0d, 0xbe, 0x14, 0xb0, 0x2b, 0x02, 0xc1, 0x0a, 0x18, 0x8d, 0x0b, 0xc4, 0x94, 0x01, 
0x02, 0xce, 0x10, 0x18, 0xee, 0x04, 0xee, 0x04, 0x9f, 0x06, 0xc1, 0x0a, 0x18, 0xaf, 0x7f, 0x82, 0x1a, 0x03, 0x4b, 0x18, 
0x95, 0x0d, 0xc5, 0x8c, 0x01, 0x95, 0x0d, 0x4b, 0x18, 0xaa, 0x54, 0xfd, 0x29, 0xaa, 0x54, 0x4b, 0x18, 0x96, 0x2f, 0x9a, 
0x05, 0x96, 0x2f, 0xce, 0x10, 0x18, 0xb1, 0x09, 0xb1, 0x09, 0xd7, 0x0f, 0xc1, 0x0a, 0x0d, 0xf7, 0xc4, 0x01, 0xf0, 0x1f, 
0x01, 0xc1, 0x0a, 0x0b, 0xdc, 0x7e, 0xf4, 0x8b, 0x01, 0x01, 0x01, 0x18, 0xc6, 0x33, 0x8e, 0xd6, 0x01, 0x33, 0xcd, 0x05, 
0xec, 0x57, 0xc4, 0x1b, 0x8b, 0x14, 0xe6, 0x72, 0x8b, 0x14, 0x01, 0x50, 0xd7, 0x0f, 0xd7, 0x0f, 0xb4, 0x0a, 0x56, 0xb5, 
0xbc, 0x01, 0x53, 0x58, 0x00, 0x00, 0xc1, 0x0a, 0x0d, 0xd8, 0x9c, 0x01, 0xb6, 0x28, 0x00, 0xc1, 0x0a, 0x18, 0xdb, 0x85, 
0x01, 0xfc, 0x16, 0x00, 0xce, 0x10, 0x18, 0x98, 0x74, 0x98, 0x74, 0xc3, 0x11, 0xc1, 0x0a, 0x0d, 0xbe, 0x14, 0xb0, 0x2b, 
0x01, 0xc1, 0x0a, 0x18, 0x8d, 0x0b, 0xc4, 0x94, 0x01, 0x01, 0xce, 0x10, 0x18, 0xad, 0x09, 0xad, 0x09, 0xbb, 0x14, 0xc1, 
0x0a, 0x0d, 0xbe, 0x14, 0xb2, 0x2b, 0x02, 0xc1, 0x0a, 0x18, 0x8d, 0x0b, 0xc6, 0x94, 0x01, 0x02, 0xce, 0x10, 0x18, 0xec, 
0x04, 0xec, 0x04, 0xa1, 0x06, 0xc1, 0x0a, 0x18, 0xaf, 0x7f, 0x82, 0x1a, 0x03, 0x4b, 0x18, 0x95, 0x0d, 0xc5, 0x8c, 0x01, 
0x95, 0x0d, 0x4b, 0x18, 0xaa, 0x54, 0xff, 0x29, 0xaa, 0x54, 0x4b, 0x18, 0xb4, 0x3d, 0xb6, 0x13, 0xb4, 0x3d, 0xce, 0x10, 
0x18, 0xb1, 0x99, 0x01, 0xb1, 0x99, 0x01, 0x98, 0x43, 0x4b, 0x18, 0x9b, 0x31, 0xfb, 0xb2, 0x01, 0x9b, 0x31, 0xc1, 0x0a, 
0x0d, 0xe4, 0x31, 0xd0, 0x63, 0x02, 0xc1, 0x0a, 0x0b, 0xbe, 0x2e, 0xb6, 0x7f, 0x02, 0x01, 0x18, 0x86, 0x40, 0x90, 0xd6, 
0x01, 0x33, 0xcd, 0x05, 0xec, 0x57, 0xc4, 0x1b, 0x8b, 0x14, 0xc7, 0x6c, 0x8b, 0x14, 0x01, 0x50, 0xd7, 0x0f, 0xd7, 0x0f, 
0xb4, 0x0a, 0x56, 0xb5, 0xbc, 0x01, 0x54, 0x58, 0x00, 0x00, 0xc1, 0x0a, 0x0d, 0xd8, 0x9c, 0x01, 0xb6, 0x28, 0x00, 0xc1, 
0x0a, 0x18, 0xdb, 0x85, 0x01, 0xfc, 0x16, 0x00, 0xce, 0x10, 0x18, 0x9a, 0x74, 0x9a, 0x74, 0xc1, 0x11, 0xc1, 0x0a, 0x0d, 
0xbe, 0x14, 0xb2, 0x2b, 0x01, 0xc1, 0x0a, 0x18, 0x8d, 0x0b, 0xc6, 0x94, 0x01, 0x01, 0xce, 0x10, 0x18, 0xad, 0x09, 0xad, 
0x09, 0xbb, 0x14, 0xc1, 0x0a, 0x0d, 0xbe, 0x14, 0xb4, 0x2b, 0x02, 0xc1, 0x0a, 0x18, 0x8d, 0x0b, 0xc8, 0x94, 0x01, 0x02, 
0xce, 0x10, 0x18, 0xea, 0x04, 0xea, 0x04, 0xa3, 0x06, 0xc1, 0x0a, 0x18, 0xaf, 0x7f, 0x82, 0x1a, 0x03, 0x4b, 0x18, 0x95, 
0x0d, 0xc5, 0x8c, 0x01, 0x95, 0x0d, 0x4b, 0x18, 0xaa, 0x54, 0x81, 0x2a, 0xaa, 0x54, 0x4b, 0x18, 0xb4, 0x3d, 0xb4, 0x13, 
0xb4, 0x3d, 0xce, 0x10, 0x18, 0xb1, 0x99, 0x01, 0xb1, 0x99, 0x01, 0x45, 0x4b, 0x18, 0x95, 0x37, 0xf7, 0x05, 0x95, 0x37, 
0xc1, 0x0a, 0x0b, 0xfc, 0x6e, 0x98, 0x88, 0x01, 0x03, 0x01, 0x18, 0xd6, 0x9b, 0x01, 0xc2, 0xba, 0x02, 0x33, 0xcd, 0x05, 
0xc3, 0x0c, 0xc4, 0x1b, 0x8b, 0x14, 0xf8, 0x70, 0x8b, 0x14, 0x01, 0x50, 0xd7, 0x0f, 0xd7, 0x0f, 0xb4, 0x0a, 0x56, 0xb5, 
0xbc, 0x01, 0x55, 0x58, 0x00, 0x00, 0xc1, 0x0a, 0x0d, 0xd8, 0x9c, 0x01, 0xf9, 0x3b, 0x00, 0xc1, 0x0a, 0x18, 0xdb, 0x85, 
0x01, 0xfc, 0x16, 0x00, 0xce, 0x10, 0x18, 0x9c, 0x74, 0x9c, 0x74, 0xbf, 0x11, 0xc1, 0x0a, 0x0d, 0xbe, 0x14, 0xfb, 0x38, 
0x01, 0xc1, 0x0a, 0x18, 0x8d, 0x0b, 0xc8, 0x94, 0x01, 0x01, 0xce, 0x10, 0x18, 0xad, 0x09, 0xad, 0x09, 0xbb, 0x14, 0xc1, 
0x0a, 0x0d, 0xbe, 0x14, 0xf9, 0x38, 0x02, 0xc1, 0x0a, 0x18, 0x8d, 0x0b, 0xca, 0x94, 0x01, 0x02, 0xce, 0x10, 0x18, 0xe8, 
0x04, 0xe8, 0x04, 0xa5, 0x06, 0xc1, 0x0a, 0x18, 0xaf, 0x7f, 0x82, 0x1a, 0x03, 0x4b, 0x18, 0x95, 0x0d, 0xc5, 0x8c, 0x01, 
0x95, 0x0d, 0x4b, 0x18, 0xaa, 0x54, 0x83, 0x2a, 0xaa, 0x54, 0x4b, 0x18, 0xb4, 0x3d, 0xb2, 0x13, 0xb4, 0x3d, 0xce, 0x10, 
0x18, 0x87, 0x9f, 0x01, 0x87, 0x9f, 0x01, 0xd7, 0x11, 0x4b, 0x18, 0xec, 0x3a, 0xae, 0x6c, 0xec, 0x3a, 0x22, 0x9e, 0x9c, 
0x01, 0x00, 0x8d, 0x1e, 0x18, 0xf1, 0x03, 0xc1, 0x0a, 0x0d, 0xbe, 0x53, 0xee, 0xe7, 0x01, 0x00, 0xc1, 0x0a, 0x0b, 0xa1, 
0x91, 0x01, 0xf4, 0x43, 0x00, 0x01, 0x18, 0xca, 0x7b, 0x92, 0xd6, 0x01, 0x33, 0xcd, 0x05, 0xee, 0x57, 0xc4, 0x1b, 0x8b, 
0x14, 0xe6, 0x4e, 0x8b, 0x14, 0x01, 0x50, 0xd7, 0x0f, 0xd7, 0x0f, 0xb4, 0x0a, 0x56, 0xb5, 0xbc, 0x01, 0x56, 0x58, 0x00, 
0x00, 0xc1, 0x0a, 0x0d, 0xd8, 0x9c, 0x01, 0xb8, 0x28, 0x00, 0xc1, 0x0a, 0x18, 0xdb, 0x85, 0x01, 0xfc, 0x16, 0x00, 0xce, 
0x10, 0x18, 0x9e, 0x74, 0x9e, 0x74, 0xbd, 0x11, 0xc1, 0x0a, 0x0d, 0xbe, 0x14, 0xb8, 0x2b, 0x01, 0xc1, 0x0a, 0x18, 0x8d, 
0x0b, 0xca, 0x94, 0x01, 0x01, 0xce, 0x10, 0x18, 0xad, 0x09, 0xad, 0x09, 0xbb, 0x14, 0xc1, 0x0a, 0x0d, 0xbe, 0x14, 0xba, 
0x2b, 0x02, 0xc1, 0x0a, 0x18, 0x8d, 0x0b, 0xcc, 0x94, 0x01, 0x02, 0xce, 0x10, 0x18, 0xe6, 0x04, 0xe6, 0x04, 0xa7, 0x06, 
0xc1, 0x0a, 0x18, 0xaf, 0x7f, 0x82, 0x1a, 0x03, 0x4b, 0x18, 0x95, 0x0d, 0xc5, 0x8c, 0x01, 0x95, 0x0d, 0x4b, 0x18, 0xaa, 
0x54, 0x85, 0x2a, 0xaa, 0x54, 0x4b, 0x18, 0x90, 0x2f, 0x8c, 0x05, 0x90, 0x2f, 0xce, 0x10, 0x18, 0xb1, 0x09, 0xb1, 0x09, 
0x83, 0x03, 0xc1, 0x0a, 0x0d, 0xf7, 0xc4, 0x01, 0xf2, 0x1f, 0x01, 0xc1, 0x0a, 0x0b, 0xdc, 0x7e, 0xf6, 0x8b, 0x01, 0x01, 
0x01, 0x18, 0xca, 0x33, 0x94, 0xd6, 0x01, 0x33, 0xcd, 0x05, 0xee, 0x57, 0xc4, 0x1b, 0x8b, 0x14, 0xe7, 0x72, 0x8b, 0x14, 
0x01, 0x50, 0xd7, 0x0f, 0xd7, 0x0f, 0xb4, 0x0a, 0x56, 0xb5, 0xbc, 0x01, 0x57, 0x58, 0x00, 0x00, 0xc1, 0x0a, 0x0d, 0xd8, 
0x9c, 0x01, 0xb8, 0x28, 0x00, 0xc1, 0x0a, 0x18, 0xdb, 0x85, 0x01, 0xfc, 0x16, 0x00, 0xce, 0x10, 0x18, 0xa0, 0x74, 0xa0, 
0x74, 0xbb, 0x11, 0xc1, 0x0a, 0x0d, 0xbe, 0x14, 0xba, 0x2b, 0x01, 0xc1, 0x0a, 0x18, 0x8d, 0x0b, 0xcc, 0x94, 0x01, 0x01, 
0xce, 0x10, 0x18, 0xad, 0x09, 0xad, 0x09, 0xbb, 0x14, 0xc1, 0x0a, 0x0d, 0xbe, 0x14, 0xbc, 0x2b, 0x02, 0xc1, 0x0a, 0x18, 
0x8d, 0x0b, 0xce, 0x94, 0x01, 0x02, 0xce, 0x10, 0x18, 0xe4, 0x04, 0xe4, 0x04, 0xa9, 0x06, 0xc1, 0x0a, 0x18, 0xaf, 0x7f, 
0x82, 0x1a, 0x03, 0x4b, 0x18, 0x95, 0x0d, 0xc5, 0x8c, 0x01, 0x95, 0x0d, 0x4b, 0x18, 0xaa, 0x54, 0x87, 0x2a, 0xaa, 0x54, 
0x4b, 0x18, 0xb2, 0x3d, 0xac, 0x13, 0xb2, 0x3d, 0xce, 0x10, 0x18, 0xb3, 0x99, 0x01, 0xb3, 0x99, 0x01, 0x9a, 0x43, 0x4b, 
0x18, 0x9d, 0x31, 0xfb, 0xb2, 0x01, 0x9d, 0x31, 0xc1, 0x0a, 0x0d, 0xe4, 0x31, 0xd2, 0x63, 0x02, 0xc1, 0x0a, 0x0b, 0xbe, 
0x2e, 0xb8, 0x7f, 0x02, 0x01, 0x18, 0x8a, 0x40, 0x96, 0xd6, 0x01, 0x33, 0xcd, 0x05, 0xee, 0x57, 0xc4, 0x1b, 0x8b, 0x14, 
0xc8, 0x6c, 0x8b, 0x14, 0x01, 0x50, 0xd7, 0x0f, 0xd7, 0x0f, 0xb4, 0x0a, 0x56, 0xb5, 0xbc, 0x01, 0x58, 0x58, 0x00, 0x00, 
0xc1, 0x0a, 0x0d, 0xd8, 0x9c, 0x01, 0xb8, 0x28, 0x00, 0xc1, 0x0a, 0x18, 0xdb, 0x85, 0x01, 0xfc, 0x16, 0x00, 0xce, 0x10, 
0x18, 0xa2, 0x74, 0xa2, 0x74, 0xb9, 0x11, 0xc1, 0x0a, 0x0d, 0xbe, 0x14, 0xbc, 0x2b, 0x01, 0xc1, 0x0a, 0x18, 0x8d, 0x0b, 
0xce, 0x94, 0x01, 0x01, 0xce, 0x10, 0x18, 0xad, 0x09, 0xad, 0x09, 0xbb, 0x14, 0xc1, 0x0a, 0x0d, 0xbe, 0x14, 0xbe, 0x2b, 
0x02, 0xc1, 0x0a, 0x18, 0x8d, 0x0b, 0xd0, 0x94, 0x01, 0x02, 0xce, 0x10, 0x18, 0xe2, 0x04, 0xe2, 0x04, 0xab, 0x06, 0xc1, 
0x0a, 0x18, 0xaf, 0x7f, 0x82, 0x1a, 0x03, 0x4b, 0x18, 0x95, 0x0d, 0xc5, 0x8c, 0x01, 0x95, 0x0d, 0x4b, 0x18, 0xaa, 0x54, 
0x89, 0x2a, 0xaa, 0x54, 0x4b, 0x18, 0xb2, 0x3d, 0xaa, 0x13, 0xb2, 0x3d, 0xce, 0x10, 0x18, 0xe5, 0x8b, 0x01, 0xe5, 0x8b, 
0x01, 0x8a, 0x0d, 0x4b, 0x18, 0xce, 0x7d, 0xbc, 0xbc, 0x01, 0xce, 0x7d, 0x3f, 0x0d, 0xba, 0x08, 0xd6, 0x87, 0x01, 0xc3, 
0x10, 0x0d, 0xdd, 0x42, 0xdd, 0x42, 0xf2, 0xf8, 0x01, 0xbd, 0x0c, 0x0b, 0x88, 0x53, 0x88, 0x53, 0xc1, 0x0a, 0x0b, 0xf7, 
0x4f, 0xbe, 0xa4, 0x01, 0x03, 0xc2, 0x10, 0x0b, 0x8c, 0x45, 0x8c, 0x45, 0xfc, 0x9a, 0x02, 0xc0, 0x10, 0x0b, 0xfc, 0x43, 
0x90, 0x39, 0xfc, 0x43, 0x99, 0x1e, 0xca, 0x1a, 0x18, 0xc9, 0x1a, 0xe5, 0x1e, 0x18, 0xf9, 0xa1, 0x01, 0x55, 0x4d, 0x00, 
0x00, 0xd8, 0x36, 0x00, 0x00, 0x4f, 0x3c, 0x00, 0x00, 0x47, 0x4a, 0x00, 0x00, 0xe5, 0x1e, 0x0b, 0x95, 0x29, 0x87, 0x53, 
0x00, 0x00, 0xd8, 0x36, 0x00, 0x00, 0x83, 0x34, 0x00, 0x00, 0x47, 0x4a, 0x00, 0x00, 0xc0, 0x16, 0x09, 0x92, 0x10, 0x92, 
0x10, 0xc7, 0xd5, 0x01, 0xb6, 0x1e, 0x87, 0x58, 0xb7, 0x77, 0x00, 0xba, 0x1e, 0x00, 0xb7, 0x77, 0x87, 0x58, 0x18, 0xb8, 
0x77, 0xc9, 0x10, 0x0b, 0xa7, 0xc2, 0x01, 0xdd, 0x3a, 0xde, 0x3c, 0xbc, 0x0e, 0x0c, 0xae, 0x5d, 0xae, 0x5d, 0xc6, 0x10, 
0x0b, 0xb5, 0x3c, 0xe5, 0x19, 0xd6, 0x5d, 0xbc, 0x0e, 0x0c, 0xaa, 0xf6, 0x01, 0xaa, 0xf6, 0x01, 0xc0, 0x0a, 0x12, 0xab, 
0xc3, 0x01, 0xb7, 0x09, 0xab, 0xc3, 0x01, 0x01, 0xfe, 0x03, 0xc4, 0xca, 0x01, 0xe2, 0xbe, 0x02, 0xb4, 0x0c, 0x96, 0x01, 
0xbf, 0xbb, 0x01, 0xbf, 0xbb, 0x01, 0xef, 0x0a, 0x1d, 0x85, 0x41, 0x85, 0x41, 0x81, 0x32, 0x02, 0x8b, 0x14, 0x2d, 0x13, 
0xfa, 0xdf, 0x01, 0xfa, 0xdf, 0x01, 0xfa, 0xdf, 0x01, 0x10, 0xc1, 0x0a, 0x0d, 0xb2, 0x06, 0xb2, 0x06, 0x00, 0xbd, 0x0c, 
0x0b, 0xe6, 0x0d, 0xe6, 0x0d, 0x01, 0x18, 0x83, 0xda, 0x01, 0xe4, 0x5f, 0x33, 0xcd, 0x05, 0xd3, 0x29, 0xc4, 0x1b, 0x8b, 
0x14, 0xb6, 0xbe, 0x01, 0x8b, 0x14, 0x01, 0x50, 0x9e, 0xe8, 0x01, 0x9e, 0xe8, 0x01, 0xb4, 0x0a, 0x56, 0xb5, 0xbc, 0x01, 
0x59, 0x58, 0x00, 0x00, 0xc1, 0x0a, 0x0d, 0xd8, 0x9c, 0x01, 0xec, 0x9e, 0x01, 0x00, 0xc1, 0x0a, 0x18, 0xdb, 0x85, 0x01, 
0xfc, 0x16, 0x00, 0xce, 0x10, 0x18, 0xa4, 0x74, 0xa4, 0x74, 0xb7, 0x11, 0xc1, 0x0a, 0x0d, 0xbe, 0x14, 0xf2, 0xa1, 0x01, 
0x01, 0xc1, 0x0a, 0x18, 0x8d, 0x0b, 0xd0, 0x94, 0x01, 0x01, 0xce, 0x10, 0x18, 0xad, 0x09, 0xad, 0x09, 0xbb, 0x14, 0xc1, 
0x0a, 0x0d, 0xbe, 0x14, 0xf4, 0xa1, 0x01, 0x02, 0xc1, 0x0a, 0x18, 0x8d, 0x0b, 0xd2, 0x94, 0x01, 0x02, 0xce, 0x10, 0x18, 
0xe0, 0x04, 0xe0, 0x04, 0xad, 0x06, 0xc1, 0x0a, 0x18, 0xaf, 0x7f, 0x82, 0x1a, 0x03, 0x4b, 0x18, 0x95, 0x0d, 0xc5, 0x8c, 
0x01, 0x95, 0x0d, 0x4b, 0x18, 0x8e, 0x42, 0xa7, 0x3c, 0x8e, 0x42, 0x4b, 0x18, 0xd9, 0x31, 0xff, 0x6d, 0xd9, 0x31, 0xc1, 
0x0a, 0x0d, 0x9a, 0x75, 0x9d, 0x31, 0x01, 0xce, 0x10, 0x18, 0xe5, 0x16, 0xb4, 0x5e, 0xe5, 0x16, 0x4b, 0x18, 0xb1, 0x2f, 
0xc4, 0x26, 0xb1, 0x2f, 0xc0, 0x10, 0x0b, 0x97, 0x1f, 0xc2, 0x30, 0xea, 0xa9, 0x01, 0x99, 0x1e, 0xcd, 0x9a, 0x01, 0x18, 
0xd8, 0x37, 0x22, 0xda, 0xc6, 0x01, 0x84, 0x3f, 0x8d, 0x1e, 0x88, 0x06, 0x00, 0x00, 0x00, 0x00, 0xf2, 0x12, 0x00, 0x00, 
0x00, 0x00, 0x00, 0x00, 0x4c, 0x4f, 0x4d, 0x53, 0x00, 0x03, 0x01, 0x00, 0x0b, 0x00, 0x08, 0x00, 0x7d, 0x62, 0x00, 0x00, 
0x00, 0x00, 0x00, 0x00, 0x64, 0x33, 0x00, 0x00, 0x91, 0x02, 0x01, 0x91, 0x02, 0x20, 0xd1, 0x10, 0x02, 0x47, 0x4c, 0x53, 
0x4c, 0x2e, 0x73, 0x74, 0x64, 0x2e, 0x34, 0x35, 0x30, 0x00, 0x00, 0x00, 0x00, 0xa0, 0x04, 0x00, 0x01, 0xff, 0x0f, 0x00, 
0x9f, 0x2c, 0xed, 0xc2, 0xa5, 0xf3, 0x06, 0x00, 0x8c, 0x1a, 0xa9, 0x20, 0x82, 0x1f, 0xaf, 0x2e, 0x93, 0x2d, 0xcf, 0x2d, 
0xb0, 0x23, 0xab, 0x22, 0xd9, 0x1b, 0xc2, 0x26, 0x84, 0x28, 0x10, 0xa2, 0x1e, 0x06, 0x10, 0x37, 0xeb, 0x01, 0x0b, 0x00, 
0x05, 0x00, 0x07, 0x01, 0x10, 0x00, 0x23, 0x00, 0x01, 0x05, 0x00, 0x07, 0x01, 0x10, 0x00, 0x23, 0x40, 0x01, 0x23, 0x30, 
0x01, 0x23, 0x04, 0x01, 0x23, 0x04, 0x01, 0x23, 0x04, 0x01, 0x23, 0x04, 0x10, 0x90, 0x32, 0x01, 0x01, 0x10, 0x9b, 0x45, 
0x06, 0x80, 0x02, 0x00, 0xa8, 0x18, 0x02, 0x47, 0x00, 0x01, 0x00, 0x23, 0x00, 0x10, 0xe2, 0x11, 0x21, 0x00, 0x10, 0x00, 
0x22, 0x01, 0x00, 0x64, 0x0e, 0x10, 0x00, 0x1e, 0x0a, 0x10, 0xb2, 0x21, 0x01, 0x08, 0x10, 0xdd, 0x3e, 0x06, 0x40, 0x10, 
0x02, 0x06, 0x40, 0x10, 0xac, 0x04, 0x06, 0x10, 0x10, 0xae, 0x05, 0x06, 0x10, 0x10, 0x02, 0x06, 0x10, 0x10, 0x02, 0x06, 
0x10, 0x10, 0x50, 0x06, 0x10, 0x00, 0xef, 0x1e, 0x02, 0x37, 0x00, 0x95, 0x00, 0x05, 0x00, 0x07, 0x01, 0x10, 0x00, 0x23, 
0x00, 0x01, 0x05, 0x00, 0x07, 0x01, 0x10, 0x00, 0x23, 0x40, 0x01, 0x05, 0x00, 0x07, 0x01, 0x10, 0x00, 0x23, 0x40, 0x01, 
0x05, 0x00, 0x07, 0x01, 0x10, 0x00, 0x23, 0x40, 0x01, 0x05, 0x00, 0x07, 0x01, 0x10, 0x00, 0x23, 0x40, 0x01, 0x05, 0x00, 
0x07, 0x01, 0x10, 0x00, 0x23, 0x80, 0x02, 0x01, 0x05, 0x00, 0x07, 0x01, 0x10, 0x00, 0x23, 0x80, 0x02, 0x01, 0x05, 0x00, 
0x07, 0x01, 0x10, 0x00, 0x23, 0x40, 0x01, 0x05, 0x00, 0x07, 0x01, 0x10, 0x00, 0x23, 0x30, 0x01, 0x23, 0x40, 0x01, 0x23, 
0x10, 0x01, 0x23, 0x08, 0x01, 0x23, 0x04, 0x01, 0x23, 0x04, 0x01, 0x23, 0x10, 0x01, 0x23, 0x10, 0x01, 0x23, 0x08, 0x01, 
0x23, 0x08, 0x01, 0x23, 0x04, 0x01, 0x00, 0x00, 0x23, 0x04, 0x01, 0x23, 0x08, 0x01, 0x23, 0x04, 0x01, 0x23, 0x04, 0x01, 
0x23, 0x04, 0x01, 0x23, 0x04, 0x01, 0x23, 0x04, 0x01, 0x00, 0x00, 0x23, 0x04, 0x01, 0x00, 0x00, 0x23, 0x04, 0x01, 0x00, 
0x00, 0x23, 0x04, 0x01, 0x00, 0x00, 0x23, 0x10, 0x01, 0x00, 0x00, 0x23, 0x0c, 0x01, 0x00, 0x00, 0x23, 0x04, 0x01, 0x00, 
0x00, 0x23, 0x08, 0x01, 0x00, 0x00, 0x23, 0x04, 0x01, 0x00, 0x00, 0x23, 0x04, 0x01, 0x00, 0x00, 0x23, 0x04, 0x01, 0x23, 
0x04, 0x01, 0x00, 0x00, 0x23, 0x04, 0x01, 0x00, 0x00, 0x23, 0x04, 0x01, 0x23, 0x90, 0x01, 0x01, 0x00, 0x00, 0x23, 0x0c, 
0x01, 0x23, 0x04, 0x01, 0x23, 0x10, 0x01, 0x23, 0x10, 0x01, 0x00, 0x00, 0x23, 0x08, 0x01, 0x00, 0x00, 0x23, 0x04, 0x01, 
0x23, 0x04, 0x01, 0x00, 0x00, 0x23, 0x08, 0x01, 0x00, 0x00, 0x23, 0x04, 0x01, 0x23, 0x04, 0x01, 0x00, 0x00, 0x23, 0x10, 
0x01, 0x00, 0x00, 0x23, 0x04, 0x01, 0x23, 0x04, 0x01, 0x00, 0x00, 0x23, 0x08, 0x01, 0x23, 0x04, 0x01, 0x00, 0x00, 0x23, 
0x04, 0x01, 0x00, 0x00, 0x23, 0x04, 0x01, 0x23, 0x04, 0x01, 0x23, 0x0c, 0x01, 0x23, 0x04, 0x01, 0x23, 0x04, 0x01, 0x23, 
0x04, 0x01, 0x23, 0x04, 0x01, 0x23, 0x04, 0x01, 0x23, 0x0c, 0x01, 0x23, 0x04, 0x01, 0x23, 0x04, 0x01, 0x23, 0x04, 0x01, 
0x23, 0x04, 0x01, 0x05, 0x00, 0x07, 0x01, 0x10, 0x00, 0x23, 0x04, 0x01, 0x23, 0x30, 0x01, 0x23, 0x08, 0x01, 0x05, 0x00, 
0x07, 0x01, 0x10, 0x00, 0x23, 0x08, 0x01, 0x05, 0x00, 0x07, 0x01, 0x10, 0x00, 0x23, 0x40, 0x01, 0x00, 0x00, 0x23, 0x40, 
0x01, 0x00, 0x00, 0x23, 0x04, 0x01, 0x00, 0x00, 0x23, 0x04, 0x01, 0x00, 0x00, 0x23, 0x04, 0x01, 0x23, 0x04, 0x01, 0x23, 
0x40, 0x01, 0x00, 0x00, 0x23, 0x04, 0x01, 0x00, 0x00, 0x23, 0x04, 0x01, 0x00, 0x00, 0x23, 0x04, 0x01, 0x23, 0x04, 0x01, 
0x23, 0x40, 0x01, 0x00, 0x00, 0x23, 0x40, 0x01, 0x00, 0x00, 0x23, 0x04, 0x01, 0x00, 0x00, 0x23, 0x04, 0x01, 0x00, 0x00, 
0x23, 0x04, 0x01, 0x00, 0x00, 0x23, 0x04, 0x10, 0xde, 0x3c, 0x21, 0x00, 0x10, 0x00, 0x22, 0x00, 0x10, 0xc8, 0x01, 0x0b, 
0x2a, 0x37, 0x8b, 0x2e, 0x05, 0x00, 0x05, 0x00, 0x07, 0x01, 0x10, 0x00, 0x23, 0x00, 0x01, 0x23, 0x30, 0x01, 0x23, 0x0c, 
0x10, 0xbf, 0x05, 0x06, 0x40, 0x00, 0x84, 0x1c, 0x02, 0x47, 0x00, 0x01, 0x00, 0x23, 0x00, 0x10, 0xfe, 0x0d, 0x21, 0x01, 
0x10, 0x00, 0x22, 0x01, 0x10, 0xb6, 0x0f, 0x21, 0x05, 0x10, 0x00, 0x22, 0x01, 0x00, 0x8f, 0x37, 0x02, 0x47, 0x00, 0x01, 
0x00, 0x23, 0x00, 0x10, 0xc0, 0x13, 0x06, 0x10, 0x00, 0xe6, 0x02, 0x02, 0x37, 0x00, 0x02, 0x00, 0x00, 0x00, 0x23, 0x00, 
0x10, 0xd6, 0x19, 0x21, 0x02, 0x10, 0x00, 0x22, 0x01, 0x10, 0xcb, 0x02, 0x21, 0x03, 0x10, 0x00, 0x22, 0x01, 0x10, 0xa6, 
0x01, 0x1e, 0x00, 0x10, 0xda, 0x1e, 0x1e, 0x05, 0x10, 0xb7, 0x02, 0x1e, 0x06, 0x10, 0x78, 0x1e, 0x03, 0x10, 0xbd, 0x14, 
0x0b, 0x2b, 0x00, 0x89, 0x02, 0x10, 0x10, 0x00, 0x1e, 0x06, 0x10, 0xa3, 0x0d, 0x1e, 0x09, 0x00, 0xd7, 0x12, 0x02, 0x47, 
0x00, 0x04, 0x00, 0x0b, 0x01, 0x00, 0x01, 0x0b, 0x01, 0x01, 0x01, 0x0b, 0x01, 0x03, 0x01, 0x0b, 0x01, 0x04, 0x10, 0xae, 
0x2b, 0x1e, 0x05, 0x00, 0x8c, 0x80, 0x01, 0x00, 0x93, 0x02, 0x0e, 0xa1, 0x04, 0xf4, 0x13, 0x08, 0xa6, 0x02, 0xe9, 0x13, 
0x20, 0xb7, 0x02, 0x20, 0x0d, 0x04, 0xb8, 0x02, 0x90, 0x01, 0x1d, 0x04, 0xb7, 0x02, 0x99, 0x01, 0x0d, 0x03, 0xb5, 0x02, 
0x17, 0x20, 0x01, 0x3e, 0x92, 0x0a, 0x07, 0x18, 0xb5, 0x02, 0x93, 0x0a, 0x20, 0x00, 0xb7, 0x02, 0x18, 0x0b, 0x04, 0xd1, 
0x04, 0xe8, 0x05, 0x08, 0x95, 0x05, 0x17, 0x1d, 0xb7, 0x02, 0xef, 0x05, 0x0d, 0x02, 0xbe, 0x02, 0xa2, 0x10, 0x13, 0x1d, 
0xbb, 0x04, 0x0b, 0xcc, 0x17, 0x00, 0x00, 0x00, 0x00, 0xbb, 0x04, 0x0c, 0x02, 0x00, 0x00, 0x00, 0x00, 0xbb, 0x04, 0x0b, 
0x04, 0x01, 0x00, 0x00, 0x00, 0xbb, 0x04, 0x0c, 0x02, 0x01, 0x00, 0x00, 0x00, 0xbb, 0x04, 0x0b, 0x04, 0x02, 0x00, 0x00, 
0x00, 0xbb, 0x04, 0x0c, 0x02, 0x02, 0x00, 0x00, 0x00, 0xbb, 0x04, 0x0c, 0x06, 0x03, 0x00, 0x00, 0x00, 0xb8, 0x02, 0x9b, 
0x27, 0x18, 0x03, 0xbb, 0x04, 0x0b, 0xb8, 0x27, 0x08, 0x00, 0x00, 0x00, 0xbc, 0x02, 0xa1, 0x0a, 0x1d, 0xa2, 0x14, 0x8e, 
0x03, 0xeb, 0x01, 0x65, 0x46, 0x0c, 0x0c, 0x0c, 0x0d, 0x91, 0x0f, 0xb2, 0x06, 0x0c, 0x90, 0x32, 0x40, 0x00, 0x00, 0x00, 
0xbc, 0x02, 0x9b, 0x45, 0x9b, 0x0e, 0xa3, 0x27, 0xae, 0x02, 0xa8, 0x18, 0xd5, 0x04, 0x3e, 0xfa, 0x09, 0x02, 0xe9, 0x10, 
0x39, 0xe6, 0x15, 0xe8, 0x07, 0x02, 0x3e, 0xef, 0x27, 0x02, 0x65, 0x3e, 0xb1, 0x01, 0x02, 0x0c, 0xbb, 0x04, 0x0c, 0xa2, 
0x1e, 0x05, 0x00, 0x00, 0x00, 0x3e, 0x9f, 0x1e, 0x02, 0x0d, 0x3e, 0x02, 0x03, 0x0c, 0x39, 0x8b, 0x05, 0x82, 0x2a, 0x03, 
0xb2, 0x06, 0x0c, 0xb2, 0x21, 0x02, 0x00, 0x00, 0x00, 0xbb, 0x04, 0x0b, 0x9d, 0x2d, 0x04, 0x00, 0x00, 0x00, 0xbc, 0x02, 
0xbf, 0x11, 0x65, 0x96, 0x14, 0xbc, 0x02, 0x02, 0x65, 0x96, 0x14, 0xb7, 0x02, 0xc5, 0x16, 0x0b, 0x03, 0xbb, 0x04, 0x0b, 
0xa2, 0x28, 0x09, 0x00, 0x00, 0x00, 0xbc, 0x02, 0xaf, 0x0d, 0x18, 0xa5, 0x14, 0xbc, 0x02, 0xae, 0x05, 0x1d, 0x96, 0x14, 
0xbc, 0x02, 0x02, 0x1d, 0x96, 0x14, 0xbc, 0x02, 0x02, 0x1d, 0x96, 0x14, 0xbc, 0x02, 0x50, 0x1d, 0xa5, 0x14, 0xbe, 0x83, 
0xc0, 0x02, 0xef, 0x1e, 0x65, 0x65, 0x65, 0x65, 0xb6, 0x0b, 0xb7, 0x0b, 0x65, 0x46, 0x65, 0x1d, 0x13, 0x0d, 0x0d, 0x1d, 
0x1d, 0x13, 0x13, 0x0d, 0x0d, 0x13, 0x0d, 0x0d, 0x0d, 0x0d, 0x0d, 0x0d, 0x0d, 0x0d, 0x1d, 0x14, 0x0c, 0x13, 0x0c, 0x0c, 
0x0c, 0x0c, 0x0d, 0x0d, 0xcd, 0x0d, 0x18, 0x0d, 0x1d, 0x1d, 0x13, 0x0c, 0x0d, 0x13, 0x0d, 0x0d, 0x1d, 0x0c, 0x0d, 0x13, 
0x0d, 0x0d, 0x0d, 0x0b, 0x18, 0x0d, 0x0d, 0x0b, 0x0d, 0x0d, 0x18, 0x0d, 0x0d, 0x0d, 0x0d, 0x0d, 0x46, 0x13, 0x13, 0x65, 
0x65, 0x0d, 0x0d, 0x0d, 0x0d, 0xa4, 0x10, 0x0c, 0x0d, 0x0d, 0x0d, 0xa5, 0x10, 0xa6, 0x10, 0x0c, 0x0c, 0x0c, 0x0c, 0xce, 
0x10, 0x3e, 0xfa, 0x09, 0x02, 0x96, 0x01, 0x39, 0x93, 0x06, 0xe4, 0x32, 0x02, 0x3e, 0xf1, 0x34, 0x01, 0x0c, 0x39, 0x8c, 
0x05, 0xba, 0x36, 0x01, 0xb8, 0x02, 0xa5, 0x3f, 0x18, 0x04, 0xb8, 0x02, 0x0b, 0x1d, 0x03, 0xce, 0x02, 0xa6, 0x11, 0x50, 
0x18, 0x0d, 0xbb, 0x04, 0x0b, 0xb7, 0x0d, 0x00, 0x01, 0x00, 0x00, 0xbc, 0x02, 0xf8, 0x07, 0xa3, 0x09, 0xc7, 0x02, 0xae, 
0x02, 0x84, 0x1c, 0xc3, 0x06, 0x3e, 0x8b, 0x25, 0x02, 0xc5, 0x14, 0x39, 0xff, 0x01, 0x8a, 0x33, 0x02, 0x3e, 0xed, 0x2b, 
0x02, 0x50, 0xbb, 0x04, 0x0b, 0x8c, 0x1d, 0x03, 0x00, 0x00, 0x00, 0xbb, 0x04, 0x0d, 0x0d, 0x00, 0x00, 0x00, 0x00, 0x94, 
0x02, 0x85, 0x28, 0xbb, 0x04, 0x0d, 0x82, 0x02, 0x00, 0x00, 0x80, 0x3f, 0xb7, 0x02, 0xef, 0x01, 0x0c, 0x02, 0xbb, 0x04, 
0x0b, 0xe4, 0x29, 0x00, 0x08, 0x00, 0x00, 0x89, 0x03, 0xd9, 0x27, 0x0d, 0x01, 0x00, 0x00, 0x00, 0x01, 0x00, 0xab, 0x02, 
0xce, 0x05, 0x97, 0x01, 0x3e, 0xfa, 0x09, 0x00, 0xfe, 0x03, 0x39, 0xfb, 0x08, 0xc8, 0x34, 0x00, 0xae, 0x02, 0x8f, 0x37, 
0x0c, 0x3e, 0xfa, 0x09, 0x09, 0xd7, 0x07, 0x39, 0xd4, 0x0c, 0xa2, 0x17, 0x09, 0x3e, 0xaf, 0x26, 0x09, 0x0c, 0xb7, 0x02, 
0xed, 0x09, 0x0c, 0x03, 0xbb, 0x04, 0x0c, 0xde, 0x29, 0x00, 0x08, 0x00, 0x00, 0xbc, 0x02, 0x9b, 0x07, 0x1d, 0xc7, 0x02, 
0xae, 0x02, 0xe6, 0x02, 0xb7, 0x11, 0x3e, 0x8b, 0x25, 0x02, 0xea, 0x12, 0x39, 0x24, 0xe2, 0x3e, 0x02, 0x89, 0x03, 0xfd, 
0x3b, 0x0d, 0x01, 0x00, 0x01, 0x00, 0x01, 0x00, 0xab, 0x02, 0xd2, 0x04, 0xd6, 0x01, 0x3e, 0xfa, 0x09, 0x00, 0xff, 0x03, 
0x39, 0xfc, 0x08, 0xe6, 0x2a, 0x00, 0x3e, 0xa9, 0x32, 0x01, 0x1d, 0x39, 0x9a, 0x05, 0xd0, 0x33, 0x01, 0xbb, 0x04, 0x0c, 
0xf3, 0x2c, 0x00, 0x02, 0x00, 0x00, 0xbb, 0x04, 0x0c, 0xff, 0x0b, 0x00, 0x01, 0x00, 0x00, 0x3e, 0x98, 0x05, 0x01, 0x17, 
0x39, 0x94, 0x05, 0xb6, 0x52, 0x01, 0x39, 0x9a, 0x05, 0xb7, 0x02, 0x01, 0x3e, 0x85, 0x50, 0x01, 0x13, 0x39, 0x90, 0x05, 
0xfe, 0x50, 0x01, 0x3e, 0x81, 0x51, 0x01, 0x0d, 0x39, 0x8c, 0x05, 0xc4, 0x3c, 0x01, 0xbb, 0x04, 0x0c, 0xd1, 0x1d, 0x14, 
0x00, 0x00, 0x00, 0xbb, 0x04, 0x0c, 0x06, 0x15, 0x00, 0x00, 0x00, 0xbb, 0x04, 0x0d, 0xe1, 0x28, 0x00, 0x00, 0x00, 0x40, 
0x3e, 0x84, 0x0a, 0x03, 0x1d, 0x39, 0x9b, 0x05, 0xa0, 0x3a, 0x03, 0x3e, 0xb7, 0x3a, 0x03, 0x0d, 0x39, 0x9b, 0x05, 0x94, 
0x2d, 0x03, 0xbb, 0x04, 0x0d, 0xaf, 0x2a, 0x00, 0x00, 0x80, 0xbf, 0xbc, 0x02, 0x07, 0x0d, 0x90, 0x14, 0xbc, 0x02, 0x13, 
0x0d, 0x8d, 0x14, 0xde, 0x02, 0xf4, 0x17, 0x1d, 0x0d, 0xbd, 0x06, 0xb3, 0x06, 0x3e, 0xfa, 0x09, 0x03, 0xad, 0x12, 0x39, 
0xaa, 0x17, 0xb0, 0x1e, 0x03, 0x3e, 0xe1, 0x42, 0x03, 0x13, 0x39, 0x91, 0x05, 0xe6, 0x45, 0x03, 0xad, 0x06, 0x1d, 0x83, 
0x50, 0xc6, 0x06, 0x08, 0xba, 0x58, 0x00, 0x82, 0x0a, 0x18, 0x82, 0x66, 0x39, 0x95, 0x05, 0xb2, 0x7d, 0x07, 0x01, 0x0c, 
0xdb, 0xce, 0x01, 0xb6, 0x26, 0x22, 0xfe, 0x38, 0x00, 0x01, 0x0c, 0x90, 0xc4, 0x01, 0x8e, 0xfd, 0x01, 0xc7, 0x10, 0x0c, 
0xc7, 0x51, 0xc7, 0x51, 0x94, 0x8a, 0x01, 0x33, 0xe2, 0x05, 0xeb, 0x2a, 0xda, 0x19, 0x8b, 0x14, 0xef, 0x6f, 0x8b, 0x14, 
0x01, 0x65, 0x96, 0x80, 0x01, 0x96, 0x80, 0x01, 0x33, 0x89, 0x05, 0xbe, 0x24, 0xda, 0x19, 0x8b, 0x14, 0xef, 0x6f, 0x91, 
0x14, 0x01, 0x0c, 0x9c, 0x23, 0x9c, 0x23, 0x33, 0x89, 0x05, 0x99, 0x23, 0xda, 0x19, 0x8b, 0x14, 0xef, 0x6f, 0x94, 0x14, 
0x01, 0x0c, 0x9c, 0x23, 0x9c, 0x23, 0x13, 0x8e, 0x05, 0x99, 0x23, 0xcf, 0x2d, 0x8a, 0x14, 0x01, 0x0d, 0x9c, 0x23, 0x9c, 
0x23, 0x13, 0x8e, 0x05, 0xd3, 0x0f, 0xcf, 0x2d, 0x8d, 0x14, 0x01, 0x0d, 0x91, 0x9d, 0x01, 0x91, 0x9d, 0x01, 0xc3, 0x10, 
0x0d, 0xd0, 0xb0, 0x01, 0xbc, 0xfe, 0x02, 0xd0, 0xb0, 0x01, 0xc0, 0x0a, 0x13, 0xdb, 0x98, 0x02, 0xf1, 0x94, 0x02, 0xdb, 
0x98, 0x02, 0x01, 0x1d, 0x90, 0x3c, 0x80, 0x66, 0xc7, 0x18, 0x0c, 0x8c, 0xc9, 0x01, 0xd3, 0x0f, 0x80, 0xdc, 0x02, 0xcb, 
0x14, 0x09, 0xf7, 0xaa, 0x01, 0xf7, 0xaa, 0x01, 0x82, 0x9a, 0x01, 0xa7, 0x1e, 0xb1, 0x8e, 0x01, 0x00, 0xba, 0x1e, 0x00, 
0xfb, 0x25, 0xb1, 0x8e, 0x01, 0x18, 0xfc, 0x25, 0x01, 0x0c, 0xf1, 0x0c, 0xd0, 0x9a, 0x01, 0x13, 0x8d, 0x05, 0xa1, 0x70, 
0xa5, 0x18, 0x8b, 0x14, 0x01, 0x0c, 0xd0, 0x7e, 0xd0, 0x7e, 0xc0, 0x10, 0x0c, 0xc6, 0x63, 0xf4, 0x71, 0xc6, 0x63, 0xcb, 
0x10, 0x0c, 0xb1, 0x9d, 0x01, 0xb1, 0x9d, 0x01, 0xda, 0x85, 0x01, 0xc7, 0x10, 0x0c, 0x81, 0x2a, 0xb3, 0xc7, 0x01, 0xd8, 
0x5b, 0xd0, 0x0a, 0x16, 0xda, 0xe8, 0x01, 0xd8, 0xbe, 0x01, 0xda, 0xe8, 0x01, 0xa6, 0xc6, 0x02, 0x99, 0x1e, 0xa4, 0x13, 
0x18, 0xa3, 0x13, 0xe5, 0x1e, 0x16, 0xf7, 0x8d, 0x01, 0x9e, 0x5b, 0x00, 0x00, 0x0a, 0x3a, 0x00, 0x00, 0x9c, 0x33, 0x00, 
0x00, 0x96, 0x5f, 0x00, 0x00, 0xe5, 0x1e, 0x1d, 0xaa, 0x1d, 0x02, 0x29, 0x00, 0x00, 0x0a, 0x3a, 0x00, 0x00, 0x36, 0x3d, 
0x00, 0x00, 0x96, 0x5f, 0x00, 0x00, 0xe5, 0x1e, 0x0c, 0x85, 0x51, 0x0b, 0x0a, 0x00, 0x00, 0x0a, 0x3a, 0x00, 0x00, 0xb5, 
0x5d, 0x00, 0x00, 0x96, 0x5f, 0x00, 0x00, 0xc1, 0x16, 0x09, 0xf5, 0x14, 0xf5, 0x14, 0x93, 0xf8, 0x01, 0xb6, 0x1e, 0x8b, 
0x07, 0xdd, 0xf9, 0x01, 0x00, 0xba, 0x1e, 0x00, 0xbf, 0x18, 0x8b, 0x07, 0x18, 0xc0, 0x18, 0x33, 0x8a, 0x05, 0x8c, 0xc1, 
0x01, 0xd5, 0x1f, 0x8b, 0x14, 0xe2, 0x4c, 0x8a, 0x14, 0x01, 0x0d, 0x85, 0x8e, 0x01, 0x85, 0x8e, 0x01, 0xc7, 0x16, 0x09, 
0x81, 0x16, 0x81, 0x16, 0xfa, 0x91, 0x01, 0xa7, 0x1e, 0xae, 0x4a, 0x00, 0xba, 0x1e, 0x00, 0xf8, 0x0b, 0xae, 0x4a, 0x18, 
0xf7, 0x0b, 0xd2, 0x0a, 0x16, 0xfe, 0x3c, 0xd4, 0x51, 0xf8, 0x1d, 0x02, 0x01, 0xff, 0x03, 0xb0, 0x51, 0xea, 0xff, 0x01, 
0xb4, 0x0c, 0xd6, 0x01, 0xeb, 0x58, 0xeb, 0x58, 0xef, 0x0a, 0x1d, 0xfe, 0x20, 0xfe, 0x20, 0xc2, 0x19, 0x02, 0x8b, 0x14, 
0xce, 0x10, 0x1d, 0xbb, 0x7e, 0xbb, 0x7e, 0xf5, 0x49, 0x4b, 0x1d, 0x9a, 0x87, 0x01, 0xee, 0x22, 0x9a, 0x87, 0x01, 0x99, 
0x1e, 0xd4, 0x9d, 0x01, 0x18, 0xd3, 0x9d, 0x01, 0xe5, 0x1e, 0x16, 0xd4, 0x5e, 0x50, 0x33, 0x00, 0x00, 0x47, 0x27, 0x00, 
0x00, 0xcc, 0x3a, 0x00, 0x00, 0x8d, 0x2b, 0x00, 0x00, 0xe5, 0x1e, 0x1d, 0xb4, 0x26, 0xa5, 0x3a, 0x00, 0x00, 0x47, 0x27, 
0x00, 0x00, 0x5c, 0x43, 0x00, 0x00, 0x8d, 0x2b, 0x00, 0x00, 0x99, 0x1e, 0xbf, 0x89, 0x01, 0x18, 0xc0, 0x89, 0x01, 0xc0, 
0x10, 0x0c, 0xc1, 0x07, 0xa6, 0xdd, 0x01, 0xce, 0xce, 0x02, 0x99, 0x1e, 0xd2, 0x1b, 0x18, 0x8f, 0xeb, 0x01, 0x99, 0x1e, 
0xef, 0xc4, 0x01, 0x18, 0xf0, 0xc4, 0x01, 0xe5, 0x1e, 0x1d, 0xf9, 0x1c, 0x02, 0x29, 0x00, 0x00, 0xa0, 0x2f, 0x00, 0x00, 
0xa5, 0x3a, 0x00, 0x00, 0xed, 0x22, 0x00, 0x00, 0xc7, 0x18, 0x0c, 0xa5, 0x78, 0xb9, 0xc1, 0x01, 0x9a, 0xb6, 0x01, 0xcb, 
0x14, 0x09, 0xd2, 0x6e, 0xd2, 0x6e, 0xe6, 0x81, 0x02, 0xa7, 0x1e, 0xe0, 0x4b, 0x00, 0xba, 0x1e, 0x00, 0x80, 0x43, 0xe0, 
0x4b, 0x18, 0xff, 0x42, 0x01, 0x17, 0xba, 0x04, 0xd8, 0x8e, 0x01, 0x01, 0x1d, 0xb4, 0x11, 0xc4, 0xa2, 0x01, 0x3d, 0x18, 
0xf6, 0x20, 0xef, 0x15, 0xef, 0x15, 0x18, 0x22, 0x91, 0x1e, 0x00, 0xe9, 0x06, 0x08, 0xc1, 0x84, 0x01, 0xfc, 0x51, 0xd3, 
0xa2, 0x01, 0x97, 0x52, 0xcb, 0x63, 0x01, 0x18, 0xcc, 0x57, 0x87, 0x4b, 0xc1, 0x0a, 0x0d, 0xbb, 0x0a, 0xbb, 0x0a, 0x00, 
0xd2, 0x0a, 0x1d, 0xf3, 0x3c, 0xf3, 0x3c, 0xb6, 0xa9, 0x01, 0x00, 0xc1, 0x0a, 0x0d, 0xb0, 0xab, 0x01, 0x80, 0x64, 0x01, 
0xd2, 0x0a, 0x1d, 0x89, 0x3a, 0x89, 0x3a, 0xa6, 0x71, 0x01, 0xc1, 0x0a, 0x0d, 0xfa, 0x6b, 0xf0, 0x95, 0x01, 0x02, 0xd2, 
0x0a, 0x1d, 0xe7, 0xd6, 0x01, 0xe7, 0xd6, 0x01, 0xed, 0x6a, 0x02, 0x99, 0x1e, 0xa9, 0x2e, 0x18, 0xaa, 0x2e, 0xe5, 0x1e, 
0x1d, 0x8a, 0x55, 0xe8, 0x4c, 0x00, 0x00, 0x25, 0x54, 0x00, 0x00, 0xf9, 0x2b, 0x00, 0x00, 0xbe, 0x39, 0x00, 0x00, 0x3d, 
0x18, 0xce, 0x29, 0xce, 0x29, 0xce, 0x29, 0x18, 0xc1, 0x0a, 0x0d, 0x93, 0x77, 0x93, 0x77, 0x00, 0xc1, 0x0a, 0x1d, 0xbc, 
0x1c, 0xeb, 0x32, 0x00, 0xce, 0x10, 0x1d, 0xec, 0x1b, 0xec, 0x1b, 0xa8, 0x38, 0xc1, 0x0a, 0x0d, 0xbe, 0x14, 0xad, 0x2a, 
0x01, 0xc1, 0x0a, 0x1d, 0x99, 0xd0, 0x01, 0xdb, 0xd2, 0x01, 0x01, 0xce, 0x10, 0x1d, 0xde, 0xbb, 0x01, 0xde, 0xbb, 0x01, 
0xbb, 0x14, 0xc1, 0x0a, 0x0d, 0xbe, 0x14, 0xab, 0x2a, 0x02, 0xc1, 0x0a, 0x1d, 0x99, 0xd0, 0x01, 0xd9, 0xd2, 0x01, 0x02, 
0xce, 0x10, 0x1d, 0xfa, 0xc9, 0x01, 0xfa, 0xc9, 0x01, 0x9f, 0x06, 0xc1, 0x0a, 0x1d, 0xaf, 0x7f, 0x8f, 0x88, 0x01, 0x03, 
0x4b, 0x1d, 0x95, 0x0d, 0xc5, 0x8c, 0x01, 0x95, 0x0d, 0x4b, 0x1d, 0xf6, 0x41, 0xb1, 0x3c, 0xf6, 0x41, 0x4b, 0x1d, 0x92, 
0x1e, 0x9d, 0x1e, 0x92, 0x1e, 0xc0, 0x0a, 0xa4, 0x08, 0xce, 0x59, 0xc4, 0xf1, 0x01, 0xce, 0x59, 0x01, 0x0c, 0xf1, 0x4b, 
0xae, 0xd9, 0x01, 0xcb, 0x10, 0x0c, 0x92, 0x3f, 0x92, 0x3f, 0x8e, 0xf7, 0x01, 0x23, 0xe2, 0x05, 0xbe, 0x22, 0xc5, 0x1f, 
0x9a, 0x14, 0xac, 0xa6, 0x01, 0x01, 0x65, 0xf3, 0x7e, 0xf3, 0x7e, 0xc1, 0x0a, 0x1d, 0xfa, 0x70, 0xe4, 0x07, 0x01, 0xc1, 
0x12, 0x1d, 0x93, 0xa6, 0x01, 0x99, 0x35, 0x93, 0xa6, 0x01, 0x13, 0xe2, 0x05, 0x9e, 0x18, 0xc5, 0x1f, 0x8b, 0x14, 0x01, 
0x65, 0xb5, 0x57, 0xb5, 0x57, 0xc1, 0x12, 0x1d, 0xd3, 0x18, 0xd3, 0x18, 0xff, 0xfd, 0x01, 0xc1, 0x0a, 0x0d, 0xa6, 0xc3, 
0x01, 0xa6, 0xc3, 0x01, 0x02, 0x3f, 0x0d, 0xc3, 0x24, 0xc3, 0x24, 0x13, 0x8a, 0x05, 0xae, 0x7d, 0xc5, 0x1f, 0xc7, 0x14, 
0x01, 0x0d, 0xdd, 0x3b, 0xdd, 0x3b, 0x4a, 0x0d, 0xbb, 0x9a, 0x01, 0xeb, 0x58, 0xbb, 0x9a, 0x01, 0x13, 0x8a, 0x05, 0x90, 
0x27, 0xc5, 0x1f, 0xca, 0x14, 0x01, 0x0d, 0xb7, 0x51, 0xb7, 0x51, 0xc3, 0x10, 0x0d, 0xa8, 0x87, 0x01, 0x80, 0x5d, 0xa8, 
0x87, 0x01, 0x4a, 0x0d, 0xb7, 0x14, 0xb7, 0x14, 0xa8, 0xf1, 0x01, 0xc3, 0x10, 0x0d, 0x9b, 0x5f, 0x9b, 0x5f, 0xaa, 0x90, 
0x01, 0x13, 0x8f, 0x05, 0xba, 0xf7, 0x01, 0xab, 0x22, 0x93, 0x14, 0x22, 0x00, 0xba, 0xf7, 0x01, 0x22, 0xc6, 0xd2, 0x02, 
0xf0, 0xce, 0x01, 0x01, 0x0c, 0xd1, 0x7b, 0x8e, 0xda, 0x01, 0xcb, 0x10, 0x0c, 0xdd, 0x40, 0xdd, 0x40, 0xfe, 0x77, 0xbf, 
0x0c, 0x0d, 0xdb, 0x36, 0xa2, 0x41, 0xc8, 0x10, 0x0d, 0xbe, 0x47, 0xf8, 0xdd, 0x01, 0xbe, 0x47, 0xc8, 0x10, 0x0d, 0xab, 
0x2a, 0xab, 0x2a, 0xcc, 0xb3, 0x01, 0x4b, 0x0d, 0x94, 0x78, 0x90, 0x9f, 0x02, 0x94, 0x78, 0xbf, 0x0c, 0x0d, 0x8f, 0x0c, 
0xba, 0x52, 0x4a, 0x0d, 0xa0, 0x10, 0xf8, 0x51, 0xa0, 0x10, 0x4b, 0x0d, 0xa3, 0x8a, 0x01, 0x93, 0x86, 0x01, 0xa3, 0x8a, 
0x01, 0xc8, 0x10, 0x0d, 0xf0, 0x37, 0xda, 0xdb, 0x01, 0x82, 0x47, 0xc1, 0x0a, 0x0d, 0xfc, 0x96, 0x01, 0xe2, 0xb9, 0x01, 
0x00, 0x4a, 0x0d, 0xf6, 0x08, 0xf6, 0x08, 0xf2, 0x9f, 0x01, 0xd2, 0x0a, 0x1d, 0x89, 0x8b, 0x02, 0x89, 0x8b, 0x02, 0xb1, 
0x48, 0x00, 0xc1, 0x0a, 0x0d, 0x90, 0xef, 0x01, 0x90, 0xef, 0x01, 0x03, 0x4a, 0x0d, 0x8f, 0x83, 0x01, 0xd8, 0x38, 0x8f, 
0x83, 0x01, 0xc1, 0x0a, 0x0d, 0xef, 0x7c, 0xef, 0x10, 0x00, 0x4b, 0x0d, 0xd8, 0xd4, 0x01, 0xd8, 0xd4, 0x01, 0xe8, 0x57, 
0xd2, 0x0a, 0x1d, 0xf9, 0x4f, 0xf9, 0x4f, 0xee, 0x73, 0x00, 0xc1, 0x0a, 0x0d, 0xa2, 0x4e, 0xa2, 0x4e, 0x00, 0xc3, 0x10, 
0x0d, 0xf1, 0x7e, 0xe0, 0xb3, 0x01, 0xad, 0x7a, 0xc1, 0x0a, 0x0d, 0x97, 0x49, 0xe7, 0x79, 0x03, 0x4a, 0x0d, 0xb0, 0x93, 
0x01, 0x98, 0x4a, 0xb0, 0x93, 0x01, 0x4b, 0x0d, 0x87, 0x22, 0xe1, 0x56, 0x87, 0x22, 0xc0, 0x10, 0x0c, 0xf4, 0x30, 0xb0, 
0x41, 0xdc, 0xe6, 0x01, 0xbf, 0x0c, 0x0d, 0xd8, 0x54, 0xd8, 0x54, 0x4a, 0x0d, 0xe7, 0x13, 0xbe, 0x71, 0xe7, 0x13, 0xc3, 
0x10, 0x0d, 0xc1, 0x69, 0x92, 0xe4, 0x01, 0xc1, 0x69, 0x4a, 0x0d, 0x8b, 0x50, 0x8b, 0x50, 0xbe, 0x29, 0x4b, 0x0d, 0xd5, 
0x2d, 0xa1, 0xcc, 0x01, 0xd5, 0x2d, 0x23, 0x8f, 0x05, 0xb2, 0x77, 0xc2, 0x26, 0x91, 0x14, 0x8b, 0x14, 0x22, 0x00, 0xf2, 
0x01, 0x3f, 0x0d, 0xe0, 0x71, 0x92, 0xe9, 0x01, 0x23, 0x8f, 0x05, 0xaa, 0x28, 0xc2, 0x26, 0x91, 0x14, 0x8e, 0x14, 0x22, 
0x00, 0xaa, 0x28, 0xc1, 0x0a, 0x0d, 0xf9, 0x90, 0x02, 0xbd, 0x7d, 0x01, 0x3f, 0x0d, 0xe6, 0xd9, 0x01, 0xe6, 0xd9, 0x01, 
0xd2, 0x0a, 0x1d, 0xe1, 0x3d, 0xe1, 0x3d, 0xc6, 0x1e, 0x01, 0x13, 0x9b, 0x05, 0xab, 0x1f, 0xc2, 0x26, 0x8b, 0x14, 0x22, 
0x00, 0xab, 0x1f, 0x22, 0xc6, 0xb1, 0x01, 0x80, 0x06, 0x8d, 0x1e, 0x88, 0x06, 0xc6, 0x06, 0x08, 0xbb, 0x9e, 0x01, 0x00, 
0x8b, 0x03, 0xa7, 0x06, 0x95, 0x05, 0x9d, 0x04, 0xa7, 0x06, 0x17, 0xd4, 0x16, 0xa7, 0x06, 0x1d, 0xd7, 0x12, 0x18, 0xe2, 
0x9e, 0x02, 0xc1, 0x0a, 0x0d, 0xd3, 0xaf, 0x01, 0x8e, 0x6f, 0x03, 0xce, 0x16, 0x09, 0xa0, 0x4a, 0xa0, 0x4a, 0x96, 0xd8, 
0x01, 0xa7, 0x1e, 0xfe, 0x24, 0x00, 0xba, 0x1e, 0x00, 0xbc, 0x9c, 0x01, 0xfe, 0x24, 0x18, 0xbb, 0x9c, 0x01, 0xc1, 0x0a, 
0x0d, 0xce, 0xd7, 0x01, 0xc0, 0xf4, 0x01, 0x00, 0xc1, 0x0a, 0x0b, 0xf5, 0x9d, 0x01, 0xf2, 0x43, 0x00, 0x01, 0x18, 0xc6, 
0x7b, 0x8c, 0xd6, 0x01, 0x33, 0xcd, 0x05, 0xec, 0x57, 0xc4, 0x1b, 0x8b, 0x14, 0xe5, 0x4e, 0x8b, 0x14, 0x01, 0x50, 0xd7, 
0x0f, 0xd7, 0x0f, 0xb4, 0x0a, 0x56, 0xb5, 0xbc, 0x01, 0x52, 0x58, 0x00, 0x00, 0xc1, 0x0a, 0x0d, 0xd8, 0x9c, 0x01, 0xb6, 
0x28, 0x00, 0xc1, 0x0a, 0x18, 0xdb, 0x85, 0x01, 0xfc, 0x16, 0x00, 0xce, 0x10, 0x18, 0x96, 0x74, 0x96, 0x74, 0xc5, 0x11, 
0xc1, 0x0a, 0x0d, 0xbe, 0x14, 0xae, 0x2b, 0x01, 0xc1, 0x0a, 0x18, 0x8d, 0x0b, 0xc2, 0x94, 0x01, 0x01, 0xce, 0x10, 0x18, 
0xad, 0x09, 0xad, 0x09, 0xbb, 0x14, 0xc1, 0x0a, 0x0d, 0xbe, 0x14, 0xb0, 0x2b, 0x02, 0xc1, 0x0a, 0x18, 0x8d, 0x0b, 0xc4, 
0x94, 0x01, 0x02, 0xce, 0x10, 0x18, 0xee, 0x04, 0xee, 0x04, 0x9f, 0x06, 0xc1, 0x0a, 0x18, 0xaf, 0x7f, 0x82, 0x1a, 0x03, 
0x4b, 0x18, 0x95, 0x0d, 0xc5, 0x8c, 0x01, 0x95, 0x0d, 0x4b, 0x18, 0xaa, 0x54, 0xfd, 0x29, 0xaa, 0x54, 0x4b, 0x18, 0x96, 
0x2f, 0x9a, 0x05, 0x96, 0x2f, 0xce, 0x10, 0x18, 0xb1, 0x09, 0xb1, 0x09, 0xd7, 0x0f, 0xc1, 0x0a, 0x0d, 0xf7, 0xc4, 0x01, 
0xf0, 0x1f, 0x01, 0xc1, 0x0a, 0x0b, 0xdc, 0x7e, 0xf4, 0x8b, 0x01, 0x01, 0x01, 0x18, 0xc6, 0x33, 0x8e, 0xd6, 0x01, 0x33, 
0xcd, 0x05, 0xec, 0x57, 0xc4, 0x1b, 0x8b, 0x14, 0xe6, 0x72, 0x8b, 0x14, 0x01, 0x50, 0xd7, 0x0f, 0xd7, 0x0f, 0xb4, 0x0a, 
0x56, 0xb5, 0xbc, 0x01, 0x53, 0x58, 0x00, 0x00, 0xc1, 0x0a, 0x0d, 0xd8, 0x9c, 0x01, 0xb6, 0x28, 0x00, 0xc1, 0x0a, 0x18, 
0xdb, 0x85, 0x01, 0xfc, 0x16, 0x00, 0xce, 0x10, 0x18, 0x98, 0x74, 0x98, 0x74, 0xc3, 0x11, 0xc1, 0x0a, 0x0d, 0xbe, 0x14, 
0xb0, 0x2b, 0x01, 0xc1, 0x0a, 0x18, 0x8d, 0x0b, 0xc4, 0x94, 0x01, 0x01, 0xce, 0x10, 0x18, 0xad, 0x09, 0xad, 0x09, 0xbb, 
0x14, 0xc1, 0x0a, 0x0d, 0xbe, 0x14, 0xb2, 0x2b, 0x02, 0xc1, 0x0a, 0x18, 0x8d, 0x0b, 0xc6, 0x94, 0x01, 0x02, 0xce, 0x10, 
0x18, 0xec, 0x04, 0xec, 0x04, 0xa1, 0x06, 0xc1, 0x0a, 0x18, 0xaf, 0x7f, 0x82, 0x1a, 0x03, 0x4b, 0x18, 0x95, 0x0d, 0xc5, 
0x8c, 0x01, 0x95, 0x0d, 0x4b, 0x18, 0xaa, 0x54, 0xff, 0x29, 0xaa, 0x54, 0x4b, 0x18, 0xb4, 0x3d, 0xb6, 0x13, 0xb4, 0x3d, 
0xce, 0x10, 0x18, 0xb1, 0x99, 0x01, 0xb1, 0x99, 0x01, 0x98, 0x43, 0x4b, 0x18, 0x9b, 0x31, 0xfb, 0xb2, 0x01, 0x9b, 0x31, 
0xc1, 0x0a, 0x0d, 0xe4, 0x31, 0xd0, 0x63, 0x02, 0xc1, 0x0a, 0x0b, 0xbe, 0x2e, 0xb6, 0x7f, 0x02, 0x01, 0x18, 0x86, 0x40, 
0x90, 0xd6, 0x01, 0x33, 0xcd, 0x05, 0xec, 0x57, 0xc4, 0x1b, 0x8b, 0x14, 0xc7, 0x6c, 0x8b, 0x14, 0x01, 0x50, 0xd7, 0x0f, 
0xd7, 0x0f, 0xb4, 0x0a, 0x56, 0xb5, 0xbc, 0x01, 0x54, 0x58, 0x00, 0x00, 0xc1, 0x0a, 0x0d, 0xd8, 0x9c, 0x01, 0xb6, 0x28, 
0x00, 0xc1, 0x0a, 0x18, 0xdb, 0x85, 0x01, 0xfc, 0x16, 0x00, 0xce, 0x10, 0x18, 0x9a, 0x74, 0x9a, 0x74, 0xc1, 0x11, 0xc1, 
0x0a, 0x0d, 0xbe, 0x14, 0xb2, 0x2b, 0x01, 0xc1, 0x0a, 0x18, 0x8d, 0x0b, 0xc6, 0x94, 0x01, 0x01, 0xce, 0x10, 0x18, 0xad, 
0x09, 0xad, 0x09, 0xbb, 0x14, 0xc1, 0x0a, 0x0d, 0xbe, 0x14, 0xb4, 0x2b, 0x02, 0xc1, 0x0a, 0x18, 0x8d, 0x0b, 0xc8, 0x94, 
0x01, 0x02, 0xce, 0x10, 0x18, 0xea, 0x04, 0xea, 0x04, 0xa3, 0x06, 0xc1, 0x0a, 0x18, 0xaf, 0x7f, 0x82, 0x1a, 0x03, 0x4b, 
0x18, 0x95, 0x0d, 0xc5, 0x8c, 0x01, 0x95, 0x0d, 0x4b, 0x18, 0xaa, 0x54, 0x81, 0x2a, 0xaa, 0x54, 0x4b, 0x18, 0xb4, 0x3d, 
0xb4, 0x13, 0xb4, 0x3d, 0xce, 0x10, 0x18, 0xb1, 0x99, 0x01, 0xb1, 0x99, 0x01, 0x45, 0x4b, 0x18, 0x95, 0x37, 0xf7, 0x05, 
0x95, 0x37, 0xc1, 0x0a, 0x0b, 0xfc, 0x6e, 0x98, 0x88, 0x01, 0x03, 0x01, 0x18, 0xd6, 0x9b, 0x01, 0xc2, 0xba, 0x02, 0x33, 
0xcd, 0x05, 0xc3, 0x0c, 0xc4, 0x1b, 0x8b, 0x14, 0xf8, 0x70, 0x8b, 0x14, 0x01, 0x50, 0xd7, 0x0f, 0xd7, 0x0f, 0xb4, 0x0a, 
0x56, 0xb5, 0xbc, 0x01, 0x55, 0x58, 0x00, 0x00, 0xc1, 0x0a, 0x0d, 0xd8, 0x9c, 0x01, 0xf9, 0x3b, 0x00, 0xc1, 0x0a, 0x18, 
0xdb, 0x85, 0x01, 0xfc, 0x16, 0x00, 0xce, 0x10, 0x18, 0x9c, 0x74, 0x9c, 0x74, 0xbf, 0x11, 0xc1, 0x0a, 0x0d, 0xbe, 0x14, 
0xfb, 0x38, 0x01, 0xc1, 0x0a, 0x18, 0x8d, 0x0b, 0xc8, 0x94, 0x01, 0x01, 0xce, 0x10, 0x18, 0xad, 0x09, 0xad, 0x09, 0xbb, 
0x14, 0xc1, 0x0a, 0x0d, 0xbe, 0x14, 0xf9, 0x38, 0x02, 0xc1, 0x0a, 0x18, 0x8d, 0x0b, 0xca, 0x94, 0x01, 0x02, 0xce, 0x10, 
0x18, 0xe8, 0x04, 0xe8, 0x04, 0xa5, 0x06, 0xc1, 0x0a, 0x18, 0xaf, 0x7f, 0x82, 0x1a, 0x03, 0x4b, 0x18, 0x95, 0x0d, 0xc5, 
0x8c, 0x01, 0x95, 0x0d, 0x4b, 0x18, 0xaa, 0x54, 0x83, 0x2a, 0xaa, 0x54, 0x4b, 0x18, 0xb4, 0x3d, 0xb2, 0x13, 0xb4, 0x3d, 
0xce, 0x10, 0x18, 0x87, 0x9f, 0x01, 0x87, 0x9f, 0x01, 0xd7, 0x11, 0x4b, 0x18, 0xec, 0x3a, 0xae, 0x6c, 0xec, 0x3a, 0x22, 
0x9e, 0x9c, 0x01, 0x00, 0x8d, 0x1e, 0x18, 0xf1, 0x03, 0xc1, 0x0a, 0x0d, 0xbe, 0x53, 0xee, 0xe7, 0x01, 0x00, 0xc1, 0x0a, 
0x0b, 0xa1, 0x91, 0x01, 0xf4, 0x43, 0x00, 0x01, 0x18, 0xca, 0x7b, 0x92, 0xd6, 0x01, 0x33, 0xcd, 0x05, 0xee, 0x57, 0xc4, 
0x1b, 0x8b, 0x14, 0xe6, 0x4e, 0x8b, 0x14, 0x01, 0x50, 0xd7, 0x0f, 0xd7, 0x0f, 0xb4, 0x0a, 0x56, 0xb5, 0xbc, 0x01, 0x56, 
0x58, 0x00, 0x00, 0xc1, 0x0a, 0x0d, 0xd8, 0x9c, 0x01, 0xb8, 0x28, 0x00, 0xc1, 0x0a, 0x18, 0xdb, 0x85, 0x01, 0xfc, 0x16, 
0x00, 0xce, 0x10, 0x18, 0x9e, 0x74, 0x9e, 0x74, 0xbd, 0x11, 0xc1, 0x0a, 0x0d, 0xbe, 0x14, 0xb8, 0x2b, 0x01, 0xc1, 0x0a, 
0x18, 0x8d, 0x0b, 0xca, 0x94, 0x01, 0x01, 0xce, 0x10, 0x18, 0xad, 0x09, 0xad, 0x09, 0xbb, 0x14, 0xc1, 0x0a, 0x0d, 0xbe, 
0x14, 0xba, 0x2b, 0x02, 0xc1, 0x0a, 0x18, 0x8d, 0x0b, 0xcc, 0x94, 0x01, 0x02, 0xce, 0x10, 0x18, 0xe6, 0x04, 0xe6, 0x04, 
0xa7, 0x06, 0xc1, 0x0a, 0x18, 0xaf, 0x7f, 0x82, 0x1a, 0x03, 0x4b, 0x18, 0x95, 0x0d, 0xc5, 0x8c, 0x01, 0x95, 0x0d, 0x4b, 
0x18, 0xaa, 0x54, 0x85, 0x2a, 0xaa, 0x54, 0x4b, 0x18, 0x90, 0x2f, 0x8c, 0x05, 0x90, 0x2f, 0xce, 0x10, 0x18, 0xb1, 0x09, 
0xb1, 0x09, 0x83, 0x03, 0xc1, 0x0a, 0x0d, 0xf7, 0xc4, 0x01, 0xf2, 0x1f, 0x01, 0xc1, 0x0a, 0x0b, 0xdc, 0x7e, 0xf6, 0x8b, 
0x01, 0x01, 0x01, 0x18, 0xca, 0x33, 0x94, 0xd6, 0x01, 0x33, 0xcd, 0x05, 0xee, 0x57, 0xc4, 0x1b, 0x8b, 0x14, 0xe7, 0x72, 
0x8b, 0x14, 0x01, 0x50, 0xd7, 0x0f, 0xd7, 0x0f, 0xb4, 0x0a, 0x56, 0xb5, 0xbc, 0x01, 0x57, 0x58, 0x00, 0x00, 0xc1, 0x0a, 
0x0d, 0xd8, 0x9c, 0x01, 0xb8, 0x28, 0x00, 0xc1, 0x0a, 0x18, 0xdb, 0x85, 0x01, 0xfc, 0x16, 0x00, 0xce, 0x10, 0x18, 0xa0, 
0x74, 0xa0, 0x74, 0xbb, 0x11, 0xc1, 0x0a, 0x0d, 0xbe, 0x14, 0xba, 0x2b, 0x01, 0xc1, 0x0a, 0x18, 0x8d, 0x0b, 0xcc, 0x94, 
0x01, 0x01, 0xce, 0x10, 0x18, 0xad, 0x09, 0xad, 0x09, 0xbb, 0x14, 0xc1, 0x0a, 0x0d, 0xbe, 0x14, 0xbc, 0x2b, 0x02, 0xc1, 
0x0a, 0x18, 0x8d, 0x0b, 0xce, 0x94, 0x01, 0x02, 0xce, 0x10, 0x18, 0xe4, 0x04, 0xe4, 0x04, 0xa9, 0x06, 0xc1, 0x0a, 0x18, 
0xaf, 0x7f, 0x82, 0x1a, 0x03, 0x4b, 0x18, 0x95, 0x0d, 0xc5, 0x8c, 0x01, 0x95, 0x0d, 0x4b, 0x18, 0xaa, 0x54, 0x87, 0x2a, 
0xaa, 0x54, 0x4b, 0x18, 0xb2, 0x3d, 0xac, 0x13, 0xb2, 0x3d, 0xce, 0x10, 0x18, 0xb3, 0x99, 0x01, 0xb3, 0x99, 0x01, 0x9a, 
0x43, 0x4b, 0x18, 0x9d, 0x31, 0xfb, 0xb2, 0x01, 0x9d, 0x31, 0xc1, 0x0a, 0x0d, 0xe4, 0x31, 0xd2, 0x63, 0x02, 0xc1, 0x0a, 
0x0b, 0xbe, 0x2e, 0xb8, 0x7f, 0x02, 0x01, 0x18, 0x8a, 0x40, 0x96, 0xd6, 0x01, 0x33, 0xcd, 0x05, 0xee, 0x57, 0xc4, 0x1b, 
0x8b, 0x14, 0xc8, 0x6c, 0x8b, 0x14, 0x01, 0x50, 0xd7, 0x0f, 0xd7, 0x0f, 0xb4, 0x0a, 0x56, 0xb5, 0xbc, 0x01, 0x58, 0x58, 
0x00, 0x00, 0xc1, 0x0a, 0x0d, 0xd8, 0x9c, 0x01, 0xb8, 0x28, 0x00, 0xc1, 0x0a, 0x18, 0xdb, 0x85, 0x01, 0xfc, 0x16, 0x00, 
0xce, 0x10, 0x18, 0xa2, 0x74, 0xa2, 0x74, 0xb9, 0x11, 0xc1, 0x0a, 0x0d, 0xbe, 0x14, 0xbc, 0x2b, 0x01, 0xc1, 0x0a, 0x18, 
0x8d, 0x0b, 0xce, 0x94, 0x01, 0x01, 0xce, 0x10, 0x18, 0xad, 0x09, 0xad, 0x09, 0xbb, 0x14, 0xc1, 0x0a, 0x0d, 0xbe, 0x14, 
0xbe, 0x2b, 0x02, 0xc1, 0x0a, 0x18, 0x8d, 0x0b, 0xd0, 0x94, 0x01, 0x02, 0xce, 0x10, 0x18, 0xe2, 0x04, 0xe2, 0x04, 0xab, 
0x06, 0xc1, 0x0a, 0x18, 0xaf, 0x7f, 0x82, 0x1a, 0x03, 0x4b, 0x18, 0x95, 0x0d, 0xc5, 0x8c, 0x01, 0x95, 0x0d, 0x4b, 0x18, 
0xaa, 0x54, 0x89, 0x2a, 0xaa, 0x54, 0x4b, 0x18, 0xb2, 0x3d, 0xaa, 0x13, 0xb2, 0x3d, 0xce, 0x10, 0x18, 0xe5, 0x8b, 0x01, 
0xe5, 0x8b, 0x01, 0x8a, 0x0d, 0x4b, 0x18, 0xce, 0x7d, 0xbc, 0xbc, 0x01, 0xce, 0x7d, 0x3f, 0x0d, 0xba, 0x08, 0xd6, 0x87, 
0x01, 0xc3, 0x10, 0x0d, 0xdd, 0x42, 0xdd, 0x42, 0xf2, 0xf8, 0x01, 0xbd, 0x0c, 0x0b, 0x88, 0x53, 0x88, 0x53, 0xc1, 0x0a, 
0x0b, 0xf7, 0x4f, 0xbe, 0xa4, 0x01, 0x03, 0xc2, 0x10, 0x0b, 0x8c, 0x45, 0x8c, 0x45, 0xfc, 0x9a, 0x02, 0xc0, 0x10, 0x0b, 
0xfc, 0x43, 0x90, 0x39, 0xfc, 0x43, 0x99, 0x1e, 0xca, 0x1a, 0x18, 0xc9, 0x1a, 0xe5, 0x1e, 0x18, 0xf9, 0xa1, 0x01, 0x55, 
0x4d, 0x00, 0x00, 0xd8, 0x36, 0x00, 0x00, 0x4f, 0x3c, 0x00, 0x00, 0x47, 0x4a, 0x00, 0x00, 0xe5, 0x1e, 0x0b, 0x95, 0x29, 
0x87, 0x53, 0x00, 0x00, 0xd8, 0x36, 0x00, 0x00, 0x83, 0x34, 0x00, 0x00, 0x47, 0x4a, 0x00, 0x00, 0xc0, 0x16, 0x09, 0x92, 
0x10, 0x92, 0x10, 0xc7, 0xd5, 0x01, 0xb6, 0x1e, 0x87, 0x58, 0xb7, 0x77, 0x00, 0xba, 0x1e, 0x00, 0xb7, 0x77, 0x87, 0x58, 
0x18, 0xb8, 0x77, 0xc9, 0x10, 0x0b, 0xa7, 0xc2, 0x01, 0xdd, 0x3a, 0xde, 0x3c, 0xbc, 0x0e, 0x0c, 0xae, 0x5d, 0xae, 0x5d, 
0xc6, 0x10, 0x0b, 0xb5, 0x3c, 0xe5, 0x19, 0xd6, 0x5d, 0xbc, 0x0e, 0x0c, 0xaa, 0xf6, 0x01, 0xaa, 0xf6, 0x01, 0xc0, 0x0a, 
0x12, 0xab, 0xc3, 0x01, 0xb7, 0x09, 0xab, 0xc3, 0x01, 0x01, 0xfe, 0x03, 0xc4, 0xca, 0x01, 0xe2, 0xbe, 0x02, 0xb4, 0x0c, 
0x97, 0x01, 0xbf, 0xbb, 0x01, 0xbf, 0xbb, 0x01, 0xef, 0x0a, 0x1d, 0x85, 0x41, 0x85, 0x41, 0x81, 0x32, 0x02, 0x8b, 0x14, 
0x2d, 0x13, 0xfa, 0xdf, 0x01, 0xfa, 0xdf, 0x01, 0xfa, 0xdf, 0x01, 0x10, 0xc1, 0x0a, 0x0d, 0xb2, 0x06, 0xb2, 0x06, 0x00, 
0xbd, 0x0c, 0x0b, 0xe6, 0x0d, 0xe6, 0x0d, 0x01, 0x18, 0x83, 0xda, 0x01, 0xe4, 0x5f, 0x33, 0xcd, 0x05, 0xd3, 0x29, 0xc4, 
0x1b, 0x8b, 0x14, 0xb6, 0xbe, 0x01, 0x8b, 0x14, 0x01, 0x50, 0x9e, 0xe8, 0x01, 0x9e, 0xe8, 0x01, 0xb4, 0x0a, 0x56, 0xb5, 
0xbc, 0x01, 0x59, 0x58, 0x00, 0x00, 0xc1, 0x0a, 0x0d, 0xd8, 0x9c, 0x01, 0xec, 0x9e, 0x01, 0x00, 0xc1, 0x0a, 0x18, 0xdb, 
0x85, 0x01, 0xfc, 0x16, 0x00, 0xce, 0x10, 0x18, 0xa4, 0x74, 0xa4, 0x74, 0xb7, 0x11, 0xc1, 0x0a, 0x0d, 0xbe, 0x14, 0xf2, 
0xa1, 0x01, 0x01, 0xc1, 0x0a, 0x18, 0x8d, 0x0b, 0xd0, 0x94, 0x01, 0x01, 0xce, 0x10, 0x18, 0xad, 0x09, 0xad, 0x09, 0xbb, 
0x14, 0xc1, 0x0a, 0x0d, 0xbe, 0x14, 0xf4, 0xa1, 0x01, 0x02, 0xc1, 0x0a, 0x18, 0x8d, 0x0b, 0xd2, 0x94, 0x01, 0x02, 0xce, 
0x10, 0x18, 0xe0, 0x04, 0xe0, 0x04, 0xad, 0x06, 0xc1, 0x0a, 0x18, 0xaf, 0x7f, 0x82, 0x1a, 0x03, 0x4b, 0x18, 0x95, 0x0d, 
0xc5, 0x8c, 0x01, 0x95, 0x0d, 0x4b, 0x18, 0x8e, 0x42, 0xa7, 0x3c, 0x8e, 0x42, 0x4b, 0x18, 0xd9, 0x31, 0xff, 0x6d, 0xd9, 
0x31, 0xc1, 0x0a, 0x0d, 0x9a, 0x75, 0x9d, 0x31, 0x01, 0xce, 0x10, 0x18, 0xe5, 0x16, 0xb4, 0x5e, 0xe5, 0x16, 0x4b, 0x18, 
0xb1, 0x2f, 0xc4, 0x26, 0xb1, 0x2f, 0xc0, 0x10, 0x0b, 0x97, 0x1f, 0xc2, 0x30, 0xea, 0xa9, 0x01, 0x99, 0x1e, 0xcd, 0x9a, 
0x01, 0x18, 0xd8, 0x37, 0x22, 0xda, 0xc6, 0x01, 0x84, 0x3f, 0x8d, 0x1e, 0x88, 0x06, 0x52, 0x49, 0x50, 0x53, 0x5f, 0x54, 
0x41, 0x4d, 0x86, 0x00, 0x00, 0x00, 0x12, 0x00, 0x00, 0x00, 0x00, 0x00, 0x00, 0x00, 0x02, 0x00, 0x00, 0x00, 0x00, 0x00, 
0x00, 0x02, 0x00, 0x01, 0x01, 0x00, 0x00, 0x00, 0x02, 0x02, 0x00, 0x02, 0x00, 0x00, 0x00, 0x02, 0x08, 0x00, 0x03, 0x00, 
0x00, 0x00, 0x02, 0x0a, 0x00, 0x04, 0x00, 0x00, 0x00, 0x02, 0x10, 0x00, 0x05, 0x00, 0x00, 0x00, 0x02, 0x10, 0x01, 0x06, 
0x00, 0x00, 0x00, 0x02, 0x12, 0x00, 0x07, 0x00, 0x00, 0x00, 0x02, 0x18, 0x00, 0x08, 0x00, 0x00, 0x00, 0x02, 0x1a, 0x00, 
0x09, 0x00, 0x00, 0x00, 0x02, 0x20, 0x01, 0x0a, 0x00, 0x00, 0x00, 0x02, 0x30, 0x01, 0x0b, 0x00, 0x00, 0x00, 0x02, 0x50, 
0x00, 0x0c, 0x00, 0x00, 0x00, 0x02, 0x50, 0x01, 0x0d, 0x00, 0x00, 0x00, 0x02, 0x52, 0x00, 0x0e, 0x00, 0x00, 0x00, 0x02, 
0x58, 0x00, 0x0f, 0x00, 0x00, 0x00, 0x02, 0x5a, 0x00, 0x10, 0x00, 0x00, 0x00, 0x02, 0x70, 0x01, 0x01, 0x00, 0x00, 0x00, 
0x20, 0x43, 0x52, 0x43, 0x5f, 0x54, 0x41, 0x4d, 0x04, 0x00, 0x00, 0x00, 0xdc, 0x92, 0xcc, 0xdb, 

// CHASSIS_METAL
0x53, 0x52, 0x45, 0x56, 0x5f, 0x54, 0x41, 0x4d, 0x04, 0x00, 0x00, 0x00, 0x4d, 0x00, 0x00, 0x00, 0x54, 0x41, 0x45, 0x46, 
0x5f, 0x54, 0x41, 0x4d, 0x01, 0x00, 0x00, 0x00, 0x01, 0x45, 0x4d, 0x41, 0x4e, 0x5f, 0x54, 0x41, 0x4d, 0x0e, 0x00, 0x00, 
0x00, 0x63, 0x68, 0x61, 0x73, 0x73, 0x69, 0x73, 0x5f, 0x6d, 0x65, 0x74, 0x61, 0x6c, 0x00, 0x4d, 0x52, 0x50, 0x43, 0x5f, 
0x54, 0x41, 0x4d, 0x15, 0x00, 0x00, 0x00, 0x2d, 0x70, 0x20, 0x64, 0x65, 0x73, 0x6b, 0x74, 0x6f, 0x70, 0x20, 0x2d, 0x61, 
0x20, 0x76, 0x75, 0x6c, 0x6b, 0x61, 0x6e, 0x00, 0x4c, 0x44, 0x4d, 0x53, 0x5f, 0x54, 0x41, 0x4d, 0x04, 0x00, 0x00, 0x00, 
0x04, 0x00, 0x00, 0x00, 0x4e, 0x4d, 0x4f, 0x44, 0x5f, 0x54, 0x41, 0x4d, 0x01, 0x00, 0x00, 0x00, 0x00, 0x54, 0x4c, 0x46, 
0x56, 0x5f, 0x54, 0x41, 0x4d, 0x04, 0x00, 0x00, 0x00, 0x00, 0x00, 0x00, 0x00, 0x20, 0x42, 0x49, 0x55, 0x5f, 0x54, 0x41, 
0x4d, 0x2f, 0x00, 0x00, 0x00, 0x4d, 0x61, 0x74, 0x65, 0x72, 0x69, 0x61, 0x6c, 0x50, 0x61, 0x72, 0x61, 0x6d, 0x73, 0x00, 
0x01, 0x00, 0x00, 0x00, 0x00, 0x00, 0x00, 0x00, 0x5f, 0x64, 0x6f, 0x75, 0x62, 0x6c, 0x65, 0x53, 0x69, 0x64, 0x65, 0x64, 
0x00, 0x00, 0x00, 0x00, 0x00, 0x00, 0x00, 0x00, 0x00, 0x00, 0x03, 0x00, 0x20, 0x42, 0x49, 0x53, 0x5f, 0x54, 0x41, 0x4d, 
0x29, 0x00, 0x00, 0x00, 0x4d, 0x61, 0x74, 0x65, 0x72, 0x69, 0x61, 0x6c, 0x50, 0x61, 0x72, 0x61, 0x6d, 0x73, 0x00, 0x01, 
0x00, 0x00, 0x00, 0x00, 0x00, 0x00, 0x00, 0x64, 0x61, 0x77, 0x54, 0x65, 0x78, 0x74, 0x75, 0x72, 0x65, 0x00, 0x01, 0x00, 
0x02, 0x03, 0x01, 0x00, 0x00, 0x49, 0x44, 0x42, 0x44, 0x5f, 0x54, 0x41, 0x4d, 0x2e, 0x00, 0x00, 0x00, 0x02, 0x4d, 0x61, 
0x74, 0x65, 0x72, 0x69, 0x61, 0x6c, 0x50, 0x61, 0x72, 0x61, 0x6d, 0x73, 0x00, 0x1a, 0x00, 0x6d, 0x61, 0x74, 0x65, 0x72, 
0x69, 0x61, 0x6c, 0x50, 0x61, 0x72, 0x61, 0x6d, 0x73, 0x5f, 0x64, 0x61, 0x77, 0x54, 0x65, 0x78, 0x74, 0x75, 0x72, 0x65, 
0x00, 0x00, 0x01, 0x49, 0x4c, 0x53, 0x44, 0x5f, 0x54, 0x41, 0x4d, 0x0d, 0x00, 0x00, 0x00, 0x02, 0x1a, 0x03, 0x00, 0x01, 
0x00, 0x00, 0x00, 0x02, 0x01, 0x00, 0x00, 0x00, 0x53, 0x4e, 0x4f, 0x43, 0x5f, 0x54, 0x41, 0x4d, 0x08, 0x00, 0x00, 0x00, 
0x00, 0x00, 0x00, 0x00, 0x00, 0x00, 0x00, 0x00, 0x4e, 0x4f, 0x43, 0x50, 0x5f, 0x54, 0x41, 0x4d, 0x2d, 0x00, 0x00, 0x00, 
0x70, 0x75, 0x73, 0x68, 0x43, 0x6f, 0x6e, 0x73, 0x74, 0x61, 0x6e, 0x74, 0x73, 0x00, 0x01, 0x00, 0x00, 0x00, 0x00, 0x00, 
0x00, 0x00, 0x6d, 0x6f, 0x72, 0x70, 0x68, 0x69, 0x6e, 0x67, 0x42, 0x75, 0x66, 0x66, 0x65, 0x72, 0x4f, 0x66, 0x66, 0x73, 
0x65, 0x74, 0x00, 0x00, 0x00, 0x20, 0x42, 0x55, 0x53, 0x5f, 0x54, 0x41, 0x4d, 0x17, 0x00, 0x00, 0x00, 0x4d, 0x61, 0x74, 
0x65, 0x72, 0x69, 0x61, 0x6c, 0x50, 0x61, 0x72, 0x61, 0x6d, 0x73, 0x00, 0x00, 0x00, 0x00, 0x00, 0x00, 0x00, 0x00, 0x00, 
0x53, 0x53, 0x4f, 0x44, 0x5f, 0x54, 0x41, 0x4d, 0x01, 0x00, 0x00, 0x00, 0x01, 0x49, 0x53, 0x4f, 0x44, 0x5f, 0x54, 0x41, 
0x4d, 0x01, 0x00, 0x00, 0x00, 0x01, 0x4e, 0x45, 0x4c, 0x42, 0x5f, 0x54, 0x41, 0x4d, 0x01, 0x00, 0x00, 0x00, 0x00, 0x44, 
0x4d, 0x52, 0x54, 0x5f, 0x54, 0x41, 0x4d, 0x01, 0x00, 0x00, 0x00, 0x00, 0x4c, 0x46, 0x45, 0x52, 0x5f, 0x54, 0x41, 0x4d, 
0x01, 0x00, 0x00, 0x00, 0x00, 0x49, 0x52, 0x57, 0x43, 0x5f, 0x54, 0x41, 0x4d, 0x01, 0x00, 0x00, 0x00, 0x01, 0x53, 0x57, 
0x45, 0x44, 0x5f, 0x54, 0x41, 0x4d, 0x01, 0x00, 0x00, 0x00, 0x00, 0x49, 0x52, 0x57, 0x44, 0x5f, 0x54, 0x41, 0x4d, 0x01, 
0x00, 0x00, 0x00, 0x01, 0x53, 0x45, 0x54, 0x44, 0x5f, 0x54, 0x41, 0x4d, 0x01, 0x00, 0x00, 0x00, 0x01, 0x54, 0x53, 0x4e, 
0x49, 0x5f, 0x54, 0x41, 0x4d, 0x01, 0x00, 0x00, 0x00, 0x00, 0x53, 0x43, 0x32, 0x41, 0x5f, 0x54, 0x41, 0x4d, 0x01, 0x00, 
0x00, 0x00, 0x00, 0x4f, 0x43, 0x32, 0x41, 0x5f, 0x54, 0x41, 0x4d, 0x01, 0x00, 0x00, 0x00, 0x00, 0x4f, 0x4d, 0x55, 0x43, 
0x5f, 0x54, 0x41, 0x4d, 0x01, 0x00, 0x00, 0x00, 0x00, 0x50, 0x4f, 0x52, 0x50, 0x5f, 0x54, 0x41, 0x4d, 0x08, 0x00, 0x00, 
0x00, 0x01, 0x00, 0x00, 0x00, 0x00, 0x00, 0x00, 0x00, 0x52, 0x45, 0x54, 0x53, 0x5f, 0x54, 0x41, 0x4d, 0x01, 0x00, 0x00, 
0x00, 0x01, 0x44, 0x49, 0x55, 0x55, 0x5f, 0x54, 0x41, 0x4d, 0x08, 0x00, 0x00, 0x00, 0x6b, 0x3e, 0x23, 0x71, 0xb8, 0x81, 
0xd0, 0x98, 0x44, 0x41, 0x48, 0x53, 0x5f, 0x54, 0x41, 0x4d, 0x01, 0x00, 0x00, 0x00, 0x00, 0x4c, 0x4d, 0x48, 0x53, 0x5f, 
0x54, 0x41, 0x4d, 0x01, 0x00, 0x00, 0x00, 0x00, 0x4d, 0x46, 0x45, 0x52, 0x5f, 0x54, 0x41, 0x4d, 0x01, 0x00, 0x00, 0x00, 
0x00, 0x54, 0x46, 0x45, 0x52, 0x5f, 0x54, 0x41, 0x4d, 0x01, 0x00, 0x00, 0x00, 0x00, 0x52, 0x4f, 0x49, 0x43, 0x5f, 0x54, 
0x41, 0x4d, 0x01, 0x00, 0x00, 0x00, 0x01, 0x41, 0x51, 0x45, 0x52, 0x5f, 0x54, 0x41, 0x4d, 0x04, 0x00, 0x00, 0x00, 0x09, 
0x00, 0x00, 0x00, 0x41, 0x41, 0x50, 0x53, 0x5f, 0x54, 0x41, 0x4d, 0x01, 0x00, 0x00, 0x00, 0x00, 0x52, 0x41, 0x56, 0x53, 
0x5f, 0x54, 0x41, 0x4d, 0x04, 0x00, 0x00, 0x00, 0x9a, 0x99, 0x19, 0x3e, 0x52, 0x48, 0x54, 0x53, 0x5f, 0x54, 0x41, 0x4d, 
0x04, 0x00, 0x00, 0x00, 0xcd, 0xcc, 0x4c, 0x3e, 0x4f, 0x44, 0x45, 0x56, 0x5f, 0x54, 0x41, 0x4d, 0x01, 0x00, 0x00, 0x00, 
0x00, 0x52, 0x54, 0x4e, 0x49, 0x5f, 0x54, 0x41, 0x4d, 0x01, 0x00, 0x00, 0x00, 0x00, 0x50, 0x44, 0x53, 0x43, 0x5f, 0x54, 
0x41, 0x4d, 0x01, 0x00, 0x00, 0x00, 0x00, 0x54, 0x58, 0x45, 0x54, 0x5f, 0x43, 0x49, 0x44, 0x04, 0x00, 0x00, 0x00, 0x00, 
0x00, 0x00, 0x00, 0x52, 0x49, 0x50, 0x53, 0x5f, 0x43, 0x49, 0x44, 0xcb, 0xac, 0x00, 0x00, 0x01, 0x00, 0x00, 0x00, 0x11, 
0x00, 0x00, 0x00, 0x00, 0x1f, 0x06, 0x00, 0x00, 0x00, 0x00, 0x00, 0x00, 0x4c, 0x4f, 0x4d, 0x53, 0x00, 0x03, 0x01, 0x00, 
0x0b, 0x00, 0x08, 0x00, 0x29, 0x60, 0x00, 0x00, 0x00, 0x00, 0x00, 0x00, 0xe4, 0x16, 0x00, 0x00, 0x91, 0x02, 0x01, 0xd1, 
0x10, 0x02, 0x47, 0x4c, 0x53, 0x4c, 0x2e, 0x73, 0x74, 0x64, 0x2e, 0x34, 0x35, 0x30, 0x00, 0x00, 0x00, 0x00, 0xa0, 0x04, 
0x00, 0x01, 0xcf, 0x0f, 0x00, 0x9f, 0x2c, 0xed, 0xc2, 0xa5, 0xf3, 0x06, 0x00, 0x82, 0x1f, 0xcf, 0x2d, 0x8c, 0x1a, 0xb0, 
0x23, 0x84, 0x28, 0xab, 0x22, 0xd9, 0x1b, 0xc2, 0x26, 0x10, 0xde, 0x15, 0x06, 0x10, 0x37, 0xc1, 0x0e, 0x0b, 0x00, 0x05, 
0x00, 0x07, 0x01, 0x10, 0x00, 0x23, 0x00, 0x01, 0x05, 0x00, 0x07, 0x01, 0x10, 0x00, 0x23, 0x40, 0x01, 0x23, 0x30, 0x01, 
0x23, 0x04, 0x01, 0x23, 0x04, 0x01, 0x23, 0x04, 0x01, 0x23, 0x04, 0x10, 0xaa, 0x47, 0x01, 0x01, 0x10, 0xbb, 0x48, 0x06, 
0x80, 0x02, 0x00, 0x88, 0x15, 0x02, 0x47, 0x00, 0x01, 0x00, 0x23, 0x00, 0x10, 0xa2, 0x18, 0x21, 0x00, 0x10, 0x00, 0x22, 
0x01, 0x10, 0xd3, 0x17, 0x06, 0x40, 0x10, 0x02, 0x06, 0x40, 0x10, 0xe7, 0x07, 0x06, 0x10, 0x10, 0x8c, 0x03, 0x06, 0x10, 
0x10, 0x02, 0x06, 0x10, 0x10, 0x02, 0x06, 0x10, 0x10, 0x50, 0x06, 0x10, 0x00, 0xb9, 0x14, 0x02, 0x37, 0x00, 0x95, 0x00, 
0x05, 0x00, 0x07, 0x01, 0x10, 0x00, 0x23, 0x00, 0x01, 0x05, 0x00, 0x07, 0x01, 0x10, 0x00, 0x23, 0x40, 0x01, 0x05, 0x00, 
0x07, 0x01, 0x10, 0x00, 0x23, 0x40, 0x01, 0x05, 0x00, 0x07, 0x01, 0x10, 0x00, 0x23, 0x40, 0x01, 0x05, 0x00, 0x07, 0x01, 
0x10, 0x00, 0x23, 0x40, 0x01, 0x05, 0x00, 0x07, 0x01, 0x10, 0x00, 0x23, 0x80, 0x02, 0x01, 0x05, 0x00, 0x07, 0x01, 0x10, 
0x00, 0x23, 0x80, 0x02, 0x01, 0x05, 0x00, 0x07, 0x01, 0x10, 0x00, 0x23, 0x40, 0x01, 0x05, 0x00, 0x07, 0x01, 0x10, 0x00, 
0x23, 0x30, 0x01, 0x23, 0x40, 0x01, 0x23, 0x10, 0x01, 0x23, 0x08, 0x01, 0x23, 0x04, 0x01, 0x23, 0x04, 0x01, 0x23, 0x10, 
0x01, 0x23, 0x10, 0x01, 0x23, 0x08, 0x01, 0x23, 0x08, 0x01, 0x23, 0x04, 0x01, 0x00, 0x00, 0x23, 0x04, 0x01, 0x23, 0x08, 
0x01, 0x23, 0x04, 0x01, 0x23, 0x04, 0x01, 0x23, 0x04, 0x01, 0x23, 0x04, 0x01, 0x23, 0x04, 0x01, 0x00, 0x00, 0x23, 0x04, 
0x01, 0x00, 0x00, 0x23, 0x04, 0x01, 0x00, 0x00, 0x23, 0x04, 0x01, 0x00, 0x00, 0x23, 0x10, 0x01, 0x00, 0x00, 0x23, 0x0c, 
0x01, 0x00, 0x00, 0x23, 0x04, 0x01, 0x00, 0x00, 0x23, 0x08, 0x01, 0x00, 0x00, 0x23, 0x04, 0x01, 0x00, 0x00, 0x23, 0x04, 
0x01, 0x00, 0x00, 0x23, 0x04, 0x01, 0x23, 0x04, 0x01, 0x00, 0x00, 0x23, 0x04, 0x01, 0x00, 0x00, 0x23, 0x04, 0x01, 0x23, 
0x90, 0x01, 0x01, 0x00, 0x00, 0x23, 0x0c, 0x01, 0x23, 0x04, 0x01, 0x23, 0x10, 0x01, 0x23, 0x10, 0x01, 0x00, 0x00, 0x23, 
0x08, 0x01, 0x00, 0x00, 0x23, 0x04, 0x01, 0x23, 0x04, 0x01, 0x00, 0x00, 0x23, 0x08, 0x01, 0x00, 0x00, 0x23, 0x04, 0x01, 
0x23, 0x04, 0x01, 0x00, 0x00, 0x23, 0x10, 0x01, 0x00, 0x00, 0x23, 0x04, 0x01, 0x23, 0x04, 0x01, 0x00, 0x00, 0x23, 0x08, 
0x01, 0x23, 0x04, 0x01, 0x00, 0x00, 0x23, 0x04, 0x01, 0x00, 0x00, 0x23, 0x04, 0x01, 0x23, 0x04, 0x01, 0x23, 0x0c, 0x01, 
0x23, 0x04, 0x01, 0x23, 0x04, 0x01, 0x23, 0x04, 0x01, 0x23, 0x04, 0x01, 0x23, 0x04, 0x01, 0x23, 0x0c, 0x01, 0x23, 0x04, 
0x01, 0x23, 0x04, 0x01, 0x23, 0x04, 0x01, 0x23, 0x04, 0x01, 0x05, 0x00, 0x07, 0x01, 0x10, 0x00, 0x23, 0x04, 0x01, 0x23, 
0x30, 0x01, 0x23, 0x08, 0x01, 0x05, 0x00, 0x07, 0x01, 0x10, 0x00, 0x23, 0x08, 0x01, 0x05, 0x00, 0x07, 0x01, 0x10, 0x00, 
0x23, 0x40, 0x01, 0x00, 0x00, 0x23, 0x40, 0x01, 0x00, 0x00, 0x23, 0x04, 0x01, 0x00, 0x00, 0x23, 0x04, 0x01, 0x00, 0x00, 
0x23, 0x04, 0x01, 0x23, 0x04, 0x01, 0x23, 0x40, 0x01, 0x00, 0x00, 0x23, 0x04, 0x01, 0x00, 0x00, 0x23, 0x04, 0x01, 0x00, 
0x00, 0x23, 0x04, 0x01, 0x23, 0x04, 0x01, 0x23, 0x40, 0x01, 0x00, 0x00, 0x23, 0x40, 0x01, 0x00, 0x00, 0x23, 0x04, 0x01, 
0x00, 0x00, 0x23, 0x04, 0x01, 0x00, 0x00, 0x23, 0x04, 0x01, 0x00, 0x00, 0x23, 0x04, 0x10, 0xea, 0x3b, 0x21, 0x00, 0x10, 
0x00, 0x22, 0x00, 0x10, 0x85, 0x01, 0x1e, 0x00, 0x10, 0x9a, 0x1d, 0x1e, 0x03, 0x00, 0x85, 0x27, 0x0e, 0x10, 0x00, 0x1e, 
0x0a, 0x10, 0xc8, 0x12, 0x0b, 0x2b, 0x10, 0xa8, 0x09, 0x1e, 0x05, 0x10, 0xb1, 0x0b, 0x1e, 0x06, 0x10, 0xa3, 0x0d, 0x1e, 
0x09, 0x00, 0xbd, 0x23, 0x02, 0x47, 0x00, 0x04, 0x00, 0x0b, 0x01, 0x00, 0x01, 0x0b, 0x01, 0x01, 0x01, 0x0b, 0x01, 0x03, 
0x01, 0x0b, 0x01, 0x04, 0x93, 0x02, 0x0e, 0xa1, 0x04, 0xf4, 0x13, 0x08, 0xa6, 0x02, 0xe9, 0x13, 0x20, 0xb7, 0x02, 0x20, 
0x0d, 0x04, 0xb8, 0x02, 0x90, 0x01, 0x1d, 0x04, 0xb7, 0x02, 0x99, 0x01, 0x0d, 0x03, 0xb5, 0x02, 0x17, 0x20, 0x01, 0xb7, 
0x02, 0x0e, 0x0d, 0x02, 0xbe, 0x02, 0xa2, 0x10, 0x13, 0x1d, 0xb5, 0x02, 0xb1, 0x10, 0x20, 0x00, 0xbb, 0x04, 0x0b, 0xfe, 
0x27, 0x00, 0x00, 0x00, 0x00, 0xbb, 0x04, 0x0c, 0x02, 0x00, 0x00, 0x00, 0x00, 0xbb, 0x04, 0x0b, 0x04, 0x01, 0x00, 0x00, 
0x00, 0xbb, 0x04, 0x0b, 0x06, 0x02, 0x00, 0x00, 0x00, 0xb8, 0x02, 0x93, 0x27, 0x18, 0x03, 0xbb, 0x04, 0x0b, 0xb8, 0x27, 
0x08, 0x00, 0x00, 0x00, 0xbc, 0x02, 0xe5, 0x12, 0x1d, 0xa2, 0x14, 0x8e, 0x03, 0xc1, 0x0e, 0x65, 0x46, 0x0c, 0x0c, 0x0c, 
0x0d, 0xef, 0x0a, 0xb2, 0x06, 0x0c, 0xaa, 0x47, 0x40, 0x00, 0x00, 0x00, 0xbc, 0x02, 0xbb, 0x48, 0xce, 0x03, 0xa3, 0x27, 
0xae, 0x02, 0x88, 0x15, 0x85, 0x03, 0x3e, 0xfa, 0x09, 0x02, 0xc9, 0x0d, 0x39, 0xc6, 0x12, 0xa8, 0x0e, 0x02, 0x3e, 0xef, 
0x27, 0x02, 0x65, 0xbb, 0x04, 0x0c, 0xf0, 0x1c, 0x05, 0x00, 0x00, 0x00, 0xbb, 0x04, 0x0b, 0x07, 0x04, 0x00, 0x00, 0x00, 
0xbc, 0x02, 0xcb, 0x0c, 0x65, 0x96, 0x14, 0xbc, 0x02, 0x02, 0x65, 0x96, 0x14, 0xb7, 0x02, 0xb9, 0x1b, 0x0b, 0x03, 0xbb, 
0x04, 0x0b, 0xa2, 0x28, 0x09, 0x00, 0x00, 0x00, 0xbc, 0x02, 0xcf, 0x14, 0x18, 0xa5, 0x14, 0xbc, 0x02, 0x8c, 0x03, 0x1d, 
0x96, 0x14, 0xbc, 0x02, 0x02, 0x1d, 0x96, 0x14, 0xbc, 0x02, 0x02, 0x1d, 0x96, 0x14, 0xbc, 0x02, 0x50, 0x1d, 0xa5, 0x14, 
0xbe, 0x83, 0xc0, 0x02, 0xb9, 0x14, 0x65, 0x65, 0x65, 0x65, 0xf0, 0x0d, 0xf1, 0x0d, 0x65, 0x46, 0x65, 0x1d, 0x13, 0x0d, 
0x0d, 0x1d, 0x1d, 0x13, 0x13, 0x0d, 0x0d, 0x13, 0x0d, 0x0d, 0x0d, 0x0d, 0x0d, 0x0d, 0x0d, 0x0d, 0x1d, 0x14, 0x0c, 0x13, 
0x0c, 0x0c, 0x0c, 0x0c, 0x0d, 0x0d, 0xfd, 0x09, 0x18, 0x0d, 0x1d, 0x1d, 0x13, 0x0c, 0x0d, 0x13, 0x0d, 0x0d, 0x1d, 0x0c, 
0x0d, 0x13, 0x0d, 0x0d, 0x0d, 0x0b, 0x18, 0x0d, 0x0d, 0x0b, 0x0d, 0x0d, 0x18, 0x0d, 0x0d, 0x0d, 0x0d, 0x0d, 0x46, 0x13, 
0x13, 0x65, 0x65, 0x0d, 0x0d, 0x0d, 0x0d, 0xc3, 0x0b, 0x0c, 0x0d, 0x0d, 0x0d, 0xc4, 0x0b, 0xc5, 0x0b, 0x0c, 0x0c, 0x0c, 
0x0c, 0xed, 0x0b, 0x3e, 0xfa, 0x09, 0x02, 0xd0, 0x01, 0x39, 0xcd, 0x06, 0xf0, 0x31, 0x02, 0x3e, 0xd5, 0x34, 0x01, 0x1d, 
0x39, 0x9a, 0x05, 0xd0, 0x33, 0x01, 0x3e, 0xe3, 0x33, 0x01, 0x13, 0x39, 0x90, 0x05, 0xfe, 0x50, 0x01, 0x3e, 0x89, 0x51, 
0x01, 0x0d, 0xbb, 0x04, 0x0d, 0xff, 0x07, 0x00, 0x00, 0x80, 0x3f, 0x3e, 0xfe, 0x07, 0x03, 0x0c, 0x39, 0x89, 0x05, 0x86, 
0x2a, 0x03, 0x3e, 0x81, 0x2a, 0x01, 0x0c, 0x39, 0x8b, 0x05, 0xca, 0x3c, 0x01, 0x3e, 0xbd, 0x3c, 0x03, 0x13, 0x39, 0x91, 
0x05, 0xe6, 0x45, 0x03, 0x3e, 0xd1, 0x45, 0x03, 0x1d, 0x39, 0x9b, 0x05, 0xa0, 0x3a, 0x03, 0x3e, 0xbd, 0x3a, 0x03, 0x0d, 
0x39, 0x9b, 0x05, 0x9a, 0x2d, 0x03, 0xbc, 0x02, 0xb1, 0x2c, 0x0d, 0x8d, 0x14, 0xde, 0x02, 0xf4, 0x08, 0x1d, 0x0d, 0xc0, 
0x05, 0xc0, 0x05, 0x3e, 0xfa, 0x09, 0x03, 0xfa, 0x09, 0x39, 0xf7, 0x0e, 0x96, 0x2f, 0x03, 0xc6, 0x06, 0x08, 0xba, 0x0b, 
0x00, 0x82, 0x0a, 0x18, 0xf4, 0x60, 0x01, 0x0c, 0xba, 0xa9, 0x01, 0x8c, 0x9c, 0x02, 0x22, 0xd4, 0xae, 0x02, 0x00, 0x01, 
0x0c, 0xbf, 0x9f, 0x01, 0x94, 0x8f, 0x01, 0x33, 0xe2, 0x05, 0xfa, 0x3d, 0xda, 0x19, 0x8b, 0x14, 0xd6, 0x61, 0x8b, 0x14, 
0x01, 0x65, 0xbc, 0x7b, 0xbc, 0x7b, 0x13, 0x8a, 0x05, 0x9b, 0x23, 0xcf, 0x2d, 0x8a, 0x14, 0x01, 0x0d, 0x9e, 0x23, 0x9e, 
0x23, 0x13, 0x8a, 0x05, 0xd1, 0x0f, 0xcf, 0x2d, 0x8d, 0x14, 0x01, 0x0d, 0x91, 0x9d, 0x01, 0x91, 0x9d, 0x01, 0xc3, 0x10, 
0x0d, 0xd0, 0xb0, 0x01, 0xbc, 0xfe, 0x02, 0xd0, 0xb0, 0x01, 0xc0, 0x0a, 0x13, 0xad, 0x12, 0xc1, 0x0e, 0xad, 0x12, 0x01, 
0x1d, 0xc7, 0xca, 0x01, 0xd6, 0x65, 0x3d, 0x18, 0x82, 0x41, 0x82, 0x41, 0x82, 0x41, 0x18, 0xc1, 0x0a, 0x0d, 0xdf, 0x66, 
0xdf, 0x66, 0x00, 0xc1, 0x0a, 0x1d, 0xa0, 0x84, 0x01, 0xc5, 0x7a, 0x00, 0xce, 0x10, 0x1d, 0xec, 0x1b, 0xec, 0x1b, 0x8c, 
0xa0, 0x01, 0xc1, 0x0a, 0x0d, 0xbe, 0x14, 0xea, 0x4d, 0x01, 0xc1, 0x0a, 0x1d, 0x99, 0xd0, 0x01, 0xb5, 0x9a, 0x02, 0x01, 
0xce, 0x10, 0x1d, 0xde, 0xbb, 0x01, 0xde, 0xbb, 0x01, 0xbb, 0x14, 0xc1, 0x0a, 0x0d, 0xbe, 0x14, 0xec, 0x4d, 0x02, 0xc1, 
0x0a, 0x1d, 0x99, 0xd0, 0x01, 0xb3, 0x9a, 0x02, 0x02, 0xce, 0x10, 0x1d, 0xfa, 0xc9, 0x01, 0xfa, 0xc9, 0x01, 0x9f, 0x06, 
0xc1, 0x0a, 0x1d, 0xaf, 0x7f, 0xe9, 0xcf, 0x01, 0x03, 0x4b, 0x1d, 0x95, 0x0d, 0xc5, 0x8c, 0x01, 0x95, 0x0d, 0x4b, 0x1d, 
0xf6, 0x41, 0xb1, 0x3c, 0xf6, 0x41, 0x4b, 0x1d, 0x8a, 0x24, 0xa5, 0x18, 0x8a, 0x24, 0xc0, 0x0a, 0xa4, 0x08, 0xb2, 0x0c, 
0x8d, 0x5c, 0xb2, 0x0c, 0xc1, 0x0a, 0x13, 0x93, 0x19, 0x93, 0x19, 0x00, 0xc1, 0x0a, 0x1d, 0xf9, 0x6e, 0x8d, 0x88, 0x01, 
0x01, 0x22, 0xfe, 0x39, 0xf9, 0x6e, 0x3d, 0x18, 0x8a, 0xc1, 0x01, 0x8a, 0xc1, 0x01, 0x8a, 0xc1, 0x01, 0x18, 0x13, 0x8c, 
0x05, 0xb3, 0x06, 0xab, 0x22, 0x8a, 0x14, 0xc1, 0x0a, 0x0d, 0x85, 0x56, 0xb9, 0x5c, 0x00, 0x22, 0x85, 0x56, 0x00, 0x13, 
0x8c, 0x05, 0xf0, 0x2f, 0xab, 0x22, 0x8d, 0x14, 0xc1, 0x0a, 0x0d, 0xe1, 0x6e, 0xab, 0x9b, 0x01, 0x01, 0x22, 0xe1, 0x6e, 
0x00, 0x13, 0x8c, 0x05, 0xe4, 0x6e, 0xab, 0x22, 0x90, 0x14, 0xc1, 0x0a, 0x0d, 0xe1, 0x6e, 0xa9, 0x9b, 0x01, 0x02, 0x22, 
0xe1, 0x6e, 0x00, 0x23, 0xe2, 0x05, 0xba, 0xbd, 0x01, 0xc5, 0x1f, 0x9a, 0x14, 0x8b, 0x14, 0x01, 0x65, 0xb1, 0x89, 0x01, 
0xb1, 0x89, 0x01, 0xc1, 0x12, 0x1d, 0xf7, 0x5a, 0xf7, 0x5a, 0x8f, 0x01, 0x22, 0xc4, 0x51, 0x00, 0xc1, 0x0a, 0x0d, 0x90, 
0xa9, 0x01, 0x90, 0xa9, 0x01, 0x01, 0x3f, 0x0d, 0xe6, 0x10, 0xe6, 0x10, 0xd2, 0x0a, 0x1d, 0xe1, 0x3d, 0xe1, 0x3d, 0x94, 
0x7c, 0x01, 0x13, 0x9b, 0x05, 0xae, 0x19, 0xc2, 0x26, 0x8b, 0x14, 0x22, 0x00, 0xae, 0x19, 0x8d, 0x1e, 0x88, 0x06, 0x00, 
0xd7, 0x04, 0x00, 0x00, 0x00, 0x00, 0x00, 0x00, 0x4c, 0x4f, 0x4d, 0x53, 0x00, 0x03, 0x01, 0x00, 0x0b, 0x00, 0x08, 0x00, 
0xf8, 0x61, 0x00, 0x00, 0x00, 0x00, 0x00, 0x00, 0xec, 0x12, 0x00, 0x00, 0x91, 0x02, 0x01, 0xd1, 0x10, 0x02, 0x47, 0x4c, 
0x53, 0x4c, 0x2e, 0x73, 0x74, 0x64, 0x2e, 0x34, 0x35, 0x30, 0x00, 0x00, 0x00, 0x00, 0xa0, 0x04, 0x00, 0x01, 0xef, 0x0e, 
0x04, 0x9f, 0x2c, 0xed, 0xc2, 0xa5, 0xf3, 0x06, 0x00, 0x84, 0x28, 0xbf, 0x1c, 0xa0, 0x02, 0x9f, 0x2c, 0x07, 0x10, 0x88, 
0x50, 0x1e, 0x05, 0x10, 0xbb, 0x4e, 0x06, 0x40, 0x10, 0x02, 0x06, 0x40, 0x10, 0xec, 0x0d, 0x06, 0x10, 0x10, 0xd8, 0x01, 
0x06, 0x10, 0x10, 0x02, 0x06, 0x10, 0x10, 0x02, 0x06, 0x10, 0x10, 0x50, 0x06, 0x10, 0x00, 0xfd, 0x0d, 0x02, 0x37, 0x00, 
0x95, 0x00, 0x05, 0x00, 0x07, 0x01, 0x10, 0x00, 0x23, 0x00, 0x01, 0x05, 0x00, 0x07, 0x01, 0x10, 0x00, 0x23, 0x40, 0x01, 
0x05, 0x00, 0x07, 0x01, 0x10, 0x00, 0x23, 0x40, 0x01, 0x05, 0x00, 0x07, 0x01, 0x10, 0x00, 0x23, 0x40, 0x01, 0x05, 0x00, 
0x07, 0x01, 0x10, 0x00, 0x23, 0x40, 0x01, 0x05, 0x00, 0x07, 0x01, 0x10, 0x00, 0x23, 0x80, 0x02, 0x01, 0x05, 0x00, 0x07, 
0x01, 0x10, 0x00, 0x23, 0x80, 0x02, 0x01, 0x05, 0x00, 0x07, 0x01, 0x10, 0x00, 0x23, 0x40, 0x01, 0x05, 0x00, 0x07, 0x01, 
0x10, 0x00, 0x23, 0x30, 0x01, 0x23, 0x40, 0x01, 0x23, 0x10, 0x01, 0x23, 0x08, 0x01, 0x23, 0x04, 0x01, 0x23, 0x04, 0x01, 
0x23, 0x10, 0x01, 0x23, 0x10, 0x01, 0x23, 0x08, 0x01, 0x23, 0x08, 0x01, 0x23, 0x04, 0x01, 0x00, 0x00, 0x23, 0x04, 0x01, 
0x23, 0x08, 0x01, 0x23, 0x04, 0x01, 0x23, 0x04, 0x01, 0x23, 0x04, 0x01, 0x23, 0x04, 0x01, 0x23, 0x04, 0x01, 0x00, 0x00, 
0x23, 0x04, 0x01, 0x00, 0x00, 0x23, 0x04, 0x01, 0x00, 0x00, 0x23, 0x04, 0x01, 0x00, 0x00, 0x23, 0x10, 0x01, 0x00, 0x00, 
0x23, 0x0c, 0x01, 0x00, 0x00, 0x23, 0x04, 0x01, 0x00, 0x00, 0x23, 0x08, 0x01, 0x00, 0x00, 0x23, 0x04, 0x01, 0x00, 0x00, 
0x23, 0x04, 0x01, 0x00, 0x00, 0x23, 0x04, 0x01, 0x23, 0x04, 0x01, 0x00, 0x00, 0x23, 0x04, 0x01, 0x00, 0x00, 0x23, 0x04, 
0x01, 0x23, 0x90, 0x01, 0x01, 0x00, 0x00, 0x23, 0x0c, 0x01, 0x23, 0x04, 0x01, 0x23, 0x10, 0x01, 0x23, 0x10, 0x01, 0x00, 
0x00, 0x23, 0x08, 0x01, 0x00, 0x00, 0x23, 0x04, 0x01, 0x23, 0x04, 0x01, 0x00, 0x00, 0x23, 0x08, 0x01, 0x00, 0x00, 0x23, 
0x04, 0x01, 0x23, 0x04, 0x01, 0x00, 0x00, 0x23, 0x10, 0x01, 0x00, 0x00, 0x23, 0x04, 0x01, 0x23, 0x04, 0x01, 0x00, 0x00, 
0x23, 0x08, 0x01, 0x23, 0x04, 0x01, 0x00, 0x00, 0x23, 0x04, 0x01, 0x00, 0x00, 0x23, 0x04, 0x01, 0x23, 0x04, 0x01, 0x23, 
0x0c, 0x01, 0x23, 0x04, 0x01, 0x23, 0x04, 0x01, 0x23, 0x04, 0x01, 0x23, 0x04, 0x01, 0x23, 0x04, 0x01, 0x23, 0x0c, 0x01, 
0x23, 0x04, 0x01, 0x23, 0x04, 0x01, 0x23, 0x04, 0x01, 0x23, 0x04, 0x01, 0x05, 0x00, 0x07, 0x01, 0x10, 0x00, 0x23, 0x04, 
0x01, 0x23, 0x30, 0x01, 0x23, 0x08, 0x01, 0x05, 0x00, 0x07, 0x01, 0x10, 0x00, 0x23, 0x08, 0x01, 0x05, 0x00, 0x07, 0x01, 
0x10, 0x00, 0x23, 0x40, 0x01, 0x00, 0x00, 0x23, 0x40, 0x01, 0x00, 0x00, 0x23, 0x04, 0x01, 0x00, 0x00, 0x23, 0x04, 0x01, 
0x00, 0x00, 0x23, 0x04, 0x01, 0x23, 0x04, 0x01, 0x23, 0x40, 0x01, 0x00, 0x00, 0x23, 0x04, 0x01, 0x00, 0x00, 0x23, 0x04, 
0x01, 0x00, 0x00, 0x23, 0x04, 0x01, 0x23, 0x04, 0x01, 0x23, 0x40, 0x01, 0x00, 0x00, 0x23, 0x40, 0x01, 0x00, 0x00, 0x23, 
0x04, 0x01, 0x00, 0x00, 0x23, 0x04, 0x01, 0x00, 0x00, 0x23, 0x04, 0x01, 0x00, 0x00, 0x23, 0x04, 0x10, 0xa2, 0x3b, 0x21, 
0x00, 0x10, 0x00, 0x22, 0x00, 0x10, 0xf3, 0x0e, 0x21, 0x01, 0x10, 0x00, 0x22, 0x02, 0x10, 0xe8, 0x08, 0x1e, 0x00, 0x93, 
0x02, 0x0e, 0xa1, 0x04, 0xf4, 0x13, 0x08, 0xa6, 0x02, 0xe9, 0x13, 0x20, 0xb7, 0x02, 0x0c, 0x0d, 0x02, 0xb7, 0x02, 0x14, 
0x0d, 0x04, 0xb7, 0x02, 0x09, 0x0d, 0x03, 0xfe, 0x02, 0xb6, 0x13, 0x1d, 0x1d, 0x0d, 0x0d, 0x0d, 0x18, 0xb5, 0x02, 0xcd, 
0x13, 0x20, 0x01, 0xb8, 0x02, 0xb2, 0x01, 0x1d, 0x04, 0xb8, 0x02, 0x3d, 0x18, 0x03, 0xb5, 0x02, 0x75, 0x20, 0x00, 0x3e, 
0xfe, 0x09, 0x02, 0x0d, 0x3e, 0x0c, 0x01, 0x13, 0x39, 0x90, 0x05, 0xe8, 0x45, 0x01, 0xbb, 0x04, 0x0b, 0xdb, 0x27, 0x04, 
0x00, 0x00, 0x00, 0xbc, 0x02, 0xdf, 0x26, 0x65, 0x96, 0x14, 0xbc, 0x02, 0x02, 0x65, 0x96, 0x14, 0xb7, 0x02, 0xa5, 0x01, 
0x0b, 0x03, 0xbb, 0x04, 0x0b, 0xa2, 0x28, 0x09, 0x00, 0x00, 0x00, 0xbc, 0x02, 0x8f, 0x19, 0x18, 0xa5, 0x14, 0xbc, 0x02, 
0xd8, 0x01, 0x1d, 0x96, 0x14, 0xbc, 0x02, 0x02, 0x1d, 0x96, 0x14, 0xbc, 0x02, 0x02, 0x1d, 0x96, 0x14, 0xbc, 0x02, 0x50, 
0x1d, 0xa5, 0x14, 0xbe, 0x83, 0xc0, 0x02, 0xfd, 0x0d, 0x65, 0x65, 0x65, 0x65, 0x66, 0x67, 0x65, 0x46, 0x65, 0x1d, 0x13, 
0x0d, 0x0d, 0x1d, 0x1d, 0x13, 0x13, 0x0d, 0x0d, 0x13, 0x0d, 0x0d, 0x0d, 0x0d, 0x0d, 0x0d, 0x0d, 0x0d, 0x1d, 0x14, 0x0c, 
0x13, 0x0c, 0x0c, 0x0c, 0x0c, 0x0d, 0x0d, 0xdd, 0x07, 0x18, 0x0d, 0x1d, 0x1d, 0x13, 0x0c, 0x0d, 0x13, 0x0d, 0x0d, 0x1d, 
0x0c, 0x0d, 0x13, 0x0d, 0x0d, 0x0d, 0x0b, 0x18, 0x0d, 0x0d, 0x0b, 0x0d, 0x0d, 0x18, 0x0d, 0x0d, 0x0d, 0x0d, 0x0d, 0x46, 
0x13, 0x13, 0x65, 0x65, 0x0d, 0x0d, 0x0d, 0x0d, 0xc9, 0x08, 0x0c, 0x0d, 0x0d, 0x0d, 0xca, 0x08, 0xcb, 0x08, 0x0c, 0x0c, 
0x0c, 0x0c, 0xf3, 0x08, 0x3e, 0xfa, 0x09, 0x02, 0xf4, 0x01, 0x39, 0xf1, 0x06, 0xa8, 0x31, 0x02, 0xbb, 0x04, 0x0d, 0xf1, 
0x16, 0x00, 0x00, 0x00, 0x00, 0xbb, 0x04, 0x0d, 0x83, 0x26, 0x00, 0x00, 0x80, 0x3f, 0x89, 0x03, 0x18, 0x0d, 0x01, 0x00, 
0x00, 0x00, 0x01, 0x00, 0xab, 0x02, 0xd0, 0x05, 0x96, 0x01, 0x3e, 0xfa, 0x09, 0x00, 0xfe, 0x03, 0x39, 0xfb, 0x08, 0xa0, 
0x1e, 0x00, 0xbb, 0x04, 0x0d, 0x91, 0x27, 0x00, 0x00, 0x96, 0x44, 0xbb, 0x04, 0x0d, 0xcc, 0x0e, 0x0a, 0xd7, 0xa3, 0x3c, 
0xbb, 0x04, 0x0d, 0x89, 0x13, 0x00, 0x00, 0xc8, 0x43, 0xbb, 0x04, 0x0d, 0xee, 0x14, 0x0a, 0xd7, 0x23, 0x3c, 0xbb, 0x04, 
0x0c, 0xc8, 0x0f, 0x11, 0x00, 0x00, 0x00, 0x3e, 0xc7, 0x1e, 0x03, 0x1d, 0x39, 0x9a, 0x05, 0xca, 0x2e, 0x03, 0xad, 0x06, 
0x1d, 0xf9, 0x38, 0xad, 0x06, 0x0d, 0x02, 0xad, 0x06, 0x18, 0x02, 0xdc, 0x04, 0x18, 0xd0, 0x28, 0x40, 0x40, 0x40, 0xdc, 
0x04, 0x18, 0x29, 0x9a, 0x26, 0x9a, 0x26, 0x9a, 0x26, 0xc6, 0x06, 0x08, 0x90, 0x30, 0x00, 0x82, 0x0a, 0x18, 0xe6, 0x55, 
0x13, 0x8a, 0x05, 0xe7, 0x1e, 0xc5, 0x1f, 0xbe, 0x14, 0x01, 0x0d, 0xa2, 0x29, 0xa2, 0x29, 0x01, 0x13, 0xb8, 0x53, 0x8e, 
0xbc, 0x01, 0x01, 0xfe, 0x03, 0xbb, 0x7a, 0xc4, 0x61, 0xe7, 0x0a, 0x1d, 0xf5, 0x12, 0xf5, 0x12, 0xb1, 0x8d, 0x01, 0x01, 
0xaf, 0x5c, 0xc1, 0x0a, 0x0d, 0xa6, 0xb7, 0x01, 0xf4, 0x29, 0x01, 0x4a, 0x0d, 0x91, 0x1e, 0x91, 0x1e, 0xf4, 0x8e, 0x02, 
0x5c, 0x0d, 0xe2, 0x2f, 0x01, 0x0d, 0xfc, 0x8b, 0x01, 0x4a, 0x0d, 0xaf, 0x70, 0xaf, 0x70, 0xda, 0xbf, 0x01, 0xc1, 0x0a, 
0x0d, 0x92, 0xa1, 0x01, 0xa6, 0x6c, 0x00, 0x4a, 0x0d, 0x83, 0x2e, 0x83, 0x2e, 0xf2, 0xc5, 0x02, 0x5c, 0x0d, 0xe1, 0x53, 
0x01, 0x0e, 0x9c, 0xa5, 0x01, 0x4a, 0x0d, 0xd9, 0x92, 0x01, 0xd9, 0x92, 0x01, 0xc8, 0x4a, 0x4b, 0x0d, 0x8e, 0x1e, 0x9f, 
0x55, 0x8e, 0x1e, 0x3d, 0x18, 0xee, 0xd2, 0x01, 0x94, 0xd6, 0x01, 0x94, 0xd6, 0x01, 0x18, 0x4b, 0x0d, 0xf4, 0x2a, 0xd8, 
0xfd, 0x02, 0xe2, 0xfd, 0x01, 0xce, 0x10, 0x18, 0xd3, 0x93, 0x02, 0xdf, 0xe8, 0x01, 0xd3, 0x93, 0x02, 0x7c, 0x18, 0xe0, 
0x25, 0x01, 0x2b, 0x8c, 0x36, 0xac, 0x14, 0x97, 0x14, 0xc1, 0x0a, 0x0d, 0xaa, 0x9f, 0x01, 0xaa, 0x9f, 0x01, 0x00, 0xc1, 
0x0a, 0x0d, 0xa8, 0x21, 0xd2, 0xc0, 0x01, 0x01, 0xc1, 0x0a, 0x0d, 0xa0, 0x0b, 0xf2, 0xcb, 0x01, 0x02, 0xe0, 0x0a, 0x1d, 
0xd5, 0xa9, 0x01, 0x8d, 0x7d, 0xb5, 0x9e, 0x01, 0xd5, 0xa9, 0x01, 0x80, 0xb2, 0x01, 0x80, 0x0b, 0xf3, 0x09, 0xe4, 0x65, 
0xe4, 0x65, 0xf4, 0x99, 0x02, 0xf2, 0x99, 0x02, 0xf2, 0x99, 0x02, 0xf2, 0x99, 0x02, 0xf0, 0x99, 0x02, 0xc1, 0x0a, 0x1d, 
0xf6, 0x6d, 0xf6, 0x6d, 0x00, 0x80, 0x0b, 0xf3, 0x09, 0x99, 0xb6, 0x01, 0x99, 0xb6, 0x01, 0xd0, 0xd1, 0x01, 0xce, 0xd1, 
0x01, 0xce, 0xd1, 0x01, 0xce, 0xd1, 0x01, 0xcc, 0xd1, 0x01, 0xc1, 0x0a, 0x1d, 0xfe, 0x2e, 0xfe, 0x2e, 0x00, 0x22, 0xd4, 
0xc7, 0x01, 0x00, 0x8d, 0x1e, 0x88, 0x06, 0x00, 0xa7, 0x07, 0x00, 0x00, 0x00, 0x00, 0x00, 0x00, 0x4c, 0x4f, 0x4d, 0x53, 
0x00, 0x03, 0x01, 0x00, 0x0b, 0x00, 0x08, 0x00, 0x8c, 0x60, 0x00, 0x00, 0x00, 0x00, 0x00, 0x00, 0x34, 0x1a, 0x00, 0x00, 
0x91, 0x02, 0x01, 0x91, 0x02, 0x20, 0xd1, 0x10, 0x02, 0x47, 0x4c, 0x53, 0x4c, 0x2e, 0x73, 0x74, 0x64, 0x2e, 0x34, 0x35, 
0x30, 0x00, 0x00, 0x00, 0x00, 0xa0, 0x04, 0x00, 0x01, 0xcf, 0x0f, 0x00, 0x9f, 0x2c, 0xed, 0xc2, 0xa5, 0xf3, 0x06, 0x00, 
0x8c, 0x1a, 0x82, 0x1f, 0xcf, 0x2d, 0xb0, 0x23, 0x84, 0x28, 0xab, 0x22, 0xd9, 0x1b, 0xc2, 0x26, 0x10, 0xdc, 0x16, 0x06, 
0x10, 0x37, 0xcf, 0x07, 0x0b, 0x00, 0x05, 0x00, 0x07, 0x01, 0x10, 0x00, 0x23, 0x00, 0x01, 0x05, 0x00, 0x07, 0x01, 0x10, 
0x00, 0x23, 0x40, 0x01, 0x23, 0x30, 0x01, 0x23, 0x04, 0x01, 0x23, 0x04, 0x01, 0x23, 0x04, 0x01, 0x23, 0x04, 0x10, 0xba, 
0x3f, 0x01, 0x01, 0x10, 0x97, 0x40, 0x06, 0x80, 0x02, 0x00, 0xac, 0x1d, 0x02, 0x47, 0x00, 0x01, 0x00, 0x23, 0x00, 0x10, 
0xda, 0x07, 0x21, 0x00, 0x10, 0x00, 0x22, 0x01, 0x00, 0x64, 0x0e, 0x10, 0x00, 0x1e, 0x0a, 0x10, 0xb2, 0x21, 0x01, 0x08, 
0x10, 0x81, 0x34, 0x06, 0x40, 0x10, 0x02, 0x06, 0x40, 0x10, 0xcf, 0x0c, 0x06, 0x10, 0x10, 0xb4, 0x03, 0x06, 0x10, 0x10, 
0x02, 0x06, 0x10, 0x10, 0x02, 0x06, 0x10, 0x10, 0x50, 0x06, 0x10, 0x00, 0xf1, 0x15, 0x02, 0x37, 0x00, 0x95, 0x00, 0x05, 
0x00, 0x07, 0x01, 0x10, 0x00, 0x23, 0x00, 0x01, 0x05, 0x00, 0x07, 0x01, 0x10, 0x00, 0x23, 0x40, 0x01, 0x05, 0x00, 0x07, 
0x01, 0x10, 0x00, 0x23, 0x40, 0x01, 0x05, 0x00, 0x07, 0x01, 0x10, 0x00, 0x23, 0x40, 0x01, 0x05, 0x00, 0x07, 0x01, 0x10, 
0x00, 0x23, 0x40, 0x01, 0x05, 0x00, 0x07, 0x01, 0x10, 0x00, 0x23, 0x80, 0x02, 0x01, 0x05, 0x00, 0x07, 0x01, 0x10, 0x00, 
0x23, 0x80, 0x02, 0x01, 0x05, 0x00, 0x07, 0x01, 0x10, 0x00, 0x23, 0x40, 0x01, 0x05, 0x00, 0x07, 0x01, 0x10, 0x00, 0x23, 
0x30, 0x01, 0x23, 0x40, 0x01, 0x23, 0x10, 0x01, 0x23, 0x08, 0x01, 0x23, 0x04, 0x01, 0x23, 0x04, 0x01, 0x23, 0x10, 0x01, 
0x23, 0x10, 0x01, 0x23, 0x08, 0x01, 0x23, 0x08, 0x01, 0x23, 0x04, 0x01, 0x00, 0x00, 0x23, 0x04, 0x01, 0x23, 0x08, 0x01, 
0x23, 0x04, 0x01, 0x23, 0x04, 0x01, 0x23, 0x04, 0x01, 0x23, 0x04, 0x01, 0x23, 0x04, 0x01, 0x00, 0x00, 0x23, 0x04, 0x01, 
0x00, 0x00, 0x23, 0x04, 0x01, 0x00, 0x00, 0x23, 0x04, 0x01, 0x00, 0x00, 0x23, 0x10, 0x01, 0x00, 0x00, 0x23, 0x0c, 0x01, 
0x00, 0x00, 0x23, 0x04, 0x01, 0x00, 0x00, 0x23, 0x08, 0x01, 0x00, 0x00, 0x23, 0x04, 0x01, 0x00, 0x00, 0x23, 0x04, 0x01, 
0x00, 0x00, 0x23, 0x04, 0x01, 0x23, 0x04, 0x01, 0x00, 0x00, 0x23, 0x04, 0x01, 0x00, 0x00, 0x23, 0x04, 0x01, 0x23, 0x90, 
0x01, 0x01, 0x00, 0x00, 0x23, 0x0c, 0x01, 0x23, 0x04, 0x01, 0x23, 0x10, 0x01, 0x23, 0x10, 0x01, 0x00, 0x00, 0x23, 0x08, 
0x01, 0x00, 0x00, 0x23, 0x04, 0x01, 0x23, 0x04, 0x01, 0x00, 0x00, 0x23, 0x08, 0x01, 0x00, 0x00, 0x23, 0x04, 0x01, 0x23, 
0x04, 0x01, 0x00, 0x00, 0x23, 0x10, 0x01, 0x00, 0x00, 0x23, 0x04, 0x01, 0x23, 0x04, 0x01, 0x00, 0x00, 0x23, 0x08, 0x01, 
0x23, 0x04, 0x01, 0x00, 0x00, 0x23, 0x04, 0x01, 0x00, 0x00, 0x23, 0x04, 0x01, 0x23, 0x04, 0x01, 0x23, 0x0c, 0x01, 0x23, 
0x04, 0x01, 0x23, 0x04, 0x01, 0x23, 0x04, 0x01, 0x23, 0x04, 0x01, 0x23, 0x04, 0x01, 0x23, 0x0c, 0x01, 0x23, 0x04, 0x01, 
0x23, 0x04, 0x01, 0x23, 0x04, 0x01, 0x23, 0x04, 0x01, 0x05, 0x00, 0x07, 0x01, 0x10, 0x00, 0x23, 0x04, 0x01, 0x23, 0x30, 
0x01, 0x23, 0x08, 0x01, 0x05, 0x00, 0x07, 0x01, 0x10, 0x00, 0x23, 0x08, 0x01, 0x05, 0x00, 0x07, 0x01, 0x10, 0x00, 0x23, 
0x40, 0x01, 0x00, 0x00, 0x23, 0x40, 0x01, 0x00, 0x00, 0x23, 0x04, 0x01, 0x00, 0x00, 0x23, 0x04, 0x01, 0x00, 0x00, 0x23, 
0x04, 0x01, 0x23, 0x04, 0x01, 0x23, 0x40, 0x01, 0x00, 0x00, 0x23, 0x04, 0x01, 0x00, 0x00, 0x23, 0x04, 0x01, 0x00, 0x00, 
0x23, 0x04, 0x01, 0x23, 0x04, 0x01, 0x23, 0x40, 0x01, 0x00, 0x00, 0x23, 0x40, 0x01, 0x00, 0x00, 0x23, 0x04, 0x01, 0x00, 
0x00, 0x23, 0x04, 0x01, 0x00, 0x00, 0x23, 0x04, 0x01, 0x00, 0x00, 0x23, 0x04, 0x10, 0xfa, 0x3b, 0x21, 0x00, 0x10, 0x00, 
0x22, 0x00, 0x10, 0x85, 0x01, 0x1e, 0x00, 0x10, 0x9a, 0x1d, 0x1e, 0x03, 0x10, 0xbd, 0x14, 0x0b, 0x2b, 0x10, 0xa8, 0x09, 
0x1e, 0x05, 0x10, 0xb1, 0x0b, 0x1e, 0x06, 0x10, 0xa3, 0x0d, 0x1e, 0x09, 0x00, 0x93, 0x22, 0x02, 0x47, 0x00, 0x04, 0x00, 
0x0b, 0x01, 0x00, 0x01, 0x0b, 0x01, 0x01, 0x01, 0x0b, 0x01, 0x03, 0x01, 0x0b, 0x01, 0x04, 0x93, 0x02, 0x0e, 0xa1, 0x04, 
0xf4, 0x13, 0x08, 0xa6, 0x02, 0xe9, 0x13, 0x20, 0xb7, 0x02, 0x20, 0x0d, 0x04, 0xb8, 0x02, 0x90, 0x01, 0x1d, 0x04, 0xb7, 
0x02, 0x99, 0x01, 0x0d, 0x03, 0xb5, 0x02, 0x17, 0x20, 0x01, 0xb7, 0x02, 0x0e, 0x0d, 0x02, 0xbe, 0x02, 0xa2, 0x10, 0x13, 
0x1d, 0xb5, 0x02, 0xb1, 0x10, 0x20, 0x00, 0xbb, 0x04, 0x0b, 0xfe, 0x27, 0x00, 0x00, 0x00, 0x00, 0xbb, 0x04, 0x0c, 0x02, 
0x00, 0x00, 0x00, 0x00, 0xbb, 0x04, 0x0b, 0x04, 0x01, 0x00, 0x00, 0x00, 0xbb, 0x04, 0x0c, 0x02, 0x01, 0x00, 0x00, 0x00, 
0xbb, 0x04, 0x0b, 0x04, 0x02, 0x00, 0x00, 0x00, 0xbb, 0x04, 0x0c, 0x02, 0x02, 0x00, 0x00, 0x00, 0xb8, 0x02, 0x95, 0x27, 
0x18, 0x03, 0xbb, 0x04, 0x0b, 0xb8, 0x27, 0x08, 0x00, 0x00, 0x00, 0xbc, 0x02, 0xe7, 0x11, 0x1d, 0xa2, 0x14, 0x8e, 0x03, 
0xcf, 0x07, 0x65, 0x46, 0x0c, 0x0c, 0x0c, 0x0d, 0xae, 0x0b, 0xb2, 0x06, 0x0c, 0xba, 0x3f, 0x40, 0x00, 0x00, 0x00, 0xbc, 
0x02, 0x97, 0x40, 0xc6, 0x07, 0xa3, 0x27, 0xae, 0x02, 0xac, 0x1d, 0x97, 0x07, 0x3e, 0x8b, 0x25, 0x02, 0xed, 0x15, 0x39, 
0xa7, 0x03, 0xe6, 0x2c, 0x02, 0x3e, 0xef, 0x27, 0x02, 0x65, 0xbb, 0x04, 0x0c, 0xf0, 0x1c, 0x05, 0x00, 0x00, 0x00, 0x3e, 
0xa1, 0x1e, 0x03, 0x0c, 0x39, 0x89, 0x05, 0x86, 0x2a, 0x03, 0xb2, 0x06, 0x0c, 0xb2, 0x21, 0x02, 0x00, 0x00, 0x00, 0xbb, 
0x04, 0x0b, 0x9d, 0x2d, 0x04, 0x00, 0x00, 0x00, 0xbc, 0x02, 0xe3, 0x06, 0x65, 0x96, 0x14, 0xbc, 0x02, 0x02, 0x65, 0x96, 
0x14, 0xb7, 0x02, 0xa1, 0x21, 0x0b, 0x03, 0xbb, 0x04, 0x0b, 0xa2, 0x28, 0x09, 0x00, 0x00, 0x00, 0xbc, 0x02, 0xcf, 0x13, 
0x18, 0xa5, 0x14, 0xbc, 0x02, 0xb4, 0x03, 0x1d, 0x96, 0x14, 0xbc, 0x02, 0x02, 0x1d, 0x96, 0x14, 0xbc, 0x02, 0x02, 0x1d, 
0x96, 0x14, 0xbc, 0x02, 0x50, 0x1d, 0xa5, 0x14, 0xbe, 0x83, 0xc0, 0x02, 0xf1, 0x15, 0x65, 0x65, 0x65, 0x65, 0xe4, 0x10, 
0xe5, 0x10, 0x65, 0x46, 0x65, 0x1d, 0x13, 0x0d, 0x0d, 0x1d, 0x1d, 0x13, 0x13, 0x0d, 0x0d, 0x13, 0x0d, 0x0d, 0x0d, 0x0d, 
0x0d, 0x0d, 0x0d, 0x0d, 0x1d, 0x14, 0x0c, 0x13, 0x0c, 0x0c, 0x0c, 0x0c, 0x0d, 0x0d, 0xbd, 0x0a, 0x18, 0x0d, 0x1d, 0x1d, 
0x13, 0x0c, 0x0d, 0x13, 0x0d, 0x0d, 0x1d, 0x0c, 0x0d, 0x13, 0x0d, 0x0d, 0x0d, 0x0b, 0x18, 0x0d, 0x0d, 0x0b, 0x0d, 0x0d, 
0x18, 0x0d, 0x0d, 0x0d, 0x0d, 0x0d, 0x46, 0x13, 0x13, 0x65, 0x65, 0x0d, 0x0d, 0x0d, 0x0d, 0x97, 0x0c, 0x0c, 0x0d, 0x0d, 
0x0d, 0x98, 0x0c, 0x99, 0x0c, 0x0c, 0x0c, 0x0c, 0x0c, 0xc1, 0x0c, 0x3e, 0xfa, 0x09, 0x02, 0xc8, 0x01, 0x39, 0xc5, 0x06, 
0x80, 0x32, 0x02, 0x3e, 0xd5, 0x34, 0x01, 0x1d, 0x39, 0x9a, 0x05, 0xd0, 0x33, 0x01, 0x3e, 0xe3, 0x33, 0x01, 0x13, 0x39, 
0x90, 0x05, 0xfe, 0x50, 0x01, 0x3e, 0x89, 0x51, 0x01, 0x0d, 0xbb, 0x04, 0x0d, 0xff, 0x07, 0x00, 0x00, 0x80, 0x3f, 0x3e, 
0x82, 0x08, 0x01, 0x0c, 0x39, 0x8b, 0x05, 0xca, 0x3c, 0x01, 0x3e, 0xbd, 0x3c, 0x03, 0x13, 0x39, 0x91, 0x05, 0xe6, 0x45, 
0x03, 0x3e, 0xd1, 0x45, 0x03, 0x1d, 0x39, 0x9b, 0x05, 0xa0, 0x3a, 0x03, 0x3e, 0xbd, 0x3a, 0x03, 0x0d, 0x39, 0x9b, 0x05, 
0x9a, 0x2d, 0x03, 0xbb, 0x04, 0x0d, 0xff, 0x36, 0x00, 0x00, 0x00, 0x40, 0xbb, 0x04, 0x0d, 0xd0, 0x0c, 0x00, 0x00, 0x80, 
0xbf, 0xbc, 0x02, 0xe3, 0x01, 0x0d, 0x90, 0x14, 0xbc, 0x02, 0x13, 0x0d, 0x8d, 0x14, 0xde, 0x02, 0x94, 0x0a, 0x1d, 0x0d, 
0xcf, 0x05, 0xc5, 0x05, 0x3e, 0xfa, 0x09, 0x03, 0xcf, 0x0a, 0x39, 0xcc, 0x0f, 0xec, 0x2d, 0x03, 0xc6, 0x06, 0x08, 0xba, 
0x0b, 0x00, 0x82, 0x0a, 0x18, 0xf4, 0x60, 0x01, 0x0c, 0xba, 0xa9, 0x01, 0x8c, 0x9c, 0x02, 0x22, 0xd4, 0xae, 0x02, 0x00, 
0x01, 0x0c, 0xc5, 0x31, 0x8e, 0xfd, 0x01, 0xc7, 0x10, 0x0c, 0xc7, 0x51, 0xc7, 0x51, 0x94, 0x8a, 0x01, 0x33, 0xe2, 0x05, 
0xeb, 0x2a, 0xda, 0x19, 0x8b, 0x14, 0xef, 0x6f, 0x8b, 0x14, 0x01, 0x65, 0x96, 0x80, 0x01, 0x96, 0x80, 0x01, 0x13, 0x8a, 
0x05, 0xbe, 0x24, 0xcf, 0x2d, 0x8a, 0x14, 0x01, 0x0d, 0x9c, 0x23, 0x9c, 0x23, 0x13, 0x8a, 0x05, 0xcf, 0x0f, 0xcf, 0x2d, 
0x8d, 0x14, 0x01, 0x0d, 0x91, 0x9d, 0x01, 0x91, 0x9d, 0x01, 0xc3, 0x10, 0x0d, 0xd0, 0xb0, 0x01, 0xbc, 0xfe, 0x02, 0xd0, 
0xb0, 0x01, 0xc0, 0x0a, 0x13, 0xad, 0x12, 0xbf, 0x0e, 0xad, 0x12, 0x01, 0x1d, 0xc7, 0xca, 0x01, 0xd6, 0x65, 0x3d, 0x18, 
0x82, 0x41, 0x82, 0x41, 0x82, 0x41, 0x18, 0xc1, 0x0a, 0x0d, 0xdf, 0x66, 0xdf, 0x66, 0x00, 0xc1, 0x0a, 0x1d, 0xa0, 0x84, 
0x01, 0xeb, 0x32, 0x00, 0xce, 0x10, 0x1d, 0xec, 0x1b, 0xec, 0x1b, 0x8c, 0xa0, 0x01, 0xc1, 0x0a, 0x0d, 0xbe, 0x14, 0xea, 
0x4d, 0x01, 0xc1, 0x0a, 0x1d, 0x99, 0xd0, 0x01, 0xdb, 0xd2, 0x01, 0x01, 0xce, 0x10, 0x1d, 0xde, 0xbb, 0x01, 0xde, 0xbb, 
0x01, 0xbb, 0x14, 0xc1, 0x0a, 0x0d, 0xbe, 0x14, 0xec, 0x4d, 0x02, 0xc1, 0x0a, 0x1d, 0x99, 0xd0, 0x01, 0xd9, 0xd2, 0x01, 
0x02, 0xce, 0x10, 0x1d, 0xfa, 0xc9, 0x01, 0xfa, 0xc9, 0x01, 0x9f, 0x06, 0xc1, 0x0a, 0x1d, 0xaf, 0x7f, 0x8f, 0x88, 0x01, 
0x03, 0x4b, 0x1d, 0x95, 0x0d, 0xc5, 0x8c, 0x01, 0x95, 0x0d, 0x4b, 0x1d, 0xf6, 0x41, 0xb1, 0x3c, 0xf6, 0x41, 0x4b, 0x1d, 
0x8a, 0x24, 0xa5, 0x18, 0x8a, 0x24, 0xc0, 0x0a, 0xa4, 0x08, 0xb2, 0x0c, 0x8d, 0x5c, 0xb2, 0x0c, 0xc1, 0x0a, 0x13, 0x93, 
0x19, 0x93, 0x19, 0x00, 0xc1, 0x0a, 0x1d, 0xf9, 0x6e, 0x8d, 0x88, 0x01, 0x01, 0x22, 0xfe, 0x39, 0xf9, 0x6e, 0x3d, 0x18, 
0x8a, 0xc1, 0x01, 0x8a, 0xc1, 0x01, 0x8a, 0xc1, 0x01, 0x18, 0x13, 0x8c, 0x05, 0xb3, 0x06, 0xab, 0x22, 0x8a, 0x14, 0xc1, 
0x0a, 0x0d, 0x85, 0x56, 0xb9, 0x5c, 0x00, 0x22, 0x85, 0x56, 0x00, 0x13, 0x8c, 0x05, 0xf0, 0x2f, 0xab, 0x22, 0x8d, 0x14, 
0xc1, 0x0a, 0x0d, 0xe1, 0x6e, 0xab, 0x9b, 0x01, 0x01, 0x22, 0xe1, 0x6e, 0x00, 0x13, 0x8c, 0x05, 0xe4, 0x6e, 0xab, 0x22, 
0x90, 0x14, 0xc1, 0x0a, 0x0d, 0xfb, 0x6f, 0xc3, 0x9c, 0x01, 0x02, 0x22, 0xfb, 0x6f, 0x00, 0x01, 0x0c, 0x92, 0xaa, 0x01, 
0xc6, 0xa4, 0x02, 0xcb, 0x10, 0x0c, 0x8b, 0x25, 0x8b, 0x25, 0x88, 0xde, 0x01, 0x23, 0xe2, 0x05, 0xc4, 0x4e, 0xc5, 0x1f, 
0x9a, 0x14, 0xe9, 0x99, 0x01, 0x01, 0x65, 0xc7, 0x2d, 0xc7, 0x2d, 0xc1, 0x12, 0x1d, 0xcf, 0xd1, 0x01, 0xcf, 0xd1, 0x01, 
0x87, 0x07, 0x22, 0xcc, 0x4b, 0x00, 0x01, 0x0c, 0xd8, 0x1d, 0xbe, 0x6c, 0xcb, 0x10, 0x0c, 0xf2, 0x2c, 0xf2, 0x2c, 0xfe, 
0x77, 0xbf, 0x0c, 0x0d, 0xdb, 0x36, 0xa2, 0x41, 0xc8, 0x10, 0x0d, 0xbe, 0x47, 0xf8, 0xdd, 0x01, 0xbe, 0x47, 0xc8, 0x10, 
0x0d, 0xab, 0x2a, 0xab, 0x2a, 0xcc, 0xb3, 0x01, 0x4b, 0x0d, 0x94, 0x78, 0x90, 0x9f, 0x02, 0x94, 0x78, 0xbf, 0x0c, 0x0d, 
0x8f, 0x0c, 0xba, 0x52, 0x4a, 0x0d, 0xa0, 0x10, 0xf8, 0x51, 0xa0, 0x10, 0x4b, 0x0d, 0xa3, 0x8a, 0x01, 0x93, 0x86, 0x01, 
0xa3, 0x8a, 0x01, 0xc8, 0x10, 0x0d, 0xf0, 0x37, 0xda, 0xdb, 0x01, 0x82, 0x47, 0xc1, 0x0a, 0x0d, 0xfc, 0x96, 0x01, 0xec, 
0xf1, 0x01, 0x00, 0x4a, 0x0d, 0xf6, 0x08, 0xf6, 0x08, 0xf2, 0x9f, 0x01, 0xd2, 0x0a, 0x1d, 0x89, 0x8b, 0x02, 0x89, 0x8b, 
0x02, 0xa7, 0x10, 0x00, 0xc1, 0x0a, 0x0d, 0x90, 0xef, 0x01, 0x90, 0xef, 0x01, 0x03, 0x4a, 0x0d, 0x8f, 0x83, 0x01, 0xd8, 
0x38, 0x8f, 0x83, 0x01, 0xc1, 0x0a, 0x0d, 0xef, 0x7c, 0xef, 0x10, 0x00, 0x4b, 0x0d, 0xd8, 0xd4, 0x01, 0xd8, 0xd4, 0x01, 
0xe8, 0x57, 0xd2, 0x0a, 0x1d, 0xf9, 0x4f, 0xf9, 0x4f, 0xee, 0x73, 0x00, 0xc1, 0x0a, 0x0d, 0xa2, 0x4e, 0xa2, 0x4e, 0x00, 
0xc3, 0x10, 0x0d, 0xf1, 0x7e, 0xe0, 0xb3, 0x01, 0xad, 0x7a, 0xc1, 0x0a, 0x0d, 0x97, 0x49, 0xe7, 0x79, 0x03, 0x4a, 0x0d, 
0xb0, 0x93, 0x01, 0x98, 0x4a, 0xb0, 0x93, 0x01, 0x4b, 0x0d, 0x87, 0x22, 0xe1, 0x56, 0x87, 0x22, 0xc0, 0x10, 0x0c, 0xf4, 
0x30, 0xb0, 0x41, 0xdc, 0xe6, 0x01, 0xbf, 0x0c, 0x0d, 0xd8, 0x54, 0xd8, 0x54, 0x4a, 0x0d, 0xe7, 0x13, 0xbe, 0x71, 0xe7, 
0x13, 0xc3, 0x10, 0x0d, 0xc1, 0x69, 0x92, 0xe4, 0x01, 0xc1, 0x69, 0x4a, 0x0d, 0x8b, 0x50, 0x8b, 0x50, 0xbe, 0x29, 0x4b, 
0x0d, 0xd5, 0x2d, 0xa1, 0xcc, 0x01, 0xd5, 0x2d, 0x23, 0x8c, 0x05, 0xb2, 0x77, 0xc2, 0x26, 0x91, 0x14, 0x8b, 0x14, 0x22, 
0x00, 0xf2, 0x01, 0x3f, 0x0d, 0xe0, 0x71, 0x92, 0xe9, 0x01, 0x23, 0x8c, 0x05, 0xaa, 0x28, 0xc2, 0x26, 0x91, 0x14, 0x8e, 
0x14, 0x22, 0x00, 0xaa, 0x28, 0xc1, 0x0a, 0x0d, 0xf9, 0x90, 0x02, 0xbd, 0x7d, 0x01, 0x3f, 0x0d, 0xe6, 0xd9, 0x01, 0xe6, 
0xd9, 0x01, 0xd2, 0x0a, 0x1d, 0xe1, 0x3d, 0xe1, 0x3d, 0xc6, 0x1e, 0x01, 0x13, 0x9b, 0x05, 0xab, 0x1f, 0xc2, 0x26, 0x8b, 
0x14, 0x22, 0x00, 0xab, 0x1f, 0x22, 0xc6, 0xb1, 0x01, 0x80, 0x06, 0x8d, 0x1e, 0x88, 0x06, 0x00, 0x41, 0x11, 0x00, 0x00, 
0x00, 0x00, 0x00, 0x00, 0x4c, 0x4f, 0x4d, 0x53, 0x00, 0x03, 0x01, 0x00, 0x0b, 0x00, 0x08, 0x00, 0xd0, 0x61, 0x00, 0x00, 
0x00, 0x00, 0x00, 0x00, 0xd0, 0x2f, 0x00, 0x00, 0x91, 0x02, 0x01, 0xd1, 0x10, 0x02, 0x47, 0x4c, 0x53, 0x4c, 0x2e, 0x73, 
0x74, 0x64, 0x2e, 0x34, 0x35, 0x30, 0x00, 0x00, 0x00, 0x00, 0xa0, 0x04, 0x00, 0x01, 0xff, 0x0f, 0x00, 0x9f, 0x2c, 0xed, 
0xc2, 0xa5, 0xf3, 0x06, 0x00, 0xa9, 0x20, 0x82, 0x1f, 0xaf, 0x2e, 0x93, 0x2d, 0xcf, 0x2d, 0x8c, 0x1a, 0xb0, 0x23, 0x84, 
0x28, 0xab, 0x22, 0xd9, 0x1b, 0xc2, 0x26, 0x10, 0xf8, 0x1d, 0x06, 0x10, 0x37, 0x91, 0x04, 0x0b, 0x00, 0x05, 0x00, 0x07, 
0x01, 0x10, 0x00, 0x23, 0x00, 0x01, 0x05, 0x00, 0x07, 0x01, 0x10, 0x00, 0x23, 0x40, 0x01, 0x23, 0x30, 0x01, 0x23, 0x04, 
0x01, 0x23, 0x04, 0x01, 0x23, 0x04, 0x01, 0x23, 0x04, 0x10, 0xe0, 0x34, 0x01, 0x01, 0x10, 0xd5, 0x4a, 0x06, 0x80, 0x02, 
0x00, 0xee, 0x12, 0x02, 0x47, 0x00, 0x01, 0x00, 0x23, 0x00, 0x10, 0xd6, 0x1c, 0x21, 0x00, 0x10, 0x00, 0x22, 0x01, 0x10, 
0xbb, 0x1f, 0x06, 0x40, 0x10, 0x02, 0x06, 0x40, 0x10, 0xe0, 0x06, 0x06, 0x10, 0x10, 0x9a, 0x05, 0x06, 0x10, 0x10, 0x02, 
0x06, 0x10, 0x10, 0x02, 0x06, 0x10, 0x10, 0x50, 0x06, 0x10, 0x00, 0x93, 0x1e, 0x02, 0x37, 0x00, 0x95, 0x00, 0x05, 0x00, 
0x07, 0x01, 0x10, 0x00, 0x23, 0x00, 0x01, 0x05, 0x00, 0x07, 0x01, 0x10, 0x00, 0x23, 0x40, 0x01, 0x05, 0x00, 0x07, 0x01, 
0x10, 0x00, 0x23, 0x40, 0x01, 0x05, 0x00, 0x07, 0x01, 0x10, 0x00, 0x23, 0x40, 0x01, 0x05, 0x00, 0x07, 0x01, 0x10, 0x00, 
0x23, 0x40, 0x01, 0x05, 0x00, 0x07, 0x01, 0x10, 0x00, 0x23, 0x80, 0x02, 0x01, 0x05, 0x00, 0x07, 0x01, 0x10, 0x00, 0x23, 
0x80, 0x02, 0x01, 0x05, 0x00, 0x07, 0x01, 0x10, 0x00, 0x23, 0x40, 0x01, 0x05, 0x00, 0x07, 0x01, 0x10, 0x00, 0x23, 0x30, 
0x01, 0x23, 0x40, 0x01, 0x23, 0x10, 0x01, 0x23, 0x08, 0x01, 0x23, 0x04, 0x01, 0x23, 0x04, 0x01, 0x23, 0x10, 0x01, 0x23, 
0x10, 0x01, 0x23, 0x08, 0x01, 0x23, 0x08, 0x01, 0x23, 0x04, 0x01, 0x00, 0x00, 0x23, 0x04, 0x01, 0x23, 0x08, 0x01, 0x23, 
0x04, 0x01, 0x23, 0x04, 0x01, 0x23, 0x04, 0x01, 0x23, 0x04, 0x01, 0x23, 0x04, 0x01, 0x00, 0x00, 0x23, 0x04, 0x01, 0x00, 
0x00, 0x23, 0x04, 0x01, 0x00, 0x00, 0x23, 0x04, 0x01, 0x00, 0x00, 0x23, 0x10, 0x01, 0x00, 0x00, 0x23, 0x0c, 0x01, 0x00, 
0x00, 0x23, 0x04, 0x01, 0x00, 0x00, 0x23, 0x08, 0x01, 0x00, 0x00, 0x23, 0x04, 0x01, 0x00, 0x00, 0x23, 0x04, 0x01, 0x00, 
0x00, 0x23, 0x04, 0x01, 0x23, 0x04, 0x01, 0x00, 0x00, 0x23, 0x04, 0x01, 0x00, 0x00, 0x23, 0x04, 0x01, 0x23, 0x90, 0x01, 
0x01, 0x00, 0x00, 0x23, 0x0c, 0x01, 0x23, 0x04, 0x01, 0x23, 0x10, 0x01, 0x23, 0x10, 0x01, 0x00, 0x00, 0x23, 0x08, 0x01, 
0x00, 0x00, 0x23, 0x04, 0x01, 0x23, 0x04, 0x01, 0x00, 0x00, 0x23, 0x08, 0x01, 0x00, 0x00, 0x23, 0x04, 0x01, 0x23, 0x04, 
0x01, 0x00, 0x00, 0x23, 0x10, 0x01, 0x00, 0x00, 0x23, 0x04, 0x01, 0x23, 0x04, 0x01, 0x00, 0x00, 0x23, 0x08, 0x01, 0x23, 
0x04, 0x01, 0x00, 0x00, 0x23, 0x04, 0x01, 0x00, 0x00, 0x23, 0x04, 0x01, 0x23, 0x04, 0x01, 0x23, 0x0c, 0x01, 0x23, 0x04, 
0x01, 0x23, 0x04, 0x01, 0x23, 0x04, 0x01, 0x23, 0x04, 0x01, 0x23, 0x04, 0x01, 0x23, 0x0c, 0x01, 0x23, 0x04, 0x01, 0x23, 
0x04, 0x01, 0x23, 0x04, 0x01, 0x23, 0x04, 0x01, 0x05, 0x00, 0x07, 0x01, 0x10, 0x00, 0x23, 0x04, 0x01, 0x23, 0x30, 0x01, 
0x23, 0x08, 0x01, 0x05, 0x00, 0x07, 0x01, 0x10, 0x00, 0x23, 0x08, 0x01, 0x05, 0x00, 0x07, 0x01, 0x10, 0x00, 0x23, 0x40, 
0x01, 0x00, 0x00, 0x23, 0x40, 0x01, 0x00, 0x00, 0x23, 0x04, 0x01, 0x00, 0x00, 0x23, 0x04, 0x01, 0x00, 0x00, 0x23, 0x04, 
0x01, 0x23, 0x04, 0x01, 0x23, 0x40, 0x01, 0x00, 0x00, 0x23, 0x04, 0x01, 0x00, 0x00, 0x23, 0x04, 0x01, 0x00, 0x00, 0x23, 
0x04, 0x01, 0x23, 0x04, 0x01, 0x23, 0x40, 0x01, 0x00, 0x00, 0x23, 0x40, 0x01, 0x00, 0x00, 0x23, 0x04, 0x01, 0x00, 0x00, 
0x23, 0x04, 0x01, 0x00, 0x00, 0x23, 0x04, 0x01, 0x00, 0x00, 0x23, 0x04, 0x10, 0xd6, 0x3c, 0x21, 0x00, 0x10, 0x00, 0x22, 
0x00, 0x10, 0xc8, 0x01, 0x0b, 0x2a, 0x37, 0x8b, 0x2e, 0x05, 0x00, 0x05, 0x00, 0x07, 0x01, 0x10, 0x00, 0x23, 0x00, 0x01, 
0x23, 0x30, 0x01, 0x23, 0x0c, 0x10, 0xda, 0x04, 0x06, 0x40, 0x00, 0xe7, 0x08, 0x02, 0x47, 0x00, 0x01, 0x00, 0x23, 0x00, 
0x10, 0xd0, 0x28, 0x21, 0x01, 0x10, 0x00, 0x22, 0x01, 0x10, 0xb6, 0x0f, 0x21, 0x05, 0x10, 0x00, 0x22, 0x01, 0x00, 0x8f, 
0x37, 0x02, 0x47, 0x00, 0x01, 0x00, 0x23, 0x00, 0x10, 0xec, 0x12, 0x06, 0x10, 0x00, 0x92, 0x02, 0x02, 0x37, 0x00, 0x02, 
0x00, 0x00, 0x00, 0x23, 0x00, 0x10, 0xfe, 0x1a, 0x21, 0x02, 0x10, 0x00, 0x22, 0x01, 0x10, 0xcb, 0x02, 0x21, 0x03, 0x10, 
0x00, 0x22, 0x01, 0x10, 0xa6, 0x01, 0x1e, 0x00, 0x10, 0xda, 0x1e, 0x1e, 0x05, 0x10, 0xb7, 0x02, 0x1e, 0x06, 0x10, 0x78, 
0x1e, 0x03, 0x00, 0x85, 0x27, 0x0e, 0x10, 0x00, 0x1e, 0x0a, 0x10, 0xc8, 0x12, 0x0b, 0x2b, 0x10, 0xa8, 0x09, 0x1e, 0x05, 
0x10, 0xb1, 0x0b, 0x1e, 0x06, 0x10, 0xa3, 0x0d, 0x1e, 0x09, 0x00, 0x81, 0x14, 0x02, 0x47, 0x00, 0x04, 0x00, 0x0b, 0x01, 
0x00, 0x01, 0x0b, 0x01, 0x01, 0x01, 0x0b, 0x01, 0x03, 0x01, 0x0b, 0x01, 0x04, 0x00, 0xe4, 0xac, 0x01, 0x00, 0x93, 0x02, 
0x0e, 0xa1, 0x04, 0xf4, 0x13, 0x08, 0xa6, 0x02, 0xe9, 0x13, 0x20, 0xb7, 0x02, 0x20, 0x0d, 0x04, 0xb8, 0x02, 0x90, 0x01, 
0x1d, 0x04, 0xb7, 0x02, 0x99, 0x01, 0x0d, 0x03, 0xb5, 0x02, 0x17, 0x20, 0x01, 0x3e, 0x92, 0x0a, 0x07, 0x18, 0xb5, 0x02, 
0x93, 0x0a, 0x20, 0x00, 0xb7, 0x02, 0x18, 0x0b, 0x04, 0xd1, 0x04, 0xe8, 0x05, 0x08, 0x95, 0x05, 0x17, 0x1d, 0xb7, 0x02, 
0xef, 0x05, 0x0d, 0x02, 0xbe, 0x02, 0xa2, 0x10, 0x13, 0x1d, 0xbb, 0x04, 0x0b, 0xcc, 0x17, 0x00, 0x00, 0x00, 0x00, 0xbb, 
0x04, 0x0c, 0x02, 0x00, 0x00, 0x00, 0x00, 0xbb, 0x04, 0x0b, 0x04, 0x01, 0x00, 0x00, 0x00, 0xbb, 0x04, 0x0c, 0x02, 0x01, 
0x00, 0x00, 0x00, 0xbb, 0x04, 0x0b, 0x04, 0x02, 0x00, 0x00, 0x00, 0xbb, 0x04, 0x0c, 0x02, 0x02, 0x00, 0x00, 0x00, 0xbb, 
0x04, 0x0c, 0x06, 0x03, 0x00, 0x00, 0x00, 0xb8, 0x02, 0x9b, 0x27, 0x18, 0x03, 0xbb, 0x04, 0x0b, 0xb8, 0x27, 0x08, 0x00, 
0x00, 0x00, 0xbc, 0x02, 0xcb, 0x0a, 0x1d, 0xa2, 0x14, 0x8e, 0x03, 0x91, 0x04, 0x65, 0x46, 0x0c, 0x0c, 0x0c, 0x0d, 0xfc, 
0x0e, 0xb2, 0x06, 0x0c, 0xe0, 0x34, 0x40, 0x00, 0x00, 0x00, 0xbc, 0x02, 0xd5, 0x4a, 0xf3, 0x0c, 0xa3, 0x27, 0xae, 0x02, 
0xee, 0x12, 0xf8, 0x01, 0x3e, 0xfa, 0x09, 0x02, 0xaf, 0x0b, 0x39, 0xac, 0x10, 0xdc, 0x12, 0x02, 0x3e, 0xef, 0x27, 0x02, 
0x65, 0x3e, 0xb1, 0x01, 0x02, 0x0c, 0xbb, 0x04, 0x0c, 0xa2, 0x1e, 0x05, 0x00, 0x00, 0x00, 0x3e, 0x9f, 0x1e, 0x02, 0x0d, 
0xbb, 0x04, 0x0b, 0x98, 0x1e, 0x04, 0x00, 0x00, 0x00, 0xbc, 0x02, 0xb3, 0x14, 0x65, 0x96, 0x14, 0xbc, 0x02, 0x02, 0x65, 
0x96, 0x14, 0xb7, 0x02, 0xd1, 0x13, 0x0b, 0x03, 0xbb, 0x04, 0x0b, 0xa2, 0x28, 0x09, 0x00, 0x00, 0x00, 0xbc, 0x02, 0xef, 
0x0d, 0x18, 0xa5, 0x14, 0xbc, 0x02, 0x9a, 0x05, 0x1d, 0x96, 0x14, 0xbc, 0x02, 0x02, 0x1d, 0x96, 0x14, 0xbc, 0x02, 0x02, 
0x1d, 0x96, 0x14, 0xbc, 0x02, 0x50, 0x1d, 0xa5, 0x14, 0xbe, 0x83, 0xc0, 0x02, 0x93, 0x1e, 0x65, 0x65, 0x65, 0x65, 0xfc, 
0x09, 0xfd, 0x09, 0x65, 0x46, 0x65, 0x1d, 0x13, 0x0d, 0x0d, 0x1d, 0x1d, 0x13, 0x13, 0x0d, 0x0d, 0x13, 0x0d, 0x0d, 0x0d, 
0x0d, 0x0d, 0x0d, 0x0d, 0x0d, 0x1d, 0x14, 0x0c, 0x13, 0x0c, 0x0c, 0x0c, 0x0c, 0x0d, 0x0d, 0xad, 0x0d, 0x18, 0x0d, 0x1d, 
0x1d, 0x13, 0x0c, 0x0d, 0x13, 0x0d, 0x0d, 0x1d, 0x0c, 0x0d, 0x13, 0x0d, 0x0d, 0x0d, 0x0b, 0x18, 0x0d, 0x0d, 0x0b, 0x0d, 
0x0d, 0x18, 0x0d, 0x0d, 0x0d, 0x0d, 0x0d, 0x46, 0x13, 0x13, 0x65, 0x65, 0x0d, 0x0d, 0x0d, 0x0d, 0xfa, 0x0f, 0x0c, 0x0d, 
0x0d, 0x0d, 0xfb, 0x0f, 0xfc, 0x0f, 0x0c, 0x0c, 0x0c, 0x0c, 0xa4, 0x10, 0x3e, 0xfa, 0x09, 0x02, 0x9a, 0x01, 0x39, 0x97, 
0x06, 0xdc, 0x32, 0x02, 0x3e, 0xf3, 0x34, 0x01, 0x0c, 0x39, 0x8b, 0x05, 0xbc, 0x36, 0x01, 0xb8, 0x02, 0xa5, 0x3f, 0x18, 
0x04, 0xb8, 0x02, 0x0b, 0x1d, 0x03, 0xce, 0x02, 0xa6, 0x11, 0x50, 0x18, 0x0d, 0xbb, 0x04, 0x0b, 0xb7, 0x0d, 0x00, 0x01, 
0x00, 0x00, 0xbc, 0x02, 0x92, 0x12, 0xa3, 0x09, 0xc7, 0x02, 0xae, 0x02, 0xe7, 0x08, 0xd0, 0x0b, 0x3e, 0xfa, 0x09, 0x02, 
0x9c, 0x07, 0x39, 0x99, 0x0c, 0xd6, 0x1e, 0x02, 0x3e, 0xed, 0x2b, 0x02, 0x50, 0xbb, 0x04, 0x0b, 0x8c, 0x1d, 0x03, 0x00, 
0x00, 0x00, 0xbb, 0x04, 0x0d, 0x0d, 0x00, 0x00, 0x00, 0x00, 0x94, 0x02, 0x85, 0x28, 0xbb, 0x04, 0x0d, 0x82, 0x02, 0x00, 
0x00, 0x80, 0x3f, 0xb7, 0x02, 0xef, 0x01, 0x0c, 0x02, 0xbb, 0x04, 0x0b, 0xe4, 0x29, 0x00, 0x08, 0x00, 0x00, 0x89, 0x03, 
0xdb, 0x27, 0x0d, 0x01, 0x00, 0x00, 0x00, 0x01, 0x00, 0xab, 0x02, 0xd0, 0x05, 0x96, 0x01, 0x3e, 0xfa, 0x09, 0x00, 0xfe, 
0x03, 0x39, 0xfb, 0x08, 0xc8, 0x34, 0x00, 0xae, 0x02, 0x8f, 0x37, 0x0c, 0x3e, 0xfa, 0x09, 0x09, 0xd7, 0x07, 0x39, 0xd4, 
0x0c, 0xa2, 0x17, 0x09, 0x3e, 0xb1, 0x26, 0x09, 0x0c, 0xb7, 0x02, 0xeb, 0x09, 0x0c, 0x03, 0xbb, 0x04, 0x0c, 0xde, 0x29, 
0x00, 0x08, 0x00, 0x00, 0xbc, 0x02, 0xef, 0x07, 0x1d, 0xc7, 0x02, 0xae, 0x02, 0x92, 0x02, 0x8d, 0x11, 0x3e, 0xfa, 0x09, 
0x02, 0x96, 0x12, 0x39, 0x93, 0x17, 0x84, 0x11, 0x02, 0x89, 0x03, 0xfd, 0x3b, 0x0d, 0x01, 0x00, 0x01, 0x00, 0x01, 0x00, 
0xab, 0x02, 0xd2, 0x04, 0xd6, 0x01, 0x3e, 0xfa, 0x09, 0x00, 0xff, 0x03, 0x39, 0xfc, 0x08, 0xe6, 0x2a, 0x00, 0x3e, 0xa9, 
0x32, 0x01, 0x1d, 0x39, 0x9a, 0x05, 0xd0, 0x33, 0x01, 0xbb, 0x04, 0x0c, 0xf3, 0x2c, 0x00, 0x02, 0x00, 0x00, 0xbb, 0x04, 
0x0c, 0xff, 0x0b, 0x00, 0x01, 0x00, 0x00, 0x3e, 0x98, 0x05, 0x01, 0x17, 0x39, 0x94, 0x05, 0xb6, 0x52, 0x01, 0x39, 0x9a, 
0x05, 0xb7, 0x02, 0x01, 0x3e, 0x85, 0x50, 0x01, 0x13, 0x39, 0x90, 0x05, 0xfe, 0x50, 0x01, 0x3e, 0x83, 0x51, 0x01, 0x0d, 
0x3e, 0x02, 0x03, 0x0c, 0x39, 0x8e, 0x05, 0xfc, 0x29, 0x03, 0x39, 0x8b, 0x05, 0xc8, 0x12, 0x01, 0x3e, 0xbd, 0x3c, 0x03, 
0x13, 0x39, 0x91, 0x05, 0xe6, 0x45, 0x03, 0x3e, 0xd1, 0x45, 0x03, 0x1d, 0x39, 0x9b, 0x05, 0xa0, 0x3a, 0x03, 0x3e, 0xb7, 
0x3a, 0x03, 0x0d, 0x39, 0x9b, 0x05, 0x94, 0x2d, 0x03, 0xbc, 0x02, 0xd5, 0x2a, 0x0d, 0x8d, 0x14, 0xde, 0x02, 0xd4, 0x16, 
0x1d, 0x0d, 0xae, 0x06, 0xae, 0x06, 0x3e, 0xfa, 0x09, 0x03, 0xd8, 0x11, 0x39, 0xd5, 0x16, 0xda, 0x1f, 0x03, 0xad, 0x06, 
0x1d, 0xff, 0x4c, 0xc6, 0x06, 0x08, 0xba, 0x58, 0x00, 0x82, 0x0a, 0x18, 0x82, 0x66, 0x39, 0x95, 0x05, 0xb2, 0x7d, 0x07, 
0x01, 0x0c, 0xdb, 0xce, 0x01, 0xb6, 0x26, 0x22, 0xfe, 0x38, 0x00, 0x01, 0x0c, 0x96, 0x56, 0x94, 0x8f, 0x01, 0x33, 0xe2, 
0x05, 0xfa, 0x3d, 0xda, 0x19, 0x8b, 0x14, 0xd6, 0x61, 0x8b, 0x14, 0x01, 0x65, 0xbc, 0x7b, 0xbc, 0x7b, 0x33, 0x89, 0x05, 
0x9b, 0x23, 0xda, 0x19, 0x8b, 0x14, 0xd6, 0x61, 0x91, 0x14, 0x01, 0x0c, 0x9e, 0x23, 0x9e, 0x23, 0x33, 0x89, 0x05, 0x9b, 
0x23, 0xda, 0x19, 0x8b, 0x14, 0xd6, 0x61, 0x94, 0x14, 0x01, 0x0c, 0x9e, 0x23, 0x9e, 0x23, 0x13, 0x8d, 0x05, 0x9b, 0x23, 
0xcf, 0x2d, 0x8a, 0x14, 0x01, 0x0d, 0x9e, 0x23, 0x9e, 0x23, 0x13, 0x8d, 0x05, 0xd5, 0x0f, 0xcf, 0x2d, 0x8d, 0x14, 0x01, 
0x0d, 0x91, 0x9d, 0x01, 0x91, 0x9d, 0x01, 0xc3, 0x10, 0x0d, 0xd0, 0xb0, 0x01, 0xbc, 0xfe, 0x02, 0xd0, 0xb0, 0x01, 0xc0, 
0x0a, 0x13, 0xdb, 0x98, 0x02, 0xf3, 0x94, 0x02, 0xdb, 0x98, 0x02, 0x01, 0x1d, 0x90, 0x3c, 0x80, 0x66, 0xc7, 0x18, 0x0c, 
0x8c, 0xc9, 0x01, 0xd5, 0x0f, 0x80, 0xdc, 0x02, 0xcb, 0x14, 0x09, 0xf7, 0xaa, 0x01, 0xf7, 0xaa, 0x01, 0x82, 0x9a, 0x01, 
0xa7, 0x1e, 0xb1, 0x8e, 0x01, 0x00, 0xba, 0x1e, 0x00, 0xfb, 0x25, 0xb1, 0x8e, 0x01, 0x18, 0xfc, 0x25, 0x01, 0x0c, 0xf1, 
0x0c, 0xd0, 0x9a, 0x01, 0x13, 0x8c, 0x05, 0xa1, 0x70, 0xa5, 0x18, 0x8b, 0x14, 0x01, 0x0c, 0xd0, 0x7e, 0xd0, 0x7e, 0xc0, 
0x10, 0x0c, 0xc6, 0x63, 0xf4, 0x71, 0xc6, 0x63, 0xcb, 0x10, 0x0c, 0xb1, 0x9d, 0x01, 0xb1, 0x9d, 0x01, 0xda, 0x85, 0x01, 
0xc7, 0x10, 0x0c, 0x81, 0x2a, 0xb3, 0xc7, 0x01, 0xd8, 0x5b, 0xd0, 0x0a, 0x16, 0xda, 0xe8, 0x01, 0xd8, 0xbe, 0x01, 0xda, 
0xe8, 0x01, 0xa6, 0xc6, 0x02, 0x99, 0x1e, 0xa4, 0x13, 0x18, 0xa3, 0x13, 0xe5, 0x1e, 0x16, 0xf7, 0x8d, 0x01, 0x9e, 0x5b, 
0x00, 0x00, 0x0a, 0x3a, 0x00, 0x00, 0x9c, 0x33, 0x00, 0x00, 0x96, 0x5f, 0x00, 0x00, 0xe5, 0x1e, 0x1d, 0xaa, 0x1d, 0x02, 
0x29, 0x00, 0x00, 0x0a, 0x3a, 0x00, 0x00, 0x36, 0x3d, 0x00, 0x00, 0x96, 0x5f, 0x00, 0x00, 0xe5, 0x1e, 0x0c, 0x85, 0x51, 
0x0b, 0x0a, 0x00, 0x00, 0x0a, 0x3a, 0x00, 0x00, 0xb5, 0x5d, 0x00, 0x00, 0x96, 0x5f, 0x00, 0x00, 0xc1, 0x16, 0x09, 0xf5, 
0x14, 0xf5, 0x14, 0x95, 0xf8, 0x01, 0xb6, 0x1e, 0x8b, 0x07, 0xdd, 0xf9, 0x01, 0x00, 0xba, 0x1e, 0x00, 0xbf, 0x18, 0x8b, 
0x07, 0x18, 0xc0, 0x18, 0x33, 0x8a, 0x05, 0x8c, 0xc1, 0x01, 0xd5, 0x1f, 0x8b, 0x14, 0xe2, 0x4c, 0x8a, 0x14, 0x01, 0x0d, 
0x85, 0x8e, 0x01, 0x85, 0x8e, 0x01, 0xc7, 0x16, 0x09, 0x81, 0x16, 0x81, 0x16, 0xfa, 0x91, 0x01, 0xa7, 0x1e, 0xae, 0x4a, 
0x00, 0xba, 0x1e, 0x00, 0xf8, 0x0b, 0xae, 0x4a, 0x18, 0xf7, 0x0b, 0xd2, 0x0a, 0x16, 0xfe, 0x3c, 0xd4, 0x51, 0xf8, 0x1d, 
0x02, 0x01, 0xff, 0x03, 0xb0, 0x51, 0xea, 0xff, 0x01, 0xb4, 0x0c, 0xd6, 0x01, 0xeb, 0x58, 0xeb, 0x58, 0xef, 0x0a, 0x1d, 
0xfe, 0x20, 0xfe, 0x20, 0xc2, 0x19, 0x02, 0x8b, 0x14, 0xce, 0x10, 0x1d, 0xbb, 0x7e, 0xbb, 0x7e, 0xf5, 0x49, 0x4b, 0x1d, 
0x9a, 0x87, 0x01, 0xee, 0x22, 0x9a, 0x87, 0x01, 0x99, 0x1e, 0xd4, 0x9d, 0x01, 0x18, 0xd3, 0x9d, 0x01, 0xe5, 0x1e, 0x16, 
0xd4, 0x5e, 0x50, 0x33, 0x00, 0x00, 0x47, 0x27, 0x00, 0x00, 0xcc, 0x3a, 0x00, 0x00, 0x8d, 0x2b, 0x00, 0x00, 0xe5, 0x1e, 
0x1d, 0xb4, 0x26, 0xa5, 0x3a, 0x00, 0x00, 0x47, 0x27, 0x00, 0x00, 0x5c, 0x43, 0x00, 0x00, 0x8d, 0x2b, 0x00, 0x00, 0x99, 
0x1e, 0xbf, 0x89, 0x01, 0x18, 0xc0, 0x89, 0x01, 0xc0, 0x10, 0x0c, 0xc1, 0x07, 0xa6, 0xdd, 0x01, 0xce, 0xce, 0x02, 0x99, 
0x1e, 0xd2, 0x1b, 0x18, 0x8f, 0xeb, 0x01, 0x99, 0x1e, 0xef, 0xc4, 0x01, 0x18, 0xf0, 0xc4, 0x01, 0xe5, 0x1e, 0x1d, 0xf9, 
0x1c, 0x02, 0x29, 0x00, 0x00, 0xa0, 0x2f, 0x00, 0x00, 0xa5, 0x3a, 0x00, 0x00, 0xed, 0x22, 0x00, 0x00, 0xc7, 0x18, 0x0c, 
0xa5, 0x78, 0xbb, 0xc1, 0x01, 0x9a, 0xb6, 0x01, 0xcb, 0x14, 0x09, 0xd2, 0x6e, 0xd2, 0x6e, 0xe6, 0x81, 0x02, 0xa7, 0x1e, 
0xe0, 0x4b, 0x00, 0xba, 0x1e, 0x00, 0x80, 0x43, 0xe0, 0x4b, 0x18, 0xff, 0x42, 0x01, 0x17, 0xba, 0x04, 0xd8, 0x8e, 0x01, 
0x01, 0x1d, 0xb4, 0x11, 0xc4, 0xa2, 0x01, 0x3d, 0x18, 0xf6, 0x20, 0xef, 0x15, 0xef, 0x15, 0x18, 0x22, 0x91, 0x1e, 0x00, 
0xe9, 0x06, 0x08, 0xc1, 0x84, 0x01, 0xfc, 0x51, 0xd3, 0xa2, 0x01, 0x97, 0x52, 0xcb, 0x63, 0x01, 0x18, 0xcc, 0x57, 0x87, 
0x4b, 0xc1, 0x0a, 0x0d, 0xbb, 0x0a, 0xbb, 0x0a, 0x00, 0xd2, 0x0a, 0x1d, 0xf3, 0x3c, 0xf3, 0x3c, 0xb6, 0xa9, 0x01, 0x00, 
0xc1, 0x0a, 0x0d, 0xb0, 0xab, 0x01, 0x80, 0x64, 0x01, 0xd2, 0x0a, 0x1d, 0x89, 0x3a, 0x89, 0x3a, 0xa6, 0x71, 0x01, 0xc1, 
0x0a, 0x0d, 0xfa, 0x6b, 0xf0, 0x95, 0x01, 0x02, 0xd2, 0x0a, 0x1d, 0xe7, 0xd6, 0x01, 0xe7, 0xd6, 0x01, 0xed, 0x6a, 0x02, 
0x99, 0x1e, 0xa9, 0x2e, 0x18, 0xaa, 0x2e, 0xe5, 0x1e, 0x1d, 0x8a, 0x55, 0xe8, 0x4c, 0x00, 0x00, 0x25, 0x54, 0x00, 0x00, 
0xf9, 0x2b, 0x00, 0x00, 0xbe, 0x39, 0x00, 0x00, 0x3d, 0x18, 0xce, 0x29, 0xce, 0x29, 0xce, 0x29, 0x18, 0xc1, 0x0a, 0x0d, 
0x93, 0x77, 0x93, 0x77, 0x00, 0xc1, 0x0a, 0x1d, 0xbc, 0x1c, 0xc5, 0x7a, 0x00, 0xce, 0x10, 0x1d, 0xec, 0x1b, 0xec, 0x1b, 
0xa8, 0x38, 0xc1, 0x0a, 0x0d, 0xbe, 0x14, 0xad, 0x2a, 0x01, 0xc1, 0x0a, 0x1d, 0x99, 0xd0, 0x01, 0xb5, 0x9a, 0x02, 0x01, 
0xce, 0x10, 0x1d, 0xde, 0xbb, 0x01, 0xde, 0xbb, 0x01, 0xbb, 0x14, 0xc1, 0x0a, 0x0d, 0xbe, 0x14, 0xab, 0x2a, 0x02, 0xc1, 
0x0a, 0x1d, 0x99, 0xd0, 0x01, 0xb3, 0x9a, 0x02, 0x02, 0xce, 0x10, 0x1d, 0xfa, 0xc9, 0x01, 0xfa, 0xc9, 0x01, 0x9f, 0x06, 
0xc1, 0x0a, 0x1d, 0xaf, 0x7f, 0xe9, 0xcf, 0x01, 0x03, 0x4b, 0x1d, 0x95, 0x0d, 0xc5, 0x8c, 0x01, 0x95, 0x0d, 0x4b, 0x1d, 
0xf6, 0x41, 0xb1, 0x3c, 0xf6, 0x41, 0x4b, 0x1d, 0x8a, 0x24, 0xa5, 0x18, 0x8a, 0x24, 0xc0, 0x0a, 0xa4, 0x08, 0xb2, 0x0c, 
0xa0, 0xaa, 0x01, 0xb2, 0x0c, 0xc1, 0x0a, 0x13, 0x93, 0x19, 0x93, 0x19, 0x00, 0xc1, 0x0a, 0x1d, 0xf9, 0x6e, 0x8d, 0x88, 
0x01, 0x01, 0x22, 0xfe, 0x39, 0xf9, 0x6e, 0x3d, 0x18, 0x8a, 0xc1, 0x01, 0x8a, 0xc1, 0x01, 0x8a, 0xc1, 0x01, 0x18, 0x13, 
0x8f, 0x05, 0xb3, 0x06, 0xab, 0x22, 0x8a, 0x14, 0xc1, 0x0a, 0x0d, 0x85, 0x56, 0xb9, 0x5c, 0x00, 0x22, 0x85, 0x56, 0x00, 
0x13, 0x8f, 0x05, 0xf0, 0x2f, 0xab, 0x22, 0x8d, 0x14, 0xc1, 0x0a, 0x0d, 0xdf, 0x6e, 0xa9, 0x9b, 0x01, 0x01, 0x22, 0xdf, 
0x6e, 0x00, 0x13, 0x8f, 0x05, 0xe2, 0x6e, 0xab, 0x22, 0x90, 0x14, 0xc1, 0x0a, 0x0d, 0xdf, 0x6e, 0xa7, 0x9b, 0x01, 0x02, 
0x22, 0xdf, 0x6e, 0x00, 0x23, 0xe2, 0x05, 0xb8, 0xbd, 0x01, 0xc5, 0x1f, 0x9a, 0x14, 0x8b, 0x14, 0x01, 0x65, 0xb1, 0x89, 
0x01, 0xb1, 0x89, 0x01, 0xc1, 0x12, 0x1d, 0xf7, 0x5a, 0xf7, 0x5a, 0x8f, 0x01, 0x22, 0xc4, 0x51, 0x00, 0xc1, 0x0a, 0x0d, 
0x90, 0xa9, 0x01, 0x90, 0xa9, 0x01, 0x01, 0x3f, 0x0d, 0xe6, 0x10, 0xe6, 0x10, 0xd2, 0x0a, 0x1d, 0xe1, 0x3d, 0xe1, 0x3d, 
0x94, 0x7c, 0x01, 0x13, 0x9b, 0x05, 0xae, 0x19, 0xc2, 0x26, 0x8b, 0x14, 0x22, 0x00, 0xae, 0x19, 0x8d, 0x1e, 0x88, 0x06, 
0xc6, 0x06, 0x08, 0x95, 0xd7, 0x01, 0x00, 0x8b, 0x03, 0xa7, 0x06, 0x95, 0x05, 0x9d, 0x04, 0xa7, 0x06, 0x17, 0xd4, 0x16, 
0xa7, 0x06, 0x1d, 0xd7, 0x12, 0x18, 0xe2, 0x9e, 0x02, 0xc1, 0x0a, 0x0d, 0xd3, 0xaf, 0x01, 0x8e, 0x6f, 0x03, 0xce, 0x16, 
0x09, 0xa0, 0x4a, 0xa0, 0x4a, 0x96, 0xd8, 0x01, 0xa7, 0x1e, 0xfe, 0x24, 0x00, 0xba, 0x1e, 0x00, 0xbc, 0x9c, 0x01, 0xfe, 
0x24, 0x18, 0xbb, 0x9c, 0x01, 0xc1, 0x0a, 0x0d, 0xce, 0xd7, 0x01, 0xc0, 0xf4, 0x01, 0x00, 0xc1, 0x0a, 0x0b, 0xf5, 0x9d, 
0x01, 0xf2, 0x43, 0x00, 0x01, 0x18, 0xc6, 0x7b, 0x8c, 0xd6, 0x01, 0x33, 0xcd, 0x05, 0xec, 0x57, 0xc4, 0x1b, 0x8b, 0x14, 
0xe5, 0x4e, 0x8b, 0x14, 0x01, 0x50, 0xd7, 0x0f, 0xd7, 0x0f, 0xb4, 0x0a, 0x56, 0xb5, 0xbc, 0x01, 0x52, 0x58, 0x00, 0x00, 
0xc1, 0x0a, 0x0d, 0xd8, 0x9c, 0x01, 0xb6, 0x28, 0x00, 0xc1, 0x0a, 0x18, 0xdb, 0x85, 0x01, 0xfc, 0x16, 0x00, 0xce, 0x10, 
0x18, 0x96, 0x74, 0x96, 0x74, 0xc5, 0x11, 0xc1, 0x0a, 0x0d, 0xbe, 0x14, 0xae, 0x2b, 0x01, 0xc1, 0x0a, 0x18, 0x8d, 0x0b, 
0xc2, 0x94, 0x01, 0x01, 0xce, 0x10, 0x18, 0xad, 0x09, 0xad, 0x09, 0xbb, 0x14, 0xc1, 0x0a, 0x0d, 0xbe, 0x14, 0xb0, 0x2b, 
0x02, 0xc1, 0x0a, 0x18, 0x8d, 0x0b, 0xc4, 0x94, 0x01, 0x02, 0xce, 0x10, 0x18, 0xee, 0x04, 0xee, 0x04, 0x9f, 0x06, 0xc1, 
0x0a, 0x18, 0xaf, 0x7f, 0x82, 0x1a, 0x03, 0x4b, 0x18, 0x95, 0x0d, 0xc5, 0x8c, 0x01, 0x95, 0x0d, 0x4b, 0x18, 0xaa, 0x54, 
0xfd, 0x29, 0xaa, 0x54, 0x4b, 0x18, 0x96, 0x2f, 0x9a, 0x05, 0x96, 0x2f, 0xce, 0x10, 0x18, 0xb1, 0x09, 0xb1, 0x09, 0xd7, 
0x0f, 0xc1, 0x0a, 0x0d, 0xf7, 0xc4, 0x01, 0xf0, 0x1f, 0x01, 0xc1, 0x0a, 0x0b, 0xdc, 0x7e, 0xf4, 0x8b, 0x01, 0x01, 0x01, 
0x18, 0xc6, 0x33, 0x8e, 0xd6, 0x01, 0x33, 0xcd, 0x05, 0xec, 0x57, 0xc4, 0x1b, 0x8b, 0x14, 0xe6, 0x72, 0x8b, 0x14, 0x01, 
0x50, 0xd7, 0x0f, 0xd7, 0x0f, 0xb4, 0x0a, 0x56, 0xb5, 0xbc, 0x01, 0x53, 0x58, 0x00, 0x00, 0xc1, 0x0a, 0x0d, 0xd8, 0x9c, 
0x01, 0xb6, 0x28, 0x00, 0xc1, 0x0a, 0x18, 0xdb, 0x85, 0x01, 0xfc, 0x16, 0x00, 0xce, 0x10, 0x18, 0x98, 0x74, 0x98, 0x74, 
0xc3, 0x11, 0xc1, 0x0a, 0x0d, 0xbe, 0x14, 0xb0, 0x2b, 0x01, 0xc1, 0x0a, 0x18, 0x8d, 0x0b, 0xc4, 0x94, 0x01, 0x01, 0xce, 
0x10, 0x18, 0xad, 0x09, 0xad, 0x09, 0xbb, 0x14, 0xc1, 0x0a, 0x0d, 0xbe, 0x14, 0xb2, 0x2b, 0x02, 0xc1, 0x0a, 0x18, 0x8d, 
0x0b, 0xc6, 0x94, 0x01, 0x02, 0xce, 0x10, 0x18, 0xec, 0x04, 0xec, 0x04, 0xa1, 0x06, 0xc1, 0x0a, 0x18, 0xaf, 0x7f, 0x82, 
0x1a, 0x03, 0x4b, 0x18, 0x95, 0x0d, 0xc5, 0x8c, 0x01, 0x95, 0x0d, 0x4b, 0x18, 0xaa, 0x54, 0xff, 0x29, 0xaa, 0x54, 0x4b, 
0x18, 0xb4, 0x3d, 0xb6, 0x13, 0xb4, 0x3d, 0xce, 0x10, 0x18, 0xb1, 0x99, 0x01, 0xb1, 0x99, 0x01, 0x98, 0x43, 0x4b, 0x18, 
0x9b, 0x31, 0xfb, 0xb2, 0x01, 0x9b, 0x31, 0xc1, 0x0a, 0x0d, 0xe4, 0x31, 0xd0, 0x63, 0x02, 0xc1, 0x0a, 0x0b, 0xbe, 0x2e, 
0xb6, 0x7f, 0x02, 0x01, 0x18, 0x86, 0x40, 0x90, 0xd6, 0x01, 0x33, 0xcd, 0x05, 0xec, 0x57, 0xc4, 0x1b, 0x8b, 0x14, 0xc7, 
0x6c, 0x8b, 0x14, 0x01, 0x50, 0xd7, 0x0f, 0xd7, 0x0f, 0xb4, 0x0a, 0x56, 0xb5, 0xbc, 0x01, 0x54, 0x58, 0x00, 0x00, 0xc1, 
0x0a, 0x0d, 0xd8, 0x9c, 0x01, 0xb6, 0x28, 0x00, 0xc1, 0x0a, 0x18, 0xdb, 0x85, 0x01, 0xfc, 0x16, 0x00, 0xce, 0x10, 0x18, 
0x9a, 0x74, 0x9a, 0x74, 0xc1, 0x11, 0xc1, 0x0a, 0x0d, 0xbe, 0x14, 0xb2, 0x2b, 0x01, 0xc1, 0x0a, 0x18, 0x8d, 0x0b, 0xc6, 
0x94, 0x01, 0x01, 0xce, 0x10, 0x18, 0xad, 0x09, 0xad, 0x09, 0xbb, 0x14, 0xc1, 0x0a, 0x0d, 0xbe, 0x14, 0xb4, 0x2b, 0x02, 
0xc1, 0x0a, 0x18, 0x8d, 0x0b, 0xc8, 0x94, 0x01, 0x02, 0xce, 0x10, 0x18, 0xea, 0x04, 0xea, 0x04, 0xa3, 0x06, 0xc1, 0x0a, 
0x18, 0xaf, 0x7f, 0x82, 0x1a, 0x03, 0x4b, 0x18, 0x95, 0x0d, 0xc5, 0x8c, 0x01, 0x95, 0x0d, 0x4b, 0x18, 0xaa, 0x54, 0x81, 
0x2a, 0xaa, 0x54, 0x4b, 0x18, 0xb4, 0x3d, 0xb4, 0x13, 0xb4, 0x3d, 0xce, 0x10, 0x18, 0xb1, 0x99, 0x01, 0xb1, 0x99, 0x01, 
0x45, 0x4b, 0x18, 0x95, 0x37, 0xf7, 0x05, 0x95, 0x37, 0xc1, 0x0a, 0x0b, 0xfc, 0x6e, 0x98, 0x88, 0x01, 0x03, 0x01, 0x18, 
0xd6, 0x9b, 0x01, 0xc2, 0xba, 0x02, 0x33, 0xcd, 0x05, 0xc3, 0x0c, 0xc4, 0x1b, 0x8b, 0x14, 0xf8, 0x70, 0x8b, 0x14, 0x01, 
0x50, 0xd7, 0x0f, 0xd7, 0x0f, 0xb4, 0x0a, 0x56, 0xb5, 0xbc, 0x01, 0x55, 0x58, 0x00, 0x00, 0xc1, 0x0a, 0x0d, 0xd8, 0x9c, 
0x01, 0xf9, 0x3b, 0x00, 0xc1, 0x0a, 0x18, 0xdb, 0x85, 0x01, 0xfc, 0x16, 0x00, 0xce, 0x10, 0x18, 0x9c, 0x74, 0x9c, 0x74, 
0xbf, 0x11, 0xc1, 0x0a, 0x0d, 0xbe, 0x14, 0xfb, 0x38, 0x01, 0xc1, 0x0a, 0x18, 0x8d, 0x0b, 0xc8, 0x94, 0x01, 0x01, 0xce, 
0x10, 0x18, 0xad, 0x09, 0xad, 0x09, 0xbb, 0x14, 0xc1, 0x0a, 0x0d, 0xbe, 0x14, 0xf9, 0x38, 0x02, 0xc1, 0x0a, 0x18, 0x8d, 
0x0b, 0xca, 0x94, 0x01, 0x02, 0xce, 0x10, 0x18, 0xe8, 0x04, 0xe8, 0x04, 0xa5, 0x06, 0xc1, 0x0a, 0x18, 0xaf, 0x7f, 0x82, 
0x1a, 0x03, 0x4b, 0x18, 0x95, 0x0d, 0xc5, 0x8c, 0x01, 0x95, 0x0d, 0x4b, 0x18, 0xaa, 0x54, 0x83, 0x2a, 0xaa, 0x54, 0x4b, 
0x18, 0xb4, 0x3d, 0xb2, 0x13, 0xb4, 0x3d, 0xce, 0x10, 0x18, 0x87, 0x9f, 0x01, 0x87, 0x9f, 0x01, 0xd7, 0x11, 0x4b, 0x18, 
0xec, 0x3a, 0xae, 0x6c, 0xec, 0x3a, 0x22, 0x9e, 0x9c, 0x01, 0x00, 0x8d, 0x1e, 0x18, 0xf1, 0x03, 0xc1, 0x0a, 0x0d, 0xbe, 
0x53, 0xee, 0xe7, 0x01, 0x00, 0xc1, 0x0a, 0x0b, 0xa1, 0x91, 0x01, 0xf4, 0x43, 0x00, 0x01, 0x18, 0xca, 0x7b, 0x92, 0xd6, 
0x01, 0x33, 0xcd, 0x05, 0xee, 0x57, 0xc4, 0x1b, 0x8b, 0x14, 0xe6, 0x4e, 0x8b, 0x14, 0x01, 0x50, 0xd7, 0x0f, 0xd7, 0x0f, 
0xb4, 0x0a, 0x56, 0xb5, 0xbc, 0x01, 0x56, 0x58, 0x00, 0x00, 0xc1, 0x0a, 0x0d, 0xd8, 0x9c, 0x01, 0xb8, 0x28, 0x00, 0xc1, 
0x0a, 0x18, 0xdb, 0x85, 0x01, 0xfc, 0x16, 0x00, 0xce, 0x10, 0x18, 0x9e, 0x74, 0x9e, 0x74, 0xbd, 0x11, 0xc1, 0x0a, 0x0d, 
0xbe, 0x14, 0xb8, 0x2b, 0x01, 0xc1, 0x0a, 0x18, 0x8d, 0x0b, 0xca, 0x94, 0x01, 0x01, 0xce, 0x10, 0x18, 0xad, 0x09, 0xad, 
0x09, 0xbb, 0x14, 0xc1, 0x0a, 0x0d, 0xbe, 0x14, 0xba, 0x2b, 0x02, 0xc1, 0x0a, 0x18, 0x8d, 0x0b, 0xcc, 0x94, 0x01, 0x02, 
0xce, 0x10, 0x18, 0xe6, 0x04, 0xe6, 0x04, 0xa7, 0x06, 0xc1, 0x0a, 0x18, 0xaf, 0x7f, 0x82, 0x1a, 0x03, 0x4b, 0x18, 0x95, 
0x0d, 0xc5, 0x8c, 0x01, 0x95, 0x0d, 0x4b, 0x18, 0xaa, 0x54, 0x85, 0x2a, 0xaa, 0x54, 0x4b, 0x18, 0x90, 0x2f, 0x8c, 0x05, 
0x90, 0x2f, 0xce, 0x10, 0x18, 0xb1, 0x09, 0xb1, 0x09, 0x83, 0x03, 0xc1, 0x0a, 0x0d, 0xf7, 0xc4, 0x01, 0xf2, 0x1f, 0x01, 
0xc1, 0x0a, 0x0b, 0xdc, 0x7e, 0xf6, 0x8b, 0x01, 0x01, 0x01, 0x18, 0xca, 0x33, 0x94, 0xd6, 0x01, 0x33, 0xcd, 0x05, 0xee, 
0x57, 0xc4, 0x1b, 0x8b, 0x14, 0xe7, 0x72, 0x8b, 0x14, 0x01, 0x50, 0xd7, 0x0f, 0xd7, 0x0f, 0xb4, 0x0a, 0x56, 0xb5, 0xbc, 
0x01, 0x57, 0x58, 0x00, 0x00, 0xc1, 0x0a, 0x0d, 0xd8, 0x9c, 0x01, 0xb8, 0x28, 0x00, 0xc1, 0x0a, 0x18, 0xdb, 0x85, 0x01, 
0xfc, 0x16, 0x00, 0xce, 0x10, 0x18, 0xa0, 0x74, 0xa0, 0x74, 0xbb, 0x11, 0xc1, 0x0a, 0x0d, 0xbe, 0x14, 0xba, 0x2b, 0x01, 
0xc1, 0x0a, 0x18, 0x8d, 0x0b, 0xcc, 0x94, 0x01, 0x01, 0xce, 0x10, 0x18, 0xad, 0x09, 0xad, 0x09, 0xbb, 0x14, 0xc1, 0x0a, 
0x0d, 0xbe, 0x14, 0xbc, 0x2b, 0x02, 0xc1, 0x0a, 0x18, 0x8d, 0x0b, 0xce, 0x94, 0x01, 0x02, 0xce, 0x10, 0x18, 0xe4, 0x04, 
0xe4, 0x04, 0xa9, 0x06, 0xc1, 0x0a, 0x18, 0xaf, 0x7f, 0x82, 0x1a, 0x03, 0x4b, 0x18, 0x95, 0x0d, 0xc5, 0x8c, 0x01, 0x95, 
0x0d, 0x4b, 0x18, 0xaa, 0x54, 0x87, 0x2a, 0xaa, 0x54, 0x4b, 0x18, 0xb2, 0x3d, 0xac, 0x13, 0xb2, 0x3d, 0xce, 0x10, 0x18, 
0xb3, 0x99, 0x01, 0xb3, 0x99, 0x01, 0x9a, 0x43, 0x4b, 0x18, 0x9d, 0x31, 0xfb, 0xb2, 0x01, 0x9d, 0x31, 0xc1, 0x0a, 0x0d, 
0xe4, 0x31, 0xd2, 0x63, 0x02, 0xc1, 0x0a, 0x0b, 0xbe, 0x2e, 0xb8, 0x7f, 0x02, 0x01, 0x18, 0x8a, 0x40, 0x96, 0xd6, 0x01, 
0x33, 0xcd, 0x05, 0xee, 0x57, 0xc4, 0x1b, 0x8b, 0x14, 0xc8, 0x6c, 0x8b, 0x14, 0x01, 0x50, 0xd7, 0x0f, 0xd7, 0x0f, 0xb4, 
0x0a, 0x56, 0xb5, 0xbc, 0x01, 0x58, 0x58, 0x00, 0x00, 0xc1, 0x0a, 0x0d, 0xd8, 0x9c, 0x01, 0xb8, 0x28, 0x00, 0xc1, 0x0a, 
0x18, 0xdb, 0x85, 0x01, 0xfc, 0x16, 0x00, 0xce, 0x10, 0x18, 0xa2, 0x74, 0xa2, 0x74, 0xb9, 0x11, 0xc1, 0x0a, 0x0d, 0xbe, 
0x14, 0xbc, 0x2b, 0x01, 0xc1, 0x0a, 0x18, 0x8d, 0x0b, 0xce, 0x94, 0x01, 0x01, 0xce, 0x10, 0x18, 0xad, 0x09, 0xad, 0x09, 
0xbb, 0x14, 0xc1, 0x0a, 0x0d, 0xbe, 0x14, 0xbe, 0x2b, 0x02, 0xc1, 0x0a, 0x18, 0x8d, 0x0b, 0xd0, 0x94, 0x01, 0x02, 0xce, 
0x10, 0x18, 0xe2, 0x04, 0xe2, 0x04, 0xab, 0x06, 0xc1, 0x0a, 0x18, 0xaf, 0x7f, 0x82, 0x1a, 0x03, 0x4b, 0x18, 0x95, 0x0d, 
0xc5, 0x8c, 0x01, 0x95, 0x0d, 0x4b, 0x18, 0xaa, 0x54, 0x89, 0x2a, 0xaa, 0x54, 0x4b, 0x18, 0xb2, 0x3d, 0xaa, 0x13, 0xb2, 
0x3d, 0xce, 0x10, 0x18, 0xe5, 0x8b, 0x01, 0xe5, 0x8b, 0x01, 0x8a, 0x0d, 0x4b, 0x18, 0xce, 0x7d, 0xbc, 0xbc, 0x01, 0xce, 
0x7d, 0x3f, 0x0d, 0xba, 0x08, 0xd6, 0x87, 0x01, 0xc3, 0x10, 0x0d, 0xdd, 0x42, 0xdd, 0x42, 0xf2, 0xf8, 0x01, 0xbd, 0x0c, 
0x0b, 0x88, 0x53, 0x88, 0x53, 0xc1, 0x0a, 0x0b, 0xf7, 0x4f, 0xbe, 0xa4, 0x01, 0x03, 0xc2, 0x10, 0x0b, 0x8c, 0x45, 0x8c, 
0x45, 0xfc, 0x9a, 0x02, 0xc0, 0x10, 0x0b, 0xfc, 0x43, 0x90, 0x39, 0xfc, 0x43, 0x99, 0x1e, 0xca, 0x1a, 0x18, 0xc9, 0x1a, 
0xe5, 0x1e, 0x18, 0xf9, 0xa1, 0x01, 0x55, 0x4d, 0x00, 0x00, 0xd8, 0x36, 0x00, 0x00, 0x4f, 0x3c, 0x00, 0x00, 0x47, 0x4a, 
0x00, 0x00, 0xe5, 0x1e, 0x0b, 0x95, 0x29, 0x87, 0x53, 0x00, 0x00, 0xd8, 0x36, 0x00, 0x00, 0x83, 0x34, 0x00, 0x00, 0x47, 
0x4a, 0x00, 0x00, 0xc0, 0x16, 0x09, 0x92, 0x10, 0x92, 0x10, 0xc7, 0xd5, 0x01, 0xb6, 0x1e, 0x87, 0x58, 0xb7, 0x77, 0x00, 
0xba, 0x1e, 0x00, 0xb7, 0x77, 0x87, 0x58, 0x18, 0xb8, 0x77, 0xc9, 0x10, 0x0b, 0xa7, 0xc2, 0x01, 0xdd, 0x3a, 0xde, 0x3c, 
0xbc, 0x0e, 0x0c, 0xae, 0x5d, 0xae, 0x5d, 0xc6, 0x10, 0x0b, 0xb5, 0x3c, 0xe5, 0x19, 0xd6, 0x5d, 0xbc, 0x0e, 0x0c, 0xaa, 
0xf6, 0x01, 0xaa, 0xf6, 0x01, 0xc0, 0x0a, 0x12, 0xab, 0xc3, 0x01, 0xb7, 0x09, 0xab, 0xc3, 0x01, 0x01, 0xfe, 0x03, 0xc4, 
0xca, 0x01, 0xe2, 0xbe, 0x02, 0xb4, 0x0c, 0x96, 0x01, 0xbf, 0xbb, 0x01, 0xbf, 0xbb, 0x01, 0xef, 0x0a, 0x1d, 0x85, 0x41, 
0x85, 0x41, 0x81, 0x32, 0x02, 0x8b, 0x14, 0x2d, 0x13, 0xfa, 0xdf, 0x01, 0xfa, 0xdf, 0x01, 0xfa, 0xdf, 0x01, 0x10, 0xc1, 
0x0a, 0x0d, 0xb2, 0x06, 0xb2, 0x06, 0x00, 0xbd, 0x0c, 0x0b, 0xe6, 0x0d, 0xe6, 0x0d, 0x01, 0x18, 0x83, 0xda, 0x01, 0xe4, 
0x5f, 0x33, 0xcd, 0x05, 0xd3, 0x29, 0xc4, 0x1b, 0x8b, 0x14, 0xb6, 0xbe, 0x01, 0x8b, 0x14, 0x01, 0x50, 0x9e, 0xe8, 0x01, 
0x9e, 0xe8, 0x01, 0xb4, 0x0a, 0x56, 0xb5, 0xbc, 0x01, 0x59, 0x58, 0x00, 0x00, 0xc1, 0x0a, 0x0d, 0xd8, 0x9c, 0x01, 0xec, 
0x9e, 0x01, 0x00, 0xc1, 0x0a, 0x18, 0xdb, 0x85, 0x01, 0xfc, 0x16, 0x00, 0xce, 0x10, 0x18, 0xa4, 0x74, 0xa4, 0x74, 0xb7, 
0x11, 0xc1, 0x0a, 0x0d, 0xbe, 0x14, 0xf2, 0xa1, 0x01, 0x01, 0xc1, 0x0a, 0x18, 0x8d, 0x0b, 0xd0, 0x94, 0x01, 0x01, 0xce, 
0x10, 0x18, 0xad, 0x09, 0xad, 0x09, 0xbb, 0x14, 0xc1, 0x0a, 0x0d, 0xc0, 0x14, 0xf6, 0xa1, 0x01, 0x02, 0xc1, 0x0a, 0x18, 
0x8f, 0x0b, 0xd2, 0x94, 0x01, 0x02, 0xce, 0x10, 0x18, 0xe0, 0x04, 0xe0, 0x04, 0xaf, 0x06, 0xc1, 0x0a, 0x18, 0xaf, 0x7f, 
0x82, 0x1a, 0x03, 0x4b, 0x18, 0x95, 0x0d, 0xc5, 0x8c, 0x01, 0x95, 0x0d, 0x4b, 0x18, 0x8e, 0x42, 0xa7, 0x3c, 0x8e, 0x42, 
0x4b, 0x18, 0xd9, 0x31, 0xff, 0x6d, 0xd9, 0x31, 0xc1, 0x0a, 0x0d, 0x9a, 0x75, 0x9d, 0x31, 0x01, 0xce, 0x10, 0x18, 0xe5, 
0x16, 0xb4, 0x5e, 0xe5, 0x16, 0x4b, 0x18, 0xb1, 0x2f, 0xc4, 0x26, 0xb1, 0x2f, 0xc0, 0x10, 0x0b, 0x97, 0x1f, 0xc2, 0x30, 
0xea, 0xa9, 0x01, 0x99, 0x1e, 0xcd, 0x9a, 0x01, 0x18, 0xd8, 0x37, 0x22, 0xda, 0xc6, 0x01, 0x84, 0x3f, 0x8d, 0x1e, 0x88, 
0x06, 0x00, 0x00, 0x00, 0x00, 0x00, 0x00, 0x00, 0xb8, 0x12, 0x00, 0x00, 0x00, 0x00, 0x00, 0x00, 0x4c, 0x4f, 0x4d, 0x53, 
0x00, 0x03, 0x01, 0x00, 0x0b, 0x00, 0x08, 0x00, 0xd0, 0x61, 0x00, 0x00, 0x00, 0x00, 0x00, 0x00, 0x00, 0x33, 0x00, 0x00, 
0x91, 0x02, 0x01, 0x91, 0x02, 0x20, 0xd1, 0x10, 0x02, 0x47, 0x4c, 0x53, 0x4c, 0x2e, 0x73, 0x74, 0x64, 0x2e, 0x34, 0x35, 
0x30, 0x00, 0x00, 0x00, 0x00, 0xa0, 0x04, 0x00, 0x01, 0xff, 0x0f, 0x00, 0x9f, 0x2c, 0xed, 0xc2, 0xa5, 0xf3, 0x06, 0x00, 
0x8c, 0x1a, 0xa9, 0x20, 0x82, 0x1f, 0xaf, 0x2e, 0x93, 0x2d, 0xcf, 0x2d, 0xb0, 0x23, 0x84, 0x28, 0xab, 0x22, 0xd9, 0x1b, 
0xc2, 0x26, 0x10, 0xa2, 0x1e, 0x06, 0x10, 0x37, 0xeb, 0x01, 0x0b, 0x00, 0x05, 0x00, 0x07, 0x01, 0x10, 0x00, 0x23, 0x00, 
0x01, 0x05, 0x00, 0x07, 0x01, 0x10, 0x00, 0x23, 0x40, 0x01, 0x23, 0x30, 0x01, 0x23, 0x04, 0x01, 0x23, 0x04, 0x01, 0x23, 
0x04, 0x01, 0x23, 0x04, 0x10, 0x90, 0x32, 0x01, 0x01, 0x10, 0x9b, 0x45, 0x06, 0x80, 0x02, 0x00, 0xa8, 0x18, 0x02, 0x47, 
0x00, 0x01, 0x00, 0x23, 0x00, 0x10, 0xe2, 0x11, 0x21, 0x00, 0x10, 0x00, 0x22, 0x01, 0x00, 0x64, 0x0e, 0x10, 0x00, 0x1e, 
0x0a, 0x10, 0xb2, 0x21, 0x01, 0x08, 0x10, 0xdd, 0x3e, 0x06, 0x40, 0x10, 0x02, 0x06, 0x40, 0x10, 0xac, 0x04, 0x06, 0x10, 
0x10, 0xae, 0x05, 0x06, 0x10, 0x10, 0x02, 0x06, 0x10, 0x10, 0x02, 0x06, 0x10, 0x10, 0x50, 0x06, 0x10, 0x00, 0xef, 0x1e, 
0x02, 0x37, 0x00, 0x95, 0x00, 0x05, 0x00, 0x07, 0x01, 0x10, 0x00, 0x23, 0x00, 0x01, 0x05, 0x00, 0x07, 0x01, 0x10, 0x00, 
0x23, 0x40, 0x01, 0x05, 0x00, 0x07, 0x01, 0x10, 0x00, 0x23, 0x40, 0x01, 0x05, 0x00, 0x07, 0x01, 0x10, 0x00, 0x23, 0x40, 
0x01, 0x05, 0x00, 0x07, 0x01, 0x10, 0x00, 0x23, 0x40, 0x01, 0x05, 0x00, 0x07, 0x01, 0x10, 0x00, 0x23, 0x80, 0x02, 0x01, 
0x05, 0x00, 0x07, 0x01, 0x10, 0x00, 0x23, 0x80, 0x02, 0x01, 0x05, 0x00, 0x07, 0x01, 0x10, 0x00, 0x23, 0x40, 0x01, 0x05, 
0x00, 0x07, 0x01, 0x10, 0x00, 0x23, 0x30, 0x01, 0x23, 0x40, 0x01, 0x23, 0x10, 0x01, 0x23, 0x08, 0x01, 0x23, 0x04, 0x01, 
0x23, 0x04, 0x01, 0x23, 0x10, 0x01, 0x23, 0x10, 0x01, 0x23, 0x08, 0x01, 0x23, 0x08, 0x01, 0x23, 0x04, 0x01, 0x00, 0x00, 
0x23, 0x04, 0x01, 0x23, 0x08, 0x01, 0x23, 0x04, 0x01, 0x23, 0x04, 0x01, 0x23, 0x04, 0x01, 0x23, 0x04, 0x01, 0x23, 0x04, 
0x01, 0x00, 0x00, 0x23, 0x04, 0x01, 0x00, 0x00, 0x23, 0x04, 0x01, 0x00, 0x00, 0x23, 0x04, 0x01, 0x00, 0x00, 0x23, 0x10, 
0x01, 0x00, 0x00, 0x23, 0x0c, 0x01, 0x00, 0x00, 0x23, 0x04, 0x01, 0x00, 0x00, 0x23, 0x08, 0x01, 0x00, 0x00, 0x23, 0x04, 
0x01, 0x00, 0x00, 0x23, 0x04, 0x01, 0x00, 0x00, 0x23, 0x04, 0x01, 0x23, 0x04, 0x01, 0x00, 0x00, 0x23, 0x04, 0x01, 0x00, 
0x00, 0x23, 0x04, 0x01, 0x23, 0x90, 0x01, 0x01, 0x00, 0x00, 0x23, 0x0c, 0x01, 0x23, 0x04, 0x01, 0x23, 0x10, 0x01, 0x23, 
0x10, 0x01, 0x00, 0x00, 0x23, 0x08, 0x01, 0x00, 0x00, 0x23, 0x04, 0x01, 0x23, 0x04, 0x01, 0x00, 0x00, 0x23, 0x08, 0x01, 
0x00, 0x00, 0x23, 0x04, 0x01, 0x23, 0x04, 0x01, 0x00, 0x00, 0x23, 0x10, 0x01, 0x00, 0x00, 0x23, 0x04, 0x01, 0x23, 0x04, 
0x01, 0x00, 0x00, 0x23, 0x08, 0x01, 0x23, 0x04, 0x01, 0x00, 0x00, 0x23, 0x04, 0x01, 0x00, 0x00, 0x23, 0x04, 0x01, 0x23, 
0x04, 0x01, 0x23, 0x0c, 0x01, 0x23, 0x04, 0x01, 0x23, 0x04, 0x01, 0x23, 0x04, 0x01, 0x23, 0x04, 0x01, 0x23, 0x04, 0x01, 
0x23, 0x0c, 0x01, 0x23, 0x04, 0x01, 0x23, 0x04, 0x01, 0x23, 0x04, 0x01, 0x23, 0x04, 0x01, 0x05, 0x00, 0x07, 0x01, 0x10, 
0x00, 0x23, 0x04, 0x01, 0x23, 0x30, 0x01, 0x23, 0x08, 0x01, 0x05, 0x00, 0x07, 0x01, 0x10, 0x00, 0x23, 0x08, 0x01, 0x05, 
0x00, 0x07, 0x01, 0x10, 0x00, 0x23, 0x40, 0x01, 0x00, 0x00, 0x23, 0x40, 0x01, 0x00, 0x00, 0x23, 0x04, 0x01, 0x00, 0x00, 
0x23, 0x04, 0x01, 0x00, 0x00, 0x23, 0x04, 0x01, 0x23, 0x04, 0x01, 0x23, 0x40, 0x01, 0x00, 0x00, 0x23, 0x04, 0x01, 0x00, 
0x00, 0x23, 0x04, 0x01, 0x00, 0x00, 0x23, 0x04, 0x01, 0x23, 0x04, 0x01, 0x23, 0x40, 0x01, 0x00, 0x00, 0x23, 0x40, 0x01, 
0x00, 0x00, 0x23, 0x04, 0x01, 0x00, 0x00, 0x23, 0x04, 0x01, 0x00, 0x00, 0x23, 0x04, 0x01, 0x00, 0x00, 0x23, 0x04, 0x10, 
0xde, 0x3c, 0x21, 0x00, 0x10, 0x00, 0x22, 0x00, 0x10, 0xc8, 0x01, 0x0b, 0x2a, 0x37, 0x8b, 0x2e, 0x05, 0x00, 0x05, 0x00, 
0x07, 0x01, 0x10, 0x00, 0x23, 0x00, 0x01, 0x23, 0x30, 0x01, 0x23, 0x0c, 0x10, 0xbf, 0x05, 0x06, 0x40, 0x00, 0x84, 0x1c, 
0x02, 0x47, 0x00, 0x01, 0x00, 0x23, 0x00, 0x10, 0xfe, 0x0d, 0x21, 0x01, 0x10, 0x00, 0x22, 0x01, 0x10, 0xb6, 0x0f, 0x21, 
0x05, 0x10, 0x00, 0x22, 0x01, 0x00, 0x8f, 0x37, 0x02, 0x47, 0x00, 0x01, 0x00, 0x23, 0x00, 0x10, 0xc0, 0x13, 0x06, 0x10, 
0x00, 0xe6, 0x02, 0x02, 0x37, 0x00, 0x02, 0x00, 0x00, 0x00, 0x23, 0x00, 0x10, 0xd6, 0x19, 0x21, 0x02, 0x10, 0x00, 0x22, 
0x01, 0x10, 0xcb, 0x02, 0x21, 0x03, 0x10, 0x00, 0x22, 0x01, 0x10, 0xa6, 0x01, 0x1e, 0x00, 0x10, 0xda, 0x1e, 0x1e, 0x05, 
0x10, 0xb7, 0x02, 0x1e, 0x06, 0x10, 0x78, 0x1e, 0x03, 0x10, 0xbd, 0x14, 0x0b, 0x2b, 0x10, 0xa8, 0x09, 0x1e, 0x05, 0x10, 
0xb1, 0x0b, 0x1e, 0x06, 0x10, 0xa3, 0x0d, 0x1e, 0x09, 0x00, 0xd7, 0x12, 0x02, 0x47, 0x00, 0x04, 0x00, 0x0b, 0x01, 0x00, 
0x01, 0x0b, 0x01, 0x01, 0x01, 0x0b, 0x01, 0x03, 0x01, 0x0b, 0x01, 0x04, 0x00, 0xba, 0xab, 0x01, 0x00, 0x93, 0x02, 0x0e, 
0xa1, 0x04, 0xf4, 0x13, 0x08, 0xa6, 0x02, 0xe9, 0x13, 0x20, 0xb7, 0x02, 0x20, 0x0d, 0x04, 0xb8, 0x02, 0x90, 0x01, 0x1d, 
0x04, 0xb7, 0x02, 0x99, 0x01, 0x0d, 0x03, 0xb5, 0x02, 0x17, 0x20, 0x01, 0x3e, 0x92, 0x0a, 0x07, 0x18, 0xb5, 0x02, 0x93, 
0x0a, 0x20, 0x00, 0xb7, 0x02, 0x18, 0x0b, 0x04, 0xd1, 0x04, 0xe8, 0x05, 0x08, 0x95, 0x05, 0x17, 0x1d, 0xb7, 0x02, 0xef, 
0x05, 0x0d, 0x02, 0xbe, 0x02, 0xa2, 0x10, 0x13, 0x1d, 0xbb, 0x04, 0x0b, 0xcc, 0x17, 0x00, 0x00, 0x00, 0x00, 0xbb, 0x04, 
0x0c, 0x02, 0x00, 0x00, 0x00, 0x00, 0xbb, 0x04, 0x0b, 0x04, 0x01, 0x00, 0x00, 0x00, 0xbb, 0x04, 0x0c, 0x02, 0x01, 0x00, 
0x00, 0x00, 0xbb, 0x04, 0x0b, 0x04, 0x02, 0x00, 0x00, 0x00, 0xbb, 0x04, 0x0c, 0x02, 0x02, 0x00, 0x00, 0x00, 0xbb, 0x04, 
0x0c, 0x06, 0x03, 0x00, 0x00, 0x00, 0xb8, 0x02, 0x9b, 0x27, 0x18, 0x03, 0xbb, 0x04, 0x0b, 0xb8, 0x27, 0x08, 0x00, 0x00, 
0x00, 0xbc, 0x02, 0xa1, 0x0a, 0x1d, 0xa2, 0x14, 0x8e, 0x03, 0xeb, 0x01, 0x65, 0x46, 0x0c, 0x0c, 0x0c, 0x0d, 0x91, 0x0f, 
0xb2, 0x06, 0x0c, 0x90, 0x32, 0x40, 0x00, 0x00, 0x00, 0xbc, 0x02, 0x9b, 0x45, 0x9b, 0x0e, 0xa3, 0x27, 0xae, 0x02, 0xa8, 
0x18, 0xd5, 0x04, 0x3e, 0xfa, 0x09, 0x02, 0xe9, 0x10, 0x39, 0xe6, 0x15, 0xe8, 0x07, 0x02, 0x3e, 0xef, 0x27, 0x02, 0x65, 
0x3e, 0xb1, 0x01, 0x02, 0x0c, 0xbb, 0x04, 0x0c, 0xa2, 0x1e, 0x05, 0x00, 0x00, 0x00, 0x3e, 0x9f, 0x1e, 0x02, 0x0d, 0x3e, 
0x02, 0x03, 0x0c, 0x39, 0x8b, 0x05, 0x82, 0x2a, 0x03, 0xb2, 0x06, 0x0c, 0xb2, 0x21, 0x02, 0x00, 0x00, 0x00, 0xbb, 0x04, 
0x0b, 0x9d, 0x2d, 0x04, 0x00, 0x00, 0x00, 0xbc, 0x02, 0xbf, 0x11, 0x65, 0x96, 0x14, 0xbc, 0x02, 0x02, 0x65, 0x96, 0x14, 
0xb7, 0x02, 0xc5, 0x16, 0x0b, 0x03, 0xbb, 0x04, 0x0b, 0xa2, 0x28, 0x09, 0x00, 0x00, 0x00, 0xbc, 0x02, 0xaf, 0x0d, 0x18, 
0xa5, 0x14, 0xbc, 0x02, 0xae, 0x05, 0x1d, 0x96, 0x14, 0xbc, 0x02, 0x02, 0x1d, 0x96, 0x14, 0xbc, 0x02, 0x02, 0x1d, 0x96, 
0x14, 0xbc, 0x02, 0x50, 0x1d, 0xa5, 0x14, 0xbe, 0x83, 0xc0, 0x02, 0xef, 0x1e, 0x65, 0x65, 0x65, 0x65, 0xb6, 0x0b, 0xb7, 
0x0b, 0x65, 0x46, 0x65, 0x1d, 0x13, 0x0d, 0x0d, 0x1d, 0x1d, 0x13, 0x13, 0x0d, 0x0d, 0x13, 0x0d, 0x0d, 0x0d, 0x0d, 0x0d, 
0x0d, 0x0d, 0x0d, 0x1d, 0x14, 0x0c, 0x13, 0x0c, 0x0c, 0x0c, 0x0c, 0x0d, 0x0d, 0xcd, 0x0d, 0x18, 0x0d, 0x1d, 0x1d, 0x13, 
0x0c, 0x0d, 0x13, 0x0d, 0x0d, 0x1d, 0x0c, 0x0d, 0x13, 0x0d, 0x0d, 0x0d, 0x0b, 0x18, 0x0d, 0x0d, 0x0b, 0x0d, 0x0d, 0x18, 
0x0d, 0x0d, 0x0d, 0x0d, 0x0d, 0x46, 0x13, 0x13, 0x65, 0x65, 0x0d, 0x0d, 0x0d, 0x0d, 0xa4, 0x10, 0x0c, 0x0d, 0x0d, 0x0d, 
0xa5, 0x10, 0xa6, 0x10, 0x0c, 0x0c, 0x0c, 0x0c, 0xce, 0x10, 0x3e, 0xfa, 0x09, 0x02, 0x96, 0x01, 0x39, 0x93, 0x06, 0xe4, 
0x32, 0x02, 0x3e, 0xf1, 0x34, 0x01, 0x0c, 0x39, 0x8c, 0x05, 0xba, 0x36, 0x01, 0xb8, 0x02, 0xa5, 0x3f, 0x18, 0x04, 0xb8, 
0x02, 0x0b, 0x1d, 0x03, 0xce, 0x02, 0xa6, 0x11, 0x50, 0x18, 0x0d, 0xbb, 0x04, 0x0b, 0xb7, 0x0d, 0x00, 0x01, 0x00, 0x00, 
0xbc, 0x02, 0xf8, 0x07, 0xa3, 0x09, 0xc7, 0x02, 0xae, 0x02, 0x84, 0x1c, 0xc3, 0x06, 0x3e, 0x8b, 0x25, 0x02, 0xc5, 0x14, 
0x39, 0xff, 0x01, 0x8a, 0x33, 0x02, 0x3e, 0xed, 0x2b, 0x02, 0x50, 0xbb, 0x04, 0x0b, 0x8c, 0x1d, 0x03, 0x00, 0x00, 0x00, 
0xbb, 0x04, 0x0d, 0x0d, 0x00, 0x00, 0x00, 0x00, 0x94, 0x02, 0x85, 0x28, 0xbb, 0x04, 0x0d, 0x82, 0x02, 0x00, 0x00, 0x80, 
0x3f, 0xb7, 0x02, 0xef, 0x01, 0x0c, 0x02, 0xbb, 0x04, 0x0b, 0xe4, 0x29, 0x00, 0x08, 0x00, 0x00, 0x89, 0x03, 0xd9, 0x27, 
0x0d, 0x01, 0x00, 0x00, 0x00, 0x01, 0x00, 0xab, 0x02, 0xce, 0x05, 0x97, 0x01, 0x3e, 0xfa, 0x09, 0x00, 0xfe, 0x03, 0x39, 
0xfb, 0x08, 0xc8, 0x34, 0x00, 0xae, 0x02, 0x8f, 0x37, 0x0c, 0x3e, 0xfa, 0x09, 0x09, 0xd7, 0x07, 0x39, 0xd4, 0x0c, 0xa2, 
0x17, 0x09, 0x3e, 0xaf, 0x26, 0x09, 0x0c, 0xb7, 0x02, 0xed, 0x09, 0x0c, 0x03, 0xbb, 0x04, 0x0c, 0xde, 0x29, 0x00, 0x08, 
0x00, 0x00, 0xbc, 0x02, 0x9b, 0x07, 0x1d, 0xc7, 0x02, 0xae, 0x02, 0xe6, 0x02, 0xb7, 0x11, 0x3e, 0x8b, 0x25, 0x02, 0xea, 
0x12, 0x39, 0x24, 0xe2, 0x3e, 0x02, 0x89, 0x03, 0xfd, 0x3b, 0x0d, 0x01, 0x00, 0x01, 0x00, 0x01, 0x00, 0xab, 0x02, 0xd2, 
0x04, 0xd6, 0x01, 0x3e, 0xfa, 0x09, 0x00, 0xff, 0x03, 0x39, 0xfc, 0x08, 0xe6, 0x2a, 0x00, 0x3e, 0xa9, 0x32, 0x01, 0x1d, 
0x39, 0x9a, 0x05, 0xd0, 0x33, 0x01, 0xbb, 0x04, 0x0c, 0xf3, 0x2c, 0x00, 0x02, 0x00, 0x00, 0xbb, 0x04, 0x0c, 0xff, 0x0b, 
0x00, 0x01, 0x00, 0x00, 0x3e, 0x98, 0x05, 0x01, 0x17, 0x39, 0x94, 0x05, 0xb6, 0x52, 0x01, 0x39, 0x9a, 0x05, 0xb7, 0x02, 
0x01, 0x3e, 0x85, 0x50, 0x01, 0x13, 0x39, 0x90, 0x05, 0xfe, 0x50, 0x01, 0x3e, 0x81, 0x51, 0x01, 0x0d, 0x39, 0x8c, 0x05, 
0xc4, 0x3c, 0x01, 0x3e, 0xbd, 0x3c, 0x03, 0x13, 0x39, 0x91, 0x05, 0xe6, 0x45, 0x03, 0x3e, 0xd1, 0x45, 0x03, 0x1d, 0x39, 
0x9b, 0x05, 0xa0, 0x3a, 0x03, 0x3e, 0xb7, 0x3a, 0x03, 0x0d, 0x39, 0x9b, 0x05, 0x94, 0x2d, 0x03, 0xbb, 0x04, 0x0d, 0xff, 
0x36, 0x00, 0x00, 0x00, 0x40, 0xbb, 0x04, 0x0d, 0xd0, 0x0c, 0x00, 0x00, 0x80, 0xbf, 0xbc, 0x02, 0x07, 0x0d, 0x90, 0x14, 
0xbc, 0x02, 0x13, 0x0d, 0x8d, 0x14, 0xde, 0x02, 0xf4, 0x17, 0x1d, 0x0d, 0xbd, 0x06, 0xb3, 0x06, 0x3e, 0xfa, 0x09, 0x03, 
0xad, 0x12, 0x39, 0xaa, 0x17, 0xb0, 0x1e, 0x03, 0xad, 0x06, 0x1d, 0xff, 0x4c, 0xc6, 0x06, 0x08, 0xba, 0x58, 0x00, 0x82, 
0x0a, 0x18, 0x82, 0x66, 0x39, 0x95, 0x05, 0xb2, 0x7d, 0x07, 0x01, 0x0c, 0xdb, 0xce, 0x01, 0xb6, 0x26, 0x22, 0xfe, 0x38, 
0x00, 0x01, 0x0c, 0x90, 0xc4, 0x01, 0x8e, 0xfd, 0x01, 0xc7, 0x10, 0x0c, 0xc7, 0x51, 0xc7, 0x51, 0x94, 0x8a, 0x01, 0x33, 
0xe2, 0x05, 0xeb, 0x2a, 0xda, 0x19, 0x8b, 0x14, 0xef, 0x6f, 0x8b, 0x14, 0x01, 0x65, 0x96, 0x80, 0x01, 0x96, 0x80, 0x01, 
0x33, 0x89, 0x05, 0xbe, 0x24, 0xda, 0x19, 0x8b, 0x14, 0xef, 0x6f, 0x91, 0x14, 0x01, 0x0c, 0x9c, 0x23, 0x9c, 0x23, 0x33, 
0x89, 0x05, 0x99, 0x23, 0xda, 0x19, 0x8b, 0x14, 0xef, 0x6f, 0x94, 0x14, 0x01, 0x0c, 0x9c, 0x23, 0x9c, 0x23, 0x13, 0x8e, 
0x05, 0x99, 0x23, 0xcf, 0x2d, 0x8a, 0x14, 0x01, 0x0d, 0x9c, 0x23, 0x9c, 0x23, 0x13, 0x8e, 0x05, 0xd3, 0x0f, 0xcf, 0x2d, 
0x8d, 0x14, 0x01, 0x0d, 0x91, 0x9d, 0x01, 0x91, 0x9d, 0x01, 0xc3, 0x10, 0x0d, 0xd0, 0xb0, 0x01, 0xbc, 0xfe, 0x02, 0xd0, 
0xb0, 0x01, 0xc0, 0x0a, 0x13, 0xdb, 0x98, 0x02, 0xf1, 0x94, 0x02, 0xdb, 0x98, 0x02, 0x01, 0x1d, 0x90, 0x3c, 0x80, 0x66, 
0xc7, 0x18, 0x0c, 0x8c, 0xc9, 0x01, 0xd3, 0x0f, 0x80, 0xdc, 0x02, 0xcb, 0x14, 0x09, 0xf7, 0xaa, 0x01, 0xf7, 0xaa, 0x01, 
0x82, 0x9a, 0x01, 0xa7, 0x1e, 0xb1, 0x8e, 0x01, 0x00, 0xba, 0x1e, 0x00, 0xfb, 0x25, 0xb1, 0x8e, 0x01, 0x18, 0xfc, 0x25, 
0x01, 0x0c, 0xf1, 0x0c, 0xd0, 0x9a, 0x01, 0x13, 0x8d, 0x05, 0xa1, 0x70, 0xa5, 0x18, 0x8b, 0x14, 0x01, 0x0c, 0xd0, 0x7e, 
0xd0, 0x7e, 0xc0, 0x10, 0x0c, 0xc6, 0x63, 0xf4, 0x71, 0xc6, 0x63, 0xcb, 0x10, 0x0c, 0xb1, 0x9d, 0x01, 0xb1, 0x9d, 0x01, 
0xda, 0x85, 0x01, 0xc7, 0x10, 0x0c, 0x81, 0x2a, 0xb3, 0xc7, 0x01, 0xd8, 0x5b, 0xd0, 0x0a, 0x16, 0xda, 0xe8, 0x01, 0xd8, 
0xbe, 0x01, 0xda, 0xe8, 0x01, 0xa6, 0xc6, 0x02, 0x99, 0x1e, 0xa4, 0x13, 0x18, 0xa3, 0x13, 0xe5, 0x1e, 0x16, 0xf7, 0x8d, 
0x01, 0x9e, 0x5b, 0x00, 0x00, 0x0a, 0x3a, 0x00, 0x00, 0x9c, 0x33, 0x00, 0x00, 0x96, 0x5f, 0x00, 0x00, 0xe5, 0x1e, 0x1d, 
0xaa, 0x1d, 0x02, 0x29, 0x00, 0x00, 0x0a, 0x3a, 0x00, 0x00, 0x36, 0x3d, 0x00, 0x00, 0x96, 0x5f, 0x00, 0x00, 0xe5, 0x1e, 
0x0c, 0x85, 0x51, 0x0b, 0x0a, 0x00, 0x00, 0x0a, 0x3a, 0x00, 0x00, 0xb5, 0x5d, 0x00, 0x00, 0x96, 0x5f, 0x00, 0x00, 0xc1, 
0x16, 0x09, 0xf5, 0x14, 0xf5, 0x14, 0x93, 0xf8, 0x01, 0xb6, 0x1e, 0x8b, 0x07, 0xdd, 0xf9, 0x01, 0x00, 0xba, 0x1e, 0x00, 
0xbf, 0x18, 0x8b, 0x07, 0x18, 0xc0, 0x18, 0x33, 0x8a, 0x05, 0x8c, 0xc1, 0x01, 0xd5, 0x1f, 0x8b, 0x14, 0xe2, 0x4c, 0x8a, 
0x14, 0x01, 0x0d, 0x85, 0x8e, 0x01, 0x85, 0x8e, 0x01, 0xc7, 0x16, 0x09, 0x81, 0x16, 0x81, 0x16, 0xfa, 0x91, 0x01, 0xa7, 
0x1e, 0xae, 0x4a, 0x00, 0xba, 0x1e, 0x00, 0xf8, 0x0b, 0xae, 0x4a, 0x18, 0xf7, 0x0b, 0xd2, 0x0a, 0x16, 0xfe, 0x3c, 0xd4, 
0x51, 0xf8, 0x1d, 0x02, 0x01, 0xff, 0x03, 0xb0, 0x51, 0xea, 0xff, 0x01, 0xb4, 0x0c, 0xd6, 0x01, 0xeb, 0x58, 0xeb, 0x58, 
0xef, 0x0a, 0x1d, 0xfe, 0x20, 0xfe, 0x20, 0xc2, 0x19, 0x02, 0x8b, 0x14, 0xce, 0x10, 0x1d, 0xbb, 0x7e, 0xbb, 0x7e, 0xf5, 
0x49, 0x4b, 0x1d, 0x9a, 0x87, 0x01, 0xee, 0x22, 0x9a, 0x87, 0x01, 0x99, 0x1e, 0xd4, 0x9d, 0x01, 0x18, 0xd3, 0x9d, 0x01, 
0xe5, 0x1e, 0x16, 0xd4, 0x5e, 0x50, 0x33, 0x00, 0x00, 0x47, 0x27, 0x00, 0x00, 0xcc, 0x3a, 0x00, 0x00, 0x8d, 0x2b, 0x00, 
0x00, 0xe5, 0x1e, 0x1d, 0xb4, 0x26, 0xa5, 0x3a, 0x00, 0x00, 0x47, 0x27, 0x00, 0x00, 0x5c, 0x43, 0x00, 0x00, 0x8d, 0x2b, 
0x00, 0x00, 0x99, 0x1e, 0xbf, 0x89, 0x01, 0x18, 0xc0, 0x89, 0x01, 0xc0, 0x10, 0x0c, 0xc1, 0x07, 0xa6, 0xdd, 0x01, 0xce, 
0xce, 0x02, 0x99, 0x1e, 0xd2, 0x1b, 0x18, 0x8f, 0xeb, 0x01, 0x99, 0x1e, 0xef, 0xc4, 0x01, 0x18, 0xf0, 0xc4, 0x01, 0xe5, 
0x1e, 0x1d, 0xf9, 0x1c, 0x02, 0x29, 0x00, 0x00, 0xa0, 0x2f, 0x00, 0x00, 0xa5, 0x3a, 0x00, 0x00, 0xed, 0x22, 0x00, 0x00, 
0xc7, 0x18, 0x0c, 0xa5, 0x78, 0xb9, 0xc1, 0x01, 0x9a, 0xb6, 0x01, 0xcb, 0x14, 0x09, 0xd2, 0x6e, 0xd2, 0x6e, 0xe6, 0x81, 
0x02, 0xa7, 0x1e, 0xe0, 0x4b, 0x00, 0xba, 0x1e, 0x00, 0x80, 0x43, 0xe0, 0x4b, 0x18, 0xff, 0x42, 0x01, 0x17, 0xba, 0x04, 
0xd8, 0x8e, 0x01, 0x01, 0x1d, 0xb4, 0x11, 0xc4, 0xa2, 0x01, 0x3d, 0x18, 0xf6, 0x20, 0xef, 0x15, 0xef, 0x15, 0x18, 0x22, 
0x91, 0x1e, 0x00, 0xe9, 0x06, 0x08, 0xc1, 0x84, 0x01, 0xfc, 0x51, 0xd3, 0xa2, 0x01, 0x97, 0x52, 0xcb, 0x63, 0x01, 0x18, 
0xcc, 0x57, 0x87, 0x4b, 0xc1, 0x0a, 0x0d, 0xbb, 0x0a, 0xbb, 0x0a, 0x00, 0xd2, 0x0a, 0x1d, 0xf3, 0x3c, 0xf3, 0x3c, 0xb6, 
0xa9, 0x01, 0x00, 0xc1, 0x0a, 0x0d, 0xb0, 0xab, 0x01, 0x80, 0x64, 0x01, 0xd2, 0x0a, 0x1d, 0x89, 0x3a, 0x89, 0x3a, 0xa6, 
0x71, 0x01, 0xc1, 0x0a, 0x0d, 0xfa, 0x6b, 0xf0, 0x95, 0x01, 0x02, 0xd2, 0x0a, 0x1d, 0xe7, 0xd6, 0x01, 0xe7, 0xd6, 0x01, 
0xed, 0x6a, 0x02, 0x99, 0x1e, 0xa9, 0x2e, 0x18, 0xaa, 0x2e, 0xe5, 0x1e, 0x1d, 0x8a, 0x55, 0xe8, 0x4c, 0x00, 0x00, 0x25, 
0x54, 0x00, 0x00, 0xf9, 0x2b, 0x00, 0x00, 0xbe, 0x39, 0x00, 0x00, 0x3d, 0x18, 0xce, 0x29, 0xce, 0x29, 0xce, 0x29, 0x18, 
0xc1, 0x0a, 0x0d, 0x93, 0x77, 0x93, 0x77, 0x00, 0xc1, 0x0a, 0x1d, 0xbc, 0x1c, 0xeb, 0x32, 0x00, 0xce, 0x10, 0x1d, 0xec, 
0x1b, 0xec, 0x1b, 0xa8, 0x38, 0xc1, 0x0a, 0x0d, 0xbe, 0x14, 0xad, 0x2a, 0x01, 0xc1, 0x0a, 0x1d, 0x99, 0xd0, 0x01, 0xdb, 
0xd2, 0x01, 0x01, 0xce, 0x10, 0x1d, 0xde, 0xbb, 0x01, 0xde, 0xbb, 0x01, 0xbb, 0x14, 0xc1, 0x0a, 0x0d, 0xbe, 0x14, 0xab, 
0x2a, 0x02, 0xc1, 0x0a, 0x1d, 0x99, 0xd0, 0x01, 0xd9, 0xd2, 0x01, 0x02, 0xce, 0x10, 0x1d, 0xfa, 0xc9, 0x01, 0xfa, 0xc9, 
0x01, 0x9f, 0x06, 0xc1, 0x0a, 0x1d, 0xaf, 0x7f, 0x8f, 0x88, 0x01, 0x03, 0x4b, 0x1d, 0x95, 0x0d, 0xc5, 0x8c, 0x01, 0x95, 
0x0d, 0x4b, 0x1d, 0xf6, 0x41, 0xb1, 0x3c, 0xf6, 0x41, 0x4b, 0x1d, 0x8a, 0x24, 0xa5, 0x18, 0x8a, 0x24, 0xc0, 0x0a, 0xa4, 
0x08, 0xb2, 0x0c, 0xa0, 0xaa, 0x01, 0xb2, 0x0c, 0xc1, 0x0a, 0x13, 0x93, 0x19, 0x93, 0x19, 0x00, 0xc1, 0x0a, 0x1d, 0xf9, 
0x6e, 0x8d, 0x88, 0x01, 0x01, 0x22, 0xfe, 0x39, 0xf9, 0x6e, 0x3d, 0x18, 0x8a, 0xc1, 0x01, 0x8a, 0xc1, 0x01, 0x8a, 0xc1, 
0x01, 0x18, 0x13, 0x8f, 0x05, 0xb3, 0x06, 0xab, 0x22, 0x8a, 0x14, 0xc1, 0x0a, 0x0d, 0x85, 0x56, 0xb9, 0x5c, 0x00, 0x22, 
0x85, 0x56, 0x00, 0x13, 0x8f, 0x05, 0xf0, 0x2f, 0xab, 0x22, 0x8d, 0x14, 0xc1, 0x0a, 0x0d, 0xdf, 0x6e, 0xa9, 0x9b, 0x01, 
0x01, 0x22, 0xdf, 0x6e, 0x00, 0x13, 0x8f, 0x05, 0xe2, 0x6e, 0xab, 0x22, 0x90, 0x14, 0xc1, 0x0a, 0x0d, 0xfb, 0x6f, 0xc3, 
0x9c, 0x01, 0x02, 0x22, 0xfb, 0x6f, 0x00, 0x01, 0x0c, 0x92, 0xaa, 0x01, 0xc6, 0xa4, 0x02, 0xcb, 0x10, 0x0c, 0x8b, 0x25, 
0x8b, 0x25, 0x88, 0xde, 0x01, 0x23, 0xe2, 0x05, 0xc4, 0x4e, 0xc5, 0x1f, 0x9a, 0x14, 0xe9, 0x99, 0x01, 0x01, 0x65, 0xc7, 
0x2d, 0xc7, 0x2d, 0xc1, 0x12, 0x1d, 0xcf, 0xd1, 0x01, 0xcf, 0xd1, 0x01, 0x87, 0x07, 0x22, 0xcc, 0x4b, 0x00, 0x01, 0x0c, 
0xd8, 0x1d, 0xbe, 0x6c, 0xcb, 0x10, 0x0c, 0xf2, 0x2c, 0xf2, 0x2c, 0xfe, 0x77, 0xbf, 0x0c, 0x0d, 0xdb, 0x36, 0xa2, 0x41, 
0xc8, 0x10, 0x0d, 0xbe, 0x47, 0xf8, 0xdd, 0x01, 0xbe, 0x47, 0xc8, 0x10, 0x0d, 0xab, 0x2a, 0xab, 0x2a, 0xcc, 0xb3, 0x01, 
0x4b, 0x0d, 0x94, 0x78, 0x90, 0x9f, 0x02, 0x94, 0x78, 0xbf, 0x0c, 0x0d, 0x8f, 0x0c, 0xba, 0x52, 0x4a, 0x0d, 0xa0, 0x10, 
0xf8, 0x51, 0xa0, 0x10, 0x4b, 0x0d, 0xa3, 0x8a, 0x01, 0x93, 0x86, 0x01, 0xa3, 0x8a, 0x01, 0xc8, 0x10, 0x0d, 0xf0, 0x37, 
0xda, 0xdb, 0x01, 0x82, 0x47, 0xc1, 0x0a, 0x0d, 0xfc, 0x96, 0x01, 0xec, 0xf1, 0x01, 0x00, 0x4a, 0x0d, 0xf6, 0x08, 0xf6, 
0x08, 0xf2, 0x9f, 0x01, 0xd2, 0x0a, 0x1d, 0x89, 0x8b, 0x02, 0x89, 0x8b, 0x02, 0xa7, 0x10, 0x00, 0xc1, 0x0a, 0x0d, 0x90, 
0xef, 0x01, 0x90, 0xef, 0x01, 0x03, 0x4a, 0x0d, 0x8f, 0x83, 0x01, 0xd8, 0x38, 0x8f, 0x83, 0x01, 0xc1, 0x0a, 0x0d, 0xef, 
0x7c, 0xef, 0x10, 0x00, 0x4b, 0x0d, 0xd8, 0xd4, 0x01, 0xd8, 0xd4, 0x01, 0xe8, 0x57, 0xd2, 0x0a, 0x1d, 0xf9, 0x4f, 0xf9, 
0x4f, 0xee, 0x73, 0x00, 0xc1, 0x0a, 0x0d, 0xa2, 0x4e, 0xa2, 0x4e, 0x00, 0xc3, 0x10, 0x0d, 0xf1, 0x7e, 0xe0, 0xb3, 0x01, 
0xad, 0x7a, 0xc1, 0x0a, 0x0d, 0x97, 0x49, 0xe7, 0x79, 0x03, 0x4a, 0x0d, 0xb0, 0x93, 0x01, 0x98, 0x4a, 0xb0, 0x93, 0x01, 
0x4b, 0x0d, 0x87, 0x22, 0xe1, 0x56, 0x87, 0x22, 0xc0, 0x10, 0x0c, 0xf4, 0x30, 0xb0, 0x41, 0xdc, 0xe6, 0x01, 0xbf, 0x0c, 
0x0d, 0xd8, 0x54, 0xd8, 0x54, 0x4a, 0x0d, 0xe7, 0x13, 0xbe, 0x71, 0xe7, 0x13, 0xc3, 0x10, 0x0d, 0xc1, 0x69, 0x92, 0xe4, 
0x01, 0xc1, 0x69, 0x4a, 0x0d, 0x8b, 0x50, 0x8b, 0x50, 0xbe, 0x29, 0x4b, 0x0d, 0xd5, 0x2d, 0xa1, 0xcc, 0x01, 0xd5, 0x2d, 
0x23, 0x8f, 0x05, 0xb2, 0x77, 0xc2, 0x26, 0x91, 0x14, 0x8b, 0x14, 0x22, 0x00, 0xf2, 0x01, 0x3f, 0x0d, 0xe0, 0x71, 0x92, 
0xe9, 0x01, 0x23, 0x8f, 0x05, 0xaa, 0x28, 0xc2, 0x26, 0x91, 0x14, 0x8e, 0x14, 0x22, 0x00, 0xaa, 0x28, 0xc1, 0x0a, 0x0d, 
0xf9, 0x90, 0x02, 0xbd, 0x7d, 0x01, 0x3f, 0x0d, 0xe6, 0xd9, 0x01, 0xe6, 0xd9, 0x01, 0xd2, 0x0a, 0x1d, 0xe1, 0x3d, 0xe1, 
0x3d, 0xc6, 0x1e, 0x01, 0x13, 0x9b, 0x05, 0xab, 0x1f, 0xc2, 0x26, 0x8b, 0x14, 0x22, 0x00, 0xab, 0x1f, 0x22, 0xc6, 0xb1, 
0x01, 0x80, 0x06, 0x8d, 0x1e, 0x88, 0x06, 0xc6, 0x06, 0x08, 0xbb, 0x9e, 0x01, 0x00, 0x8b, 0x03, 0xa7, 0x06, 0x95, 0x05, 
0x9d, 0x04, 0xa7, 0x06, 0x17, 0xd4, 0x16, 0xa7, 0x06, 0x1d, 0xd7, 0x12, 0x18, 0xe2, 0x9e, 0x02, 0xc1, 0x0a, 0x0d, 0xd3, 
0xaf, 0x01, 0x8e, 0x6f, 0x03, 0xce, 0x16, 0x09, 0xa0, 0x4a, 0xa0, 0x4a, 0x96, 0xd8, 0x01, 0xa7, 0x1e, 0xfe, 0x24, 0x00, 
0xba, 0x1e, 0x00, 0xbc, 0x9c, 0x01, 0xfe, 0x24, 0x18, 0xbb, 0x9c, 0x01, 0xc1, 0x0a, 0x0d, 0xce, 0xd7, 0x01, 0xc0, 0xf4, 
0x01, 0x00, 0xc1, 0x0a, 0x0b, 0xf5, 0x9d, 0x01, 0xf2, 0x43, 0x00, 0x01, 0x18, 0xc6, 0x7b, 0x8c, 0xd6, 0x01, 0x33, 0xcd, 
0x05, 0xec, 0x57, 0xc4, 0x1b, 0x8b, 0x14, 0xe5, 0x4e, 0x8b, 0x14, 0x01, 0x50, 0xd7, 0x0f, 0xd7, 0x0f, 0xb4, 0x0a, 0x56, 
0xb5, 0xbc, 0x01, 0x52, 0x58, 0x00, 0x00, 0xc1, 0x0a, 0x0d, 0xd8, 0x9c, 0x01, 0xb6, 0x28, 0x00, 0xc1, 0x0a, 0x18, 0xdb, 
0x85, 0x01, 0xfc, 0x16, 0x00, 0xce, 0x10, 0x18, 0x96, 0x74, 0x96, 0x74, 0xc5, 0x11, 0xc1, 0x0a, 0x0d, 0xbe, 0x14, 0xae, 
0x2b, 0x01, 0xc1, 0x0a, 0x18, 0x8d, 0x0b, 0xc2, 0x94, 0x01, 0x01, 0xce, 0x10, 0x18, 0xad, 0x09, 0xad, 0x09, 0xbb, 0x14, 
0xc1, 0x0a, 0x0d, 0xbe, 0x14, 0xb0, 0x2b, 0x02, 0xc1, 0x0a, 0x18, 0x8d, 0x0b, 0xc4, 0x94, 0x01, 0x02, 0xce, 0x10, 0x18, 
0xee, 0x04, 0xee, 0x04, 0x9f, 0x06, 0xc1, 0x0a, 0x18, 0xaf, 0x7f, 0x82, 0x1a, 0x03, 0x4b, 0x18, 0x95, 0x0d, 0xc5, 0x8c, 
0x01, 0x95, 0x0d, 0x4b, 0x18, 0xaa, 0x54, 0xfd, 0x29, 0xaa, 0x54, 0x4b, 0x18, 0x96, 0x2f, 0x9a, 0x05, 0x96, 0x2f, 0xce, 
0x10, 0x18, 0xb1, 0x09, 0xb1, 0x09, 0xd7, 0x0f, 0xc1, 0x0a, 0x0d, 0xf7, 0xc4, 0x01, 0xf0, 0x1f, 0x01, 0xc1, 0x0a, 0x0b, 
0xdc, 0x7e, 0xf4, 0x8b, 0x01, 0x01, 0x01, 0x18, 0xc6, 0x33, 0x8e, 0xd6, 0x01, 0x33, 0xcd, 0x05, 0xec, 0x57, 0xc4, 0x1b, 
0x8b, 0x14, 0xe6, 0x72, 0x8b, 0x14, 0x01, 0x50, 0xd7, 0x0f, 0xd7, 0x0f, 0xb4, 0x0a, 0x56, 0xb5, 0xbc, 0x01, 0x53, 0x58, 
0x00, 0x00, 0xc1, 0x0a, 0x0d, 0xd8, 0x9c, 0x01, 0xb6, 0x28, 0x00, 0xc1, 0x0a, 0x18, 0xdb, 0x85, 0x01, 0xfc, 0x16, 0x00, 
0xce, 0x10, 0x18, 0x98, 0x74, 0x98, 0x74, 0xc3, 0x11, 0xc1, 0x0a, 0x0d, 0xbe, 0x14, 0xb0, 0x2b, 0x01, 0xc1, 0x0a, 0x18, 
0x8d, 0x0b, 0xc4, 0x94, 0x01, 0x01, 0xce, 0x10, 0x18, 0xad, 0x09, 0xad, 0x09, 0xbb, 0x14, 0xc1, 0x0a, 0x0d, 0xbe, 0x14, 
0xb2, 0x2b, 0x02, 0xc1, 0x0a, 0x18, 0x8d, 0x0b, 0xc6, 0x94, 0x01, 0x02, 0xce, 0x10, 0x18, 0xec, 0x04, 0xec, 0x04, 0xa1, 
0x06, 0xc1, 0x0a, 0x18, 0xaf, 0x7f, 0x82, 0x1a, 0x03, 0x4b, 0x18, 0x95, 0x0d, 0xc5, 0x8c, 0x01, 0x95, 0x0d, 0x4b, 0x18, 
0xaa, 0x54, 0xff, 0x29, 0xaa, 0x54, 0x4b, 0x18, 0xb4, 0x3d, 0xb6, 0x13, 0xb4, 0x3d, 0xce, 0x10, 0x18, 0xb1, 0x99, 0x01, 
0xb1, 0x99, 0x01, 0x98, 0x43, 0x4b, 0x18, 0x9b, 0x31, 0xfb, 0xb2, 0x01, 0x9b, 0x31, 0xc1, 0x0a, 0x0d, 0xe4, 0x31, 0xd0, 
0x63, 0x02, 0xc1, 0x0a, 0x0b, 0xbe, 0x2e, 0xb6, 0x7f, 0x02, 0x01, 0x18, 0x86, 0x40, 0x90, 0xd6, 0x01, 0x33, 0xcd, 0x05, 
0xec, 0x57, 0xc4, 0x1b, 0x8b, 0x14, 0xc7, 0x6c, 0x8b, 0x14, 0x01, 0x50, 0xd7, 0x0f, 0xd7, 0x0f, 0xb4, 0x0a, 0x56, 0xb5, 
0xbc, 0x01, 0x54, 0x58, 0x00, 0x00, 0xc1, 0x0a, 0x0d, 0xd8, 0x9c, 0x01, 0xb6, 0x28, 0x00, 0xc1, 0x0a, 0x18, 0xdb, 0x85, 
0x01, 0xfc, 0x16, 0x00, 0xce, 0x10, 0x18, 0x9a, 0x74, 0x9a, 0x74, 0xc1, 0x11, 0xc1, 0x0a, 0x0d, 0xbe, 0x14, 0xb2, 0x2b, 
0x01, 0xc1, 0x0a, 0x18, 0x8d, 0x0b, 0xc6, 0x94, 0x01, 0x01, 0xce, 0x10, 0x18, 0xad, 0x09, 0xad, 0x09, 0xbb, 0x14, 0xc1, 
0x0a, 0x0d, 0xbe, 0x14, 0xb4, 0x2b, 0x02, 0xc1, 0x0a, 0x18, 0x8d, 0x0b, 0xc8, 0x94, 0x01, 0x02, 0xce, 0x10, 0x18, 0xea, 
0x04, 0xea, 0x04, 0xa3, 0x06, 0xc1, 0x0a, 0x18, 0xaf, 0x7f, 0x82, 0x1a, 0x03, 0x4b, 0x18, 0x95, 0x0d, 0xc5, 0x8c, 0x01, 
0x95, 0x0d, 0x4b, 0x18, 0xaa, 0x54, 0x81, 0x2a, 0xaa, 0x54, 0x4b, 0x18, 0xb4, 0x3d, 0xb4, 0x13, 0xb4, 0x3d, 0xce, 0x10, 
0x18, 0xb1, 0x99, 0x01, 0xb1, 0x99, 0x01, 0x45, 0x4b, 0x18, 0x95, 0x37, 0xf7, 0x05, 0x95, 0x37, 0xc1, 0x0a, 0x0b, 0xfc, 
0x6e, 0x98, 0x88, 0x01, 0x03, 0x01, 0x18, 0xd6, 0x9b, 0x01, 0xc2, 0xba, 0x02, 0x33, 0xcd, 0x05, 0xc3, 0x0c, 0xc4, 0x1b, 
0x8b, 0x14, 0xf8, 0x70, 0x8b, 0x14, 0x01, 0x50, 0xd7, 0x0f, 0xd7, 0x0f, 0xb4, 0x0a, 0x56, 0xb5, 0xbc, 0x01, 0x55, 0x58, 
0x00, 0x00, 0xc1, 0x0a, 0x0d, 0xd8, 0x9c, 0x01, 0xf9, 0x3b, 0x00, 0xc1, 0x0a, 0x18, 0xdb, 0x85, 0x01, 0xfc, 0x16, 0x00, 
0xce, 0x10, 0x18, 0x9c, 0x74, 0x9c, 0x74, 0xbf, 0x11, 0xc1, 0x0a, 0x0d, 0xbe, 0x14, 0xfb, 0x38, 0x01, 0xc1, 0x0a, 0x18, 
0x8d, 0x0b, 0xc8, 0x94, 0x01, 0x01, 0xce, 0x10, 0x18, 0xad, 0x09, 0xad, 0x09, 0xbb, 0x14, 0xc1, 0x0a, 0x0d, 0xbe, 0x14, 
0xf9, 0x38, 0x02, 0xc1, 0x0a, 0x18, 0x8d, 0x0b, 0xca, 0x94, 0x01, 0x02, 0xce, 0x10, 0x18, 0xe8, 0x04, 0xe8, 0x04, 0xa5, 
0x06, 0xc1, 0x0a, 0x18, 0xaf, 0x7f, 0x82, 0x1a, 0x03, 0x4b, 0x18, 0x95, 0x0d, 0xc5, 0x8c, 0x01, 0x95, 0x0d, 0x4b, 0x18, 
0xaa, 0x54, 0x83, 0x2a, 0xaa, 0x54, 0x4b, 0x18, 0xb4, 0x3d, 0xb2, 0x13, 0xb4, 0x3d, 0xce, 0x10, 0x18, 0x87, 0x9f, 0x01, 
0x87, 0x9f, 0x01, 0xd7, 0x11, 0x4b, 0x18, 0xec, 0x3a, 0xae, 0x6c, 0xec, 0x3a, 0x22, 0x9e, 0x9c, 0x01, 0x00, 0x8d, 0x1e, 
0x18, 0xf1, 0x03, 0xc1, 0x0a, 0x0d, 0xbe, 0x53, 0xee, 0xe7, 0x01, 0x00, 0xc1, 0x0a, 0x0b, 0xa1, 0x91, 0x01, 0xf4, 0x43, 
0x00, 0x01, 0x18, 0xca, 0x7b, 0x92, 0xd6, 0x01, 0x33, 0xcd, 0x05, 0xee, 0x57, 0xc4, 0x1b, 0x8b, 0x14, 0xe6, 0x4e, 0x8b, 
0x14, 0x01, 0x50, 0xd7, 0x0f, 0xd7, 0x0f, 0xb4, 0x0a, 0x56, 0xb5, 0xbc, 0x01, 0x56, 0x58, 0x00, 0x00, 0xc1, 0x0a, 0x0d, 
0xd8, 0x9c, 0x01, 0xb8, 0x28, 0x00, 0xc1, 0x0a, 0x18, 0xdb, 0x85, 0x01, 0xfc, 0x16, 0x00, 0xce, 0x10, 0x18, 0x9e, 0x74, 
0x9e, 0x74, 0xbd, 0x11, 0xc1, 0x0a, 0x0d, 0xbe, 0x14, 0xb8, 0x2b, 0x01, 0xc1, 0x0a, 0x18, 0x8d, 0x0b, 0xca, 0x94, 0x01, 
0x01, 0xce, 0x10, 0x18, 0xad, 0x09, 0xad, 0x09, 0xbb, 0x14, 0xc1, 0x0a, 0x0d, 0xbe, 0x14, 0xba, 0x2b, 0x02, 0xc1, 0x0a, 
0x18, 0x8d, 0x0b, 0xcc, 0x94, 0x01, 0x02, 0xce, 0x10, 0x18, 0xe6, 0x04, 0xe6, 0x04, 0xa7, 0x06, 0xc1, 0x0a, 0x18, 0xaf, 
0x7f, 0x82, 0x1a, 0x03, 0x4b, 0x18, 0x95, 0x0d, 0xc5, 0x8c, 0x01, 0x95, 0x0d, 0x4b, 0x18, 0xaa, 0x54, 0x85, 0x2a, 0xaa, 
0x54, 0x4b, 0x18, 0x90, 0x2f, 0x8c, 0x05, 0x90, 0x2f, 0xce, 0x10, 0x18, 0xb1, 0x09, 0xb1, 0x09, 0x83, 0x03, 0xc1, 0x0a, 
0x0d, 0xf7, 0xc4, 0x01, 0xf2, 0x1f, 0x01, 0xc1, 0x0a, 0x0b, 0xdc, 0x7e, 0xf6, 0x8b, 0x01, 0x01, 0x01, 0x18, 0xca, 0x33, 
0x94, 0xd6, 0x01, 0x33, 0xcd, 0x05, 0xee, 0x57, 0xc4, 0x1b, 0x8b, 0x14, 0xe7, 0x72, 0x8b, 0x14, 0x01, 0x50, 0xd7, 0x0f, 
0xd7, 0x0f, 0xb4, 0x0a, 0x56, 0xb5, 0xbc, 0x01, 0x57, 0x58, 0x00, 0x00, 0xc1, 0x0a, 0x0d, 0xd8, 0x9c, 0x01, 0xb8, 0x28, 
0x00, 0xc1, 0x0a, 0x18, 0xdb, 0x85, 0x01, 0xfc, 0x16, 0x00, 0xce, 0x10, 0x18, 0xa0, 0x74, 0xa0, 0x74, 0xbb, 0x11, 0xc1, 
0x0a, 0x0d, 0xbe, 0x14, 0xba, 0x2b, 0x01, 0xc1, 0x0a, 0x18, 0x8d, 0x0b, 0xcc, 0x94, 0x01, 0x01, 0xce, 0x10, 0x18, 0xad, 
0x09, 0xad, 0x09, 0xbb, 0x14, 0xc1, 0x0a, 0x0d, 0xbe, 0x14, 0xbc, 0x2b, 0x02, 0xc1, 0x0a, 0x18, 0x8d, 0x0b, 0xce, 0x94, 
0x01, 0x02, 0xce, 0x10, 0x18, 0xe4, 0x04, 0xe4, 0x04, 0xa9, 0x06, 0xc1, 0x0a, 0x18, 0xaf, 0x7f, 0x82, 0x1a, 0x03, 0x4b, 
0x18, 0x95, 0x0d, 0xc5, 0x8c, 0x01, 0x95, 0x0d, 0x4b, 0x18, 0xaa, 0x54, 0x87, 0x2a, 0xaa, 0x54, 0x4b, 0x18, 0xb2, 0x3d, 
0xac, 0x13, 0xb2, 0x3d, 0xce, 0x10, 0x18, 0xb3, 0x99, 0x01, 0xb3, 0x99, 0x01, 0x9a, 0x43, 0x4b, 0x18, 0x9d, 0x31, 0xfb, 
0xb2, 0x01, 0x9d, 0x31, 0xc1, 0x0a, 0x0d, 0xe4, 0x31, 0xd2, 0x63, 0x02, 0xc1, 0x0a, 0x0b, 0xbe, 0x2e, 0xb8, 0x7f, 0x02, 
0x01, 0x18, 0x8a, 0x40, 0x96, 0xd6, 0x01, 0x33, 0xcd, 0x05, 0xee, 0x57, 0xc4, 0x1b, 0x8b, 0x14, 0xc8, 0x6c, 0x8b, 0x14, 
0x01, 0x50, 0xd7, 0x0f, 0xd7, 0x0f, 0xb4, 0x0a, 0x56, 0xb5, 0xbc, 0x01, 0x58, 0x58, 0x00, 0x00, 0xc1, 0x0a, 0x0d, 0xd8, 
0x9c, 0x01, 0xb8, 0x28, 0x00, 0xc1, 0x0a, 0x18, 0xdb, 0x85, 0x01, 0xfc, 0x16, 0x00, 0xce, 0x10, 0x18, 0xa2, 0x74, 0xa2, 
0x74, 0xb9, 0x11, 0xc1, 0x0a, 0x0d, 0xbe, 0x14, 0xbc, 0x2b, 0x01, 0xc1, 0x0a, 0x18, 0x8d, 0x0b, 0xce, 0x94, 0x01, 0x01, 
0xce, 0x10, 0x18, 0xad, 0x09, 0xad, 0x09, 0xbb, 0x14, 0xc1, 0x0a, 0x0d, 0xbe, 0x14, 0xbe, 0x2b, 0x02, 0xc1, 0x0a, 0x18, 
0x8d, 0x0b, 0xd0, 0x94, 0x01, 0x02, 0xce, 0x10, 0x18, 0xe2, 0x04, 0xe2, 0x04, 0xab, 0x06, 0xc1, 0x0a, 0x18, 0xaf, 0x7f, 
0x82, 0x1a, 0x03, 0x4b, 0x18, 0x95, 0x0d, 0xc5, 0x8c, 0x01, 0x95, 0x0d, 0x4b, 0x18, 0xaa, 0x54, 0x89, 0x2a, 0xaa, 0x54, 
0x4b, 0x18, 0xb2, 0x3d, 0xaa, 0x13, 0xb2, 0x3d, 0xce, 0x10, 0x18, 0xe5, 0x8b, 0x01, 0xe5, 0x8b, 0x01, 0x8a, 0x0d, 0x4b, 
0x18, 0xce, 0x7d, 0xbc, 0xbc, 0x01, 0xce, 0x7d, 0x3f, 0x0d, 0xba, 0x08, 0xd6, 0x87, 0x01, 0xc3, 0x10, 0x0d, 0xdd, 0x42, 
0xdd, 0x42, 0xf2, 0xf8, 0x01, 0xbd, 0x0c, 0x0b, 0x88, 0x53, 0x88, 0x53, 0xc1, 0x0a, 0x0b, 0xf7, 0x4f, 0xbe, 0xa4, 0x01, 
0x03, 0xc2, 0x10, 0x0b, 0x8c, 0x45, 0x8c, 0x45, 0xfc, 0x9a, 0x02, 0xc0, 0x10, 0x0b, 0xfc, 0x43, 0x90, 0x39, 0xfc, 0x43, 
0x99, 0x1e, 0xca, 0x1a, 0x18, 0xc9, 0x1a, 0xe5, 0x1e, 0x18, 0xf9, 0xa1, 0x01, 0x55, 0x4d, 0x00, 0x00, 0xd8, 0x36, 0x00, 
0x00, 0x4f, 0x3c, 0x00, 0x00, 0x47, 0x4a, 0x00, 0x00, 0xe5, 0x1e, 0x0b, 0x95, 0x29, 0x87, 0x53, 0x00, 0x00, 0xd8, 0x36, 
0x00, 0x00, 0x83, 0x34, 0x00, 0x00, 0x47, 0x4a, 0x00, 0x00, 0xc0, 0x16, 0x09, 0x92, 0x10, 0x92, 0x10, 0xc7, 0xd5, 0x01, 
0xb6, 0x1e, 0x87, 0x58, 0xb7, 0x77, 0x00, 0xba, 0x1e, 0x00, 0xb7, 0x77, 0x87, 0x58, 0x18, 0xb8, 0x77, 0xc9, 0x10, 0x0b, 
0xa7, 0xc2, 0x01, 0xdd, 0x3a, 0xde, 0x3c, 0xbc, 0x0e, 0x0c, 0xae, 0x5d, 0xae, 0x5d, 0xc6, 0x10, 0x0b, 0xb5, 0x3c, 0xe5, 
0x19, 0xd6, 0x5d, 0xbc, 0x0e, 0x0c, 0xaa, 0xf6, 0x01, 0xaa, 0xf6, 0x01, 0xc0, 0x0a, 0x12, 0xab, 0xc3, 0x01, 0xb7, 0x09, 
0xab, 0xc3, 0x01, 0x01, 0xfe, 0x03, 0xc4, 0xca, 0x01, 0xe2, 0xbe, 0x02, 0xb4, 0x0c, 0x97, 0x01, 0xbf, 0xbb, 0x01, 0xbf, 
0xbb, 0x01, 0xef, 0x0a, 0x1d, 0x85, 0x41, 0x85, 0x41, 0x81, 0x32, 0x02, 0x8b, 0x14, 0x2d, 0x13, 0xfa, 0xdf, 0x01, 0xfa, 
0xdf, 0x01, 0xfa, 0xdf, 0x01, 0x10, 0xc1, 0x0a, 0x0d, 0xb2, 0x06, 0xb2, 0x06, 0x00, 0xbd, 0x0c, 0x0b, 0xe6, 0x0d, 0xe6, 
0x0d, 0x01, 0x18, 0x83, 0xda, 0x01, 0xe4, 0x5f, 0x33, 0xcd, 0x05, 0xd3, 0x29, 0xc4, 0x1b, 0x8b, 0x14, 0xb6, 0xbe, 0x01, 
0x8b, 0x14, 0x01, 0x50, 0x9e, 0xe8, 0x01, 0x9e, 0xe8, 0x01, 0xb4, 0x0a, 0x56, 0xb5, 0xbc, 0x01, 0x59, 0x58, 0x00, 0x00, 
0xc1, 0x0a, 0x0d, 0xd8, 0x9c, 0x01, 0xec, 0x9e, 0x01, 0x00, 0xc1, 0x0a, 0x18, 0xdb, 0x85, 0x01, 0xfc, 0x16, 0x00, 0xce, 
0x10, 0x18, 0xa4, 0x74, 0xa4, 0x74, 0xb7, 0x11, 0xc1, 0x0a, 0x0d, 0xbe, 0x14, 0xf2, 0xa1, 0x01, 0x01, 0xc1, 0x0a, 0x18, 
0x8d, 0x0b, 0xd0, 0x94, 0x01, 0x01, 0xce, 0x10, 0x18, 0xad, 0x09, 0xad, 0x09, 0xbb, 0x14, 0xc1, 0x0a, 0x0d, 0xc0, 0x14, 
0xf6, 0xa1, 0x01, 0x02, 0xc1, 0x0a, 0x18, 0x8f, 0x0b, 0xd2, 0x94, 0x01, 0x02, 0xce, 0x10, 0x18, 0xe0, 0x04, 0xe0, 0x04, 
0xaf, 0x06, 0xc1, 0x0a, 0x18, 0xaf, 0x7f, 0x82, 0x1a, 0x03, 0x4b, 0x18, 0x95, 0x0d, 0xc5, 0x8c, 0x01, 0x95, 0x0d, 0x4b, 
0x18, 0x8e, 0x42, 0xa7, 0x3c, 0x8e, 0x42, 0x4b, 0x18, 0xd9, 0x31, 0xff, 0x6d, 0xd9, 0x31, 0xc1, 0x0a, 0x0d, 0x9a, 0x75, 
0x9d, 0x31, 0x01, 0xce, 0x10, 0x18, 0xe5, 0x16, 0xb4, 0x5e, 0xe5, 0x16, 0x4b, 0x18, 0xb1, 0x2f, 0xc4, 0x26, 0xb1, 0x2f, 
0xc0, 0x10, 0x0b, 0x97, 0x1f, 0xc2, 0x30, 0xea, 0xa9, 0x01, 0x99, 0x1e, 0xcd, 0x9a, 0x01, 0x18, 0xd8, 0x37, 0x22, 0xda, 
0xc6, 0x01, 0x84, 0x3f, 0x8d, 0x1e, 0x88, 0x06, 0xb6, 0x05, 0x00, 0x00, 0x00, 0x00, 0x00, 0x00, 0x4c, 0x4f, 0x4d, 0x53, 
0x00, 0x03, 0x01, 0x00, 0x0b, 0x00, 0x08, 0x00, 0x29, 0x60, 0x00, 0x00, 0x00, 0x00, 0x00, 0x00, 0xe8, 0x15, 0x00, 0x00, 
0x91, 0x02, 0x01, 0xd1, 0x10, 0x02, 0x47, 0x4c, 0x53, 0x4c, 0x2e, 0x73, 0x74, 0x64, 0x2e, 0x34, 0x35, 0x30, 0x00, 0x00, 
0x00, 0x00, 0xa0, 0x04, 0x00, 0x01, 0xcf, 0x0f, 0x00, 0x9f, 0x2c, 0xed, 0xc2, 0xa5, 0xf3, 0x06, 0x00, 0x82, 0x1f, 0xcf, 
0x2d, 0x8c, 0x1a, 0xb0, 0x23, 0xd9, 0x1b, 0xc2, 0x26, 0x84, 0x28, 0xab, 0x22, 0x10, 0xb4, 0x15, 0x06, 0x10, 0x37, 0xe7, 
0x10, 0x0b, 0x00, 0x05, 0x00, 0x07, 0x01, 0x10, 0x00, 0x23, 0x00, 0x01, 0x05, 0x00, 0x07, 0x01, 0x10, 0x00, 0x23, 0x40, 
0x01, 0x23, 0x30, 0x01, 0x23, 0x04, 0x01, 0x23, 0x04, 0x01, 0x23, 0x04, 0x01, 0x23, 0x04, 0x10, 0xfa, 0x49, 0x01, 0x01, 
0x10, 0xc5, 0x3b, 0x06, 0x80, 0x02, 0x00, 0x87, 0x0d, 0x02, 0x47, 0x00, 0x01, 0x00, 0x23, 0x00, 0x10, 0xbc, 0x2d, 0x21, 
0x00, 0x10, 0x00, 0x22, 0x01, 0x10, 0x8d, 0x19, 0x06, 0x40, 0x10, 0x02, 0x06, 0x40, 0x10, 0xcd, 0x06, 0x06, 0x10, 0x10, 
0x82, 0x03, 0x06, 0x10, 0x10, 0x02, 0x06, 0x10, 0x10, 0x02, 0x06, 0x10, 0x10, 0x50, 0x06, 0x10, 0x00, 0x8b, 0x14, 0x02, 
0x37, 0x00, 0x95, 0x00, 0x05, 0x00, 0x07, 0x01, 0x10, 0x00, 0x23, 0x00, 0x01, 0x05, 0x00, 0x07, 0x01, 0x10, 0x00, 0x23, 
0x40, 0x01, 0x05, 0x00, 0x07, 0x01, 0x10, 0x00, 0x23, 0x40, 0x01, 0x05, 0x00, 0x07, 0x01, 0x10, 0x00, 0x23, 0x40, 0x01, 
0x05, 0x00, 0x07, 0x01, 0x10, 0x00, 0x23, 0x40, 0x01, 0x05, 0x00, 0x07, 0x01, 0x10, 0x00, 0x23, 0x80, 0x02, 0x01, 0x05, 
0x00, 0x07, 0x01, 0x10, 0x00, 0x23, 0x80, 0x02, 0x01, 0x05, 0x00, 0x07, 0x01, 0x10, 0x00, 0x23, 0x40, 0x01, 0x05, 0x00, 
0x07, 0x01, 0x10, 0x00, 0x23, 0x30, 0x01, 0x23, 0x40, 0x01, 0x23, 0x10, 0x01, 0x23, 0x08, 0x01, 0x23, 0x04, 0x01, 0x23, 
0x04, 0x01, 0x23, 0x10, 0x01, 0x23, 0x10, 0x01, 0x23, 0x08, 0x01, 0x23, 0x08, 0x01, 0x23, 0x04, 0x01, 0x00, 0x00, 0x23, 
0x04, 0x01, 0x23, 0x08, 0x01, 0x23, 0x04, 0x01, 0x23, 0x04, 0x01, 0x23, 0x04, 0x01, 0x23, 0x04, 0x01, 0x23, 0x04, 0x01, 
0x00, 0x00, 0x23, 0x04, 0x01, 0x00, 0x00, 0x23, 0x04, 0x01, 0x00, 0x00, 0x23, 0x04, 0x01, 0x00, 0x00, 0x23, 0x10, 0x01, 
0x00, 0x00, 0x23, 0x0c, 0x01, 0x00, 0x00, 0x23, 0x04, 0x01, 0x00, 0x00, 0x23, 0x08, 0x01, 0x00, 0x00, 0x23, 0x04, 0x01, 
0x00, 0x00, 0x23, 0x04, 0x01, 0x00, 0x00, 0x23, 0x04, 0x01, 0x23, 0x04, 0x01, 0x00, 0x00, 0x23, 0x04, 0x01, 0x00, 0x00, 
0x23, 0x04, 0x01, 0x23, 0x90, 0x01, 0x01, 0x00, 0x00, 0x23, 0x0c, 0x01, 0x23, 0x04, 0x01, 0x23, 0x10, 0x01, 0x23, 0x10, 
0x01, 0x00, 0x00, 0x23, 0x08, 0x01, 0x00, 0x00, 0x23, 0x04, 0x01, 0x23, 0x04, 0x01, 0x00, 0x00, 0x23, 0x08, 0x01, 0x00, 
0x00, 0x23, 0x04, 0x01, 0x23, 0x04, 0x01, 0x00, 0x00, 0x23, 0x10, 0x01, 0x00, 0x00, 0x23, 0x04, 0x01, 0x23, 0x04, 0x01, 
0x00, 0x00, 0x23, 0x08, 0x01, 0x23, 0x04, 0x01, 0x00, 0x00, 0x23, 0x04, 0x01, 0x00, 0x00, 0x23, 0x04, 0x01, 0x23, 0x04, 
0x01, 0x23, 0x0c, 0x01, 0x23, 0x04, 0x01, 0x23, 0x04, 0x01, 0x23, 0x04, 0x01, 0x23, 0x04, 0x01, 0x23, 0x04, 0x01, 0x23, 
0x0c, 0x01, 0x23, 0x04, 0x01, 0x23, 0x04, 0x01, 0x23, 0x04, 0x01, 0x23, 0x04, 0x01, 0x05, 0x00, 0x07, 0x01, 0x10, 0x00, 
0x23, 0x04, 0x01, 0x23, 0x30, 0x01, 0x23, 0x08, 0x01, 0x05, 0x00, 0x07, 0x01, 0x10, 0x00, 0x23, 0x08, 0x01, 0x05, 0x00, 
0x07, 0x01, 0x10, 0x00, 0x23, 0x40, 0x01, 0x00, 0x00, 0x23, 0x40, 0x01, 0x00, 0x00, 0x23, 0x04, 0x01, 0x00, 0x00, 0x23, 
0x04, 0x01, 0x00, 0x00, 0x23, 0x04, 0x01, 0x23, 0x04, 0x01, 0x23, 0x40, 0x01, 0x00, 0x00, 0x23, 0x04, 0x01, 0x00, 0x00, 
0x23, 0x04, 0x01, 0x00, 0x00, 0x23, 0x04, 0x01, 0x23, 0x04, 0x01, 0x23, 0x40, 0x01, 0x00, 0x00, 0x23, 0x40, 0x01, 0x00, 
0x00, 0x23, 0x04, 0x01, 0x00, 0x00, 0x23, 0x04, 0x01, 0x00, 0x00, 0x23, 0x04, 0x01, 0x00, 0x00, 0x23, 0x04, 0x10, 0xe6, 
0x3b, 0x21, 0x00, 0x10, 0x00, 0x22, 0x00, 0x10, 0x85, 0x01, 0x1e, 0x00, 0x10, 0x9a, 0x1d, 0x1e, 0x03, 0x00, 0x85, 0x27, 
0x0e, 0x10, 0x00, 0x1e, 0x0a, 0x10, 0xc8, 0x12, 0x0b, 0x2b, 0x10, 0xad, 0x0f, 0x1e, 0x09, 0x00, 0xbd, 0x23, 0x02, 0x47, 
0x00, 0x04, 0x00, 0x0b, 0x01, 0x00, 0x01, 0x0b, 0x01, 0x01, 0x01, 0x0b, 0x01, 0x03, 0x01, 0x0b, 0x01, 0x04, 0x10, 0x94, 
0x3c, 0x1e, 0x05, 0x10, 0xb1, 0x0b, 0x1e, 0x06, 0x93, 0x02, 0x0e, 0xa1, 0x04, 0xf4, 0x13, 0x08, 0xa6, 0x02, 0xe9, 0x13, 
0x20, 0xb7, 0x02, 0x20, 0x0d, 0x04, 0xb8, 0x02, 0x90, 0x01, 0x1d, 0x04, 0xb7, 0x02, 0x99, 0x01, 0x0d, 0x03, 0xb5, 0x02, 
0x17, 0x20, 0x01, 0xb7, 0x02, 0x0e, 0x0d, 0x02, 0xbe, 0x02, 0xa2, 0x10, 0x13, 0x1d, 0xb5, 0x02, 0xb1, 0x10, 0x20, 0x00, 
0xbb, 0x04, 0x0b, 0xfe, 0x27, 0x00, 0x00, 0x00, 0x00, 0xbb, 0x04, 0x0c, 0x02, 0x00, 0x00, 0x00, 0x00, 0xbb, 0x04, 0x0b, 
0x04, 0x01, 0x00, 0x00, 0x00, 0xb8, 0x02, 0x8d, 0x27, 0x18, 0x03, 0xbb, 0x04, 0x0b, 0xb8, 0x27, 0x08, 0x00, 0x00, 0x00, 
0xbc, 0x02, 0x8f, 0x13, 0x1d, 0xa2, 0x14, 0x8e, 0x03, 0xe7, 0x10, 0x65, 0x46, 0x0c, 0x0c, 0x0c, 0x0d, 0xda, 0x0a, 0xb2, 
0x06, 0x0c, 0xfa, 0x49, 0x40, 0x00, 0x00, 0x00, 0xbc, 0x02, 0xc5, 0x3b, 0xa6, 0x02, 0xa3, 0x27, 0xae, 0x02, 0x87, 0x0d, 
0xc0, 0x09, 0x3e, 0xfa, 0x09, 0x02, 0xfc, 0x02, 0x39, 0xf9, 0x07, 0xc2, 0x23, 0x02, 0x3e, 0xef, 0x27, 0x02, 0x65, 0xbb, 
0x04, 0x0c, 0xf0, 0x1c, 0x05, 0x00, 0x00, 0x00, 0xbb, 0x04, 0x0b, 0x07, 0x04, 0x00, 0x00, 0x00, 0xbc, 0x02, 0x85, 0x0e, 
0x65, 0x96, 0x14, 0xbc, 0x02, 0x02, 0x65, 0x96, 0x14, 0xb7, 0x02, 0xff, 0x19, 0x0b, 0x03, 0xbb, 0x04, 0x0b, 0xa2, 0x28, 
0x09, 0x00, 0x00, 0x00, 0xbc, 0x02, 0xef, 0x14, 0x18, 0xa5, 0x14, 0xbc, 0x02, 0x82, 0x03, 0x1d, 0x96, 0x14, 0xbc, 0x02, 
0x02, 0x1d, 0x96, 0x14, 0xbc, 0x02, 0x02, 0x1d, 0x96, 0x14, 0xbc, 0x02, 0x50, 0x1d, 0xa5, 0x14, 0xbe, 0x83, 0xc0, 0x02, 
0x8b, 0x14, 0x65, 0x65, 0x65, 0x65, 0x93, 0x0d, 0x94, 0x0d, 0x65, 0x46, 0x65, 0x1d, 0x13, 0x0d, 0x0d, 0x1d, 0x1d, 0x13, 
0x13, 0x0d, 0x0d, 0x13, 0x0d, 0x0d, 0x0d, 0x0d, 0x0d, 0x0d, 0x0d, 0x0d, 0x1d, 0x14, 0x0c, 0x13, 0x0c, 0x0c, 0x0c, 0x0c, 
0x0d, 0x0d, 0xed, 0x09, 0x18, 0x0d, 0x1d, 0x1d, 0x13, 0x0c, 0x0d, 0x13, 0x0d, 0x0d, 0x1d, 0x0c, 0x0d, 0x13, 0x0d, 0x0d, 
0x0d, 0x0b, 0x18, 0x0d, 0x0d, 0x0b, 0x0d, 0x0d, 0x18, 0x0d, 0x0d, 0x0d, 0x0d, 0x0d, 0x46, 0x13, 0x13, 0x65, 0x65, 0x0d, 
0x0d, 0x0d, 0x0d, 0xae, 0x0b, 0x0c, 0x0d, 0x0d, 0x0d, 0xaf, 0x0b, 0xb0, 0x0b, 0x0c, 0x0c, 0x0c, 0x0c, 0xd8, 0x0b, 0x3e, 
0xfa, 0x09, 0x02, 0xd2, 0x01, 0x39, 0xcf, 0x06, 0xec, 0x31, 0x02, 0x3e, 0xd5, 0x34, 0x01, 0x1d, 0x39, 0x9a, 0x05, 0xd0, 
0x33, 0x01, 0x3e, 0xe3, 0x33, 0x01, 0x13, 0x39, 0x90, 0x05, 0xfe, 0x50, 0x01, 0x3e, 0x89, 0x51, 0x01, 0x0d, 0xbb, 0x04, 
0x0d, 0xff, 0x07, 0x00, 0x00, 0x80, 0x3f, 0x3e, 0xfe, 0x07, 0x03, 0x0c, 0x39, 0x89, 0x05, 0x86, 0x2a, 0x03, 0x3e, 0x81, 
0x2a, 0x01, 0x0c, 0x39, 0x8b, 0x05, 0xca, 0x3c, 0x01, 0x3e, 0xa9, 0x3c, 0x03, 0x1d, 0x39, 0x9b, 0x05, 0xfc, 0x2c, 0x03, 
0xbc, 0x02, 0xb1, 0x2c, 0x0d, 0x8d, 0x14, 0xde, 0x02, 0xf4, 0x08, 0x1d, 0x0d, 0xc0, 0x05, 0xc0, 0x05, 0x3e, 0xfa, 0x09, 
0x03, 0xfa, 0x09, 0x39, 0xf7, 0x0e, 0x96, 0x2f, 0x03, 0x3e, 0xe1, 0x42, 0x03, 0x13, 0x39, 0x91, 0x05, 0xe6, 0x45, 0x03, 
0x39, 0x9b, 0x05, 0xb1, 0x0b, 0x03, 0xc6, 0x06, 0x08, 0xe8, 0x13, 0x00, 0x82, 0x0a, 0x18, 0xf4, 0x60, 0x01, 0x0c, 0xba, 
0xa9, 0x01, 0x8c, 0x9c, 0x02, 0x22, 0xd4, 0xae, 0x02, 0x00, 0x01, 0x0c, 0xbf, 0x9f, 0x01, 0x94, 0x8f, 0x01, 0x33, 0xe2, 
0x05, 0xfa, 0x3d, 0xda, 0x19, 0x8b, 0x14, 0xd6, 0x61, 0x8b, 0x14, 0x01, 0x65, 0xbc, 0x7b, 0xbc, 0x7b, 0x13, 0x8a, 0x05, 
0x9b, 0x23, 0xcf, 0x2d, 0x8a, 0x14, 0x01, 0x0d, 0x9e, 0x23, 0x9e, 0x23, 0x13, 0x8a, 0x05, 0xd1, 0x0f, 0xcf, 0x2d, 0x8d, 
0x14, 0x01, 0x0d, 0x91, 0x9d, 0x01, 0x91, 0x9d, 0x01, 0xc3, 0x10, 0x0d, 0xd0, 0xb0, 0x01, 0xbc, 0xfe, 0x02, 0xd0, 0xb0, 
0x01, 0xc0, 0x0a, 0x13, 0xad, 0x12, 0xc1, 0x0e, 0xad, 0x12, 0x01, 0x1d, 0xc7, 0xca, 0x01, 0xd6, 0x65, 0x3d, 0x18, 0x82, 
0x41, 0x82, 0x41, 0x82, 0x41, 0x18, 0xc1, 0x0a, 0x0d, 0xdf, 0x66, 0xdf, 0x66, 0x00, 0xc1, 0x0a, 0x1d, 0xa0, 0x84, 0x01, 
0xc5, 0x7a, 0x00, 0xce, 0x10, 0x1d, 0xec, 0x1b, 0xec, 0x1b, 0x8c, 0xa0, 0x01, 0xc1, 0x0a, 0x0d, 0xbe, 0x14, 0xea, 0x4d, 
0x01, 0xc1, 0x0a, 0x1d, 0x99, 0xd0, 0x01, 0xb5, 0x9a, 0x02, 0x01, 0xce, 0x10, 0x1d, 0xde, 0xbb, 0x01, 0xde, 0xbb, 0x01, 
0xbb, 0x14, 0xc1, 0x0a, 0x0d, 0xbe, 0x14, 0xec, 0x4d, 0x02, 0xc1, 0x0a, 0x1d, 0x99, 0xd0, 0x01, 0xb3, 0x9a, 0x02, 0x02, 
0xce, 0x10, 0x1d, 0xfa, 0xc9, 0x01, 0xfa, 0xc9, 0x01, 0x9f, 0x06, 0xc1, 0x0a, 0x1d, 0xaf, 0x7f, 0xe9, 0xcf, 0x01, 0x03, 
0x4b, 0x1d, 0x95, 0x0d, 0xc5, 0x8c, 0x01, 0x95, 0x0d, 0x4b, 0x1d, 0xf6, 0x41, 0xb1, 0x3c, 0xf6, 0x41, 0x4b, 0x1d, 0xaa, 
0x1f, 0x85, 0x1d, 0xaa, 0x1f, 0xc0, 0x0a, 0xa4, 0x08, 0xba, 0x36, 0xe5, 0x36, 0xba, 0x36, 0x23, 0xe2, 0x05, 0xb3, 0x28, 
0xc5, 0x1f, 0x9a, 0x14, 0x8b, 0x14, 0x01, 0x65, 0xbf, 0x76, 0xbf, 0x76, 0xc1, 0x0a, 0x1d, 0xe2, 0xc7, 0x01, 0xee, 0x28, 
0x01, 0xc1, 0x12, 0x1d, 0x9b, 0x97, 0x01, 0xc6, 0x30, 0x9b, 0x97, 0x01, 0x22, 0xdc, 0x91, 0x01, 0x00, 0xc1, 0x0a, 0x0d, 
0xf8, 0x68, 0xf8, 0x68, 0x01, 0x3f, 0x0d, 0xe6, 0x10, 0xe6, 0x10, 0xd2, 0x0a, 0x1d, 0xe1, 0x3d, 0xe1, 0x3d, 0xfc, 0x3b, 
0x01, 0x13, 0x9b, 0x05, 0xae, 0x19, 0xc2, 0x26, 0x8b, 0x14, 0x22, 0x00, 0xae, 0x19, 0x8d, 0x1e, 0x88, 0x06, 0x00, 0x00, 
0x5a, 0x00, 0x00, 0x00, 0x00, 0x00, 0x00, 0x00, 0x4c, 0x4f, 0x4d, 0x53, 0x00, 0x03, 0x01, 0x00, 0x0b, 0x00, 0x08, 0x00, 
0xe8, 0x50, 0x00, 0x00, 0x00, 0x00, 0x00, 0x00, 0x98, 0x00, 0x00, 0x00, 0x91, 0x02, 0x01, 0xd1, 0x10, 0x02, 0x47, 0x4c, 
0x53, 0x4c, 0x2e, 0x73, 0x74, 0x64, 0x2e, 0x34, 0x35, 0x30, 0x00, 0x00, 0x00, 0x00, 0xa0, 0x04, 0x00, 0x01, 0xcf, 0x0e, 
0x04, 0x9f, 0x2c, 0xed, 0xc2, 0xa5, 0xf3, 0x06, 0x00, 0xa0, 0x02, 0x9f, 0x2c, 0x07, 0x93, 0x02, 0x0e, 0xa1, 0x04, 0xf4, 
0x13, 0x08, 0xc6, 0x06, 0x08, 0xba, 0x44, 0x00, 0x82, 0x0a, 0x18, 0x90, 0xeb, 0x01, 0x8d, 0x1e, 0x88, 0x06, 0x00, 0x00, 
0x00, 0x00, 0x00, 0x00, 0x4b, 0x07, 0x00, 0x00, 0x00, 0x00, 0x00, 0x00, 0x4c, 0x4f, 0x4d, 0x53, 0x00, 0x03, 0x01, 0x00, 
0x0b, 0x00, 0x08, 0x00, 0x29, 0x60, 0x00, 0x00, 0x00, 0x00, 0x00, 0x00, 0x58, 0x19, 0x00, 0x00, 0x91, 0x02, 0x01, 0x91, 
0x02, 0x20, 0xd1, 0x10, 0x02, 0x47, 0x4c, 0x53, 0x4c, 0x2e, 0x73, 0x74, 0x64, 0x2e, 0x34, 0x35, 0x30, 0x00, 0x00, 0x00, 
0x00, 0xa0, 0x04, 0x00, 0x01, 0xcf, 0x0f, 0x00, 0x9f, 0x2c, 0xed, 0xc2, 0xa5, 0xf3, 0x06, 0x00, 0x8c, 0x1a, 0x82, 0x1f, 
0xcf, 0x2d, 0xb0, 0x23, 0xd9, 0x1b, 0xc2, 0x26, 0x84, 0x28, 0xab, 0x22, 0x10, 0xdc, 0x16, 0x06, 0x10, 0x37, 0xcf, 0x07, 
0x0b, 0x00, 0x05, 0x00, 0x07, 0x01, 0x10, 0x00, 0x23, 0x00, 0x01, 0x05, 0x00, 0x07, 0x01, 0x10, 0x00, 0x23, 0x40, 0x01, 
0x23, 0x30, 0x01, 0x23, 0x04, 0x01, 0x23, 0x04, 0x01, 0x23, 0x04, 0x01, 0x23, 0x04, 0x10, 0xba, 0x3f, 0x01, 0x01, 0x10, 
0x97, 0x40, 0x06, 0x80, 0x02, 0x00, 0xac, 0x1d, 0x02, 0x47, 0x00, 0x01, 0x00, 0x23, 0x00, 0x10, 0xda, 0x07, 0x21, 0x00, 
0x10, 0x00, 0x22, 0x01, 0x00, 0x64, 0x0e, 0x10, 0x00, 0x1e, 0x0a, 0x10, 0xb2, 0x21, 0x01, 0x08, 0x10, 0x81, 0x34, 0x06, 
0x40, 0x10, 0x02, 0x06, 0x40, 0x10, 0xcf, 0x0c, 0x06, 0x10, 0x10, 0xb4, 0x03, 0x06, 0x10, 0x10, 0x02, 0x06, 0x10, 0x10, 
0x02, 0x06, 0x10, 0x10, 0x50, 0x06, 0x10, 0x00, 0xf1, 0x15, 0x02, 0x37, 0x00, 0x95, 0x00, 0x05, 0x00, 0x07, 0x01, 0x10, 
0x00, 0x23, 0x00, 0x01, 0x05, 0x00, 0x07, 0x01, 0x10, 0x00, 0x23, 0x40, 0x01, 0x05, 0x00, 0x07, 0x01, 0x10, 0x00, 0x23, 
0x40, 0x01, 0x05, 0x00, 0x07, 0x01, 0x10, 0x00, 0x23, 0x40, 0x01, 0x05, 0x00, 0x07, 0x01, 0x10, 0x00, 0x23, 0x40, 0x01, 
0x05, 0x00, 0x07, 0x01, 0x10, 0x00, 0x23, 0x80, 0x02, 0x01, 0x05, 0x00, 0x07, 0x01, 0x10, 0x00, 0x23, 0x80, 0x02, 0x01, 
0x05, 0x00, 0x07, 0x01, 0x10, 0x00, 0x23, 0x40, 0x01, 0x05, 0x00, 0x07, 0x01, 0x10, 0x00, 0x23, 0x30, 0x01, 0x23, 0x40, 
0x01, 0x23, 0x10, 0x01, 0x23, 0x08, 0x01, 0x23, 0x04, 0x01, 0x23, 0x04, 0x01, 0x23, 0x10, 0x01, 0x23, 0x10, 0x01, 0x23, 
0x08, 0x01, 0x23, 0x08, 0x01, 0x23, 0x04, 0x01, 0x00, 0x00, 0x23, 0x04, 0x01, 0x23, 0x08, 0x01, 0x23, 0x04, 0x01, 0x23, 
0x04, 0x01, 0x23, 0x04, 0x01, 0x23, 0x04, 0x01, 0x23, 0x04, 0x01, 0x00, 0x00, 0x23, 0x04, 0x01, 0x00, 0x00, 0x23, 0x04, 
0x01, 0x00, 0x00, 0x23, 0x04, 0x01, 0x00, 0x00, 0x23, 0x10, 0x01, 0x00, 0x00, 0x23, 0x0c, 0x01, 0x00, 0x00, 0x23, 0x04, 
0x01, 0x00, 0x00, 0x23, 0x08, 0x01, 0x00, 0x00, 0x23, 0x04, 0x01, 0x00, 0x00, 0x23, 0x04, 0x01, 0x00, 0x00, 0x23, 0x04, 
0x01, 0x23, 0x04, 0x01, 0x00, 0x00, 0x23, 0x04, 0x01, 0x00, 0x00, 0x23, 0x04, 0x01, 0x23, 0x90, 0x01, 0x01, 0x00, 0x00, 
0x23, 0x0c, 0x01, 0x23, 0x04, 0x01, 0x23, 0x10, 0x01, 0x23, 0x10, 0x01, 0x00, 0x00, 0x23, 0x08, 0x01, 0x00, 0x00, 0x23, 
0x04, 0x01, 0x23, 0x04, 0x01, 0x00, 0x00, 0x23, 0x08, 0x01, 0x00, 0x00, 0x23, 0x04, 0x01, 0x23, 0x04, 0x01, 0x00, 0x00, 
0x23, 0x10, 0x01, 0x00, 0x00, 0x23, 0x04, 0x01, 0x23, 0x04, 0x01, 0x00, 0x00, 0x23, 0x08, 0x01, 0x23, 0x04, 0x01, 0x00, 
0x00, 0x23, 0x04, 0x01, 0x00, 0x00, 0x23, 0x04, 0x01, 0x23, 0x04, 0x01, 0x23, 0x0c, 0x01, 0x23, 0x04, 0x01, 0x23, 0x04, 
0x01, 0x23, 0x04, 0x01, 0x23, 0x04, 0x01, 0x23, 0x04, 0x01, 0x23, 0x0c, 0x01, 0x23, 0x04, 0x01, 0x23, 0x04, 0x01, 0x23, 
0x04, 0x01, 0x23, 0x04, 0x01, 0x05, 0x00, 0x07, 0x01, 0x10, 0x00, 0x23, 0x04, 0x01, 0x23, 0x30, 0x01, 0x23, 0x08, 0x01, 
0x05, 0x00, 0x07, 0x01, 0x10, 0x00, 0x23, 0x08, 0x01, 0x05, 0x00, 0x07, 0x01, 0x10, 0x00, 0x23, 0x40, 0x01, 0x00, 0x00, 
0x23, 0x40, 0x01, 0x00, 0x00, 0x23, 0x04, 0x01, 0x00, 0x00, 0x23, 0x04, 0x01, 0x00, 0x00, 0x23, 0x04, 0x01, 0x23, 0x04, 
0x01, 0x23, 0x40, 0x01, 0x00, 0x00, 0x23, 0x04, 0x01, 0x00, 0x00, 0x23, 0x04, 0x01, 0x00, 0x00, 0x23, 0x04, 0x01, 0x23, 
0x04, 0x01, 0x23, 0x40, 0x01, 0x00, 0x00, 0x23, 0x40, 0x01, 0x00, 0x00, 0x23, 0x04, 0x01, 0x00, 0x00, 0x23, 0x04, 0x01, 
0x00, 0x00, 0x23, 0x04, 0x01, 0x00, 0x00, 0x23, 0x04, 0x10, 0xfa, 0x3b, 0x21, 0x00, 0x10, 0x00, 0x22, 0x00, 0x10, 0x85, 
0x01, 0x1e, 0x00, 0x10, 0x9a, 0x1d, 0x1e, 0x03, 0x10, 0xbd, 0x14, 0x0b, 0x2b, 0x10, 0xad, 0x0f, 0x1e, 0x09, 0x00, 0x93, 
0x22, 0x02, 0x47, 0x00, 0x04, 0x00, 0x0b, 0x01, 0x00, 0x01, 0x0b, 0x01, 0x01, 0x01, 0x0b, 0x01, 0x03, 0x01, 0x0b, 0x01, 
0x04, 0x10, 0xea, 0x3a, 0x1e, 0x05, 0x10, 0xb1, 0x0b, 0x1e, 0x06, 0x93, 0x02, 0x0e, 0xa1, 0x04, 0xf4, 0x13, 0x08, 0xa6, 
0x02, 0xe9, 0x13, 0x20, 0xb7, 0x02, 0x20, 0x0d, 0x04, 0xb8, 0x02, 0x90, 0x01, 0x1d, 0x04, 0xb7, 0x02, 0x99, 0x01, 0x0d, 
0x03, 0xb5, 0x02, 0x17, 0x20, 0x01, 0xb7, 0x02, 0x0e, 0x0d, 0x02, 0xbe, 0x02, 0xa2, 0x10, 0x13, 0x1d, 0xb5, 0x02, 0xb1, 
0x10, 0x20, 0x00, 0xbb, 0x04, 0x0b, 0xfe, 0x27, 0x00, 0x00, 0x00, 0x00, 0xbb, 0x04, 0x0c, 0x02, 0x00, 0x00, 0x00, 0x00, 
0xbb, 0x04, 0x0b, 0x04, 0x01, 0x00, 0x00, 0x00, 0xbb, 0x04, 0x0c, 0x02, 0x01, 0x00, 0x00, 0x00, 0xbb, 0x04, 0x0b, 0x04, 
0x02, 0x00, 0x00, 0x00, 0xbb, 0x04, 0x0c, 0x02, 0x02, 0x00, 0x00, 0x00, 0xb8, 0x02, 0x95, 0x27, 0x18, 0x03, 0xbb, 0x04, 
0x0b, 0xb8, 0x27, 0x08, 0x00, 0x00, 0x00, 0xbc, 0x02, 0xe7, 0x11, 0x1d, 0xa2, 0x14, 0x8e, 0x03, 0xcf, 0x07, 0x65, 0x46, 
0x0c, 0x0c, 0x0c, 0x0d, 0xae, 0x0b, 0xb2, 0x06, 0x0c, 0xba, 0x3f, 0x40, 0x00, 0x00, 0x00, 0xbc, 0x02, 0x97, 0x40, 0xc6, 
0x07, 0xa3, 0x27, 0xae, 0x02, 0xac, 0x1d, 0x97, 0x07, 0x3e, 0x8b, 0x25, 0x02, 0xed, 0x15, 0x39, 0xa7, 0x03, 0xe6, 0x2c, 
0x02, 0x3e, 0xef, 0x27, 0x02, 0x65, 0xbb, 0x04, 0x0c, 0xf0, 0x1c, 0x05, 0x00, 0x00, 0x00, 0x3e, 0xa1, 0x1e, 0x03, 0x0c, 
0x39, 0x89, 0x05, 0x86, 0x2a, 0x03, 0xb2, 0x06, 0x0c, 0xb2, 0x21, 0x02, 0x00, 0x00, 0x00, 0xbb, 0x04, 0x0b, 0x9d, 0x2d, 
0x04, 0x00, 0x00, 0x00, 0xbc, 0x02, 0xe3, 0x06, 0x65, 0x96, 0x14, 0xbc, 0x02, 0x02, 0x65, 0x96, 0x14, 0xb7, 0x02, 0xa1, 
0x21, 0x0b, 0x03, 0xbb, 0x04, 0x0b, 0xa2, 0x28, 0x09, 0x00, 0x00, 0x00, 0xbc, 0x02, 0xcf, 0x13, 0x18, 0xa5, 0x14, 0xbc, 
0x02, 0xb4, 0x03, 0x1d, 0x96, 0x14, 0xbc, 0x02, 0x02, 0x1d, 0x96, 0x14, 0xbc, 0x02, 0x02, 0x1d, 0x96, 0x14, 0xbc, 0x02, 
0x50, 0x1d, 0xa5, 0x14, 0xbe, 0x83, 0xc0, 0x02, 0xf1, 0x15, 0x65, 0x65, 0x65, 0x65, 0xe4, 0x10, 0xe5, 0x10, 0x65, 0x46, 
0x65, 0x1d, 0x13, 0x0d, 0x0d, 0x1d, 0x1d, 0x13, 0x13, 0x0d, 0x0d, 0x13, 0x0d, 0x0d, 0x0d, 0x0d, 0x0d, 0x0d, 0x0d, 0x0d, 
0x1d, 0x14, 0x0c, 0x13, 0x0c, 0x0c, 0x0c, 0x0c, 0x0d, 0x0d, 0xbd, 0x0a, 0x18, 0x0d, 0x1d, 0x1d, 0x13, 0x0c, 0x0d, 0x13, 
0x0d, 0x0d, 0x1d, 0x0c, 0x0d, 0x13, 0x0d, 0x0d, 0x0d, 0x0b, 0x18, 0x0d, 0x0d, 0x0b, 0x0d, 0x0d, 0x18, 0x0d, 0x0d, 0x0d, 
0x0d, 0x0d, 0x46, 0x13, 0x13, 0x65, 0x65, 0x0d, 0x0d, 0x0d, 0x0d, 0x97, 0x0c, 0x0c, 0x0d, 0x0d, 0x0d, 0x98, 0x0c, 0x99, 
0x0c, 0x0c, 0x0c, 0x0c, 0x0c, 0xc1, 0x0c, 0x3e, 0xfa, 0x09, 0x02, 0xc8, 0x01, 0x39, 0xc5, 0x06, 0x80, 0x32, 0x02, 0x3e, 
0xd5, 0x34, 0x01, 0x1d, 0x39, 0x9a, 0x05, 0xd0, 0x33, 0x01, 0x3e, 0xe3, 0x33, 0x01, 0x13, 0x39, 0x90, 0x05, 0xfe, 0x50, 
0x01, 0x3e, 0x89, 0x51, 0x01, 0x0d, 0xbb, 0x04, 0x0d, 0xff, 0x07, 0x00, 0x00, 0x80, 0x3f, 0x3e, 0x82, 0x08, 0x01, 0x0c, 
0x39, 0x8b, 0x05, 0xca, 0x3c, 0x01, 0x3e, 0xa9, 0x3c, 0x03, 0x1d, 0x39, 0x9b, 0x05, 0xfc, 0x2c, 0x03, 0xbb, 0x04, 0x0d, 
0xff, 0x36, 0x00, 0x00, 0x00, 0x40, 0xbb, 0x04, 0x0d, 0xd0, 0x0c, 0x00, 0x00, 0x80, 0xbf, 0xbc, 0x02, 0xe3, 0x01, 0x0d, 
0x90, 0x14, 0xbc, 0x02, 0x13, 0x0d, 0x8d, 0x14, 0xde, 0x02, 0x94, 0x0a, 0x1d, 0x0d, 0xcf, 0x05, 0xc5, 0x05, 0x3e, 0xfa, 
0x09, 0x03, 0xcf, 0x0a, 0x39, 0xcc, 0x0f, 0xec, 0x2d, 0x03, 0x3e, 0xeb, 0x42, 0x03, 0x0d, 0x3e, 0x0a, 0x03, 0x13, 0x39, 
0x91, 0x05, 0xe6, 0x45, 0x03, 0x39, 0x9b, 0x05, 0xb1, 0x0b, 0x03, 0xc6, 0x06, 0x08, 0xe8, 0x13, 0x00, 0x82, 0x0a, 0x18, 
0xf4, 0x60, 0x01, 0x0c, 0xba, 0xa9, 0x01, 0x8c, 0x9c, 0x02, 0x22, 0xd4, 0xae, 0x02, 0x00, 0x01, 0x0c, 0xc5, 0x31, 0x8e, 
0xfd, 0x01, 0xc7, 0x10, 0x0c, 0xc7, 0x51, 0xc7, 0x51, 0x94, 0x8a, 0x01, 0x33, 0xe2, 0x05, 0xeb, 0x2a, 0xda, 0x19, 0x8b, 
0x14, 0xef, 0x6f, 0x8b, 0x14, 0x01, 0x65, 0x96, 0x80, 0x01, 0x96, 0x80, 0x01, 0x13, 0x8a, 0x05, 0xbe, 0x24, 0xcf, 0x2d, 
0x8a, 0x14, 0x01, 0x0d, 0x9c, 0x23, 0x9c, 0x23, 0x13, 0x8a, 0x05, 0xcf, 0x0f, 0xcf, 0x2d, 0x8d, 0x14, 0x01, 0x0d, 0x91, 
0x9d, 0x01, 0x91, 0x9d, 0x01, 0xc3, 0x10, 0x0d, 0xd0, 0xb0, 0x01, 0xbc, 0xfe, 0x02, 0xd0, 0xb0, 0x01, 0xc0, 0x0a, 0x13, 
0xad, 0x12, 0xbf, 0x0e, 0xad, 0x12, 0x01, 0x1d, 0xc7, 0xca, 0x01, 0xd6, 0x65, 0x3d, 0x18, 0x82, 0x41, 0x82, 0x41, 0x82, 
0x41, 0x18, 0xc1, 0x0a, 0x0d, 0xdf, 0x66, 0xdf, 0x66, 0x00, 0xc1, 0x0a, 0x1d, 0xa0, 0x84, 0x01, 0xeb, 0x32, 0x00, 0xce, 
0x10, 0x1d, 0xec, 0x1b, 0xec, 0x1b, 0x8c, 0xa0, 0x01, 0xc1, 0x0a, 0x0d, 0xbe, 0x14, 0xea, 0x4d, 0x01, 0xc1, 0x0a, 0x1d, 
0x99, 0xd0, 0x01, 0xdb, 0xd2, 0x01, 0x01, 0xce, 0x10, 0x1d, 0xde, 0xbb, 0x01, 0xde, 0xbb, 0x01, 0xbb, 0x14, 0xc1, 0x0a, 
0x0d, 0xbe, 0x14, 0xec, 0x4d, 0x02, 0xc1, 0x0a, 0x1d, 0x99, 0xd0, 0x01, 0xd9, 0xd2, 0x01, 0x02, 0xce, 0x10, 0x1d, 0xfa, 
0xc9, 0x01, 0xfa, 0xc9, 0x01, 0x9f, 0x06, 0xc1, 0x0a, 0x1d, 0xaf, 0x7f, 0x8f, 0x88, 0x01, 0x03, 0x4b, 0x1d, 0x95, 0x0d, 
0xc5, 0x8c, 0x01, 0x95, 0x0d, 0x4b, 0x1d, 0xf6, 0x41, 0xb1, 0x3c, 0xf6, 0x41, 0x4b, 0x1d, 0x92, 0x1e, 0x9d, 0x1e, 0x92, 
0x1e, 0xc0, 0x0a, 0xa4, 0x08, 0xce, 0x59, 0xe9, 0x14, 0xce, 0x59, 0x01, 0x0c, 0xf1, 0x4b, 0xae, 0xd9, 0x01, 0xcb, 0x10, 
0x0c, 0x92, 0x3f, 0x92, 0x3f, 0x8e, 0xf7, 0x01, 0x23, 0xe2, 0x05, 0xbe, 0x22, 0xc5, 0x1f, 0x9a, 0x14, 0xac, 0xa6, 0x01, 
0x01, 0x65, 0xf3, 0x7e, 0xf3, 0x7e, 0xc1, 0x0a, 0x1d, 0x88, 0x70, 0xf2, 0x06, 0x01, 0xc1, 0x12, 0x1d, 0x93, 0x9d, 0x01, 
0x8b, 0x2d, 0x93, 0x9d, 0x01, 0x22, 0xe4, 0x8b, 0x01, 0x00, 0x01, 0x0c, 0xbf, 0x22, 0xbe, 0x6c, 0xcb, 0x10, 0x0c, 0xf2, 
0x2c, 0xf2, 0x2c, 0xfe, 0x77, 0xbf, 0x0c, 0x0d, 0xdb, 0x36, 0xa2, 0x41, 0xc8, 0x10, 0x0d, 0xbe, 0x47, 0xf8, 0xdd, 0x01, 
0xbe, 0x47, 0xc8, 0x10, 0x0d, 0xab, 0x2a, 0xab, 0x2a, 0xcc, 0xb3, 0x01, 0x4b, 0x0d, 0x94, 0x78, 0x90, 0x9f, 0x02, 0x94, 
0x78, 0xbf, 0x0c, 0x0d, 0x8f, 0x0c, 0xba, 0x52, 0x4a, 0x0d, 0xa0, 0x10, 0xf8, 0x51, 0xa0, 0x10, 0x4b, 0x0d, 0xa3, 0x8a, 
0x01, 0x93, 0x86, 0x01, 0xa3, 0x8a, 0x01, 0xc8, 0x10, 0x0d, 0xf0, 0x37, 0xda, 0xdb, 0x01, 0x82, 0x47, 0xc1, 0x0a, 0x0d, 
0xfc, 0x96, 0x01, 0xd4, 0xb1, 0x01, 0x00, 0x4a, 0x0d, 0xf6, 0x08, 0xf6, 0x08, 0xf2, 0x9f, 0x01, 0xd2, 0x0a, 0x1d, 0x89, 
0x8b, 0x02, 0x89, 0x8b, 0x02, 0xbf, 0x50, 0x00, 0xc1, 0x0a, 0x0d, 0x90, 0xef, 0x01, 0x90, 0xef, 0x01, 0x03, 0x4a, 0x0d, 
0x8f, 0x83, 0x01, 0xd8, 0x38, 0x8f, 0x83, 0x01, 0xc1, 0x0a, 0x0d, 0xef, 0x7c, 0xef, 0x10, 0x00, 0x4b, 0x0d, 0xd8, 0xd4, 
0x01, 0xd8, 0xd4, 0x01, 0xe8, 0x57, 0xd2, 0x0a, 0x1d, 0xf9, 0x4f, 0xf9, 0x4f, 0xee, 0x73, 0x00, 0xc1, 0x0a, 0x0d, 0xa2, 
0x4e, 0xa2, 0x4e, 0x00, 0xc3, 0x10, 0x0d, 0xf1, 0x7e, 0xe0, 0xb3, 0x01, 0xad, 0x7a, 0xc1, 0x0a, 0x0d, 0x97, 0x49, 0xe7, 
0x79, 0x03, 0x4a, 0x0d, 0xb0, 0x93, 0x01, 0x98, 0x4a, 0xb0, 0x93, 0x01, 0x4b, 0x0d, 0x87, 0x22, 0xe1, 0x56, 0x87, 0x22, 
0xc0, 0x10, 0x0c, 0xf4, 0x30, 0xb0, 0x41, 0xdc, 0xe6, 0x01, 0xbf, 0x0c, 0x0d, 0xd8, 0x54, 0xd8, 0x54, 0x4a, 0x0d, 0xe7, 
0x13, 0xbe, 0x71, 0xe7, 0x13, 0xc3, 0x10, 0x0d, 0xc1, 0x69, 0x92, 0xe4, 0x01, 0xc1, 0x69, 0x4a, 0x0d, 0x8b, 0x50, 0x8b, 
0x50, 0xbe, 0x29, 0x4b, 0x0d, 0xd5, 0x2d, 0xa1, 0xcc, 0x01, 0xd5, 0x2d, 0x23, 0x8c, 0x05, 0xb2, 0x77, 0xc2, 0x26, 0x91, 
0x14, 0x8b, 0x14, 0x22, 0x00, 0xf2, 0x01, 0x3f, 0x0d, 0xe0, 0x71, 0x92, 0xe9, 0x01, 0x23, 0x8c, 0x05, 0xaa, 0x28, 0xc2, 
0x26, 0x91, 0x14, 0x8e, 0x14, 0x22, 0x00, 0xaa, 0x28, 0xc1, 0x0a, 0x0d, 0xf9, 0x90, 0x02, 0xbd, 0x7d, 0x01, 0x3f, 0x0d, 
0xe6, 0xd9, 0x01, 0xe6, 0xd9, 0x01, 0xd2, 0x0a, 0x1d, 0xe1, 0x3d, 0xe1, 0x3d, 0xc6, 0x1e, 0x01, 0x13, 0x9b, 0x05, 0xab, 
0x1f, 0xc2, 0x26, 0x8b, 0x14, 0x22, 0x00, 0xab, 0x1f, 0x22, 0xc6, 0xb1, 0x01, 0x80, 0x06, 0x8d, 0x1e, 0x88, 0x06, 0x00, 
0x00, 0x00, 0x00, 0x00, 0xd7, 0x10, 0x00, 0x00, 0x00, 0x00, 0x00, 0x00, 0x4c, 0x4f, 0x4d, 0x53, 0x00, 0x03, 0x01, 0x00, 
0x0b, 0x00, 0x08, 0x00, 0xd0, 0x61, 0x00, 0x00, 0x00, 0x00, 0x00, 0x00, 0xd4, 0x2e, 0x00, 0x00, 0x91, 0x02, 0x01, 0xd1, 
0x10, 0x02, 0x47, 0x4c, 0x53, 0x4c, 0x2e, 0x73, 0x74, 0x64, 0x2e, 0x34, 0x35, 0x30, 0x00, 0x00, 0x00, 0x00, 0xa0, 0x04, 
0x00, 0x01, 0xff, 0x0f, 0x00, 0x9f, 0x2c, 0xed, 0xc2, 0xa5, 0xf3, 0x06, 0x00, 0xa9, 0x20, 0x82, 0x1f, 0xaf, 0x2e, 0x93, 
0x2d, 0xcf, 0x2d, 0x8c, 0x1a, 0xb0, 0x23, 0xd9, 0x1b, 0xc2, 0x26, 0x84, 0x28, 0xab, 0x22, 0x10, 0xce, 0x1d, 0x06, 0x10, 
0x37, 0xb7, 0x06, 0x0b, 0x00, 0x05, 0x00, 0x07, 0x01, 0x10, 0x00, 0x23, 0x00, 0x01, 0x05, 0x00, 0x07, 0x01, 0x10, 0x00, 
0x23, 0x40, 0x01, 0x23, 0x30, 0x01, 0x23, 0x04, 0x01, 0x23, 0x04, 0x01, 0x23, 0x04, 0x01, 0x23, 0x04, 0x10, 0xb0, 0x37, 
0x01, 0x01, 0x10, 0x89, 0x21, 0x06, 0x80, 0x02, 0x00, 0xd1, 0x21, 0x02, 0x47, 0x00, 0x01, 0x00, 0x23, 0x00, 0x10, 0xca, 
0x27, 0x21, 0x00, 0x10, 0x00, 0x22, 0x01, 0x10, 0xf5, 0x20, 0x06, 0x40, 0x10, 0x02, 0x06, 0x40, 0x10, 0xfa, 0x07, 0x06, 
0x10, 0x10, 0x90, 0x05, 0x06, 0x10, 0x10, 0x02, 0x06, 0x10, 0x10, 0x02, 0x06, 0x10, 0x10, 0x50, 0x06, 0x10, 0x00, 0xe5, 
0x1d, 0x02, 0x37, 0x00, 0x95, 0x00, 0x05, 0x00, 0x07, 0x01, 0x10, 0x00, 0x23, 0x00, 0x01, 0x05, 0x00, 0x07, 0x01, 0x10, 
0x00, 0x23, 0x40, 0x01, 0x05, 0x00, 0x07, 0x01, 0x10, 0x00, 0x23, 0x40, 0x01, 0x05, 0x00, 0x07, 0x01, 0x10, 0x00, 0x23, 
0x40, 0x01, 0x05, 0x00, 0x07, 0x01, 0x10, 0x00, 0x23, 0x40, 0x01, 0x05, 0x00, 0x07, 0x01, 0x10, 0x00, 0x23, 0x80, 0x02, 
0x01, 0x05, 0x00, 0x07, 0x01, 0x10, 0x00, 0x23, 0x80, 0x02, 0x01, 0x05, 0x00, 0x07, 0x01, 0x10, 0x00, 0x23, 0x40, 0x01, 
0x05, 0x00, 0x07, 0x01, 0x10, 0x00, 0x23, 0x30, 0x01, 0x23, 0x40, 0x01, 0x23, 0x10, 0x01, 0x23, 0x08, 0x01, 0x23, 0x04, 
0x01, 0x23, 0x04, 0x01, 0x23, 0x10, 0x01, 0x23, 0x10, 0x01, 0x23, 0x08, 0x01, 0x23, 0x08, 0x01, 0x23, 0x04, 0x01, 0x00, 
0x00, 0x23, 0x04, 0x01, 0x23, 0x08, 0x01, 0x23, 0x04, 0x01, 0x23, 0x04, 0x01, 0x23, 0x04, 0x01, 0x23, 0x04, 0x01, 0x23, 
0x04, 0x01, 0x00, 0x00, 0x23, 0x04, 0x01, 0x00, 0x00, 0x23, 0x04, 0x01, 0x00, 0x00, 0x23, 0x04, 0x01, 0x00, 0x00, 0x23, 
0x10, 0x01, 0x00, 0x00, 0x23, 0x0c, 0x01, 0x00, 0x00, 0x23, 0x04, 0x01, 0x00, 0x00, 0x23, 0x08, 0x01, 0x00, 0x00, 0x23, 
0x04, 0x01, 0x00, 0x00, 0x23, 0x04, 0x01, 0x00, 0x00, 0x23, 0x04, 0x01, 0x23, 0x04, 0x01, 0x00, 0x00, 0x23, 0x04, 0x01, 
0x00, 0x00, 0x23, 0x04, 0x01, 0x23, 0x90, 0x01, 0x01, 0x00, 0x00, 0x23, 0x0c, 0x01, 0x23, 0x04, 0x01, 0x23, 0x10, 0x01, 
0x23, 0x10, 0x01, 0x00, 0x00, 0x23, 0x08, 0x01, 0x00, 0x00, 0x23, 0x04, 0x01, 0x23, 0x04, 0x01, 0x00, 0x00, 0x23, 0x08, 
0x01, 0x00, 0x00, 0x23, 0x04, 0x01, 0x23, 0x04, 0x01, 0x00, 0x00, 0x23, 0x10, 0x01, 0x00, 0x00, 0x23, 0x04, 0x01, 0x23, 
0x04, 0x01, 0x00, 0x00, 0x23, 0x08, 0x01, 0x23, 0x04, 0x01, 0x00, 0x00, 0x23, 0x04, 0x01, 0x00, 0x00, 0x23, 0x04, 0x01, 
0x23, 0x04, 0x01, 0x23, 0x0c, 0x01, 0x23, 0x04, 0x01, 0x23, 0x04, 0x01, 0x23, 0x04, 0x01, 0x23, 0x04, 0x01, 0x23, 0x04, 
0x01, 0x23, 0x0c, 0x01, 0x23, 0x04, 0x01, 0x23, 0x04, 0x01, 0x23, 0x04, 0x01, 0x23, 0x04, 0x01, 0x05, 0x00, 0x07, 0x01, 
0x10, 0x00, 0x23, 0x04, 0x01, 0x23, 0x30, 0x01, 0x23, 0x08, 0x01, 0x05, 0x00, 0x07, 0x01, 0x10, 0x00, 0x23, 0x08, 0x01, 
0x05, 0x00, 0x07, 0x01, 0x10, 0x00, 0x23, 0x40, 0x01, 0x00, 0x00, 0x23, 0x40, 0x01, 0x00, 0x00, 0x23, 0x04, 0x01, 0x00, 
0x00, 0x23, 0x04, 0x01, 0x00, 0x00, 0x23, 0x04, 0x01, 0x23, 0x04, 0x01, 0x23, 0x40, 0x01, 0x00, 0x00, 0x23, 0x04, 0x01, 
0x00, 0x00, 0x23, 0x04, 0x01, 0x00, 0x00, 0x23, 0x04, 0x01, 0x23, 0x04, 0x01, 0x23, 0x40, 0x01, 0x00, 0x00, 0x23, 0x40, 
0x01, 0x00, 0x00, 0x23, 0x04, 0x01, 0x00, 0x00, 0x23, 0x04, 0x01, 0x00, 0x00, 0x23, 0x04, 0x01, 0x00, 0x00, 0x23, 0x04, 
0x10, 0xd2, 0x3c, 0x21, 0x00, 0x10, 0x00, 0x22, 0x00, 0x10, 0xc8, 0x01, 0x0b, 0x2a, 0x37, 0x8b, 0x2e, 0x05, 0x00, 0x05, 
0x00, 0x07, 0x01, 0x10, 0x00, 0x23, 0x00, 0x01, 0x23, 0x30, 0x01, 0x23, 0x0c, 0x10, 0xdb, 0x0d, 0x06, 0x40, 0x00, 0xe8, 
0x13, 0x02, 0x47, 0x00, 0x01, 0x00, 0x23, 0x00, 0x10, 0xb6, 0x1e, 0x21, 0x01, 0x10, 0x00, 0x22, 0x01, 0x10, 0xb6, 0x0f, 
0x21, 0x05, 0x10, 0x00, 0x22, 0x01, 0x00, 0x8f, 0x37, 0x02, 0x47, 0x00, 0x01, 0x00, 0x23, 0x00, 0x10, 0xc2, 0x12, 0x06, 
0x10, 0x00, 0xe8, 0x01, 0x02, 0x37, 0x00, 0x02, 0x00, 0x00, 0x00, 0x23, 0x00, 0x10, 0xd2, 0x1b, 0x21, 0x02, 0x10, 0x00, 
0x22, 0x01, 0x10, 0xcb, 0x02, 0x21, 0x03, 0x10, 0x00, 0x22, 0x01, 0x10, 0xa6, 0x01, 0x1e, 0x00, 0x10, 0xda, 0x1e, 0x1e, 
0x05, 0x10, 0xb7, 0x02, 0x1e, 0x06, 0x10, 0x78, 0x1e, 0x03, 0x00, 0x85, 0x27, 0x0e, 0x10, 0x00, 0x1e, 0x0a, 0x10, 0xc8, 
0x12, 0x0b, 0x2b, 0x10, 0xad, 0x0f, 0x1e, 0x09, 0x00, 0x81, 0x14, 0x02, 0x47, 0x00, 0x04, 0x00, 0x0b, 0x01, 0x00, 0x01, 
0x0b, 0x01, 0x01, 0x01, 0x0b, 0x01, 0x03, 0x01, 0x0b, 0x01, 0x04, 0x10, 0xd8, 0x2c, 0x1e, 0x05, 0x10, 0xb1, 0x0b, 0x1e, 
0x06, 0x00, 0xbe, 0x8b, 0x01, 0x00, 0x93, 0x02, 0x0e, 0xa1, 0x04, 0xf4, 0x13, 0x08, 0xa6, 0x02, 0xe9, 0x13, 0x20, 0xb7, 
0x02, 0x20, 0x0d, 0x04, 0xb8, 0x02, 0x90, 0x01, 0x1d, 0x04, 0xb7, 0x02, 0x99, 0x01, 0x0d, 0x03, 0xb5, 0x02, 0x17, 0x20, 
0x01, 0x3e, 0x92, 0x0a, 0x07, 0x18, 0xb5, 0x02, 0x93, 0x0a, 0x20, 0x00, 0xb7, 0x02, 0x18, 0x0b, 0x04, 0xd1, 0x04, 0xe8, 
0x05, 0x08, 0x95, 0x05, 0x17, 0x1d, 0xb7, 0x02, 0xef, 0x05, 0x0d, 0x02, 0xbe, 0x02, 0xa2, 0x10, 0x13, 0x1d, 0xbb, 0x04, 
0x0b, 0xcc, 0x17, 0x00, 0x00, 0x00, 0x00, 0xbb, 0x04, 0x0c, 0x02, 0x00, 0x00, 0x00, 0x00, 0xbb, 0x04, 0x0b, 0x04, 0x01, 
0x00, 0x00, 0x00, 0xbb, 0x04, 0x0c, 0x02, 0x01, 0x00, 0x00, 0x00, 0xbb, 0x04, 0x0c, 0x06, 0x02, 0x00, 0x00, 0x00, 0xbb, 
0x04, 0x0c, 0x06, 0x03, 0x00, 0x00, 0x00, 0xb8, 0x02, 0x9b, 0x27, 0x18, 0x03, 0xbb, 0x04, 0x0b, 0xb8, 0x27, 0x08, 0x00, 
0x00, 0x00, 0xbc, 0x02, 0xf5, 0x0a, 0x1d, 0xa2, 0x14, 0x8e, 0x03, 0xb7, 0x06, 0x65, 0x46, 0x0c, 0x0c, 0x0c, 0x0d, 0xe7, 
0x0e, 0xb2, 0x06, 0x0c, 0xb0, 0x37, 0x40, 0x00, 0x00, 0x00, 0xbc, 0x02, 0x89, 0x21, 0xcb, 0x0b, 0xa3, 0x27, 0xae, 0x02, 
0xd1, 0x21, 0xde, 0x16, 0x3e, 0xfa, 0x09, 0x02, 0xf5, 0x05, 0x39, 0xf2, 0x0a, 0xd0, 0x1d, 0x02, 0x3e, 0xef, 0x27, 0x02, 
0x65, 0x3e, 0xb1, 0x01, 0x02, 0x0c, 0xbb, 0x04, 0x0c, 0xa2, 0x1e, 0x05, 0x00, 0x00, 0x00, 0x3e, 0x9f, 0x1e, 0x02, 0x0d, 
0xbb, 0x04, 0x0b, 0x98, 0x1e, 0x04, 0x00, 0x00, 0x00, 0xbc, 0x02, 0xed, 0x15, 0x65, 0x96, 0x14, 0xbc, 0x02, 0x02, 0x65, 
0x96, 0x14, 0xb7, 0x02, 0x97, 0x12, 0x0b, 0x03, 0xbb, 0x04, 0x0b, 0xa2, 0x28, 0x09, 0x00, 0x00, 0x00, 0xbc, 0x02, 0x8f, 
0x0e, 0x18, 0xa5, 0x14, 0xbc, 0x02, 0x90, 0x05, 0x1d, 0x96, 0x14, 0xbc, 0x02, 0x02, 0x1d, 0x96, 0x14, 0xbc, 0x02, 0x02, 
0x1d, 0x96, 0x14, 0xbc, 0x02, 0x50, 0x1d, 0xa5, 0x14, 0xbe, 0x83, 0xc0, 0x02, 0xe5, 0x1d, 0x65, 0x65, 0x65, 0x65, 0x9f, 
0x09, 0xa0, 0x09, 0x65, 0x46, 0x65, 0x1d, 0x13, 0x0d, 0x0d, 0x1d, 0x1d, 0x13, 0x13, 0x0d, 0x0d, 0x13, 0x0d, 0x0d, 0x0d, 
0x0d, 0x0d, 0x0d, 0x0d, 0x0d, 0x1d, 0x14, 0x0c, 0x13, 0x0c, 0x0c, 0x0c, 0x0c, 0x0d, 0x0d, 0x9d, 0x0d, 0x18, 0x0d, 0x1d, 
0x1d, 0x13, 0x0c, 0x0d, 0x13, 0x0d, 0x0d, 0x1d, 0x0c, 0x0d, 0x13, 0x0d, 0x0d, 0x0d, 0x0b, 0x18, 0x0d, 0x0d, 0x0b, 0x0d, 
0x0d, 0x18, 0x0d, 0x0d, 0x0d, 0x0d, 0x0d, 0x46, 0x13, 0x13, 0x65, 0x65, 0x0d, 0x0d, 0x0d, 0x0d, 0xe5, 0x0f, 0x0c, 0x0d, 
0x0d, 0x0d, 0xe6, 0x0f, 0xe7, 0x0f, 0x0c, 0x0c, 0x0c, 0x0c, 0x8f, 0x10, 0x3e, 0xfa, 0x09, 0x02, 0x9c, 0x01, 0x39, 0x99, 
0x06, 0xd8, 0x32, 0x02, 0x3e, 0xf3, 0x34, 0x01, 0x0c, 0x39, 0x8b, 0x05, 0xbc, 0x36, 0x01, 0xb8, 0x02, 0xa5, 0x3f, 0x18, 
0x04, 0xb8, 0x02, 0x0b, 0x1d, 0x03, 0xce, 0x02, 0xa6, 0x11, 0x50, 0x18, 0x0d, 0xbb, 0x04, 0x0b, 0xb7, 0x0d, 0x00, 0x01, 
0x00, 0x00, 0xbc, 0x02, 0x23, 0xa3, 0x09, 0xc7, 0x02, 0xae, 0x02, 0xe8, 0x13, 0xb5, 0x02, 0x3e, 0xfa, 0x09, 0x02, 0xa9, 
0x0c, 0x39, 0xa6, 0x11, 0xbc, 0x14, 0x02, 0x3e, 0xed, 0x2b, 0x02, 0x50, 0xbb, 0x04, 0x0b, 0x8c, 0x1d, 0x03, 0x00, 0x00, 
0x00, 0xbb, 0x04, 0x0d, 0x0d, 0x00, 0x00, 0x00, 0x00, 0x94, 0x02, 0x85, 0x28, 0xbb, 0x04, 0x0d, 0x82, 0x02, 0x00, 0x00, 
0x80, 0x3f, 0xb7, 0x02, 0xef, 0x01, 0x0c, 0x02, 0xbb, 0x04, 0x0b, 0xe4, 0x29, 0x00, 0x08, 0x00, 0x00, 0x89, 0x03, 0xdb, 
0x27, 0x0d, 0x01, 0x00, 0x00, 0x00, 0x01, 0x00, 0xab, 0x02, 0xd0, 0x05, 0x96, 0x01, 0x3e, 0xfa, 0x09, 0x00, 0xfe, 0x03, 
0x39, 0xfb, 0x08, 0xc8, 0x34, 0x00, 0xae, 0x02, 0x8f, 0x37, 0x0c, 0x3e, 0xfa, 0x09, 0x09, 0xd7, 0x07, 0x39, 0xd4, 0x0c, 
0xa2, 0x17, 0x09, 0x3e, 0xb1, 0x26, 0x09, 0x0c, 0xb7, 0x02, 0xeb, 0x09, 0x0c, 0x03, 0xbb, 0x04, 0x0c, 0xde, 0x29, 0x00, 
0x08, 0x00, 0x00, 0xbc, 0x02, 0x99, 0x08, 0x1d, 0xc7, 0x02, 0xae, 0x02, 0xe8, 0x01, 0xf8, 0x10, 0x3e, 0xfa, 0x09, 0x02, 
0xec, 0x11, 0x39, 0xe9, 0x16, 0xd8, 0x11, 0x02, 0x89, 0x03, 0xfd, 0x3b, 0x0d, 0x01, 0x00, 0x01, 0x00, 0x01, 0x00, 0xab, 
0x02, 0xd2, 0x04, 0xd6, 0x01, 0x3e, 0xfa, 0x09, 0x00, 0xff, 0x03, 0x39, 0xfc, 0x08, 0xe6, 0x2a, 0x00, 0x3e, 0xa9, 0x32, 
0x01, 0x1d, 0x39, 0x9a, 0x05, 0xd0, 0x33, 0x01, 0xbb, 0x04, 0x0c, 0xf3, 0x2c, 0x00, 0x02, 0x00, 0x00, 0xbb, 0x04, 0x0c, 
0xff, 0x0b, 0x00, 0x01, 0x00, 0x00, 0x3e, 0x98, 0x05, 0x01, 0x17, 0x39, 0x94, 0x05, 0xb6, 0x52, 0x01, 0x39, 0x9a, 0x05, 
0xb7, 0x02, 0x01, 0x3e, 0x85, 0x50, 0x01, 0x13, 0x39, 0x90, 0x05, 0xfe, 0x50, 0x01, 0x3e, 0x83, 0x51, 0x01, 0x0d, 0x3e, 
0x02, 0x03, 0x0c, 0x39, 0x8e, 0x05, 0xfc, 0x29, 0x03, 0x39, 0x8b, 0x05, 0xc8, 0x12, 0x01, 0x3e, 0xa9, 0x3c, 0x03, 0x1d, 
0x39, 0x9b, 0x05, 0xfc, 0x2c, 0x03, 0xbc, 0x02, 0xd5, 0x2a, 0x0d, 0x8d, 0x14, 0xde, 0x02, 0xd4, 0x16, 0x1d, 0x0d, 0xae, 
0x06, 0xae, 0x06, 0x3e, 0xfa, 0x09, 0x03, 0xd8, 0x11, 0x39, 0xd5, 0x16, 0xda, 0x1f, 0x03, 0x3e, 0xe1, 0x42, 0x03, 0x13, 
0x39, 0x91, 0x05, 0xe6, 0x45, 0x03, 0x39, 0x9b, 0x05, 0xb1, 0x0b, 0x03, 0xad, 0x06, 0x1d, 0xd1, 0x44, 0xc6, 0x06, 0x08, 
0xba, 0x58, 0x00, 0x82, 0x0a, 0x18, 0x82, 0x66, 0x39, 0x95, 0x05, 0xb2, 0x7d, 0x07, 0x01, 0x0c, 0xdb, 0xce, 0x01, 0xb6, 
0x26, 0x22, 0xfe, 0x38, 0x00, 0x01, 0x0c, 0x96, 0x56, 0x94, 0x8f, 0x01, 0x33, 0xe2, 0x05, 0xfa, 0x3d, 0xda, 0x19, 0x8b, 
0x14, 0xd6, 0x61, 0x8b, 0x14, 0x01, 0x65, 0xbc, 0x7b, 0xbc, 0x7b, 0x33, 0x89, 0x05, 0x9b, 0x23, 0xda, 0x19, 0x8b, 0x14, 
0xd6, 0x61, 0x91, 0x14, 0x01, 0x0c, 0x9e, 0x23, 0x9e, 0x23, 0x33, 0x89, 0x05, 0x9b, 0x23, 0xda, 0x19, 0x8b, 0x14, 0xd6, 
0x61, 0x94, 0x14, 0x01, 0x0c, 0x9e, 0x23, 0x9e, 0x23, 0x13, 0x8d, 0x05, 0x9b, 0x23, 0xcf, 0x2d, 0x8a, 0x14, 0x01, 0x0d, 
0x9e, 0x23, 0x9e, 0x23, 0x13, 0x8d, 0x05, 0xd5, 0x0f, 0xcf, 0x2d, 0x8d, 0x14, 0x01, 0x0d, 0x91, 0x9d, 0x01, 0x91, 0x9d, 
0x01, 0xc3, 0x10, 0x0d, 0xd0, 0xb0, 0x01, 0xbc, 0xfe, 0x02, 0xd0, 0xb0, 0x01, 0xc0, 0x0a, 0x13, 0xdb, 0x98, 0x02, 0xf3, 
0x94, 0x02, 0xdb, 0x98, 0x02, 0x01, 0x1d, 0x90, 0x3c, 0x80, 0x66, 0xc7, 0x18, 0x0c, 0x8c, 0xc9, 0x01, 0xd5, 0x0f, 0x80, 
0xdc, 0x02, 0xcb, 0x14, 0x09, 0xf7, 0xaa, 0x01, 0xf7, 0xaa, 0x01, 0x82, 0x9a, 0x01, 0xa7, 0x1e, 0xb1, 0x8e, 0x01, 0x00, 
0xba, 0x1e, 0x00, 0xfb, 0x25, 0xb1, 0x8e, 0x01, 0x18, 0xfc, 0x25, 0x01, 0x0c, 0xf1, 0x0c, 0xd0, 0x9a, 0x01, 0x13, 0x8c, 
0x05, 0xa1, 0x70, 0xa5, 0x18, 0x8b, 0x14, 0x01, 0x0c, 0xd0, 0x7e, 0xd0, 0x7e, 0xc0, 0x10, 0x0c, 0xc6, 0x63, 0xf4, 0x71, 
0xc6, 0x63, 0xcb, 0x10, 0x0c, 0xb1, 0x9d, 0x01, 0xb1, 0x9d, 0x01, 0xda, 0x85, 0x01, 0xc7, 0x10, 0x0c, 0x81, 0x2a, 0xb3, 
0xc7, 0x01, 0xd8, 0x5b, 0xd0, 0x0a, 0x16, 0xda, 0xe8, 0x01, 0xd8, 0xbe, 0x01, 0xda, 0xe8, 0x01, 0xa6, 0xc6, 0x02, 0x99, 
0x1e, 0xa4, 0x13, 0x18, 0xa3, 0x13, 0xe5, 0x1e, 0x16, 0xf7, 0x8d, 0x01, 0x9e, 0x5b, 0x00, 0x00, 0x0a, 0x3a, 0x00, 0x00, 
0x9c, 0x33, 0x00, 0x00, 0x96, 0x5f, 0x00, 0x00, 0xe5, 0x1e, 0x1d, 0xaa, 0x1d, 0x02, 0x29, 0x00, 0x00, 0x0a, 0x3a, 0x00, 
0x00, 0x36, 0x3d, 0x00, 0x00, 0x96, 0x5f, 0x00, 0x00, 0xe5, 0x1e, 0x0c, 0x85, 0x51, 0x0b, 0x0a, 0x00, 0x00, 0x0a, 0x3a, 
0x00, 0x00, 0xb5, 0x5d, 0x00, 0x00, 0x96, 0x5f, 0x00, 0x00, 0xc1, 0x16, 0x09, 0xf5, 0x14, 0xf5, 0x14, 0x95, 0xf8, 0x01, 
0xb6, 0x1e, 0x8b, 0x07, 0xdd, 0xf9, 0x01, 0x00, 0xba, 0x1e, 0x00, 0xbf, 0x18, 0x8b, 0x07, 0x18, 0xc0, 0x18, 0x33, 0x8a, 
0x05, 0x8c, 0xc1, 0x01, 0xd5, 0x1f, 0x8b, 0x14, 0xe2, 0x4c, 0x8a, 0x14, 0x01, 0x0d, 0x85, 0x8e, 0x01, 0x85, 0x8e, 0x01, 
0xc7, 0x16, 0x09, 0x81, 0x16, 0x81, 0x16, 0xfa, 0x91, 0x01, 0xa7, 0x1e, 0xae, 0x4a, 0x00, 0xba, 0x1e, 0x00, 0xf8, 0x0b, 
0xae, 0x4a, 0x18, 0xf7, 0x0b, 0xd2, 0x0a, 0x16, 0xfe, 0x3c, 0xd4, 0x51, 0xf8, 0x1d, 0x02, 0x01, 0xff, 0x03, 0xb0, 0x51, 
0xea, 0xff, 0x01, 0xb4, 0x0c, 0xd6, 0x01, 0xeb, 0x58, 0xeb, 0x58, 0xef, 0x0a, 0x1d, 0xfe, 0x20, 0xfe, 0x20, 0xc2, 0x19, 
0x02, 0x8b, 0x14, 0xce, 0x10, 0x1d, 0xbb, 0x7e, 0xbb, 0x7e, 0xf5, 0x49, 0x4b, 0x1d, 0x9a, 0x87, 0x01, 0xee, 0x22, 0x9a, 
0x87, 0x01, 0x99, 0x1e, 0xd4, 0x9d, 0x01, 0x18, 0xd3, 0x9d, 0x01, 0xe5, 0x1e, 0x16, 0xd4, 0x5e, 0x50, 0x33, 0x00, 0x00, 
0x47, 0x27, 0x00, 0x00, 0xcc, 0x3a, 0x00, 0x00, 0x8d, 0x2b, 0x00, 0x00, 0xe5, 0x1e, 0x1d, 0xb4, 0x26, 0xa5, 0x3a, 0x00, 
0x00, 0x47, 0x27, 0x00, 0x00, 0x5c, 0x43, 0x00, 0x00, 0x8d, 0x2b, 0x00, 0x00, 0x99, 0x1e, 0xbf, 0x89, 0x01, 0x18, 0xc0, 
0x89, 0x01, 0xc0, 0x10, 0x0c, 0xc1, 0x07, 0xa6, 0xdd, 0x01, 0xce, 0xce, 0x02, 0x99, 0x1e, 0xd2, 0x1b, 0x18, 0x8f, 0xeb, 
0x01, 0x99, 0x1e, 0xef, 0xc4, 0x01, 0x18, 0xf0, 0xc4, 0x01, 0xe5, 0x1e, 0x1d, 0xf9, 0x1c, 0x02, 0x29, 0x00, 0x00, 0xa0, 
0x2f, 0x00, 0x00, 0xa5, 0x3a, 0x00, 0x00, 0xed, 0x22, 0x00, 0x00, 0xc7, 0x18, 0x0c, 0xa5, 0x78, 0xbb, 0xc1, 0x01, 0x9a, 
0xb6, 0x01, 0xcb, 0x14, 0x09, 0xd2, 0x6e, 0xd2, 0x6e, 0xe6, 0x81, 0x02, 0xa7, 0x1e, 0xe0, 0x4b, 0x00, 0xba, 0x1e, 0x00, 
0x80, 0x43, 0xe0, 0x4b, 0x18, 0xff, 0x42, 0x01, 0x17, 0xba, 0x04, 0xd8, 0x8e, 0x01, 0x01, 0x1d, 0xb4, 0x11, 0xc4, 0xa2, 
0x01, 0x3d, 0x18, 0xf6, 0x20, 0xef, 0x15, 0xef, 0x15, 0x18, 0x22, 0x91, 0x1e, 0x00, 0xe9, 0x06, 0x08, 0xc1, 0x84, 0x01, 
0xfc, 0x51, 0xd3, 0xa2, 0x01, 0x97, 0x52, 0xcb, 0x63, 0x01, 0x18, 0xcc, 0x57, 0x87, 0x4b, 0xc1, 0x0a, 0x0d, 0xbb, 0x0a, 
0xbb, 0x0a, 0x00, 0xd2, 0x0a, 0x1d, 0xf3, 0x3c, 0xf3, 0x3c, 0xb6, 0xa9, 0x01, 0x00, 0xc1, 0x0a, 0x0d, 0xb0, 0xab, 0x01, 
0x80, 0x64, 0x01, 0xd2, 0x0a, 0x1d, 0x89, 0x3a, 0x89, 0x3a, 0xa6, 0x71, 0x01, 0xc1, 0x0a, 0x0d, 0xfa, 0x6b, 0xf0, 0x95, 
0x01, 0x02, 0xd2, 0x0a, 0x1d, 0xe7, 0xd6, 0x01, 0xe7, 0xd6, 0x01, 0xed, 0x6a, 0x02, 0x99, 0x1e, 0xa9, 0x2e, 0x18, 0xaa, 
0x2e, 0xe5, 0x1e, 0x1d, 0x8a, 0x55, 0xe8, 0x4c, 0x00, 0x00, 0x25, 0x54, 0x00, 0x00, 0xf9, 0x2b, 0x00, 0x00, 0xbe, 0x39, 
0x00, 0x00, 0x3d, 0x18, 0xce, 0x29, 0xce, 0x29, 0xce, 0x29, 0x18, 0xc1, 0x0a, 0x0d, 0x93, 0x77, 0x93, 0x77, 0x00, 0xc1, 
0x0a, 0x1d, 0xbc, 0x1c, 0xc5, 0x7a, 0x00, 0xce, 0x10, 0x1d, 0xec, 0x1b, 0xec, 0x1b, 0xa8, 0x38, 0xc1, 0x0a, 0x0d, 0xbe, 
0x14, 0xad, 0x2a, 0x01, 0xc1, 0x0a, 0x1d, 0x99, 0xd0, 0x01, 0xb5, 0x9a, 0x02, 0x01, 0xce, 0x10, 0x1d, 0xde, 0xbb, 0x01, 
0xde, 0xbb, 0x01, 0xbb, 0x14, 0xc1, 0x0a, 0x0d, 0xbe, 0x14, 0xab, 0x2a, 0x02, 0xc1, 0x0a, 0x1d, 0x99, 0xd0, 0x01, 0xb3, 
0x9a, 0x02, 0x02, 0xce, 0x10, 0x1d, 0xfa, 0xc9, 0x01, 0xfa, 0xc9, 0x01, 0x9f, 0x06, 0xc1, 0x0a, 0x1d, 0xaf, 0x7f, 0xe9, 
0xcf, 0x01, 0x03, 0x4b, 0x1d, 0x95, 0x0d, 0xc5, 0x8c, 0x01, 0x95, 0x0d, 0x4b, 0x1d, 0xf6, 0x41, 0xb1, 0x3c, 0xf6, 0x41, 
0x4b, 0x1d, 0xaa, 0x1f, 0x85, 0x1d, 0xaa, 0x1f, 0xc0, 0x0a, 0xa4, 0x08, 0xba, 0x36, 0xc8, 0xcf, 0x01, 0xba, 0x36, 0x23, 
0xe2, 0x05, 0xb3, 0x28, 0xc5, 0x1f, 0x9a, 0x14, 0x8b, 0x14, 0x01, 0x65, 0xbf, 0x76, 0xbf, 0x76, 0xc1, 0x0a, 0x1d, 0xe2, 
0xc7, 0x01, 0xee, 0x28, 0x01, 0xc1, 0x12, 0x1d, 0x9b, 0x97, 0x01, 0xc6, 0x30, 0x9b, 0x97, 0x01, 0x22, 0xdc, 0x91, 0x01, 
0x00, 0xc1, 0x0a, 0x0d, 0xf8, 0x68, 0xf8, 0x68, 0x01, 0x3f, 0x0d, 0xe6, 0x10, 0xe6, 0x10, 0xd2, 0x0a, 0x1d, 0xe1, 0x3d, 
0xe1, 0x3d, 0xfc, 0x3b, 0x01, 0x13, 0x9b, 0x05, 0xae, 0x19, 0xc2, 0x26, 0x8b, 0x14, 0x22, 0x00, 0xae, 0x19, 0x8d, 0x1e, 
0x88, 0x06, 0xc6, 0x06, 0x08, 0x95, 0xd7, 0x01, 0x00, 0x8b, 0x03, 0xa7, 0x06, 0x95, 0x05, 0x9d, 0x04, 0xa7, 0x06, 0x17, 
0xd4, 0x16, 0xa7, 0x06, 0x1d, 0xd7, 0x12, 0x18, 0xe2, 0x9e, 0x02, 0xc1, 0x0a, 0x0d, 0xd3, 0xaf, 0x01, 0x8e, 0x6f, 0x03, 
0xce, 0x16, 0x09, 0xa0, 0x4a, 0xa0, 0x4a, 0x96, 0xd8, 0x01, 0xa7, 0x1e, 0xfe, 0x24, 0x00, 0xba, 0x1e, 0x00, 0xbc, 0x9c, 
0x01, 0xfe, 0x24, 0x18, 0xbb, 0x9c, 0x01, 0xc1, 0x0a, 0x0d, 0xce, 0xd7, 0x01, 0xc0, 0xf4, 0x01, 0x00, 0xc1, 0x0a, 0x0b, 
0xf5, 0x9d, 0x01, 0xf2, 0x43, 0x00, 0x01, 0x18, 0xc6, 0x7b, 0x8c, 0xd6, 0x01, 0x33, 0xcd, 0x05, 0xec, 0x57, 0xc4, 0x1b, 
0x8b, 0x14, 0xe5, 0x4e, 0x8b, 0x14, 0x01, 0x50, 0xd7, 0x0f, 0xd7, 0x0f, 0xb4, 0x0a, 0x56, 0xb5, 0xbc, 0x01, 0x52, 0x58, 
0x00, 0x00, 0xc1, 0x0a, 0x0d, 0xd8, 0x9c, 0x01, 0xb6, 0x28, 0x00, 0xc1, 0x0a, 0x18, 0xdb, 0x85, 0x01, 0xfc, 0x16, 0x00, 
0xce, 0x10, 0x18, 0x96, 0x74, 0x96, 0x74, 0xc5, 0x11, 0xc1, 0x0a, 0x0d, 0xbe, 0x14, 0xae, 0x2b, 0x01, 0xc1, 0x0a, 0x18, 
0x8d, 0x0b, 0xc2, 0x94, 0x01, 0x01, 0xce, 0x10, 0x18, 0xad, 0x09, 0xad, 0x09, 0xbb, 0x14, 0xc1, 0x0a, 0x0d, 0xbe, 0x14, 
0xb0, 0x2b, 0x02, 0xc1, 0x0a, 0x18, 0x8d, 0x0b, 0xc4, 0x94, 0x01, 0x02, 0xce, 0x10, 0x18, 0xee, 0x04, 0xee, 0x04, 0x9f, 
0x06, 0xc1, 0x0a, 0x18, 0xaf, 0x7f, 0x82, 0x1a, 0x03, 0x4b, 0x18, 0x95, 0x0d, 0xc5, 0x8c, 0x01, 0x95, 0x0d, 0x4b, 0x18, 
0xaa, 0x54, 0xfd, 0x29, 0xaa, 0x54, 0x4b, 0x18, 0x96, 0x2f, 0x9a, 0x05, 0x96, 0x2f, 0xce, 0x10, 0x18, 0xb1, 0x09, 0xb1, 
0x09, 0xd7, 0x0f, 0xc1, 0x0a, 0x0d, 0xf7, 0xc4, 0x01, 0xf0, 0x1f, 0x01, 0xc1, 0x0a, 0x0b, 0xdc, 0x7e, 0xf4, 0x8b, 0x01, 
0x01, 0x01, 0x18, 0xc6, 0x33, 0x8e, 0xd6, 0x01, 0x33, 0xcd, 0x05, 0xec, 0x57, 0xc4, 0x1b, 0x8b, 0x14, 0xe6, 0x72, 0x8b, 
0x14, 0x01, 0x50, 0xd7, 0x0f, 0xd7, 0x0f, 0xb4, 0x0a, 0x56, 0xb5, 0xbc, 0x01, 0x53, 0x58, 0x00, 0x00, 0xc1, 0x0a, 0x0d, 
0xd8, 0x9c, 0x01, 0xb6, 0x28, 0x00, 0xc1, 0x0a, 0x18, 0xdb, 0x85, 0x01, 0xfc, 0x16, 0x00, 0xce, 0x10, 0x18, 0x98, 0x74, 
0x98, 0x74, 0xc3, 0x11, 0xc1, 0x0a, 0x0d, 0xbe, 0x14, 0xb0, 0x2b, 0x01, 0xc1, 0x0a, 0x18, 0x8d, 0x0b, 0xc4, 0x94, 0x01, 
0x01, 0xce, 0x10, 0x18, 0xad, 0x09, 0xad, 0x09, 0xbb, 0x14, 0xc1, 0x0a, 0x0d, 0xbe, 0x14, 0xb2, 0x2b, 0x02, 0xc1, 0x0a, 
0x18, 0x8d, 0x0b, 0xc6, 0x94, 0x01, 0x02, 0xce, 0x10, 0x18, 0xec, 0x04, 0xec, 0x04, 0xa1, 0x06, 0xc1, 0x0a, 0x18, 0xaf, 
0x7f, 0x82, 0x1a, 0x03, 0x4b, 0x18, 0x95, 0x0d, 0xc5, 0x8c, 0x01, 0x95, 0x0d, 0x4b, 0x18, 0xaa, 0x54, 0xff, 0x29, 0xaa, 
0x54, 0x4b, 0x18, 0xb4, 0x3d, 0xb6, 0x13, 0xb4, 0x3d, 0xce, 0x10, 0x18, 0xb1, 0x99, 0x01, 0xb1, 0x99, 0x01, 0x98, 0x43, 
0x4b, 0x18, 0x9b, 0x31, 0xfb, 0xb2, 0x01, 0x9b, 0x31, 0xc1, 0x0a, 0x0d, 0xe4, 0x31, 0xd0, 0x63, 0x02, 0xc1, 0x0a, 0x0b, 
0xbe, 0x2e, 0xb6, 0x7f, 0x02, 0x01, 0x18, 0x86, 0x40, 0x90, 0xd6, 0x01, 0x33, 0xcd, 0x05, 0xec, 0x57, 0xc4, 0x1b, 0x8b, 
0x14, 0xc7, 0x6c, 0x8b, 0x14, 0x01, 0x50, 0xd7, 0x0f, 0xd7, 0x0f, 0xb4, 0x0a, 0x56, 0xb5, 0xbc, 0x01, 0x54, 0x58, 0x00, 
0x00, 0xc1, 0x0a, 0x0d, 0xd8, 0x9c, 0x01, 0xb6, 0x28, 0x00, 0xc1, 0x0a, 0x18, 0xdb, 0x85, 0x01, 0xfc, 0x16, 0x00, 0xce, 
0x10, 0x18, 0x9a, 0x74, 0x9a, 0x74, 0xc1, 0x11, 0xc1, 0x0a, 0x0d, 0xbe, 0x14, 0xb2, 0x2b, 0x01, 0xc1, 0x0a, 0x18, 0x8d, 
0x0b, 0xc6, 0x94, 0x01, 0x01, 0xce, 0x10, 0x18, 0xad, 0x09, 0xad, 0x09, 0xbb, 0x14, 0xc1, 0x0a, 0x0d, 0xbe, 0x14, 0xb4, 
0x2b, 0x02, 0xc1, 0x0a, 0x18, 0x8d, 0x0b, 0xc8, 0x94, 0x01, 0x02, 0xce, 0x10, 0x18, 0xea, 0x04, 0xea, 0x04, 0xa3, 0x06, 
0xc1, 0x0a, 0x18, 0xaf, 0x7f, 0x82, 0x1a, 0x03, 0x4b, 0x18, 0x95, 0x0d, 0xc5, 0x8c, 0x01, 0x95, 0x0d, 0x4b, 0x18, 0xaa, 
0x54, 0x81, 0x2a, 0xaa, 0x54, 0x4b, 0x18, 0xb4, 0x3d, 0xb4, 0x13, 0xb4, 0x3d, 0xce, 0x10, 0x18, 0xb1, 0x99, 0x01, 0xb1, 
0x99, 0x01, 0x45, 0x4b, 0x18, 0x95, 0x37, 0xf7, 0x05, 0x95, 0x37, 0xc1, 0x0a, 0x0b, 0xfc, 0x6e, 0x98, 0x88, 0x01, 0x03, 
0x01, 0x18, 0xd6, 0x9b, 0x01, 0xc2, 0xba, 0x02, 0x33, 0xcd, 0x05, 0xc3, 0x0c, 0xc4, 0x1b, 0x8b, 0x14, 0xf8, 0x70, 0x8b, 
0x14, 0x01, 0x50, 0xd7, 0x0f, 0xd7, 0x0f, 0xb4, 0x0a, 0x56, 0xb5, 0xbc, 0x01, 0x55, 0x58, 0x00, 0x00, 0xc1, 0x0a, 0x0d, 
0xd8, 0x9c, 0x01, 0xf9, 0x3b, 0x00, 0xc1, 0x0a, 0x18, 0xdb, 0x85, 0x01, 0xfc, 0x16, 0x00, 0xce, 0x10, 0x18, 0x9c, 0x74, 
0x9c, 0x74, 0xbf, 0x11, 0xc1, 0x0a, 0x0d, 0xbe, 0x14, 0xfb, 0x38, 0x01, 0xc1, 0x0a, 0x18, 0x8d, 0x0b, 0xc8, 0x94, 0x01, 
0x01, 0xce, 0x10, 0x18, 0xad, 0x09, 0xad, 0x09, 0xbb, 0x14, 0xc1, 0x0a, 0x0d, 0xbe, 0x14, 0xf9, 0x38, 0x02, 0xc1, 0x0a, 
0x18, 0x8d, 0x0b, 0xca, 0x94, 0x01, 0x02, 0xce, 0x10, 0x18, 0xe8, 0x04, 0xe8, 0x04, 0xa5, 0x06, 0xc1, 0x0a, 0x18, 0xaf, 
0x7f, 0x82, 0x1a, 0x03, 0x4b, 0x18, 0x95, 0x0d, 0xc5, 0x8c, 0x01, 0x95, 0x0d, 0x4b, 0x18, 0xaa, 0x54, 0x83, 0x2a, 0xaa, 
0x54, 0x4b, 0x18, 0xb4, 0x3d, 0xb2, 0x13, 0xb4, 0x3d, 0xce, 0x10, 0x18, 0x87, 0x9f, 0x01, 0x87, 0x9f, 0x01, 0xd7, 0x11, 
0x4b, 0x18, 0xec, 0x3a, 0xae, 0x6c, 0xec, 0x3a, 0x22, 0x9e, 0x9c, 0x01, 0x00, 0x8d, 0x1e, 0x18, 0xf1, 0x03, 0xc1, 0x0a, 
0x0d, 0xbe, 0x53, 0xee, 0xe7, 0x01, 0x00, 0xc1, 0x0a, 0x0b, 0xa1, 0x91, 0x01, 0xf4, 0x43, 0x00, 0x01, 0x18, 0xca, 0x7b, 
0x92, 0xd6, 0x01, 0x33, 0xcd, 0x05, 0xee, 0x57, 0xc4, 0x1b, 0x8b, 0x14, 0xe6, 0x4e, 0x8b, 0x14, 0x01, 0x50, 0xd7, 0x0f, 
0xd7, 0x0f, 0xb4, 0x0a, 0x56, 0xb5, 0xbc, 0x01, 0x56, 0x58, 0x00, 0x00, 0xc1, 0x0a, 0x0d, 0xd8, 0x9c, 0x01, 0xb8, 0x28, 
0x00, 0xc1, 0x0a, 0x18, 0xdb, 0x85, 0x01, 0xfc, 0x16, 0x00, 0xce, 0x10, 0x18, 0x9e, 0x74, 0x9e, 0x74, 0xbd, 0x11, 0xc1, 
0x0a, 0x0d, 0xbe, 0x14, 0xb8, 0x2b, 0x01, 0xc1, 0x0a, 0x18, 0x8d, 0x0b, 0xca, 0x94, 0x01, 0x01, 0xce, 0x10, 0x18, 0xad, 
0x09, 0xad, 0x09, 0xbb, 0x14, 0xc1, 0x0a, 0x0d, 0xbe, 0x14, 0xba, 0x2b, 0x02, 0xc1, 0x0a, 0x18, 0x8d, 0x0b, 0xcc, 0x94, 
0x01, 0x02, 0xce, 0x10, 0x18, 0xe6, 0x04, 0xe6, 0x04, 0xa7, 0x06, 0xc1, 0x0a, 0x18, 0xaf, 0x7f, 0x82, 0x1a, 0x03, 0x4b, 
0x18, 0x95, 0x0d, 0xc5, 0x8c, 0x01, 0x95, 0x0d, 0x4b, 0x18, 0xaa, 0x54, 0x85, 0x2a, 0xaa, 0x54, 0x4b, 0x18, 0x90, 0x2f, 
0x8c, 0x05, 0x90, 0x2f, 0xce, 0x10, 0x18, 0xb1, 0x09, 0xb1, 0x09, 0x83, 0x03, 0xc1, 0x0a, 0x0d, 0xf7, 0xc4, 0x01, 0xf2, 
0x1f, 0x01, 0xc1, 0x0a, 0x0b, 0xdc, 0x7e, 0xf6, 0x8b, 0x01, 0x01, 0x01, 0x18, 0xca, 0x33, 0x94, 0xd6, 0x01, 0x33, 0xcd, 
0x05, 0xee, 0x57, 0xc4, 0x1b, 0x8b, 0x14, 0xe7, 0x72, 0x8b, 0x14, 0x01, 0x50, 0xd7, 0x0f, 0xd7, 0x0f, 0xb4, 0x0a, 0x56, 
0xb5, 0xbc, 0x01, 0x57, 0x58, 0x00, 0x00, 0xc1, 0x0a, 0x0d, 0xd8, 0x9c, 0x01, 0xb8, 0x28, 0x00, 0xc1, 0x0a, 0x18, 0xdb, 
0x85, 0x01, 0xfc, 0x16, 0x00, 0xce, 0x10, 0x18, 0xa0, 0x74, 0xa0, 0x74, 0xbb, 0x11, 0xc1, 0x0a, 0x0d, 0xbe, 0x14, 0xba, 
0x2b, 0x01, 0xc1, 0x0a, 0x18, 0x8d, 0x0b, 0xcc, 0x94, 0x01, 0x01, 0xce, 0x10, 0x18, 0xad, 0x09, 0xad, 0x09, 0xbb, 0x14, 
0xc1, 0x0a, 0x0d, 0xbe, 0x14, 0xbc, 0x2b, 0x02, 0xc1, 0x0a, 0x18, 0x8d, 0x0b, 0xce, 0x94, 0x01, 0x02, 0xce, 0x10, 0x18, 
0xe4, 0x04, 0xe4, 0x04, 0xa9, 0x06, 0xc1, 0x0a, 0x18, 0xaf, 0x7f, 0x82, 0x1a, 0x03, 0x4b, 0x18, 0x95, 0x0d, 0xc5, 0x8c, 
0x01, 0x95, 0x0d, 0x4b, 0x18, 0xaa, 0x54, 0x87, 0x2a, 0xaa, 0x54, 0x4b, 0x18, 0xb2, 0x3d, 0xac, 0x13, 0xb2, 0x3d, 0xce, 
0x10, 0x18, 0xb3, 0x99, 0x01, 0xb3, 0x99, 0x01, 0x9a, 0x43, 0x4b, 0x18, 0x9d, 0x31, 0xfb, 0xb2, 0x01, 0x9d, 0x31, 0xc1, 
0x0a, 0x0d, 0xe4, 0x31, 0xd2, 0x63, 0x02, 0xc1, 0x0a, 0x0b, 0xbe, 0x2e, 0xb8, 0x7f, 0x02, 0x01, 0x18, 0x8a, 0x40, 0x96, 
0xd6, 0x01, 0x33, 0xcd, 0x05, 0xee, 0x57, 0xc4, 0x1b, 0x8b, 0x14, 0xc8, 0x6c, 0x8b, 0x14, 0x01, 0x50, 0xd7, 0x0f, 0xd7, 
0x0f, 0xb4, 0x0a, 0x56, 0xb5, 0xbc, 0x01, 0x58, 0x58, 0x00, 0x00, 0xc1, 0x0a, 0x0d, 0xd8, 0x9c, 0x01, 0xb8, 0x28, 0x00, 
0xc1, 0x0a, 0x18, 0xdb, 0x85, 0x01, 0xfc, 0x16, 0x00, 0xce, 0x10, 0x18, 0xa2, 0x74, 0xa2, 0x74, 0xb9, 0x11, 0xc1, 0x0a, 
0x0d, 0xbe, 0x14, 0xbc, 0x2b, 0x01, 0xc1, 0x0a, 0x18, 0x8d, 0x0b, 0xce, 0x94, 0x01, 0x01, 0xce, 0x10, 0x18, 0xad, 0x09, 
0xad, 0x09, 0xbb, 0x14, 0xc1, 0x0a, 0x0d, 0xbe, 0x14, 0xbe, 0x2b, 0x02, 0xc1, 0x0a, 0x18, 0x8d, 0x0b, 0xd0, 0x94, 0x01, 
0x02, 0xce, 0x10, 0x18, 0xe2, 0x04, 0xe2, 0x04, 0xab, 0x06, 0xc1, 0x0a, 0x18, 0xaf, 0x7f, 0x82, 0x1a, 0x03, 0x4b, 0x18, 
0x95, 0x0d, 0xc5, 0x8c, 0x01, 0x95, 0x0d, 0x4b, 0x18, 0xaa, 0x54, 0x89, 0x2a, 0xaa, 0x54, 0x4b, 0x18, 0xb2, 0x3d, 0xaa, 
0x13, 0xb2, 0x3d, 0xce, 0x10, 0x18, 0xe5, 0x8b, 0x01, 0xe5, 0x8b, 0x01, 0x8a, 0x0d, 0x4b, 0x18, 0xce, 0x7d, 0xbc, 0xbc, 
0x01, 0xce, 0x7d, 0x3f, 0x0d, 0xba, 0x08, 0xd6, 0x87, 0x01, 0xc3, 0x10, 0x0d, 0xdd, 0x42, 0xdd, 0x42, 0xf2, 0xf8, 0x01, 
0xbd, 0x0c, 0x0b, 0x88, 0x53, 0x88, 0x53, 0xc1, 0x0a, 0x0b, 0xf7, 0x4f, 0xbe, 0xa4, 0x01, 0x03, 0xc2, 0x10, 0x0b, 0x8c, 
0x45, 0x8c, 0x45, 0xfc, 0x9a, 0x02, 0xc0, 0x10, 0x0b, 0xfc, 0x43, 0x90, 0x39, 0xfc, 0x43, 0x99, 0x1e, 0xca, 0x1a, 0x18, 
0xc9, 0x1a, 0xe5, 0x1e, 0x18, 0xf9, 0xa1, 0x01, 0x55, 0x4d, 0x00, 0x00, 0xd8, 0x36, 0x00, 0x00, 0x4f, 0x3c, 0x00, 0x00, 
0x47, 0x4a, 0x00, 0x00, 0xe5, 0x1e, 0x0b, 0x95, 0x29, 0x87, 0x53, 0x00, 0x00, 0xd8, 0x36, 0x00, 0x00, 0x83, 0x34, 0x00, 
0x00, 0x47, 0x4a, 0x00, 0x00, 0xc0, 0x16, 0x09, 0x92, 0x10, 0x92, 0x10, 0xc7, 0xd5, 0x01, 0xb6, 0x1e, 0x87, 0x58, 0xb7, 
0x77, 0x00, 0xba, 0x1e, 0x00, 0xb7, 0x77, 0x87, 0x58, 0x18, 0xb8, 0x77, 0xc9, 0x10, 0x0b, 0xa7, 0xc2, 0x01, 0xdd, 0x3a, 
0xde, 0x3c, 0xbc, 0x0e, 0x0c, 0xae, 0x5d, 0xae, 0x5d, 0xc6, 0x10, 0x0b, 0xb5, 0x3c, 0xe5, 0x19, 0xd6, 0x5d, 0xbc, 0x0e, 
0x0c, 0xaa, 0xf6, 0x01, 0xaa, 0xf6, 0x01, 0xc0, 0x0a, 0x12, 0xab, 0xc3, 0x01, 0xb7, 0x09, 0xab, 0xc3, 0x01, 0x01, 0xfe, 
0x03, 0xc4, 0xca, 0x01, 0xe2, 0xbe, 0x02, 0xb4, 0x0c, 0x96, 0x01, 0xbf, 0xbb, 0x01, 0xbf, 0xbb, 0x01, 0xef, 0x0a, 0x1d, 
0x85, 0x41, 0x85, 0x41, 0x81, 0x32, 0x02, 0x8b, 0x14, 0x2d, 0x13, 0xfa, 0xdf, 0x01, 0xfa, 0xdf, 0x01, 0xfa, 0xdf, 0x01, 
0x10, 0xc1, 0x0a, 0x0d, 0xb2, 0x06, 0xb2, 0x06, 0x00, 0xbd, 0x0c, 0x0b, 0xe6, 0x0d, 0xe6, 0x0d, 0x01, 0x18, 0x83, 0xda, 
0x01, 0xe4, 0x5f, 0x33, 0xcd, 0x05, 0xd3, 0x29, 0xc4, 0x1b, 0x8b, 0x14, 0xb6, 0xbe, 0x01, 0x8b, 0x14, 0x01, 0x50, 0x9e, 
0xe8, 0x01, 0x9e, 0xe8, 0x01, 0xb4, 0x0a, 0x56, 0xb5, 0xbc, 0x01, 0x59, 0x58, 0x00, 0x00, 0xc1, 0x0a, 0x0d, 0xd8, 0x9c, 
0x01, 0xec, 0x9e, 0x01, 0x00, 0xc1, 0x0a, 0x18, 0xdb, 0x85, 0x01, 0xfc, 0x16, 0x00, 0xce, 0x10, 0x18, 0xa4, 0x74, 0xa4, 
0x74, 0xb7, 0x11, 0xc1, 0x0a, 0x0d, 0xbe, 0x14, 0xf2, 0xa1, 0x01, 0x01, 0xc1, 0x0a, 0x18, 0x8d, 0x0b, 0xd0, 0x94, 0x01, 
0x01, 0xce, 0x10, 0x18, 0xad, 0x09, 0xad, 0x09, 0xbb, 0x14, 0xc1, 0x0a, 0x0d, 0xbe, 0x14, 0xf4, 0xa1, 0x01, 0x02, 0xc1, 
0x0a, 0x18, 0x8d, 0x0b, 0xd2, 0x94, 0x01, 0x02, 0xce, 0x10, 0x18, 0xe0, 0x04, 0xe0, 0x04, 0xad, 0x06, 0xc1, 0x0a, 0x18, 
0xaf, 0x7f, 0x82, 0x1a, 0x03, 0x4b, 0x18, 0x95, 0x0d, 0xc5, 0x8c, 0x01, 0x95, 0x0d, 0x4b, 0x18, 0x8e, 0x42, 0xa7, 0x3c, 
0x8e, 0x42, 0x4b, 0x18, 0xd9, 0x31, 0xff, 0x6d, 0xd9, 0x31, 0xc1, 0x0a, 0x0d, 0x9a, 0x75, 0x9d, 0x31, 0x01, 0xce, 0x10, 
0x18, 0xe5, 0x16, 0xb4, 0x5e, 0xe5, 0x16, 0x4b, 0x18, 0xb1, 0x2f, 0xc4, 0x26, 0xb1, 0x2f, 0xc0, 0x10, 0x0b, 0x97, 0x1f, 
0xc2, 0x30, 0xea, 0xa9, 0x01, 0x99, 0x1e, 0xcd, 0x9a, 0x01, 0x18, 0xd8, 0x37, 0x22, 0xda, 0xc6, 0x01, 0x84, 0x3f, 0x8d, 
0x1e, 0x88, 0x06, 0x00, 0x5c, 0x12, 0x00, 0x00, 0x00, 0x00, 0x00, 0x00, 0x4c, 0x4f, 0x4d, 0x53, 0x00, 0x03, 0x01, 0x00, 
0x0b, 0x00, 0x08, 0x00, 0xd0, 0x61, 0x00, 0x00, 0x00, 0x00, 0x00, 0x00, 0x24, 0x32, 0x00, 0x00, 0x91, 0x02, 0x01, 0x91, 
0x02, 0x20, 0xd1, 0x10, 0x02, 0x47, 0x4c, 0x53, 0x4c, 0x2e, 0x73, 0x74, 0x64, 0x2e, 0x34, 0x35, 0x30, 0x00, 0x00, 0x00, 
0x00, 0xa0, 0x04, 0x00, 0x01, 0xff, 0x0f, 0x00, 0x9f, 0x2c, 0xed, 0xc2, 0xa5, 0xf3, 0x06, 0x00, 0x8c, 0x1a, 0xa9, 0x20, 
0x82, 0x1f, 0xaf, 0x2e, 0x93, 0x2d, 0xcf, 0x2d, 0xb0, 0x23, 0xd9, 0x1b, 0xc2, 0x26, 0x84, 0x28, 0xab, 0x22, 0x10, 0xa2, 
0x1e, 0x06, 0x10, 0x37, 0xeb, 0x01, 0x0b, 0x00, 0x05, 0x00, 0x07, 0x01, 0x10, 0x00, 0x23, 0x00, 0x01, 0x05, 0x00, 0x07, 
0x01, 0x10, 0x00, 0x23, 0x40, 0x01, 0x23, 0x30, 0x01, 0x23, 0x04, 0x01, 0x23, 0x04, 0x01, 0x23, 0x04, 0x01, 0x23, 0x04, 
0x10, 0x90, 0x32, 0x01, 0x01, 0x10, 0x9b, 0x45, 0x06, 0x80, 0x02, 0x00, 0xa8, 0x18, 0x02, 0x47, 0x00, 0x01, 0x00, 0x23, 
0x00, 0x10, 0xe2, 0x11, 0x21, 0x00, 0x10, 0x00, 0x22, 0x01, 0x00, 0x64, 0x0e, 0x10, 0x00, 0x1e, 0x0a, 0x10, 0xb2, 0x21, 
0x01, 0x08, 0x10, 0xdd, 0x3e, 0x06, 0x40, 0x10, 0x02, 0x06, 0x40, 0x10, 0xac, 0x04, 0x06, 0x10, 0x10, 0xae, 0x05, 0x06, 
0x10, 0x10, 0x02, 0x06, 0x10, 0x10, 0x02, 0x06, 0x10, 0x10, 0x50, 0x06, 0x10, 0x00, 0xef, 0x1e, 0x02, 0x37, 0x00, 0x95, 
0x00, 0x05, 0x00, 0x07, 0x01, 0x10, 0x00, 0x23, 0x00, 0x01, 0x05, 0x00, 0x07, 0x01, 0x10, 0x00, 0x23, 0x40, 0x01, 0x05, 
0x00, 0x07, 0x01, 0x10, 0x00, 0x23, 0x40, 0x01, 0x05, 0x00, 0x07, 0x01, 0x10, 0x00, 0x23, 0x40, 0x01, 0x05, 0x00, 0x07, 
0x01, 0x10, 0x00, 0x23, 0x40, 0x01, 0x05, 0x00, 0x07, 0x01, 0x10, 0x00, 0x23, 0x80, 0x02, 0x01, 0x05, 0x00, 0x07, 0x01, 
0x10, 0x00, 0x23, 0x80, 0x02, 0x01, 0x05, 0x00, 0x07, 0x01, 0x10, 0x00, 0x23, 0x40, 0x01, 0x05, 0x00, 0x07, 0x01, 0x10, 
0x00, 0x23, 0x30, 0x01, 0x23, 0x40, 0x01, 0x23, 0x10, 0x01, 0x23, 0x08, 0x01, 0x23, 0x04, 0x01, 0x23, 0x04, 0x01, 0x23, 
0x10, 0x01, 0x23, 0x10, 0x01, 0x23, 0x08, 0x01, 0x23, 0x08, 0x01, 0x23, 0x04, 0x01, 0x00, 0x00, 0x23, 0x04, 0x01, 0x23, 
0x08, 0x01, 0x23, 0x04, 0x01, 0x23, 0x04, 0x01, 0x23, 0x04, 0x01, 0x23, 0x04, 0x01, 0x23, 0x04, 0x01, 0x00, 0x00, 0x23, 
0x04, 0x01, 0x00, 0x00, 0x23, 0x04, 0x01, 0x00, 0x00, 0x23, 0x04, 0x01, 0x00, 0x00, 0x23, 0x10, 0x01, 0x00, 0x00, 0x23, 
0x0c, 0x01, 0x00, 0x00, 0x23, 0x04, 0x01, 0x00, 0x00, 0x23, 0x08, 0x01, 0x00, 0x00, 0x23, 0x04, 0x01, 0x00, 0x00, 0x23, 
0x04, 0x01, 0x00, 0x00, 0x23, 0x04, 0x01, 0x23, 0x04, 0x01, 0x00, 0x00, 0x23, 0x04, 0x01, 0x00, 0x00, 0x23, 0x04, 0x01, 
0x23, 0x90, 0x01, 0x01, 0x00, 0x00, 0x23, 0x0c, 0x01, 0x23, 0x04, 0x01, 0x23, 0x10, 0x01, 0x23, 0x10, 0x01, 0x00, 0x00, 
0x23, 0x08, 0x01, 0x00, 0x00, 0x23, 0x04, 0x01, 0x23, 0x04, 0x01, 0x00, 0x00, 0x23, 0x08, 0x01, 0x00, 0x00, 0x23, 0x04, 
0x01, 0x23, 0x04, 0x01, 0x00, 0x00, 0x23, 0x10, 0x01, 0x00, 0x00, 0x23, 0x04, 0x01, 0x23, 0x04, 0x01, 0x00, 0x00, 0x23, 
0x08, 0x01, 0x23, 0x04, 0x01, 0x00, 0x00, 0x23, 0x04, 0x01, 0x00, 0x00, 0x23, 0x04, 0x01, 0x23, 0x04, 0x01, 0x23, 0x0c, 
0x01, 0x23, 0x04, 0x01, 0x23, 0x04, 0x01, 0x23, 0x04, 0x01, 0x23, 0x04, 0x01, 0x23, 0x04, 0x01, 0x23, 0x0c, 0x01, 0x23, 
0x04, 0x01, 0x23, 0x04, 0x01, 0x23, 0x04, 0x01, 0x23, 0x04, 0x01, 0x05, 0x00, 0x07, 0x01, 0x10, 0x00, 0x23, 0x04, 0x01, 
0x23, 0x30, 0x01, 0x23, 0x08, 0x01, 0x05, 0x00, 0x07, 0x01, 0x10, 0x00, 0x23, 0x08, 0x01, 0x05, 0x00, 0x07, 0x01, 0x10, 
0x00, 0x23, 0x40, 0x01, 0x00, 0x00, 0x23, 0x40, 0x01, 0x00, 0x00, 0x23, 0x04, 0x01, 0x00, 0x00, 0x23, 0x04, 0x01, 0x00, 
0x00, 0x23, 0x04, 0x01, 0x23, 0x04, 0x01, 0x23, 0x40, 0x01, 0x00, 0x00, 0x23, 0x04, 0x01, 0x00, 0x00, 0x23, 0x04, 0x01, 
0x00, 0x00, 0x23, 0x04, 0x01, 0x23, 0x04, 0x01, 0x23, 0x40, 0x01, 0x00, 0x00, 0x23, 0x40, 0x01, 0x00, 0x00, 0x23, 0x04, 
0x01, 0x00, 0x00, 0x23, 0x04, 0x01, 0x00, 0x00, 0x23, 0x04, 0x01, 0x00, 0x00, 0x23, 0x04, 0x10, 0xde, 0x3c, 0x21, 0x00, 
0x10, 0x00, 0x22, 0x00, 0x10, 0xc8, 0x01, 0x0b, 0x2a, 0x37, 0x8b, 0x2e, 0x05, 0x00, 0x05, 0x00, 0x07, 0x01, 0x10, 0x00, 
0x23, 0x00, 0x01, 0x23, 0x30, 0x01, 0x23, 0x0c, 0x10, 0xbf, 0x05, 0x06, 0x40, 0x00, 0x84, 0x1c, 0x02, 0x47, 0x00, 0x01, 
0x00, 0x23, 0x00, 0x10, 0xfe, 0x0d, 0x21, 0x01, 0x10, 0x00, 0x22, 0x01, 0x10, 0xb6, 0x0f, 0x21, 0x05, 0x10, 0x00, 0x22, 
0x01, 0x00, 0x8f, 0x37, 0x02, 0x47, 0x00, 0x01, 0x00, 0x23, 0x00, 0x10, 0xc0, 0x13, 0x06, 0x10, 0x00, 0xe6, 0x02, 0x02, 
0x37, 0x00, 0x02, 0x00, 0x00, 0x00, 0x23, 0x00, 0x10, 0xd6, 0x19, 0x21, 0x02, 0x10, 0x00, 0x22, 0x01, 0x10, 0xcb, 0x02, 
0x21, 0x03, 0x10, 0x00, 0x22, 0x01, 0x10, 0xa6, 0x01, 0x1e, 0x00, 0x10, 0xda, 0x1e, 0x1e, 0x05, 0x10, 0xb7, 0x02, 0x1e, 
0x06, 0x10, 0x78, 0x1e, 0x03, 0x10, 0xbd, 0x14, 0x0b, 0x2b, 0x10, 0xad, 0x0f, 0x1e, 0x09, 0x00, 0xd7, 0x12, 0x02, 0x47, 
0x00, 0x04, 0x00, 0x0b, 0x01, 0x00, 0x01, 0x0b, 0x01, 0x01, 0x01, 0x0b, 0x01, 0x03, 0x01, 0x0b, 0x01, 0x04, 0x10, 0xae, 
0x2b, 0x1e, 0x05, 0x10, 0xb1, 0x0b, 0x1e, 0x06, 0x00, 0xbe, 0x8b, 0x01, 0x00, 0x93, 0x02, 0x0e, 0xa1, 0x04, 0xf4, 0x13, 
0x08, 0xa6, 0x02, 0xe9, 0x13, 0x20, 0xb7, 0x02, 0x20, 0x0d, 0x04, 0xb8, 0x02, 0x90, 0x01, 0x1d, 0x04, 0xb7, 0x02, 0x99, 
0x01, 0x0d, 0x03, 0xb5, 0x02, 0x17, 0x20, 0x01, 0x3e, 0x92, 0x0a, 0x07, 0x18, 0xb5, 0x02, 0x93, 0x0a, 0x20, 0x00, 0xb7, 
0x02, 0x18, 0x0b, 0x04, 0xd1, 0x04, 0xe8, 0x05, 0x08, 0x95, 0x05, 0x17, 0x1d, 0xb7, 0x02, 0xef, 0x05, 0x0d, 0x02, 0xbe, 
0x02, 0xa2, 0x10, 0x13, 0x1d, 0xbb, 0x04, 0x0b, 0xcc, 0x17, 0x00, 0x00, 0x00, 0x00, 0xbb, 0x04, 0x0c, 0x02, 0x00, 0x00, 
0x00, 0x00, 0xbb, 0x04, 0x0b, 0x04, 0x01, 0x00, 0x00, 0x00, 0xbb, 0x04, 0x0c, 0x02, 0x01, 0x00, 0x00, 0x00, 0xbb, 0x04, 
0x0b, 0x04, 0x02, 0x00, 0x00, 0x00, 0xbb, 0x04, 0x0c, 0x02, 0x02, 0x00, 0x00, 0x00, 0xbb, 0x04, 0x0c, 0x06, 0x03, 0x00, 
0x00, 0x00, 0xb8, 0x02, 0x9b, 0x27, 0x18, 0x03, 0xbb, 0x04, 0x0b, 0xb8, 0x27, 0x08, 0x00, 0x00, 0x00, 0xbc, 0x02, 0xa1, 
0x0a, 0x1d, 0xa2, 0x14, 0x8e, 0x03, 0xeb, 0x01, 0x65, 0x46, 0x0c, 0x0c, 0x0c, 0x0d, 0x91, 0x0f, 0xb2, 0x06, 0x0c, 0x90, 
0x32, 0x40, 0x00, 0x00, 0x00, 0xbc, 0x02, 0x9b, 0x45, 0x9b, 0x0e, 0xa3, 0x27, 0xae, 0x02, 0xa8, 0x18, 0xd5, 0x04, 0x3e, 
0xfa, 0x09, 0x02, 0xe9, 0x10, 0x39, 0xe6, 0x15, 0xe8, 0x07, 0x02, 0x3e, 0xef, 0x27, 0x02, 0x65, 0x3e, 0xb1, 0x01, 0x02, 
0x0c, 0xbb, 0x04, 0x0c, 0xa2, 0x1e, 0x05, 0x00, 0x00, 0x00, 0x3e, 0x9f, 0x1e, 0x02, 0x0d, 0x3e, 0x02, 0x03, 0x0c, 0x39, 
0x8b, 0x05, 0x82, 0x2a, 0x03, 0xb2, 0x06, 0x0c, 0xb2, 0x21, 0x02, 0x00, 0x00, 0x00, 0xbb, 0x04, 0x0b, 0x9d, 0x2d, 0x04, 
0x00, 0x00, 0x00, 0xbc, 0x02, 0xbf, 0x11, 0x65, 0x96, 0x14, 0xbc, 0x02, 0x02, 0x65, 0x96, 0x14, 0xb7, 0x02, 0xc5, 0x16, 
0x0b, 0x03, 0xbb, 0x04, 0x0b, 0xa2, 0x28, 0x09, 0x00, 0x00, 0x00, 0xbc, 0x02, 0xaf, 0x0d, 0x18, 0xa5, 0x14, 0xbc, 0x02, 
0xae, 0x05, 0x1d, 0x96, 0x14, 0xbc, 0x02, 0x02, 0x1d, 0x96, 0x14, 0xbc, 0x02, 0x02, 0x1d, 0x96, 0x14, 0xbc, 0x02, 0x50, 
0x1d, 0xa5, 0x14, 0xbe, 0x83, 0xc0, 0x02, 0xef, 0x1e, 0x65, 0x65, 0x65, 0x65, 0xb6, 0x0b, 0xb7, 0x0b, 0x65, 0x46, 0x65, 
0x1d, 0x13, 0x0d, 0x0d, 0x1d, 0x1d, 0x13, 0x13, 0x0d, 0x0d, 0x13, 0x0d, 0x0d, 0x0d, 0x0d, 0x0d, 0x0d, 0x0d, 0x0d, 0x1d, 
0x14, 0x0c, 0x13, 0x0c, 0x0c, 0x0c, 0x0c, 0x0d, 0x0d, 0xcd, 0x0d, 0x18, 0x0d, 0x1d, 0x1d, 0x13, 0x0c, 0x0d, 0x13, 0x0d, 
0x0d, 0x1d, 0x0c, 0x0d, 0x13, 0x0d, 0x0d, 0x0d, 0x0b, 0x18, 0x0d, 0x0d, 0x0b, 0x0d, 0x0d, 0x18, 0x0d, 0x0d, 0x0d, 0x0d, 
0x0d, 0x46, 0x13, 0x13, 0x65, 0x65, 0x0d, 0x0d, 0x0d, 0x0d, 0xa4, 0x10, 0x0c, 0x0d, 0x0d, 0x0d, 0xa5, 0x10, 0xa6, 0x10, 
0x0c, 0x0c, 0x0c, 0x0c, 0xce, 0x10, 0x3e, 0xfa, 0x09, 0x02, 0x96, 0x01, 0x39, 0x93, 0x06, 0xe4, 0x32, 0x02, 0x3e, 0xf1, 
0x34, 0x01, 0x0c, 0x39, 0x8c, 0x05, 0xba, 0x36, 0x01, 0xb8, 0x02, 0xa5, 0x3f, 0x18, 0x04, 0xb8, 0x02, 0x0b, 0x1d, 0x03, 
0xce, 0x02, 0xa6, 0x11, 0x50, 0x18, 0x0d, 0xbb, 0x04, 0x0b, 0xb7, 0x0d, 0x00, 0x01, 0x00, 0x00, 0xbc, 0x02, 0xf8, 0x07, 
0xa3, 0x09, 0xc7, 0x02, 0xae, 0x02, 0x84, 0x1c, 0xc3, 0x06, 0x3e, 0x8b, 0x25, 0x02, 0xc5, 0x14, 0x39, 0xff, 0x01, 0x8a, 
0x33, 0x02, 0x3e, 0xed, 0x2b, 0x02, 0x50, 0xbb, 0x04, 0x0b, 0x8c, 0x1d, 0x03, 0x00, 0x00, 0x00, 0xbb, 0x04, 0x0d, 0x0d, 
0x00, 0x00, 0x00, 0x00, 0x94, 0x02, 0x85, 0x28, 0xbb, 0x04, 0x0d, 0x82, 0x02, 0x00, 0x00, 0x80, 0x3f, 0xb7, 0x02, 0xef, 
0x01, 0x0c, 0x02, 0xbb, 0x04, 0x0b, 0xe4, 0x29, 0x00, 0x08, 0x00, 0x00, 0x89, 0x03, 0xd9, 0x27, 0x0d, 0x01, 0x00, 0x00, 
0x00, 0x01, 0x00, 0xab, 0x02, 0xce, 0x05, 0x97, 0x01, 0x3e, 0xfa, 0x09, 0x00, 0xfe, 0x03, 0x39, 0xfb, 0x08, 0xc8, 0x34, 
0x00, 0xae, 0x02, 0x8f, 0x37, 0x0c, 0x3e, 0xfa, 0x09, 0x09, 0xd7, 0x07, 0x39, 0xd4, 0x0c, 0xa2, 0x17, 0x09, 0x3e, 0xaf, 
0x26, 0x09, 0x0c, 0xb7, 0x02, 0xed, 0x09, 0x0c, 0x03, 0xbb, 0x04, 0x0c, 0xde, 0x29, 0x00, 0x08, 0x00, 0x00, 0xbc, 0x02, 
0x9b, 0x07, 0x1d, 0xc7, 0x02, 0xae, 0x02, 0xe6, 0x02, 0xb7, 0x11, 0x3e, 0x8b, 0x25, 0x02, 0xea, 0x12, 0x39, 0x24, 0xe2, 
0x3e, 0x02, 0x89, 0x03, 0xfd, 0x3b, 0x0d, 0x01, 0x00, 0x01, 0x00, 0x01, 0x00, 0xab, 0x02, 0xd2, 0x04, 0xd6, 0x01, 0x3e, 
0xfa, 0x09, 0x00, 0xff, 0x03, 0x39, 0xfc, 0x08, 0xe6, 0x2a, 0x00, 0x3e, 0xa9, 0x32, 0x01, 0x1d, 0x39, 0x9a, 0x05, 0xd0, 
0x33, 0x01, 0xbb, 0x04, 0x0c, 0xf3, 0x2c, 0x00, 0x02, 0x00, 0x00, 0xbb, 0x04, 0x0c, 0xff, 0x0b, 0x00, 0x01, 0x00, 0x00, 
0x3e, 0x98, 0x05, 0x01, 0x17, 0x39, 0x94, 0x05, 0xb6, 0x52, 0x01, 0x39, 0x9a, 0x05, 0xb7, 0x02, 0x01, 0x3e, 0x85, 0x50, 
0x01, 0x13, 0x39, 0x90, 0x05, 0xfe, 0x50, 0x01, 0x3e, 0x81, 0x51, 0x01, 0x0d, 0x39, 0x8c, 0x05, 0xc4, 0x3c, 0x01, 0x3e, 
0xa9, 0x3c, 0x03, 0x1d, 0x39, 0x9b, 0x05, 0xfc, 0x2c, 0x03, 0xbb, 0x04, 0x0d, 0xff, 0x36, 0x00, 0x00, 0x00, 0x40, 0xbb, 
0x04, 0x0d, 0xd0, 0x0c, 0x00, 0x00, 0x80, 0xbf, 0xbc, 0x02, 0x07, 0x0d, 0x90, 0x14, 0xbc, 0x02, 0x13, 0x0d, 0x8d, 0x14, 
0xde, 0x02, 0xf4, 0x17, 0x1d, 0x0d, 0xbd, 0x06, 0xb3, 0x06, 0x3e, 0xfa, 0x09, 0x03, 0xad, 0x12, 0x39, 0xaa, 0x17, 0xb0, 
0x1e, 0x03, 0x3e, 0xe5, 0x42, 0x03, 0x0d, 0x3e, 0x04, 0x03, 0x13, 0x39, 0x91, 0x05, 0xe6, 0x45, 0x03, 0x39, 0x9b, 0x05, 
0xb1, 0x0b, 0x03, 0xad, 0x06, 0x1d, 0xd1, 0x44, 0xc6, 0x06, 0x08, 0xba, 0x58, 0x00, 0x82, 0x0a, 0x18, 0x82, 0x66, 0x39, 
0x95, 0x05, 0xb2, 0x7d, 0x07, 0x01, 0x0c, 0xdb, 0xce, 0x01, 0xb6, 0x26, 0x22, 0xfe, 0x38, 0x00, 0x01, 0x0c, 0x90, 0xc4, 
0x01, 0x8e, 0xfd, 0x01, 0xc7, 0x10, 0x0c, 0xc7, 0x51, 0xc7, 0x51, 0x94, 0x8a, 0x01, 0x33, 0xe2, 0x05, 0xeb, 0x2a, 0xda, 
0x19, 0x8b, 0x14, 0xef, 0x6f, 0x8b, 0x14, 0x01, 0x65, 0x96, 0x80, 0x01, 0x96, 0x80, 0x01, 0x33, 0x89, 0x05, 0xbe, 0x24, 
0xda, 0x19, 0x8b, 0x14, 0xef, 0x6f, 0x91, 0x14, 0x01, 0x0c, 0x9c, 0x23, 0x9c, 0x23, 0x33, 0x89, 0x05, 0x99, 0x23, 0xda, 
0x19, 0x8b, 0x14, 0xef, 0x6f, 0x94, 0x14, 0x01, 0x0c, 0x9c, 0x23, 0x9c, 0x23, 0x13, 0x8e, 0x05, 0x99, 0x23, 0xcf, 0x2d, 
0x8a, 0x14, 0x01, 0x0d, 0x9c, 0x23, 0x9c, 0x23, 0x13, 0x8e, 0x05, 0xd3, 0x0f, 0xcf, 0x2d, 0x8d, 0x14, 0x01, 0x0d, 0x91, 
0x9d, 0x01, 0x91, 0x9d, 0x01, 0xc3, 0x10, 0x0d, 0xd0, 0xb0, 0x01, 0xbc, 0xfe, 0x02, 0xd0, 0xb0, 0x01, 0xc0, 0x0a, 0x13, 
0xdb, 0x98, 0x02, 0xf1, 0x94, 0x02, 0xdb, 0x98, 0x02, 0x01, 0x1d, 0x90, 0x3c, 0x80, 0x66, 0xc7, 0x18, 0x0c, 0x8c, 0xc9, 
0x01, 0xd3, 0x0f, 0x80, 0xdc, 0x02, 0xcb, 0x14, 0x09, 0xf7, 0xaa, 0x01, 0xf7, 0xaa, 0x01, 0x82, 0x9a, 0x01, 0xa7, 0x1e, 
0xb1, 0x8e, 0x01, 0x00, 0xba, 0x1e, 0x00, 0xfb, 0x25, 0xb1, 0x8e, 0x01, 0x18, 0xfc, 0x25, 0x01, 0x0c, 0xf1, 0x0c, 0xd0, 
0x9a, 0x01, 0x13, 0x8d, 0x05, 0xa1, 0x70, 0xa5, 0x18, 0x8b, 0x14, 0x01, 0x0c, 0xd0, 0x7e, 0xd0, 0x7e, 0xc0, 0x10, 0x0c, 
0xc6, 0x63, 0xf4, 0x71, 0xc6, 0x63, 0xcb, 0x10, 0x0c, 0xb1, 0x9d, 0x01, 0xb1, 0x9d, 0x01, 0xda, 0x85, 0x01, 0xc7, 0x10, 
0x0c, 0x81, 0x2a, 0xb3, 0xc7, 0x01, 0xd8, 0x5b, 0xd0, 0x0a, 0x16, 0xda, 0xe8, 0x01, 0xd8, 0xbe, 0x01, 0xda, 0xe8, 0x01, 
0xa6, 0xc6, 0x02, 0x99, 0x1e, 0xa4, 0x13, 0x18, 0xa3, 0x13, 0xe5, 0x1e, 0x16, 0xf7, 0x8d, 0x01, 0x9e, 0x5b, 0x00, 0x00, 
0x0a, 0x3a, 0x00, 0x00, 0x9c, 0x33, 0x00, 0x00, 0x96, 0x5f, 0x00, 0x00, 0xe5, 0x1e, 0x1d, 0xaa, 0x1d, 0x02, 0x29, 0x00, 
0x00, 0x0a, 0x3a, 0x00, 0x00, 0x36, 0x3d, 0x00, 0x00, 0x96, 0x5f, 0x00, 0x00, 0xe5, 0x1e, 0x0c, 0x85, 0x51, 0x0b, 0x0a, 
0x00, 0x00, 0x0a, 0x3a, 0x00, 0x00, 0xb5, 0x5d, 0x00, 0x00, 0x96, 0x5f, 0x00, 0x00, 0xc1, 0x16, 0x09, 0xf5, 0x14, 0xf5, 
0x14, 0x93, 0xf8, 0x01, 0xb6, 0x1e, 0x8b, 0x07, 0xdd, 0xf9, 0x01, 0x00, 0xba, 0x1e, 0x00, 0xbf, 0x18, 0x8b, 0x07, 0x18, 
0xc0, 0x18, 0x33, 0x8a, 0x05, 0x8c, 0xc1, 0x01, 0xd5, 0x1f, 0x8b, 0x14, 0xe2, 0x4c, 0x8a, 0x14, 0x01, 0x0d, 0x85, 0x8e, 
0x01, 0x85, 0x8e, 0x01, 0xc7, 0x16, 0x09, 0x81, 0x16, 0x81, 0x16, 0xfa, 0x91, 0x01, 0xa7, 0x1e, 0xae, 0x4a, 0x00, 0xba, 
0x1e, 0x00, 0xf8, 0x0b, 0xae, 0x4a, 0x18, 0xf7, 0x0b, 0xd2, 0x0a, 0x16, 0xfe, 0x3c, 0xd4, 0x51, 0xf8, 0x1d, 0x02, 0x01, 
0xff, 0x03, 0xb0, 0x51, 0xea, 0xff, 0x01, 0xb4, 0x0c, 0xd6, 0x01, 0xeb, 0x58, 0xeb, 0x58, 0xef, 0x0a, 0x1d, 0xfe, 0x20, 
0xfe, 0x20, 0xc2, 0x19, 0x02, 0x8b, 0x14, 0xce, 0x10, 0x1d, 0xbb, 0x7e, 0xbb, 0x7e, 0xf5, 0x49, 0x4b, 0x1d, 0x9a, 0x87, 
0x01, 0xee, 0x22, 0x9a, 0x87, 0x01, 0x99, 0x1e, 0xd4, 0x9d, 0x01, 0x18, 0xd3, 0x9d, 0x01, 0xe5, 0x1e, 0x16, 0xd4, 0x5e, 
0x50, 0x33, 0x00, 0x00, 0x47, 0x27, 0x00, 0x00, 0xcc, 0x3a, 0x00, 0x00, 0x8d, 0x2b, 0x00, 0x00, 0xe5, 0x1e, 0x1d, 0xb4, 
0x26, 0xa5, 0x3a, 0x00, 0x00, 0x47, 0x27, 0x00, 0x00, 0x5c, 0x43, 0x00, 0x00, 0x8d, 0x2b, 0x00, 0x00, 0x99, 0x1e, 0xbf, 
0x89, 0x01, 0x18, 0xc0, 0x89, 0x01, 0xc0, 0x10, 0x0c, 0xc1, 0x07, 0xa6, 0xdd, 0x01, 0xce, 0xce, 0x02, 0x99, 0x1e, 0xd2, 
0x1b, 0x18, 0x8f, 0xeb, 0x01, 0x99, 0x1e, 0xef, 0xc4, 0x01, 0x18, 0xf0, 0xc4, 0x01, 0xe5, 0x1e, 0x1d, 0xf9, 0x1c, 0x02, 
0x29, 0x00, 0x00, 0xa0, 0x2f, 0x00, 0x00, 0xa5, 0x3a, 0x00, 0x00, 0xed, 0x22, 0x00, 0x00, 0xc7, 0x18, 0x0c, 0xa5, 0x78, 
0xb9, 0xc1, 0x01, 0x9a, 0xb6, 0x01, 0xcb, 0x14, 0x09, 0xd2, 0x6e, 0xd2, 0x6e, 0xe6, 0x81, 0x02, 0xa7, 0x1e, 0xe0, 0x4b, 
0x00, 0xba, 0x1e, 0x00, 0x80, 0x43, 0xe0, 0x4b, 0x18, 0xff, 0x42, 0x01, 0x17, 0xba, 0x04, 0xd8, 0x8e, 0x01, 0x01, 0x1d, 
0xb4, 0x11, 0xc4, 0xa2, 0x01, 0x3d, 0x18, 0xf6, 0x20, 0xef, 0x15, 0xef, 0x15, 0x18, 0x22, 0x91, 0x1e, 0x00, 0xe9, 0x06, 
0x08, 0xc1, 0x84, 0x01, 0xfc, 0x51, 0xd3, 0xa2, 0x01, 0x97, 0x52, 0xcb, 0x63, 0x01, 0x18, 0xcc, 0x57, 0x87, 0x4b, 0xc1, 
0x0a, 0x0d, 0xbb, 0x0a, 0xbb, 0x0a, 0x00, 0xd2, 0x0a, 0x1d, 0xf3, 0x3c, 0xf3, 0x3c, 0xb6, 0xa9, 0x01, 0x00, 0xc1, 0x0a, 
0x0d, 0xb0, 0xab, 0x01, 0x80, 0x64, 0x01, 0xd2, 0x0a, 0x1d, 0x89, 0x3a, 0x89, 0x3a, 0xa6, 0x71, 0x01, 0xc1, 0x0a, 0x0d, 
0xfa, 0x6b, 0xf0, 0x95, 0x01, 0x02, 0xd2, 0x0a, 0x1d, 0xe7, 0xd6, 0x01, 0xe7, 0xd6, 0x01, 0xed, 0x6a, 0x02, 0x99, 0x1e, 
0xa9, 0x2e, 0x18, 0xaa, 0x2e, 0xe5, 0x1e, 0x1d, 0x8a, 0x55, 0xe8, 0x4c, 0x00, 0x00, 0x25, 0x54, 0x00, 0x00, 0xf9, 0x2b, 
0x00, 0x00, 0xbe, 0x39, 0x00, 0x00, 0x3d, 0x18, 0xce, 0x29, 0xce, 0x29, 0xce, 0x29, 0x18, 0xc1, 0x0a, 0x0d, 0x93, 0x77, 
0x93, 0x77, 0x00, 0xc1, 0x0a, 0x1d, 0xbc, 0x1c, 0xeb, 0x32, 0x00, 0xce, 0x10, 0x1d, 0xec, 0x1b, 0xec, 0x1b, 0xa8, 0x38, 
0xc1, 0x0a, 0x0d, 0xbe, 0x14, 0xad, 0x2a, 0x01, 0xc1, 0x0a, 0x1d, 0x99, 0xd0, 0x01, 0xdb, 0xd2, 0x01, 0x01, 0xce, 0x10, 
0x1d, 0xde, 0xbb, 0x01, 0xde, 0xbb, 0x01, 0xbb, 0x14, 0xc1, 0x0a, 0x0d, 0xbe, 0x14, 0xab, 0x2a, 0x02, 0xc1, 0x0a, 0x1d, 
0x99, 0xd0, 0x01, 0xd9, 0xd2, 0x01, 0x02, 0xce, 0x10, 0x1d, 0xfa, 0xc9, 0x01, 0xfa, 0xc9, 0x01, 0x9f, 0x06, 0xc1, 0x0a, 
0x1d, 0xaf, 0x7f, 0x8f, 0x88, 0x01, 0x03, 0x4b, 0x1d, 0x95, 0x0d, 0xc5, 0x8c, 0x01, 0x95, 0x0d, 0x4b, 0x1d, 0xf6, 0x41, 
0xb1, 0x3c, 0xf6, 0x41, 0x4b, 0x1d, 0x92, 0x1e, 0x9d, 0x1e, 0x92, 0x1e, 0xc0, 0x0a, 0xa4, 0x08, 0xce, 0x59, 0xc4, 0xf1, 
0x01, 0xce, 0x59, 0x01, 0x0c, 0xf1, 0x4b, 0xae, 0xd9, 0x01, 0xcb, 0x10, 0x0c, 0x92, 0x3f, 0x92, 0x3f, 0x8e, 0xf7, 0x01, 
0x23, 0xe2, 0x05, 0xbe, 0x22, 0xc5, 0x1f, 0x9a, 0x14, 0xac, 0xa6, 0x01, 0x01, 0x65, 0xf3, 0x7e, 0xf3, 0x7e, 0xc1, 0x0a, 
0x1d, 0x88, 0x70, 0xf2, 0x06, 0x01, 0xc1, 0x12, 0x1d, 0x93, 0x9d, 0x01, 0x8b, 0x2d, 0x93, 0x9d, 0x01, 0x22, 0xe4, 0x8b, 
0x01, 0x00, 0x01, 0x0c, 0xbf, 0x22, 0xbe, 0x6c, 0xcb, 0x10, 0x0c, 0xf2, 0x2c, 0xf2, 0x2c, 0xfe, 0x77, 0xbf, 0x0c, 0x0d, 
0xdb, 0x36, 0xa2, 0x41, 0xc8, 0x10, 0x0d, 0xbe, 0x47, 0xf8, 0xdd, 0x01, 0xbe, 0x47, 0xc8, 0x10, 0x0d, 0xab, 0x2a, 0xab, 
0x2a, 0xcc, 0xb3, 0x01, 0x4b, 0x0d, 0x94, 0x78, 0x90, 0x9f, 0x02, 0x94, 0x78, 0xbf, 0x0c, 0x0d, 0x8f, 0x0c, 0xba, 0x52, 
0x4a, 0x0d, 0xa0, 0x10, 0xf8, 0x51, 0xa0, 0x10, 0x4b, 0x0d, 0xa3, 0x8a, 0x01, 0x93, 0x86, 0x01, 0xa3, 0x8a, 0x01, 0xc8, 
0x10, 0x0d, 0xf0, 0x37, 0xda, 0xdb, 0x01, 0x82, 0x47, 0xc1, 0x0a, 0x0d, 0xfc, 0x96, 0x01, 0xd4, 0xb1, 0x01, 0x00, 0x4a, 
0x0d, 0xf6, 0x08, 0xf6, 0x08, 0xf2, 0x9f, 0x01, 0xd2, 0x0a, 0x1d, 0x89, 0x8b, 0x02, 0x89, 0x8b, 0x02, 0xbf, 0x50, 0x00, 
0xc1, 0x0a, 0x0d, 0x90, 0xef, 0x01, 0x90, 0xef, 0x01, 0x03, 0x4a, 0x0d, 0x8f, 0x83, 0x01, 0xd8, 0x38, 0x8f, 0x83, 0x01, 
0xc1, 0x0a, 0x0d, 0xef, 0x7c, 0xef, 0x10, 0x00, 0x4b, 0x0d, 0xd8, 0xd4, 0x01, 0xd8, 0xd4, 0x01, 0xe8, 0x57, 0xd2, 0x0a, 
0x1d, 0xf9, 0x4f, 0xf9, 0x4f, 0xee, 0x73, 0x00, 0xc1, 0x0a, 0x0d, 0xa2, 0x4e, 0xa2, 0x4e, 0x00, 0xc3, 0x10, 0x0d, 0xf1, 
0x7e, 0xe0, 0xb3, 0x01, 0xad, 0x7a, 0xc1, 0x0a, 0x0d, 0x97, 0x49, 0xe7, 0x79, 0x03, 0x4a, 0x0d, 0xb0, 0x93, 0x01, 0x98, 
0x4a, 0xb0, 0x93, 0x01, 0x4b, 0x0d, 0x87, 0x22, 0xe1, 0x56, 0x87, 0x22, 0xc0, 0x10, 0x0c, 0xf4, 0x30, 0xb0, 0x41, 0xdc, 
0xe6, 0x01, 0xbf, 0x0c, 0x0d, 0xd8, 0x54, 0xd8, 0x54, 0x4a, 0x0d, 0xe7, 0x13, 0xbe, 0x71, 0xe7, 0x13, 0xc3, 0x10, 0x0d, 
0xc1, 0x69, 0x92, 0xe4, 0x01, 0xc1, 0x69, 0x4a, 0x0d, 0x8b, 0x50, 0x8b, 0x50, 0xbe, 0x29, 0x4b, 0x0d, 0xd5, 0x2d, 0xa1, 
0xcc, 0x01, 0xd5, 0x2d, 0x23, 0x8f, 0x05, 0xb2, 0x77, 0xc2, 0x26, 0x91, 0x14, 0x8b, 0x14, 0x22, 0x00, 0xf2, 0x01, 0x3f, 
0x0d, 0xe0, 0x71, 0x92, 0xe9, 0x01, 0x23, 0x8f, 0x05, 0xaa, 0x28, 0xc2, 0x26, 0x91, 0x14, 0x8e, 0x14, 0x22, 0x00, 0xaa, 
0x28, 0xc1, 0x0a, 0x0d, 0xf9, 0x90, 0x02, 0xbd, 0x7d, 0x01, 0x3f, 0x0d, 0xe6, 0xd9, 0x01, 0xe6, 0xd9, 0x01, 0xd2, 0x0a, 
0x1d, 0xe1, 0x3d, 0xe1, 0x3d, 0xc6, 0x1e, 0x01, 0x13, 0x9b, 0x05, 0xab, 0x1f, 0xc2, 0x26, 0x8b, 0x14, 0x22, 0x00, 0xab, 
0x1f, 0x22, 0xc6, 0xb1, 0x01, 0x80, 0x06, 0x8d, 0x1e, 0x88, 0x06, 0xc6, 0x06, 0x08, 0xbb, 0x9e, 0x01, 0x00, 0x8b, 0x03, 
0xa7, 0x06, 0x95, 0x05, 0x9d, 0x04, 0xa7, 0x06, 0x17, 0xd4, 0x16, 0xa7, 0x06, 0x1d, 0xd7, 0x12, 0x18, 0xe2, 0x9e, 0x02, 
0xc1, 0x0a, 0x0d, 0xd3, 0xaf, 0x01, 0x8e, 0x6f, 0x03, 0xce, 0x16, 0x09, 0xa0, 0x4a, 0xa0, 0x4a, 0x96, 0xd8, 0x01, 0xa7, 
0x1e, 0xfe, 0x24, 0x00, 0xba, 0x1e, 0x00, 0xbc, 0x9c, 0x01, 0xfe, 0x24, 0x18, 0xbb, 0x9c, 0x01, 0xc1, 0x0a, 0x0d, 0xce, 
0xd7, 0x01, 0xc0, 0xf4, 0x01, 0x00, 0xc1, 0x0a, 0x0b, 0xf5, 0x9d, 0x01, 0xf2, 0x43, 0x00, 0x01, 0x18, 0xc6, 0x7b, 0x8c, 
0xd6, 0x01, 0x33, 0xcd, 0x05, 0xec, 0x57, 0xc4, 0x1b, 0x8b, 0x14, 0xe5, 0x4e, 0x8b, 0x14, 0x01, 0x50, 0xd7, 0x0f, 0xd7, 
0x0f, 0xb4, 0x0a, 0x56, 0xb5, 0xbc, 0x01, 0x52, 0x58, 0x00, 0x00, 0xc1, 0x0a, 0x0d, 0xd8, 0x9c, 0x01, 0xb6, 0x28, 0x00, 
0xc1, 0x0a, 0x18, 0xdb, 0x85, 0x01, 0xfc, 0x16, 0x00, 0xce, 0x10, 0x18, 0x96, 0x74, 0x96, 0x74, 0xc5, 0x11, 0xc1, 0x0a, 
0x0d, 0xbe, 0x14, 0xae, 0x2b, 0x01, 0xc1, 0x0a, 0x18, 0x8d, 0x0b, 0xc2, 0x94, 0x01, 0x01, 0xce, 0x10, 0x18, 0xad, 0x09, 
0xad, 0x09, 0xbb, 0x14, 0xc1, 0x0a, 0x0d, 0xbe, 0x14, 0xb0, 0x2b, 0x02, 0xc1, 0x0a, 0x18, 0x8d, 0x0b, 0xc4, 0x94, 0x01, 
0x02, 0xce, 0x10, 0x18, 0xee, 0x04, 0xee, 0x04, 0x9f, 0x06, 0xc1, 0x0a, 0x18, 0xaf, 0x7f, 0x82, 0x1a, 0x03, 0x4b, 0x18, 
0x95, 0x0d, 0xc5, 0x8c, 0x01, 0x95, 0x0d, 0x4b, 0x18, 0xaa, 0x54, 0xfd, 0x29, 0xaa, 0x54, 0x4b, 0x18, 0x96, 0x2f, 0x9a, 
0x05, 0x96, 0x2f, 0xce, 0x10, 0x18, 0xb1, 0x09, 0xb1, 0x09, 0xd7, 0x0f, 0xc1, 0x0a, 0x0d, 0xf7, 0xc4, 0x01, 0xf0, 0x1f, 
0x01, 0xc1, 0x0a, 0x0b, 0xdc, 0x7e, 0xf4, 0x8b, 0x01, 0x01, 0x01, 0x18, 0xc6, 0x33, 0x8e, 0xd6, 0x01, 0x33, 0xcd, 0x05, 
0xec, 0x57, 0xc4, 0x1b, 0x8b, 0x14, 0xe6, 0x72, 0x8b, 0x14, 0x01, 0x50, 0xd7, 0x0f, 0xd7, 0x0f, 0xb4, 0x0a, 0x56, 0xb5, 
0xbc, 0x01, 0x53, 0x58, 0x00, 0x00, 0xc1, 0x0a, 0x0d, 0xd8, 0x9c, 0x01, 0xb6, 0x28, 0x00, 0xc1, 0x0a, 0x18, 0xdb, 0x85, 
0x01, 0xfc, 0x16, 0x00, 0xce, 0x10, 0x18, 0x98, 0x74, 0x98, 0x74, 0xc3, 0x11, 0xc1, 0x0a, 0x0d, 0xbe, 0x14, 0xb0, 0x2b, 
0x01, 0xc1, 0x0a, 0x18, 0x8d, 0x0b, 0xc4, 0x94, 0x01, 0x01, 0xce, 0x10, 0x18, 0xad, 0x09, 0xad, 0x09, 0xbb, 0x14, 0xc1, 
0x0a, 0x0d, 0xbe, 0x14, 0xb2, 0x2b, 0x02, 0xc1, 0x0a, 0x18, 0x8d, 0x0b, 0xc6, 0x94, 0x01, 0x02, 0xce, 0x10, 0x18, 0xec, 
0x04, 0xec, 0x04, 0xa1, 0x06, 0xc1, 0x0a, 0x18, 0xaf, 0x7f, 0x82, 0x1a, 0x03, 0x4b, 0x18, 0x95, 0x0d, 0xc5, 0x8c, 0x01, 
0x95, 0x0d, 0x4b, 0x18, 0xaa, 0x54, 0xff, 0x29, 0xaa, 0x54, 0x4b, 0x18, 0xb4, 0x3d, 0xb6, 0x13, 0xb4, 0x3d, 0xce, 0x10, 
0x18, 0xb1, 0x99, 0x01, 0xb1, 0x99, 0x01, 0x98, 0x43, 0x4b, 0x18, 0x9b, 0x31, 0xfb, 0xb2, 0x01, 0x9b, 0x31, 0xc1, 0x0a, 
0x0d, 0xe4, 0x31, 0xd0, 0x63, 0x02, 0xc1, 0x0a, 0x0b, 0xbe, 0x2e, 0xb6, 0x7f, 0x02, 0x01, 0x18, 0x86, 0x40, 0x90, 0xd6, 
0x01, 0x33, 0xcd, 0x05, 0xec, 0x57, 0xc4, 0x1b, 0x8b, 0x14, 0xc7, 0x6c, 0x8b, 0x14, 0x01, 0x50, 0xd7, 0x0f, 0xd7, 0x0f, 
0xb4, 0x0a, 0x56, 0xb5, 0xbc, 0x01, 0x54, 0x58, 0x00, 0x00, 0xc1, 0x0a, 0x0d, 0xd8, 0x9c, 0x01, 0xb6, 0x28, 0x00, 0xc1, 
0x0a, 0x18, 0xdb, 0x85, 0x01, 0xfc, 0x16, 0x00, 0xce, 0x10, 0x18, 0x9a, 0x74, 0x9a, 0x74, 0xc1, 0x11, 0xc1, 0x0a, 0x0d, 
0xbe, 0x14, 0xb2, 0x2b, 0x01, 0xc1, 0x0a, 0x18, 0x8d, 0x0b, 0xc6, 0x94, 0x01, 0x01, 0xce, 0x10, 0x18, 0xad, 0x09, 0xad, 
0x09, 0xbb, 0x14, 0xc1, 0x0a, 0x0d, 0xbe, 0x14, 0xb4, 0x2b, 0x02, 0xc1, 0x0a, 0x18, 0x8d, 0x0b, 0xc8, 0x94, 0x01, 0x02, 
0xce, 0x10, 0x18, 0xea, 0x04, 0xea, 0x04, 0xa3, 0x06, 0xc1, 0x0a, 0x18, 0xaf, 0x7f, 0x82, 0x1a, 0x03, 0x4b, 0x18, 0x95, 
0x0d, 0xc5, 0x8c, 0x01, 0x95, 0x0d, 0x4b, 0x18, 0xaa, 0x54, 0x81, 0x2a, 0xaa, 0x54, 0x4b, 0x18, 0xb4, 0x3d, 0xb4, 0x13, 
0xb4, 0x3d, 0xce, 0x10, 0x18, 0xb1, 0x99, 0x01, 0xb1, 0x99, 0x01, 0x45, 0x4b, 0x18, 0x95, 0x37, 0xf7, 0x05, 0x95, 0x37, 
0xc1, 0x0a, 0x0b, 0xfc, 0x6e, 0x98, 0x88, 0x01, 0x03, 0x01, 0x18, 0xd6, 0x9b, 0x01, 0xc2, 0xba, 0x02, 0x33, 0xcd, 0x05, 
0xc3, 0x0c, 0xc4, 0x1b, 0x8b, 0x14, 0xf8, 0x70, 0x8b, 0x14, 0x01, 0x50, 0xd7, 0x0f, 0xd7, 0x0f, 0xb4, 0x0a, 0x56, 0xb5, 
0xbc, 0x01, 0x55, 0x58, 0x00, 0x00, 0xc1, 0x0a, 0x0d, 0xd8, 0x9c, 0x01, 0xf9, 0x3b, 0x00, 0xc1, 0x0a, 0x18, 0xdb, 0x85, 
0x01, 0xfc, 0x16, 0x00, 0xce, 0x10, 0x18, 0x9c, 0x74, 0x9c, 0x74, 0xbf, 0x11, 0xc1, 0x0a, 0x0d, 0xbe, 0x14, 0xfb, 0x38, 
0x01, 0xc1, 0x0a, 0x18, 0x8d, 0x0b, 0xc8, 0x94, 0x01, 0x01, 0xce, 0x10, 0x18, 0xad, 0x09, 0xad, 0x09, 0xbb, 0x14, 0xc1, 
0x0a, 0x0d, 0xbe, 0x14, 0xf9, 0x38, 0x02, 0xc1, 0x0a, 0x18, 0x8d, 0x0b, 0xca, 0x94, 0x01, 0x02, 0xce, 0x10, 0x18, 0xe8, 
0x04, 0xe8, 0x04, 0xa5, 0x06, 0xc1, 0x0a, 0x18, 0xaf, 0x7f, 0x82, 0x1a, 0x03, 0x4b, 0x18, 0x95, 0x0d, 0xc5, 0x8c, 0x01, 
0x95, 0x0d, 0x4b, 0x18, 0xaa, 0x54, 0x83, 0x2a, 0xaa, 0x54, 0x4b, 0x18, 0xb4, 0x3d, 0xb2, 0x13, 0xb4, 0x3d, 0xce, 0x10, 
0x18, 0x87, 0x9f, 0x01, 0x87, 0x9f, 0x01, 0xd7, 0x11, 0x4b, 0x18, 0xec, 0x3a, 0xae, 0x6c, 0xec, 0x3a, 0x22, 0x9e, 0x9c, 
0x01, 0x00, 0x8d, 0x1e, 0x18, 0xf1, 0x03, 0xc1, 0x0a, 0x0d, 0xbe, 0x53, 0xee, 0xe7, 0x01, 0x00, 0xc1, 0x0a, 0x0b, 0xa1, 
0x91, 0x01, 0xf4, 0x43, 0x00, 0x01, 0x18, 0xca, 0x7b, 0x92, 0xd6, 0x01, 0x33, 0xcd, 0x05, 0xee, 0x57, 0xc4, 0x1b, 0x8b, 
0x14, 0xe6, 0x4e, 0x8b, 0x14, 0x01, 0x50, 0xd7, 0x0f, 0xd7, 0x0f, 0xb4, 0x0a, 0x56, 0xb5, 0xbc, 0x01, 0x56, 0x58, 0x00, 
0x00, 0xc1, 0x0a, 0x0d, 0xd8, 0x9c, 0x01, 0xb8, 0x28, 0x00, 0xc1, 0x0a, 0x18, 0xdb, 0x85, 0x01, 0xfc, 0x16, 0x00, 0xce, 
0x10, 0x18, 0x9e, 0x74, 0x9e, 0x74, 0xbd, 0x11, 0xc1, 0x0a, 0x0d, 0xbe, 0x14, 0xb8, 0x2b, 0x01, 0xc1, 0x0a, 0x18, 0x8d, 
0x0b, 0xca, 0x94, 0x01, 0x01, 0xce, 0x10, 0x18, 0xad, 0x09, 0xad, 0x09, 0xbb, 0x14, 0xc1, 0x0a, 0x0d, 0xbe, 0x14, 0xba, 
0x2b, 0x02, 0xc1, 0x0a, 0x18, 0x8d, 0x0b, 0xcc, 0x94, 0x01, 0x02, 0xce, 0x10, 0x18, 0xe6, 0x04, 0xe6, 0x04, 0xa7, 0x06, 
0xc1, 0x0a, 0x18, 0xaf, 0x7f, 0x82, 0x1a, 0x03, 0x4b, 0x18, 0x95, 0x0d, 0xc5, 0x8c, 0x01, 0x95, 0x0d, 0x4b, 0x18, 0xaa, 
0x54, 0x85, 0x2a, 0xaa, 0x54, 0x4b, 0x18, 0x90, 0x2f, 0x8c, 0x05, 0x90, 0x2f, 0xce, 0x10, 0x18, 0xb1, 0x09, 0xb1, 0x09, 
0x83, 0x03, 0xc1, 0x0a, 0x0d, 0xf7, 0xc4, 0x01, 0xf2, 0x1f, 0x01, 0xc1, 0x0a, 0x0b, 0xdc, 0x7e, 0xf6, 0x8b, 0x01, 0x01, 
0x01, 0x18, 0xca, 0x33, 0x94, 0xd6, 0x01, 0x33, 0xcd, 0x05, 0xee, 0x57, 0xc4, 0x1b, 0x8b, 0x14, 0xe7, 0x72, 0x8b, 0x14, 
0x01, 0x50, 0xd7, 0x0f, 0xd7, 0x0f, 0xb4, 0x0a, 0x56, 0xb5, 0xbc, 0x01, 0x57, 0x58, 0x00, 0x00, 0xc1, 0x0a, 0x0d, 0xd8, 
0x9c, 0x01, 0xb8, 0x28, 0x00, 0xc1, 0x0a, 0x18, 0xdb, 0x85, 0x01, 0xfc, 0x16, 0x00, 0xce, 0x10, 0x18, 0xa0, 0x74, 0xa0, 
0x74, 0xbb, 0x11, 0xc1, 0x0a, 0x0d, 0xbe, 0x14, 0xba, 0x2b, 0x01, 0xc1, 0x0a, 0x18, 0x8d, 0x0b, 0xcc, 0x94, 0x01, 0x01, 
0xce, 0x10, 0x18, 0xad, 0x09, 0xad, 0x09, 0xbb, 0x14, 0xc1, 0x0a, 0x0d, 0xbe, 0x14, 0xbc, 0x2b, 0x02, 0xc1, 0x0a, 0x18, 
0x8d, 0x0b, 0xce, 0x94, 0x01, 0x02, 0xce, 0x10, 0x18, 0xe4, 0x04, 0xe4, 0x04, 0xa9, 0x06, 0xc1, 0x0a, 0x18, 0xaf, 0x7f, 
0x82, 0x1a, 0x03, 0x4b, 0x18, 0x95, 0x0d, 0xc5, 0x8c, 0x01, 0x95, 0x0d, 0x4b, 0x18, 0xaa, 0x54, 0x87, 0x2a, 0xaa, 0x54, 
0x4b, 0x18, 0xb2, 0x3d, 0xac, 0x13, 0xb2, 0x3d, 0xce, 0x10, 0x18, 0xb3, 0x99, 0x01, 0xb3, 0x99, 0x01, 0x9a, 0x43, 0x4b, 
0x18, 0x9d, 0x31, 0xfb, 0xb2, 0x01, 0x9d, 0x31, 0xc1, 0x0a, 0x0d, 0xe4, 0x31, 0xd2, 0x63, 0x02, 0xc1, 0x0a, 0x0b, 0xbe, 
0x2e, 0xb8, 0x7f, 0x02, 0x01, 0x18, 0x8a, 0x40, 0x96, 0xd6, 0x01, 0x33, 0xcd, 0x05, 0xee, 0x57, 0xc4, 0x1b, 0x8b, 0x14, 
0xc8, 0x6c, 0x8b, 0x14, 0x01, 0x50, 0xd7, 0x0f, 0xd7, 0x0f, 0xb4, 0x0a, 0x56, 0xb5, 0xbc, 0x01, 0x58, 0x58, 0x00, 0x00, 
0xc1, 0x0a, 0x0d, 0xd8, 0x9c, 0x01, 0xb8, 0x28, 0x00, 0xc1, 0x0a, 0x18, 0xdb, 0x85, 0x01, 0xfc, 0x16, 0x00, 0xce, 0x10, 
0x18, 0xa2, 0x74, 0xa2, 0x74, 0xb9, 0x11, 0xc1, 0x0a, 0x0d, 0xbe, 0x14, 0xbc, 0x2b, 0x01, 0xc1, 0x0a, 0x18, 0x8d, 0x0b, 
0xce, 0x94, 0x01, 0x01, 0xce, 0x10, 0x18, 0xad, 0x09, 0xad, 0x09, 0xbb, 0x14, 0xc1, 0x0a, 0x0d, 0xbe, 0x14, 0xbe, 0x2b, 
0x02, 0xc1, 0x0a, 0x18, 0x8d, 0x0b, 0xd0, 0x94, 0x01, 0x02, 0xce, 0x10, 0x18, 0xe2, 0x04, 0xe2, 0x04, 0xab, 0x06, 0xc1, 
0x0a, 0x18, 0xaf, 0x7f, 0x82, 0x1a, 0x03, 0x4b, 0x18, 0x95, 0x0d, 0xc5, 0x8c, 0x01, 0x95, 0x0d, 0x4b, 0x18, 0xaa, 0x54, 
0x89, 0x2a, 0xaa, 0x54, 0x4b, 0x18, 0xb2, 0x3d, 0xaa, 0x13, 0xb2, 0x3d, 0xce, 0x10, 0x18, 0xe5, 0x8b, 0x01, 0xe5, 0x8b, 
0x01, 0x8a, 0x0d, 0x4b, 0x18, 0xce, 0x7d, 0xbc, 0xbc, 0x01, 0xce, 0x7d, 0x3f, 0x0d, 0xba, 0x08, 0xd6, 0x87, 0x01, 0xc3, 
0x10, 0x0d, 0xdd, 0x42, 0xdd, 0x42, 0xf2, 0xf8, 0x01, 0xbd, 0x0c, 0x0b, 0x88, 0x53, 0x88, 0x53, 0xc1, 0x0a, 0x0b, 0xf7, 
0x4f, 0xbe, 0xa4, 0x01, 0x03, 0xc2, 0x10, 0x0b, 0x8c, 0x45, 0x8c, 0x45, 0xfc, 0x9a, 0x02, 0xc0, 0x10, 0x0b, 0xfc, 0x43, 
0x90, 0x39, 0xfc, 0x43, 0x99, 0x1e, 0xca, 0x1a, 0x18, 0xc9, 0x1a, 0xe5, 0x1e, 0x18, 0xf9, 0xa1, 0x01, 0x55, 0x4d, 0x00, 
0x00, 0xd8, 0x36, 0x00, 0x00, 0x4f, 0x3c, 0x00, 0x00, 0x47, 0x4a, 0x00, 0x00, 0xe5, 0x1e, 0x0b, 0x95, 0x29, 0x87, 0x53, 
0x00, 0x00, 0xd8, 0x36, 0x00, 0x00, 0x83, 0x34, 0x00, 0x00, 0x47, 0x4a, 0x00, 0x00, 0xc0, 0x16, 0x09, 0x92, 0x10, 0x92, 
0x10, 0xc7, 0xd5, 0x01, 0xb6, 0x1e, 0x87, 0x58, 0xb7, 0x77, 0x00, 0xba, 0x1e, 0x00, 0xb7, 0x77, 0x87, 0x58, 0x18, 0xb8, 
0x77, 0xc9, 0x10, 0x0b, 0xa7, 0xc2, 0x01, 0xdd, 0x3a, 0xde, 0x3c, 0xbc, 0x0e, 0x0c, 0xae, 0x5d, 0xae, 0x5d, 0xc6, 0x10, 
0x0b, 0xb5, 0x3c, 0xe5, 0x19, 0xd6, 0x5d, 0xbc, 0x0e, 0x0c, 0xaa, 0xf6, 0x01, 0xaa, 0xf6, 0x01, 0xc0, 0x0a, 0x12, 0xab, 
0xc3, 0x01, 0xb7, 0x09, 0xab, 0xc3, 0x01, 0x01, 0xfe, 0x03, 0xc4, 0xca, 0x01, 0xe2, 0xbe, 0x02, 0xb4, 0x0c, 0x97, 0x01, 
0xbf, 0xbb, 0x01, 0xbf, 0xbb, 0x01, 0xef, 0x0a, 0x1d, 0x85, 0x41, 0x85, 0x41, 0x81, 0x32, 0x02, 0x8b, 0x14, 0x2d, 0x13, 
0xfa, 0xdf, 0x01, 0xfa, 0xdf, 0x01, 0xfa, 0xdf, 0x01, 0x10, 0xc1, 0x0a, 0x0d, 0xb2, 0x06, 0xb2, 0x06, 0x00, 0xbd, 0x0c, 
0x0b, 0xe6, 0x0d, 0xe6, 0x0d, 0x01, 0x18, 0x83, 0xda, 0x01, 0xe4, 0x5f, 0x33, 0xcd, 0x05, 0xd3, 0x29, 0xc4, 0x1b, 0x8b, 
0x14, 0xb6, 0xbe, 0x01, 0x8b, 0x14, 0x01, 0x50, 0x9e, 0xe8, 0x01, 0x9e, 0xe8, 0x01, 0xb4, 0x0a, 0x56, 0xb5, 0xbc, 0x01, 
0x59, 0x58, 0x00, 0x00, 0xc1, 0x0a, 0x0d, 0xd8, 0x9c, 0x01, 0xec, 0x9e, 0x01, 0x00, 0xc1, 0x0a, 0x18, 0xdb, 0x85, 0x01, 
0xfc, 0x16, 0x00, 0xce, 0x10, 0x18, 0xa4, 0x74, 0xa4, 0x74, 0xb7, 0x11, 0xc1, 0x0a, 0x0d, 0xbe, 0x14, 0xf2, 0xa1, 0x01, 
0x01, 0xc1, 0x0a, 0x18, 0x8d, 0x0b, 0xd0, 0x94, 0x01, 0x01, 0xce, 0x10, 0x18, 0xad, 0x09, 0xad, 0x09, 0xbb, 0x14, 0xc1, 
0x0a, 0x0d, 0xbe, 0x14, 0xf4, 0xa1, 0x01, 0x02, 0xc1, 0x0a, 0x18, 0x8d, 0x0b, 0xd2, 0x94, 0x01, 0x02, 0xce, 0x10, 0x18, 
0xe0, 0x04, 0xe0, 0x04, 0xad, 0x06, 0xc1, 0x0a, 0x18, 0xaf, 0x7f, 0x82, 0x1a, 0x03, 0x4b, 0x18, 0x95, 0x0d, 0xc5, 0x8c, 
0x01, 0x95, 0x0d, 0x4b, 0x18, 0x8e, 0x42, 0xa7, 0x3c, 0x8e, 0x42, 0x4b, 0x18, 0xd9, 0x31, 0xff, 0x6d, 0xd9, 0x31, 0xc1, 
0x0a, 0x0d, 0x9a, 0x75, 0x9d, 0x31, 0x01, 0xce, 0x10, 0x18, 0xe5, 0x16, 0xb4, 0x5e, 0xe5, 0x16, 0x4b, 0x18, 0xb1, 0x2f, 
0xc4, 0x26, 0xb1, 0x2f, 0xc0, 0x10, 0x0b, 0x97, 0x1f, 0xc2, 0x30, 0xea, 0xa9, 0x01, 0x99, 0x1e, 0xcd, 0x9a, 0x01, 0x18, 
0xd8, 0x37, 0x22, 0xda, 0xc6, 0x01, 0x84, 0x3f, 0x8d, 0x1e, 0x88, 0x06, 0x00, 0x00, 0x00, 0x00, 0xbc, 0x0b, 0x00, 0x00, 
0x00, 0x00, 0x00, 0x00, 0x4c, 0x4f, 0x4d, 0x53, 0x00, 0x03, 0x01, 0x00, 0x0b, 0x00, 0x08, 0x00, 0xf8, 0x61, 0x00, 0x00, 
0x00, 0x00, 0x00, 0x00, 0x40, 0x22, 0x00, 0x00, 0x91, 0x02, 0x01, 0xd1, 0x10, 0x02, 0x47, 0x4c, 0x53, 0x4c, 0x2e, 0x73, 
0x74, 0x64, 0x2e, 0x34, 0x35, 0x30, 0x00, 0x00, 0x00, 0x00, 0xa0, 0x04, 0x00, 0x01, 0xff, 0x0e, 0x04, 0x9f, 0x2c, 0xed, 
0xc2, 0xa5, 0xf3, 0x06, 0x00, 0x84, 0x28, 0xab, 0x22, 0xbf, 0x1c, 0xa0, 0x02, 0x9f, 0x2c, 0x07, 0x00, 0xf4, 0x39, 0x00, 
0x10, 0x9f, 0x1b, 0x06, 0x40, 0x10, 0x02, 0x06, 0x40, 0x10, 0x9b, 0x0a, 0x06, 0x10, 0x10, 0xa0, 0x03, 0x06, 0x10, 0x10, 
0x02, 0x06, 0x10, 0x10, 0x02, 0x06, 0x10, 0x10, 0x50, 0x06, 0x10, 0x00, 0x95, 0x15, 0x02, 0x37, 0x00, 0x95, 0x00, 0x05, 
0x00, 0x07, 0x01, 0x10, 0x00, 0x23, 0x00, 0x01, 0x05, 0x00, 0x07, 0x01, 0x10, 0x00, 0x23, 0x40, 0x01, 0x05, 0x00, 0x07, 
0x01, 0x10, 0x00, 0x23, 0x40, 0x01, 0x05, 0x00, 0x07, 0x01, 0x10, 0x00, 0x23, 0x40, 0x01, 0x05, 0x00, 0x07, 0x01, 0x10, 
0x00, 0x23, 0x40, 0x01, 0x05, 0x00, 0x07, 0x01, 0x10, 0x00, 0x23, 0x80, 0x02, 0x01, 0x05, 0x00, 0x07, 0x01, 0x10, 0x00, 
0x23, 0x80, 0x02, 0x01, 0x05, 0x00, 0x07, 0x01, 0x10, 0x00, 0x23, 0x40, 0x01, 0x05, 0x00, 0x07, 0x01, 0x10, 0x00, 0x23, 
0x30, 0x01, 0x23, 0x40, 0x01, 0x23, 0x10, 0x01, 0x23, 0x08, 0x01, 0x23, 0x04, 0x01, 0x23, 0x04, 0x01, 0x23, 0x10, 0x01, 
0x23, 0x10, 0x01, 0x23, 0x08, 0x01, 0x23, 0x08, 0x01, 0x23, 0x04, 0x01, 0x00, 0x00, 0x23, 0x04, 0x01, 0x23, 0x08, 0x01, 
0x23, 0x04, 0x01, 0x23, 0x04, 0x01, 0x23, 0x04, 0x01, 0x23, 0x04, 0x01, 0x23, 0x04, 0x01, 0x00, 0x00, 0x23, 0x04, 0x01, 
0x00, 0x00, 0x23, 0x04, 0x01, 0x00, 0x00, 0x23, 0x04, 0x01, 0x00, 0x00, 0x23, 0x10, 0x01, 0x00, 0x00, 0x23, 0x0c, 0x01, 
0x00, 0x00, 0x23, 0x04, 0x01, 0x00, 0x00, 0x23, 0x08, 0x01, 0x00, 0x00, 0x23, 0x04, 0x01, 0x00, 0x00, 0x23, 0x04, 0x01, 
0x00, 0x00, 0x23, 0x04, 0x01, 0x23, 0x04, 0x01, 0x00, 0x00, 0x23, 0x04, 0x01, 0x00, 0x00, 0x23, 0x04, 0x01, 0x23, 0x90, 
0x01, 0x01, 0x00, 0x00, 0x23, 0x0c, 0x01, 0x23, 0x04, 0x01, 0x23, 0x10, 0x01, 0x23, 0x10, 0x01, 0x00, 0x00, 0x23, 0x08, 
0x01, 0x00, 0x00, 0x23, 0x04, 0x01, 0x23, 0x04, 0x01, 0x00, 0x00, 0x23, 0x08, 0x01, 0x00, 0x00, 0x23, 0x04, 0x01, 0x23, 
0x04, 0x01, 0x00, 0x00, 0x23, 0x10, 0x01, 0x00, 0x00, 0x23, 0x04, 0x01, 0x23, 0x04, 0x01, 0x00, 0x00, 0x23, 0x08, 0x01, 
0x23, 0x04, 0x01, 0x00, 0x00, 0x23, 0x04, 0x01, 0x00, 0x00, 0x23, 0x04, 0x01, 0x23, 0x04, 0x01, 0x23, 0x0c, 0x01, 0x23, 
0x04, 0x01, 0x23, 0x04, 0x01, 0x23, 0x04, 0x01, 0x23, 0x04, 0x01, 0x23, 0x04, 0x01, 0x23, 0x0c, 0x01, 0x23, 0x04, 0x01, 
0x23, 0x04, 0x01, 0x23, 0x04, 0x01, 0x23, 0x04, 0x01, 0x05, 0x00, 0x07, 0x01, 0x10, 0x00, 0x23, 0x04, 0x01, 0x23, 0x30, 
0x01, 0x23, 0x08, 0x01, 0x05, 0x00, 0x07, 0x01, 0x10, 0x00, 0x23, 0x08, 0x01, 0x05, 0x00, 0x07, 0x01, 0x10, 0x00, 0x23, 
0x40, 0x01, 0x00, 0x00, 0x23, 0x40, 0x01, 0x00, 0x00, 0x23, 0x04, 0x01, 0x00, 0x00, 0x23, 0x04, 0x01, 0x00, 0x00, 0x23, 
0x04, 0x01, 0x23, 0x04, 0x01, 0x23, 0x40, 0x01, 0x00, 0x00, 0x23, 0x04, 0x01, 0x00, 0x00, 0x23, 0x04, 0x01, 0x00, 0x00, 
0x23, 0x04, 0x01, 0x23, 0x04, 0x01, 0x23, 0x40, 0x01, 0x00, 0x00, 0x23, 0x40, 0x01, 0x00, 0x00, 0x23, 0x04, 0x01, 0x00, 
0x00, 0x23, 0x04, 0x01, 0x00, 0x00, 0x23, 0x04, 0x01, 0x00, 0x00, 0x23, 0x04, 0x10, 0xf2, 0x3b, 0x21, 0x00, 0x10, 0x00, 
0x22, 0x00, 0x10, 0xfe, 0x10, 0x1e, 0x05, 0x10, 0xb1, 0x0b, 0x1e, 0x06, 0x00, 0xc8, 0xc1, 0x02, 0x00, 0x00, 0x89, 0x9c, 
0x02, 0x00, 0x00, 0xe6, 0xc0, 0x01, 0x00, 0x00, 0xf3, 0x4f, 0x00, 0x00, 0xce, 0x2a, 0x00, 0x10, 0xbd, 0xd5, 0x01, 0x21, 
0x01, 0x10, 0x00, 0x22, 0x02, 0x10, 0xe8, 0x08, 0x1e, 0x00, 0x00, 0x90, 0x0e, 0x00, 0x10, 0x00, 0x21, 0x0b, 0x10, 0x00, 
0x22, 0x00, 0x93, 0x02, 0x0e, 0xa1, 0x04, 0xf4, 0x13, 0x08, 0xa6, 0x02, 0xe9, 0x13, 0x20, 0xb7, 0x02, 0x16, 0x0d, 0x03, 
0xb7, 0x02, 0x09, 0x0d, 0x02, 0x94, 0x02, 0x13, 0xb7, 0x02, 0x28, 0x0d, 0x04, 0xfe, 0x02, 0xac, 0x13, 0x1d, 0x1d, 0x0d, 
0x0d, 0x0d, 0x18, 0x3e, 0xbb, 0x09, 0x07, 0x18, 0x89, 0x03, 0xf9, 0x07, 0x0d, 0x03, 0x00, 0x00, 0x00, 0x01, 0x00, 0xab, 
0x02, 0xcc, 0x05, 0x98, 0x01, 0x3e, 0xfa, 0x09, 0x00, 0xfe, 0x03, 0xc1, 0x04, 0xbc, 0x0a, 0x1d, 0x95, 0x05, 0xfb, 0x08, 
0xb5, 0x02, 0x99, 0x1c, 0x20, 0x01, 0xb8, 0x02, 0xb2, 0x01, 0x1d, 0x04, 0xb8, 0x02, 0x3d, 0x18, 0x03, 0xb5, 0x02, 0x75, 
0x20, 0x00, 0x3e, 0xae, 0x0b, 0x02, 0x65, 0xbb, 0x04, 0x0c, 0xd8, 0x1c, 0x01, 0x00, 0x00, 0x00, 0x3e, 0x95, 0x1d, 0x02, 
0x46, 0xbb, 0x04, 0x0c, 0xa2, 0x1d, 0x03, 0x00, 0x00, 0x00, 0x3e, 0x93, 0x1e, 0x02, 0x0d, 0xbb, 0x04, 0x0b, 0x98, 0x1e, 
0x04, 0x00, 0x00, 0x00, 0xbc, 0x02, 0xd7, 0x09, 0x65, 0x96, 0x14, 0xbc, 0x02, 0x02, 0x65, 0x96, 0x14, 0xb7, 0x02, 0xad, 
0x1e, 0x0b, 0x03, 0xbb, 0x04, 0x0b, 0xa2, 0x28, 0x09, 0x00, 0x00, 0x00, 0xbc, 0x02, 0x8f, 0x14, 0x18, 0xa5, 0x14, 0xbc, 
0x02, 0xa0, 0x03, 0x1d, 0x96, 0x14, 0xbc, 0x02, 0x02, 0x1d, 0x96, 0x14, 0xbc, 0x02, 0x02, 0x1d, 0x96, 0x14, 0xbc, 0x02, 
0x50, 0x1d, 0xa5, 0x14, 0xbe, 0x83, 0xc0, 0x02, 0x95, 0x15, 0x65, 0x65, 0x65, 0x65, 0xaa, 0x0f, 0xab, 0x0f, 0x65, 0x46, 
0x65, 0x1d, 0x13, 0x0d, 0x0d, 0x1d, 0x1d, 0x13, 0x13, 0x0d, 0x0d, 0x13, 0x0d, 0x0d, 0x0d, 0x0d, 0x0d, 0x0d, 0x0d, 0x0d, 
0x1d, 0x14, 0x0c, 0x13, 0x0c, 0x0c, 0x0c, 0x0c, 0x0d, 0x0d, 0x9d, 0x0a, 0x18, 0x0d, 0x1d, 0x1d, 0x13, 0x0c, 0x0d, 0x13, 
0x0d, 0x0d, 0x1d, 0x0c, 0x0d, 0x13, 0x0d, 0x0d, 0x0d, 0x0b, 0x18, 0x0d, 0x0d, 0x0b, 0x0d, 0x0d, 0x18, 0x0d, 0x0d, 0x0d, 
0x0d, 0x0d, 0x46, 0x13, 0x13, 0x65, 0x65, 0x0d, 0x0d, 0x0d, 0x0d, 0xed, 0x0b, 0x0c, 0x0d, 0x0d, 0x0d, 0xee, 0x0b, 0xef, 
0x0b, 0x0c, 0x0c, 0x0c, 0x0c, 0x97, 0x0c, 0x3e, 0xfa, 0x09, 0x02, 0xcc, 0x01, 0x39, 0xc9, 0x06, 0xf8, 0x31, 0x02, 0x3e, 
0xd5, 0x34, 0x02, 0x1d, 0x3e, 0x13, 0x01, 0x13, 0x39, 0x90, 0x05, 0xe8, 0x45, 0x01, 0xbb, 0x04, 0x0b, 0xe1, 0x27, 0x03, 
0x00, 0x00, 0x00, 0xbb, 0x04, 0x0d, 0x0d, 0x00, 0x00, 0x00, 0x00, 0xbb, 0x04, 0x0d, 0x83, 0x26, 0x00, 0x00, 0x80, 0x3f, 
0x3e, 0xa2, 0x08, 0x01, 0x1d, 0x39, 0x9b, 0x05, 0xa0, 0x3a, 0x01, 0x3e, 0xbf, 0x3a, 0x07, 0x0d, 0xbb, 0x04, 0x0c, 0xdc, 
0x20, 0x3a, 0x00, 0x00, 0x00, 0xec, 0x04, 0x1d, 0x82, 0x03, 0xdc, 0x05, 0xdc, 0x05, 0xdc, 0x05, 0xdc, 0x05, 0xbb, 0x04, 
0x0c, 0xe9, 0x02, 0x3e, 0x00, 0x00, 0x00, 0xbb, 0x04, 0x0c, 0x1d, 0x39, 0x00, 0x00, 0x00, 0x3e, 0xbf, 0x20, 0x02, 0x18, 
0xbb, 0x04, 0x0c, 0xd8, 0x20, 0x3d, 0x00, 0x00, 0x00, 0xbb, 0x04, 0x0b, 0xe3, 0x02, 0x02, 0x00, 0x00, 0x00, 0xbb, 0x04, 
0x0b, 0x05, 0x01, 0x00, 0x00, 0x00, 0xbb, 0x04, 0x0d, 0xb9, 0x09, 0x0a, 0xd7, 0xa3, 0x3a, 0xbb, 0x04, 0x0b, 0xb4, 0x09, 
0x00, 0x00, 0x00, 0x00, 0xbb, 0x04, 0x0c, 0xe4, 0x02, 0x3b, 0x00, 0x00, 0x00, 0xbb, 0x04, 0x0c, 0x18, 0x3f, 0x00, 0x00, 
0x00, 0xbb, 0x04, 0x0c, 0x06, 0x40, 0x00, 0x00, 0x00, 0xbb, 0x04, 0x0c, 0x12, 0x43, 0x00, 0x00, 0x00, 0xbb, 0x04, 0x0c, 
0x06, 0x44, 0x00, 0x00, 0x00, 0xbb, 0x04, 0x0c, 0x2f, 0x3c, 0x00, 0x00, 0x00, 0x3e, 0xed, 0x20, 0x02, 0x0b, 0xbb, 0x04, 
0x0c, 0xb6, 0x1e, 0x08, 0x00, 0x00, 0x00, 0xbb, 0x04, 0x0c, 0xa8, 0x01, 0x24, 0x00, 0x00, 0x00, 0xbb, 0x04, 0x0c, 0xb4, 
0x01, 0x42, 0x00, 0x00, 0x00, 0xbb, 0x04, 0x0c, 0x05, 0x41, 0x00, 0x00, 0x00, 0xbb, 0x04, 0x0c, 0x8f, 0x01, 0x29, 0x00, 
0x00, 0x00, 0xbb, 0x04, 0x0c, 0x0b, 0x27, 0x00, 0x00, 0x00, 0x89, 0x03, 0xd3, 0x27, 0x0d, 0x01, 0x00, 0x00, 0x00, 0x01, 
0x00, 0xab, 0x02, 0xd2, 0x05, 0x96, 0x01, 0x3e, 0xfa, 0x09, 0x00, 0xff, 0x03, 0x39, 0xfc, 0x08, 0x9e, 0x1e, 0x00, 0xbb, 
0x04, 0x0d, 0x91, 0x27, 0x00, 0x00, 0x96, 0x44, 0xbb, 0x04, 0x0d, 0xcc, 0x0e, 0x0a, 0xd7, 0xa3, 0x3c, 0xbb, 0x04, 0x0d, 
0x89, 0x13, 0x00, 0x00, 0xc8, 0x43, 0xbb, 0x04, 0x0d, 0xee, 0x14, 0x0a, 0xd7, 0x23, 0x3c, 0xbb, 0x04, 0x0c, 0xc8, 0x0f, 
0x11, 0x00, 0x00, 0x00, 0x3e, 0xc3, 0x1e, 0x03, 0x1d, 0x39, 0x9c, 0x05, 0xc6, 0x2e, 0x03, 0xbb, 0x04, 0x0c, 0xc9, 0x0d, 
0x45, 0x00, 0x00, 0x00, 0x39, 0xfb, 0x08, 0xda, 0x1b, 0x00, 0x3e, 0xf5, 0x3c, 0x03, 0x0d, 0xad, 0x06, 0x1d, 0x93, 0x0a, 
0xad, 0x06, 0x0d, 0x02, 0xad, 0x06, 0x18, 0x02, 0xdc, 0x04, 0x18, 0xd0, 0x28, 0x40, 0x40, 0x40, 0xdc, 0x04, 0x18, 0x29, 
0x9a, 0x26, 0x9a, 0x26, 0x9a, 0x26, 0xc6, 0x06, 0x08, 0x90, 0x30, 0x00, 0x82, 0x0a, 0x18, 0x9a, 0x67, 0x39, 0x95, 0x05, 
0xa3, 0x65, 0x07, 0x13, 0x8a, 0x05, 0xb0, 0x69, 0xc5, 0x1f, 0xbe, 0x14, 0x01, 0x0d, 0xf8, 0xaf, 0x01, 0xf8, 0xaf, 0x01, 
0x01, 0x1d, 0xf5, 0x9f, 0x01, 0x90, 0x8f, 0x01, 0x3d, 0x18, 0xec, 0x4d, 0xec, 0x4d, 0xec, 0x4d, 0x18, 0x01, 0x13, 0xc0, 
0x32, 0x8a, 0x84, 0x02, 0x01, 0xff, 0x03, 0xb1, 0xa9, 0x01, 0xca, 0x7a, 0xe7, 0x0a, 0x1d, 0xfb, 0x2b, 0xfb, 0x2b, 0xad, 
0xd5, 0x01, 0x01, 0xee, 0xb9, 0x01, 0xc1, 0x0a, 0x0d, 0xa6, 0xb7, 0x01, 0x87, 0x1e, 0x01, 0x4a, 0x0d, 0x91, 0x1e, 0x91, 
0x1e, 0xf4, 0x8e, 0x02, 0x5c, 0x0d, 0xe2, 0x2f, 0x01, 0x0d, 0xfc, 0x8b, 0x01, 0x4a, 0x0d, 0xaf, 0x70, 0xaf, 0x70, 0xda, 
0xbf, 0x01, 0xc1, 0x0a, 0x0d, 0x92, 0xa1, 0x01, 0xaa, 0x24, 0x00, 0x4a, 0x0d, 0x83, 0x2e, 0x83, 0x2e, 0xf2, 0xc5, 0x02, 
0x5c, 0x0d, 0xe1, 0x53, 0x01, 0x0e, 0x9c, 0xa5, 0x01, 0x4a, 0x0d, 0xd9, 0x92, 0x01, 0xd9, 0x92, 0x01, 0xc8, 0x4a, 0x4b, 
0x0d, 0x8e, 0x1e, 0x9f, 0x55, 0x8e, 0x1e, 0x3d, 0x18, 0xee, 0xd2, 0x01, 0x94, 0xd6, 0x01, 0x94, 0xd6, 0x01, 0x18, 0x4b, 
0x0d, 0xf4, 0x2a, 0xd8, 0xfd, 0x02, 0xe2, 0xfd, 0x01, 0xce, 0x10, 0x18, 0xd3, 0x93, 0x02, 0xdf, 0xe8, 0x01, 0xd3, 0x93, 
0x02, 0x7c, 0x18, 0xe0, 0x25, 0x01, 0x2b, 0x8c, 0x36, 0xac, 0x14, 0x97, 0x14, 0xc1, 0x0a, 0x0d, 0xaa, 0x9f, 0x01, 0xaa, 
0x9f, 0x01, 0x00, 0xc1, 0x0a, 0x0d, 0xa8, 0x21, 0xd2, 0xc0, 0x01, 0x01, 0xc1, 0x0a, 0x0d, 0xa0, 0x0b, 0xf2, 0xcb, 0x01, 
0x02, 0xe0, 0x0a, 0x1d, 0xd5, 0xa9, 0x01, 0x8d, 0x7d, 0xb5, 0x9e, 0x01, 0xd5, 0xa9, 0x01, 0x80, 0xb2, 0x01, 0x80, 0x0b, 
0xf3, 0x09, 0xe4, 0x65, 0xe4, 0x65, 0xf4, 0x99, 0x02, 0xf2, 0x99, 0x02, 0xf2, 0x99, 0x02, 0xf2, 0x99, 0x02, 0xf0, 0x99, 
0x02, 0xc1, 0x0a, 0x1d, 0xf6, 0x6d, 0xf6, 0x6d, 0x00, 0x80, 0x0b, 0xf3, 0x09, 0x99, 0xb6, 0x01, 0x99, 0xb6, 0x01, 0xd0, 
0xd1, 0x01, 0xce, 0xd1, 0x01, 0xce, 0xd1, 0x01, 0xce, 0xd1, 0x01, 0xcc, 0xd1, 0x01, 0xc1, 0x0a, 0x1d, 0xe9, 0x08, 0xe9, 
0x08, 0x00, 0x22, 0xec, 0x8f, 0x01, 0x00, 0x23, 0x9a, 0x05, 0xea, 0x90, 0x01, 0xc5, 0x1f, 0x8e, 0x14, 0x94, 0x14, 0x01, 
0x1d, 0xf1, 0xd8, 0x01, 0xf1, 0xd8, 0x01, 0x3d, 0x18, 0xac, 0xdc, 0x01, 0xac, 0xdc, 0x01, 0xac, 0xdc, 0x01, 0x18, 0xc3, 
0x10, 0x18, 0xf9, 0x95, 0x01, 0xbd, 0x5a, 0xf9, 0x95, 0x01, 0x13, 0xc3, 0x05, 0xfe, 0x92, 0x01, 0xc5, 0x1f, 0xda, 0x15, 
0x01, 0x46, 0xb9, 0x05, 0xb9, 0x05, 0xc1, 0x12, 0x18, 0xf1, 0xd2, 0x01, 0xf1, 0xd2, 0x01, 0xad, 0x45, 0x22, 0xb2, 0x27, 
0x00, 0xd9, 0x06, 0x1d, 0xa8, 0x94, 0x01, 0x9e, 0xce, 0x01, 0xda, 0xbb, 0x01, 0x80, 0xcf, 0x01, 0x01, 0x1d, 0x95, 0x20, 
0xfa, 0xbc, 0x01, 0x3d, 0x18, 0xfd, 0x27, 0xfd, 0x27, 0xfd, 0x27, 0x18, 0xc1, 0x0a, 0x0d, 0xec, 0x52, 0xd8, 0x0a, 0x03, 
0xc3, 0x10, 0x0d, 0xe8, 0x16, 0xba, 0xb5, 0x02, 0xe8, 0x16, 0xce, 0x10, 0x18, 0xa3, 0x76, 0xcf, 0x0c, 0xa3, 0x76, 0x3d, 
0x18, 0xa4, 0x2c, 0xbf, 0x28, 0xbf, 0x28, 0x18, 0x4b, 0x18, 0xb3, 0x6c, 0x8f, 0x40, 0xb3, 0x6c, 0x13, 0x8c, 0x05, 0x82, 
0x92, 0x01, 0xbf, 0x1c, 0x8a, 0x14, 0xc1, 0x0a, 0x0d, 0x8a, 0x59, 0x8c, 0xeb, 0x01, 0x00, 0x22, 0x8a, 0x59, 0x00, 0x13, 
0x8c, 0x05, 0xdf, 0x4d, 0xbf, 0x1c, 0x8d, 0x14, 0xc1, 0x0a, 0x0d, 0xe1, 0x6e, 0xca, 0x2e, 0x01, 0x22, 0xe1, 0x6e, 0x00, 
0x13, 0x8c, 0x05, 0xe4, 0x6e, 0xbf, 0x1c, 0x90, 0x14, 0xc1, 0x0a, 0x0d, 0xfb, 0x36, 0xb2, 0x66, 0x02, 0x22, 0xfb, 0x36, 
0x00, 0x8d, 0x1e, 0x88, 0x06, 0xc6, 0x06, 0x1d, 0xdb, 0x9f, 0x01, 0x00, 0x99, 0x0e, 0xa7, 0x06, 0x95, 0x05, 0xc9, 0x0e, 
0xa7, 0x06, 0xfb, 0x08, 0x4e, 0x18, 0xf6, 0x3c, 0x01, 0x18, 0x82, 0xb5, 0x01, 0xc6, 0xf2, 0x01, 0x5c, 0x0d, 0x87, 0xab, 
0x01, 0x01, 0x42, 0xf6, 0x95, 0x01, 0x13, 0x8a, 0x05, 0xe2, 0x37, 0xc5, 0x1f, 0xb9, 0x15, 0x01, 0x0d, 0xcf, 0x45, 0xcf, 
0x45, 0xc8, 0x16, 0x09, 0x84, 0xd7, 0x01, 0x96, 0xc9, 0x01, 0x84, 0xd7, 0x01, 0xa7, 0x1e, 0xdd, 0x07, 0x00, 0xba, 0x1e, 
0x00, 0xd1, 0x04, 0xdd, 0x07, 0x18, 0xd2, 0x04, 0x9e, 0x1e, 0x7a, 0x0b, 0x00, 0x00, 0x18, 0x8c, 0x03, 0x13, 0x8a, 0x05, 
0xd4, 0x25, 0xc5, 0x1f, 0xc5, 0x15, 0x01, 0x0d, 0xc7, 0x64, 0xc7, 0x64, 0xca, 0x16, 0x09, 0x90, 0x61, 0x90, 0xf3, 0x01, 
0x90, 0x61, 0xa7, 0x1e, 0x9a, 0x22, 0x00, 0xba, 0x1e, 0x00, 0xa6, 0x25, 0x9a, 0x22, 0x18, 0xa5, 0x25, 0x9e, 0x1e, 0x7a, 
0x0b, 0x00, 0x00, 0x18, 0x8c, 0x03, 0x13, 0x96, 0x05, 0xdc, 0x01, 0xc5, 0x1f, 0xb6, 0x15, 0x01, 0x18, 0xe1, 0x5a, 0xe1, 
0x5a, 0x13, 0x8a, 0x05, 0xbe, 0x4b, 0xc5, 0x1f, 0xc2, 0x15, 0x01, 0x0d, 0xcb, 0x0b, 0xcb, 0x0b, 0xc1, 0x0a, 0x0d, 0xbe, 
0x20, 0xb0, 0x60, 0x02, 0x13, 0x8b, 0x05, 0x9f, 0xef, 0x01, 0xd3, 0x1c, 0x8d, 0x14, 0x01, 0x0d, 0xe4, 0x64, 0xe4, 0x64, 
0x4a, 0x0d, 0xd3, 0x57, 0xd1, 0xc1, 0x01, 0xd3, 0x57, 0x5c, 0x0d, 0xe2, 0xcb, 0x01, 0x01, 0x04, 0xba, 0x3b, 0xca, 0x16, 
0x09, 0xfd, 0x40, 0xfd, 0x40, 0xf8, 0xe2, 0x01, 0xa7, 0x1e, 0xeb, 0x81, 0x01, 0x00, 0xba, 0x1e, 0x00, 0x80, 0x65, 0xeb, 
0x81, 0x01, 0x18, 0xff, 0x64, 0xc1, 0x0a, 0x0d, 0xc0, 0x87, 0x01, 0xc4, 0x2b, 0x00, 0xc1, 0x0a, 0x0d, 0xd2, 0x0f, 0x96, 
0x3b, 0x01, 0xc3, 0x10, 0x0d, 0xab, 0x29, 0xab, 0x29, 0xca, 0x93, 0x01, 0x5c, 0x0d, 0xf2, 0x0b, 0x01, 0x1b, 0x9f, 0x85, 
0x01, 0x4a, 0x0d, 0xbd, 0x0a, 0xa5, 0x18, 0xbd, 0x0a, 0xc3, 0x10, 0x0d, 0xd7, 0x0e, 0xe9, 0x5b, 0xd7, 0x0e, 0xc8, 0x10, 
0x0d, 0xda, 0x6e, 0xda, 0x6e, 0x80, 0xf5, 0x01, 0x99, 0x1e, 0xcf, 0x17, 0x18, 0xd0, 0x17, 0xe5, 0x1e, 0x0d, 0xe7, 0x8a, 
0x02, 0x42, 0x56, 0x00, 0x00, 0x6d, 0x54, 0x00, 0x00, 0xfa, 0x5a, 0x00, 0x00, 0x2c, 0x27, 0x00, 0x00, 0xc3, 0x10, 0x0d, 
0xa6, 0xf3, 0x01, 0x9e, 0xeb, 0x01, 0x8c, 0xf9, 0x01, 0x6c, 0x0d, 0xd9, 0x54, 0x01, 0x28, 0x81, 0xb6, 0x01, 0x8c, 0x14, 
0x4a, 0x0d, 0xf0, 0x45, 0xbc, 0xe4, 0x01, 0xf0, 0x45, 0x3f, 0x0d, 0xb9, 0xa6, 0x01, 0xb9, 0xa6, 0x01, 0x5c, 0x0d, 0x91, 
0x32, 0x01, 0x1b, 0xaf, 0x5b, 0xc3, 0x10, 0x0d, 0x8a, 0xc7, 0x01, 0xc2, 0xc9, 0x02, 0x8a, 0xc7, 0x01, 0x13, 0x8a, 0x05, 
0xad, 0x1d, 0xc5, 0x1f, 0xbc, 0x15, 0x01, 0x0d, 0x91, 0x67, 0x91, 0x67, 0x6c, 0x0d, 0xd2, 0xb0, 0x01, 0x01, 0x25, 0xeb, 
0xa5, 0x01, 0xcb, 0x63, 0x13, 0x96, 0x05, 0xb5, 0x89, 0x01, 0xc5, 0x1f, 0xc8, 0x15, 0x01, 0x18, 0xd6, 0x16, 0xd6, 0x16, 
0x13, 0x8a, 0x05, 0xa0, 0x5e, 0xc5, 0x1f, 0xcb, 0x15, 0x01, 0x0d, 0xb6, 0x19, 0xb6, 0x19, 0xca, 0x16, 0x09, 0xe7, 0x08, 
0xe7, 0x08, 0xde, 0xcb, 0x02, 0xa7, 0x1e, 0xd3, 0x08, 0x00, 0xba, 0x1e, 0x00, 0xf6, 0xb1, 0x01, 0xd3, 0x08, 0x18, 0xf5, 
0xb1, 0x01, 0x13, 0x8a, 0x05, 0x9a, 0x73, 0xc5, 0x1f, 0xd4, 0x15, 0x01, 0x0d, 0xea, 0x36, 0xea, 0x36, 0x4a, 0x0d, 0x85, 
0xdd, 0x01, 0x9a, 0x0e, 0x85, 0xdd, 0x01, 0x13, 0x8a, 0x05, 0x90, 0x27, 0xc5, 0x1f, 0xd7, 0x15, 0x01, 0x0d, 0xae, 0xc4, 
0x01, 0xae, 0xc4, 0x01, 0xc3, 0x10, 0x0d, 0xb7, 0x95, 0x02, 0xf9, 0x29, 0xb7, 0x95, 0x02, 0x13, 0x88, 0x05, 0xb2, 0x9b, 
0x01, 0xc5, 0x1f, 0xbf, 0x15, 0x01, 0x0b, 0x8c, 0x55, 0x8c, 0x55, 0x5c, 0x13, 0xd1, 0xcf, 0x01, 0x01, 0x3e, 0xe1, 0xaa, 
0x01, 0xc1, 0x0a, 0x0d, 0xae, 0x80, 0x02, 0xae, 0x80, 0x02, 0x01, 0xc1, 0x0a, 0x0d, 0x89, 0x9c, 0x02, 0xdb, 0x1b, 0x00, 
0x7c, 0x0d, 0xd0, 0x25, 0x01, 0x2b, 0xc2, 0x32, 0x8c, 0x14, 0x8a, 0x01, 0x7c, 0x0d, 0x86, 0x1a, 0x01, 0x2e, 0x8f, 0xc3, 
0x01, 0x8a, 0x35, 0xf2, 0x47, 0x13, 0xe2, 0x05, 0xb4, 0xc4, 0x01, 0xc5, 0x1f, 0xa3, 0x14, 0x01, 0x65, 0x97, 0xee, 0x01, 
0x97, 0xee, 0x01, 0xc1, 0x0a, 0x1d, 0x8a, 0xb9, 0x01, 0x8a, 0xb9, 0x01, 0x00, 0x3d, 0x18, 0x9e, 0x10, 0x9e, 0x10, 0x9e, 
0x10, 0x18, 0xc1, 0x0a, 0x1d, 0xff, 0xbf, 0x01, 0xa8, 0x09, 0x01, 0x3d, 0x18, 0x86, 0xd9, 0x01, 0x86, 0xd9, 0x01, 0x86, 
0xd9, 0x01, 0x18, 0xc1, 0x0a, 0x1d, 0xab, 0xd9, 0x01, 0x82, 0x09, 0x02, 0x3d, 0x18, 0xc4, 0xdd, 0x01, 0xc4, 0xdd, 0x01, 
0xc4, 0xdd, 0x01, 0x18, 0xd0, 0x0a, 0x46, 0xd5, 0x70, 0xb7, 0x53, 0xbd, 0x6c, 0xd5, 0x70, 0xb4, 0x0a, 0x46, 0xfe, 0x74, 
0x7b, 0x3d, 0x00, 0x00, 0x01, 0xfe, 0x03, 0xf9, 0x3f, 0x86, 0xf1, 0x01, 0x01, 0x18, 0xbe, 0x01, 0x92, 0xf3, 0x01, 0xc1, 
0x12, 0x18, 0xf6, 0x57, 0xba, 0x19, 0xf6, 0x57, 0xe8, 0x0a, 0x1d, 0xa7, 0xa9, 0x01, 0xf3, 0x4f, 0xa7, 0xa9, 0x01, 0x02, 
0xf5, 0x54, 0x3d, 0x18, 0xce, 0x2a, 0xce, 0x2a, 0xce, 0x2a, 0x18, 0x4a, 0x18, 0xc7, 0x66, 0xfb, 0x65, 0xc7, 0x66, 0x99, 
0x1e, 0xbd, 0xdd, 0x01, 0x18, 0xbe, 0xdd, 0x01, 0xe5, 0x1e, 0x18, 0xc3, 0x43, 0x44, 0x41, 0x00, 0x00, 0xe2, 0x60, 0x00, 
0x00, 0xc6, 0x27, 0x00, 0x00, 0x80, 0x30, 0x00, 0x00, 0x13, 0x8a, 0x05, 0xbb, 0xd6, 0x01, 0xc5, 0x1f, 0xf7, 0x14, 0x01, 
0x0d, 0x86, 0xc8, 0x01, 0x86, 0xc8, 0x01, 0x4a, 0x0d, 0xcd, 0x40, 0xcd, 0x40, 0xe5, 0x8d, 0x01, 0xce, 0x10, 0x18, 0x9b, 
0x6b, 0x9f, 0xba, 0x01, 0x9b, 0x6b, 0x13, 0x8a, 0x05, 0xf6, 0x23, 0xc5, 0x1f, 0xd1, 0x15, 0x01, 0x0d, 0x8a, 0xb8, 0x01, 
0x8a, 0xb8, 0x01, 0xca, 0x16, 0x09, 0x92, 0x19, 0x92, 0x19, 0xe0, 0xcb, 0x02, 0xa7, 0x1e, 0x82, 0x25, 0x00, 0xba, 0x1e, 
0x00, 0xf6, 0xb1, 0x01, 0x82, 0x25, 0x18, 0xf5, 0xb1, 0x01, 0x13, 0x8a, 0x05, 0xcc, 0x72, 0xc5, 0x1f, 0xce, 0x15, 0x01, 
0x0d, 0xda, 0x2d, 0xda, 0x2d, 0xc3, 0x10, 0x0d, 0xa3, 0x2f, 0xa0, 0xb2, 0x01, 0xa3, 0x2f, 0x6c, 0x0d, 0xbf, 0x83, 0x01, 
0x01, 0x28, 0xc2, 0x99, 0x01, 0x8c, 0x14, 0x4a, 0x0d, 0xd6, 0xad, 0x01, 0xbe, 0xe4, 0x01, 0xd6, 0xad, 0x01, 0x3f, 0x0d, 
0x87, 0xba, 0x01, 0x87, 0xba, 0x01, 0x5c, 0x0d, 0xd6, 0x92, 0x01, 0x01, 0x1b, 0xc9, 0x51, 0x13, 0x9a, 0x05, 0xcd, 0x35, 
0xc5, 0x1f, 0x86, 0x15, 0x01, 0x1d, 0x84, 0x6c, 0x84, 0x6c, 0x3d, 0x18, 0x93, 0x3d, 0x93, 0x3d, 0x93, 0x3d, 0x18, 0x23, 
0x8a, 0x05, 0xeb, 0xba, 0x01, 0xc5, 0x1f, 0x86, 0x15, 0x93, 0x14, 0x01, 0x0d, 0x96, 0x9c, 0x01, 0x96, 0x9c, 0x01, 0xce, 
0x10, 0x18, 0xa3, 0x5c, 0xf9, 0x7a, 0xa3, 0x5c, 0x01, 0x18, 0xd0, 0x42, 0xba, 0xbd, 0x01, 0x5c, 0x18, 0xd9, 0x86, 0x01, 
0x01, 0x45, 0xb0, 0x7b, 0x13, 0x96, 0x05, 0xfc, 0xfd, 0x01, 0xc5, 0x1f, 0x80, 0x15, 0x01, 0x18, 0xa5, 0x9b, 0x01, 0xa5, 
0x9b, 0x01, 0xc4, 0x12, 0x0d, 0xc9, 0x1d, 0x8c, 0x45, 0xc9, 0x1d, 0x6c, 0x0d, 0xf6, 0xa2, 0x01, 0x01, 0x28, 0xc9, 0x5a, 
0x8c, 0x14, 0x6c, 0x0d, 0xbf, 0xd4, 0x01, 0x01, 0x1a, 0x84, 0xac, 0x01, 0xb3, 0xad, 0x01, 0xc3, 0x10, 0x0d, 0xd0, 0x37, 
0x84, 0xb9, 0x01, 0xcf, 0x7a, 0x4a, 0x0d, 0xde, 0x07, 0xae, 0x3f, 0xde, 0x07, 0xce, 0x10, 0x18, 0xb7, 0x09, 0xae, 0x05, 
0xb7, 0x09, 0x4b, 0x18, 0x8c, 0x85, 0x01, 0xe4, 0xbf, 0x01, 0x8c, 0x85, 0x01, 0x99, 0x1e, 0xab, 0x10, 0x18, 0xac, 0x10, 
0xe5, 0x1e, 0x18, 0x97, 0x3b, 0xb3, 0x1f, 0x00, 0x00, 0x25, 0x5f, 0x00, 0x00, 0xa5, 0x4f, 0x00, 0x00, 0x81, 0x30, 0x00, 
0x00, 0xc1, 0x0a, 0x0d, 0xfc, 0x58, 0xfc, 0x58, 0x00, 0xc1, 0x0a, 0x0d, 0xa5, 0xbb, 0x01, 0xa9, 0x62, 0x01, 0xc1, 0x0a, 
0x0d, 0x6a, 0xbf, 0x61, 0x02, 0xe0, 0x0a, 0x1d, 0x91, 0x43, 0xcd, 0xfd, 0x01, 0xa7, 0x42, 0x91, 0x43, 0xdb, 0x88, 0x02, 
0x9e, 0x1e, 0xc6, 0x1b, 0x00, 0x00, 0x88, 0x06, 0x00, 0x00, 0x00, 0x00, 0xf4, 0x01, 0x00, 0x00, 0x00, 0x00, 0x00, 0x00, 
0x4c, 0x4f, 0x4d, 0x53, 0x00, 0x03, 0x01, 0x00, 0x0b, 0x00, 0x08, 0x00, 0x43, 0x5c, 0x00, 0x00, 0x00, 0x00, 0x00, 0x00, 
0x18, 0x05, 0x00, 0x00, 0x91, 0x02, 0x01, 0xd1, 0x10, 0x02, 0x47, 0x4c, 0x53, 0x4c, 0x2e, 0x73, 0x74, 0x64, 0x2e, 0x34, 
0x35, 0x30, 0x00, 0x00, 0x00, 0x00, 0xa0, 0x04, 0x00, 0x01, 0xff, 0x0e, 0x04, 0x9f, 0x2c, 0xed, 0xc2, 0xa5, 0xf3, 0x06, 
0x00, 0x8c, 0x1a, 0xef, 0x25, 0xd9, 0x1b, 0xa0, 0x02, 0x9f, 0x2c, 0x07, 0x10, 0xec, 0x0e, 0x06, 0x10, 0x37, 0xac, 0x1f, 
0x0b, 0x00, 0x05, 0x00, 0x07, 0x01, 0x10, 0x00, 0x23, 0x00, 0x01, 0x05, 0x00, 0x07, 0x01, 0x10, 0x00, 0x23, 0x40, 0x01, 
0x23, 0x30, 0x01, 0x23, 0x04, 0x01, 0x23, 0x04, 0x01, 0x23, 0x04, 0x01, 0x23, 0x04, 0x10, 0xae, 0x20, 0x01, 0x01, 0x10, 
0xbd, 0x4d, 0x06, 0x80, 0x02, 0x00, 0x86, 0x10, 0x02, 0x47, 0x00, 0x01, 0x00, 0x23, 0x00, 0x10, 0xa6, 0x22, 0x21, 0x00, 
0x10, 0x00, 0x22, 0x01, 0x00, 0x64, 0x0e, 0x10, 0x00, 0x1e, 0x0a, 0x10, 0xc6, 0x17, 0x1e, 0x00, 0x10, 0xab, 0x14, 0x1e, 
0x09, 0x93, 0x02, 0x0e, 0xa1, 0x04, 0xf4, 0x13, 0x08, 0xb5, 0x02, 0xeb, 0x13, 0x20, 0x01, 0xa6, 0x02, 0x02, 0x20, 0xb7, 
0x02, 0x20, 0x0d, 0x04, 0xb8, 0x02, 0x90, 0x01, 0x1d, 0x04, 0xb7, 0x02, 0x99, 0x01, 0x0d, 0x03, 0xb8, 0x02, 0x5c, 0x18, 
0x03, 0xb5, 0x02, 0x75, 0x20, 0x00, 0xbb, 0x04, 0x0b, 0xae, 0x28, 0x08, 0x00, 0x00, 0x00, 0xbc, 0x02, 0xd7, 0x19, 0x1d, 
0xa2, 0x14, 0x8e, 0x03, 0xac, 0x1f, 0x65, 0x46, 0x0c, 0x0c, 0x0c, 0x0d, 0xb6, 0x07, 0xb2, 0x06, 0x0c, 0xae, 0x20, 0x40, 
0x00, 0x00, 0x00, 0xbc, 0x02, 0xbd, 0x4d, 0x8c, 0x17, 0xa3, 0x27, 0xae, 0x02, 0x86, 0x10, 0x44, 0x3e, 0xfa, 0x09, 0x02, 
0xc7, 0x08, 0x39, 0xc4, 0x0d, 0xac, 0x18, 0x02, 0xbb, 0x04, 0x0c, 0x9d, 0x0b, 0x00, 0x00, 0x00, 0x00, 0x3e, 0x83, 0x1e, 
0x02, 0x0c, 0xbb, 0x04, 0x0c, 0x9c, 0x1e, 0x04, 0x00, 0x00, 0x00, 0x3e, 0x99, 0x1e, 0x01, 0x0c, 0x39, 0x8a, 0x05, 0x84, 
0x2a, 0x01, 0xb7, 0x02, 0xf5, 0x33, 0x0b, 0x02, 0x3e, 0xfa, 0x09, 0x03, 0x11, 0x39, 0x8e, 0x05, 0xc2, 0x41, 0x03, 0xbb, 
0x04, 0x0b, 0xc9, 0x23, 0x00, 0x00, 0x00, 0x00, 0x3e, 0x83, 0x1e, 0x03, 0x0b, 0x3e, 0x24, 0x01, 0x1d, 0x39, 0x9a, 0x05, 
0xfe, 0x2c, 0x01, 0xbb, 0x04, 0x0b, 0x91, 0x0f, 0x02, 0x00, 0x00, 0x00, 0x3e, 0x89, 0x1e, 0x01, 0x0d, 0xbb, 0x04, 0x0b, 
0x90, 0x1e, 0x03, 0x00, 0x00, 0x00, 0xbb, 0x04, 0x0b, 0x0b, 0x01, 0x00, 0x00, 0x00, 0xc6, 0x06, 0x08, 0xa4, 0x30, 0x00, 
0x82, 0x0a, 0x18, 0xe6, 0x61, 0x01, 0x0c, 0xba, 0xa0, 0x01, 0xc6, 0xa6, 0x02, 0x33, 0x89, 0x05, 0xf5, 0xf0, 0x01, 0xda, 
0x19, 0x8b, 0x14, 0xaf, 0xad, 0x01, 0x97, 0x14, 0x01, 0x0c, 0xd4, 0x74, 0xd4, 0x74, 0xbc, 0x0e, 0x0b, 0xe9, 0x5c, 0xe9, 
0x5c, 0x13, 0x88, 0x05, 0xed, 0x04, 0xef, 0x25, 0x8a, 0x14, 0x22, 0x00, 0xed, 0x04, 0x13, 0x8b, 0x05, 0xfe, 0x73, 0xd9, 
0x1b, 0x90, 0x14, 0x01, 0x0d, 0xf7, 0x5e, 0xf7, 0x5e, 0x13, 0x8b, 0x05, 0xe6, 0xdc, 0x01, 0xd9, 0x1b, 0x93, 0x14, 0x01, 
0x0d, 0x89, 0x9f, 0x01, 0x89, 0x9f, 0x01, 0xc8, 0x10, 0x0d, 0x9c, 0x0f, 0xf8, 0x4c, 0x9c, 0x0f, 0xbc, 0x0e, 0x0b, 0xa8, 
0x24, 0xa8, 0x24, 0x13, 0x88, 0x05, 0xfa, 0x6d, 0xef, 0x25, 0x8d, 0x14, 0x22, 0x00, 0xfa, 0x6d, 0x8d, 0x1e, 0x88, 0x06, 
0x00, 0x00, 0x00, 0x00, 0x6a, 0x06, 0x00, 0x00, 0x00, 0x00, 0x00, 0x00, 0x4c, 0x4f, 0x4d, 0x53, 0x00, 0x03, 0x01, 0x00, 
0x0b, 0x00, 0x08, 0x00, 0x7d, 0x62, 0x00, 0x00, 0x00, 0x00, 0x00, 0x00, 0x68, 0x17, 0x00, 0x00, 0x91, 0x02, 0x01, 0xd1, 
0x10, 0x02, 0x47, 0x4c, 0x53, 0x4c, 0x2e, 0x73, 0x74, 0x64, 0x2e, 0x34, 0x35, 0x30, 0x00, 0x00, 0x00, 0x00, 0xa0, 0x04, 
0x00, 0x01, 0xcf, 0x0f, 0x00, 0x9f, 0x2c, 0xed, 0xc2, 0xa5, 0xf3, 0x06, 0x00, 0x82, 0x1f, 0xcf, 0x2d, 0x8c, 0x1a, 0xb0, 
0x23, 0xab, 0x22, 0xd9, 0x1b, 0xc2, 0x26, 0x84, 0x28, 0x10, 0xb4, 0x15, 0x06, 0x10, 0x37, 0xe7, 0x10, 0x0b, 0x00, 0x05, 
0x00, 0x07, 0x01, 0x10, 0x00, 0x23, 0x00, 0x01, 0x05, 0x00, 0x07, 0x01, 0x10, 0x00, 0x23, 0x40, 0x01, 0x23, 0x30, 0x01, 
0x23, 0x04, 0x01, 0x23, 0x04, 0x01, 0x23, 0x04, 0x01, 0x23, 0x04, 0x10, 0xfa, 0x49, 0x01, 0x01, 0x10, 0xc5, 0x3b, 0x06, 
0x80, 0x02, 0x00, 0x87, 0x0d, 0x02, 0x47, 0x00, 0x01, 0x00, 0x23, 0x00, 0x10, 0xbc, 0x2d, 0x21, 0x00, 0x10, 0x00, 0x22, 
0x01, 0x10, 0xd3, 0x17, 0x06, 0x40, 0x10, 0x02, 0x06, 0x40, 0x10, 0xe7, 0x07, 0x06, 0x10, 0x10, 0x8c, 0x03, 0x06, 0x10, 
0x10, 0x02, 0x06, 0x10, 0x10, 0x02, 0x06, 0x10, 0x10, 0x50, 0x06, 0x10, 0x00, 0xb9, 0x14, 0x02, 0x37, 0x00, 0x95, 0x00, 
0x05, 0x00, 0x07, 0x01, 0x10, 0x00, 0x23, 0x00, 0x01, 0x05, 0x00, 0x07, 0x01, 0x10, 0x00, 0x23, 0x40, 0x01, 0x05, 0x00, 
0x07, 0x01, 0x10, 0x00, 0x23, 0x40, 0x01, 0x05, 0x00, 0x07, 0x01, 0x10, 0x00, 0x23, 0x40, 0x01, 0x05, 0x00, 0x07, 0x01, 
0x10, 0x00, 0x23, 0x40, 0x01, 0x05, 0x00, 0x07, 0x01, 0x10, 0x00, 0x23, 0x80, 0x02, 0x01, 0x05, 0x00, 0x07, 0x01, 0x10, 
0x00, 0x23, 0x80, 0x02, 0x01, 0x05, 0x00, 0x07, 0x01, 0x10, 0x00, 0x23, 0x40, 0x01, 0x05, 0x00, 0x07, 0x01, 0x10, 0x00, 
0x23, 0x30, 0x01, 0x23, 0x40, 0x01, 0x23, 0x10, 0x01, 0x23, 0x08, 0x01, 0x23, 0x04, 0x01, 0x23, 0x04, 0x01, 0x23, 0x10, 
0x01, 0x23, 0x10, 0x01, 0x23, 0x08, 0x01, 0x23, 0x08, 0x01, 0x23, 0x04, 0x01, 0x00, 0x00, 0x23, 0x04, 0x01, 0x23, 0x08, 
0x01, 0x23, 0x04, 0x01, 0x23, 0x04, 0x01, 0x23, 0x04, 0x01, 0x23, 0x04, 0x01, 0x23, 0x04, 0x01, 0x00, 0x00, 0x23, 0x04, 
0x01, 0x00, 0x00, 0x23, 0x04, 0x01, 0x00, 0x00, 0x23, 0x04, 0x01, 0x00, 0x00, 0x23, 0x10, 0x01, 0x00, 0x00, 0x23, 0x0c, 
0x01, 0x00, 0x00, 0x23, 0x04, 0x01, 0x00, 0x00, 0x23, 0x08, 0x01, 0x00, 0x00, 0x23, 0x04, 0x01, 0x00, 0x00, 0x23, 0x04, 
0x01, 0x00, 0x00, 0x23, 0x04, 0x01, 0x23, 0x04, 0x01, 0x00, 0x00, 0x23, 0x04, 0x01, 0x00, 0x00, 0x23, 0x04, 0x01, 0x23, 
0x90, 0x01, 0x01, 0x00, 0x00, 0x23, 0x0c, 0x01, 0x23, 0x04, 0x01, 0x23, 0x10, 0x01, 0x23, 0x10, 0x01, 0x00, 0x00, 0x23, 
0x08, 0x01, 0x00, 0x00, 0x23, 0x04, 0x01, 0x23, 0x04, 0x01, 0x00, 0x00, 0x23, 0x08, 0x01, 0x00, 0x00, 0x23, 0x04, 0x01, 
0x23, 0x04, 0x01, 0x00, 0x00, 0x23, 0x10, 0x01, 0x00, 0x00, 0x23, 0x04, 0x01, 0x23, 0x04, 0x01, 0x00, 0x00, 0x23, 0x08, 
0x01, 0x23, 0x04, 0x01, 0x00, 0x00, 0x23, 0x04, 0x01, 0x00, 0x00, 0x23, 0x04, 0x01, 0x23, 0x04, 0x01, 0x23, 0x0c, 0x01, 
0x23, 0x04, 0x01, 0x23, 0x04, 0x01, 0x23, 0x04, 0x01, 0x23, 0x04, 0x01, 0x23, 0x04, 0x01, 0x23, 0x0c, 0x01, 0x23, 0x04, 
0x01, 0x23, 0x04, 0x01, 0x23, 0x04, 0x01, 0x23, 0x04, 0x01, 0x05, 0x00, 0x07, 0x01, 0x10, 0x00, 0x23, 0x04, 0x01, 0x23, 
0x30, 0x01, 0x23, 0x08, 0x01, 0x05, 0x00, 0x07, 0x01, 0x10, 0x00, 0x23, 0x08, 0x01, 0x05, 0x00, 0x07, 0x01, 0x10, 0x00, 
0x23, 0x40, 0x01, 0x00, 0x00, 0x23, 0x40, 0x01, 0x00, 0x00, 0x23, 0x04, 0x01, 0x00, 0x00, 0x23, 0x04, 0x01, 0x00, 0x00, 
0x23, 0x04, 0x01, 0x23, 0x04, 0x01, 0x23, 0x40, 0x01, 0x00, 0x00, 0x23, 0x04, 0x01, 0x00, 0x00, 0x23, 0x04, 0x01, 0x00, 
0x00, 0x23, 0x04, 0x01, 0x23, 0x04, 0x01, 0x23, 0x40, 0x01, 0x00, 0x00, 0x23, 0x40, 0x01, 0x00, 0x00, 0x23, 0x04, 0x01, 
0x00, 0x00, 0x23, 0x04, 0x01, 0x00, 0x00, 0x23, 0x04, 0x01, 0x00, 0x00, 0x23, 0x04, 0x10, 0xea, 0x3b, 0x21, 0x00, 0x10, 
0x00, 0x22, 0x00, 0x10, 0x85, 0x01, 0x1e, 0x00, 0x10, 0x9a, 0x1d, 0x1e, 0x03, 0x00, 0x85, 0x27, 0x0e, 0x10, 0x00, 0x1e, 
0x0a, 0x10, 0xc8, 0x12, 0x0b, 0x2b, 0x00, 0x89, 0x02, 0x10, 0x10, 0x00, 0x1e, 0x06, 0x10, 0xa3, 0x0d, 0x1e, 0x09, 0x00, 
0xbd, 0x23, 0x02, 0x47, 0x00, 0x04, 0x00, 0x0b, 0x01, 0x00, 0x01, 0x0b, 0x01, 0x01, 0x01, 0x0b, 0x01, 0x03, 0x01, 0x0b, 
0x01, 0x04, 0x10, 0x94, 0x3c, 0x1e, 0x05, 0x93, 0x02, 0x0e, 0xa1, 0x04, 0xf4, 0x13, 0x08, 0xa6, 0x02, 0xe9, 0x13, 0x20, 
0xb7, 0x02, 0x20, 0x0d, 0x04, 0xb8, 0x02, 0x90, 0x01, 0x1d, 0x04, 0xb7, 0x02, 0x99, 0x01, 0x0d, 0x03, 0xb5, 0x02, 0x17, 
0x20, 0x01, 0xb7, 0x02, 0x0e, 0x0d, 0x02, 0xbe, 0x02, 0xa2, 0x10, 0x13, 0x1d, 0xb5, 0x02, 0xb1, 0x10, 0x20, 0x00, 0xbb, 
0x04, 0x0b, 0xfe, 0x27, 0x00, 0x00, 0x00, 0x00, 0xbb, 0x04, 0x0c, 0x02, 0x00, 0x00, 0x00, 0x00, 0xbb, 0x04, 0x0b, 0x04, 
0x01, 0x00, 0x00, 0x00, 0xb8, 0x02, 0x8d, 0x27, 0x18, 0x03, 0xbb, 0x04, 0x0b, 0xb8, 0x27, 0x08, 0x00, 0x00, 0x00, 0xbc, 
0x02, 0x8f, 0x13, 0x1d, 0xa2, 0x14, 0x8e, 0x03, 0xe7, 0x10, 0x65, 0x46, 0x0c, 0x0c, 0x0c, 0x0d, 0xda, 0x0a, 0xb2, 0x06, 
0x0c, 0xfa, 0x49, 0x40, 0x00, 0x00, 0x00, 0xbc, 0x02, 0xc5, 0x3b, 0xa6, 0x02, 0xa3, 0x27, 0xae, 0x02, 0x87, 0x0d, 0xc0, 
0x09, 0x3e, 0xfa, 0x09, 0x02, 0xfc, 0x02, 0x39, 0xf9, 0x07, 0xc2, 0x23, 0x02, 0x3e, 0xef, 0x27, 0x02, 0x65, 0xbb, 0x04, 
0x0c, 0xf0, 0x1c, 0x05, 0x00, 0x00, 0x00, 0x3e, 0x9f, 0x1e, 0x02, 0x0d, 0xbb, 0x04, 0x0b, 0x98, 0x1e, 0x04, 0x00, 0x00, 
0x00, 0xbc, 0x02, 0xcb, 0x0c, 0x65, 0x96, 0x14, 0xbc, 0x02, 0x02, 0x65, 0x96, 0x14, 0xb7, 0x02, 0xb9, 0x1b, 0x0b, 0x03, 
0xbb, 0x04, 0x0b, 0xa2, 0x28, 0x09, 0x00, 0x00, 0x00, 0xbc, 0x02, 0xcf, 0x14, 0x18, 0xa5, 0x14, 0xbc, 0x02, 0x8c, 0x03, 
0x1d, 0x96, 0x14, 0xbc, 0x02, 0x02, 0x1d, 0x96, 0x14, 0xbc, 0x02, 0x02, 0x1d, 0x96, 0x14, 0xbc, 0x02, 0x50, 0x1d, 0xa5, 
0x14, 0xbe, 0x83, 0xc0, 0x02, 0xb9, 0x14, 0x65, 0x65, 0x65, 0x65, 0xf0, 0x0d, 0xf1, 0x0d, 0x65, 0x46, 0x65, 0x1d, 0x13, 
0x0d, 0x0d, 0x1d, 0x1d, 0x13, 0x13, 0x0d, 0x0d, 0x13, 0x0d, 0x0d, 0x0d, 0x0d, 0x0d, 0x0d, 0x0d, 0x0d, 0x1d, 0x14, 0x0c, 
0x13, 0x0c, 0x0c, 0x0c, 0x0c, 0x0d, 0x0d, 0xfd, 0x09, 0x18, 0x0d, 0x1d, 0x1d, 0x13, 0x0c, 0x0d, 0x13, 0x0d, 0x0d, 0x1d, 
0x0c, 0x0d, 0x13, 0x0d, 0x0d, 0x0d, 0x0b, 0x18, 0x0d, 0x0d, 0x0b, 0x0d, 0x0d, 0x18, 0x0d, 0x0d, 0x0d, 0x0d, 0x0d, 0x46, 
0x13, 0x13, 0x65, 0x65, 0x0d, 0x0d, 0x0d, 0x0d, 0xc3, 0x0b, 0x0c, 0x0d, 0x0d, 0x0d, 0xc4, 0x0b, 0xc5, 0x0b, 0x0c, 0x0c, 
0x0c, 0x0c, 0xed, 0x0b, 0x3e, 0xfa, 0x09, 0x02, 0xd0, 0x01, 0x39, 0xcd, 0x06, 0xf0, 0x31, 0x02, 0x3e, 0xd5, 0x34, 0x01, 
0x1d, 0x39, 0x9a, 0x05, 0xd0, 0x33, 0x01, 0x3e, 0xe3, 0x33, 0x01, 0x13, 0x39, 0x90, 0x05, 0xfe, 0x50, 0x01, 0x3e, 0x87, 
0x51, 0x01, 0x0d, 0xbb, 0x04, 0x0d, 0x81, 0x08, 0x00, 0x00, 0x80, 0x3f, 0x3e, 0xfe, 0x07, 0x03, 0x0c, 0x39, 0x89, 0x05, 
0x86, 0x2a, 0x03, 0x3e, 0xff, 0x29, 0x01, 0x0c, 0x39, 0x8c, 0x05, 0xc8, 0x3c, 0x01, 0xbb, 0x04, 0x0c, 0xd1, 0x1d, 0x14, 
0x00, 0x00, 0x00, 0xbb, 0x04, 0x0c, 0x06, 0x15, 0x00, 0x00, 0x00, 0xbb, 0x04, 0x0d, 0xe1, 0x28, 0x00, 0x00, 0x00, 0x40, 
0x3e, 0x84, 0x0a, 0x03, 0x1d, 0x39, 0x9b, 0x05, 0xa0, 0x3a, 0x03, 0xbb, 0x04, 0x0b, 0xaf, 0x1c, 0x03, 0x00, 0x00, 0x00, 
0x3e, 0x8b, 0x1e, 0x03, 0x0d, 0x39, 0x9b, 0x05, 0x98, 0x2d, 0x03, 0xbc, 0x02, 0xb1, 0x2c, 0x0d, 0x8d, 0x14, 0xde, 0x02, 
0xf4, 0x08, 0x1d, 0x0d, 0xc0, 0x05, 0xc0, 0x05, 0x3e, 0xfa, 0x09, 0x03, 0xfa, 0x09, 0x39, 0xf7, 0x0e, 0x96, 0x2f, 0x03, 
0x3e, 0xe1, 0x42, 0x03, 0x13, 0x39, 0x91, 0x05, 0xe6, 0x45, 0x03, 0xc6, 0x06, 0x08, 0xb6, 0x08, 0x00, 0x82, 0x0a, 0x18, 
0xf4, 0x60, 0x01, 0x0c, 0xba, 0xa9, 0x01, 0x8c, 0x9c, 0x02, 0x22, 0xd4, 0xae, 0x02, 0x00, 0x01, 0x0c, 0xbf, 0x9f, 0x01, 
0x94, 0x8f, 0x01, 0x33, 0xe2, 0x05, 0xfa, 0x3d, 0xda, 0x19, 0x8b, 0x14, 0xd6, 0x61, 0x8b, 0x14, 0x01, 0x65, 0xbc, 0x7b, 
0xbc, 0x7b, 0x13, 0x8b, 0x05, 0x9b, 0x23, 0xcf, 0x2d, 0x8a, 0x14, 0x01, 0x0d, 0x9e, 0x23, 0x9e, 0x23, 0x13, 0x8b, 0x05, 
0xd1, 0x0f, 0xcf, 0x2d, 0x8d, 0x14, 0x01, 0x0d, 0x91, 0x9d, 0x01, 0x91, 0x9d, 0x01, 0xc3, 0x10, 0x0d, 0xd0, 0xb0, 0x01, 
0xbc, 0xfe, 0x02, 0xd0, 0xb0, 0x01, 0xc0, 0x0a, 0x13, 0xad, 0x12, 0xc1, 0x0e, 0xad, 0x12, 0x01, 0x1d, 0xc7, 0xca, 0x01, 
0xd6, 0x65, 0x3d, 0x18, 0x82, 0x41, 0x82, 0x41, 0x82, 0x41, 0x18, 0xc1, 0x0a, 0x0d, 0xdf, 0x66, 0xdf, 0x66, 0x00, 0xc1, 
0x0a, 0x1d, 0xa0, 0x84, 0x01, 0xc5, 0x7a, 0x00, 0xce, 0x10, 0x1d, 0xec, 0x1b, 0xec, 0x1b, 0x8c, 0xa0, 0x01, 0xc1, 0x0a, 
0x0d, 0xbe, 0x14, 0xea, 0x4d, 0x01, 0xc1, 0x0a, 0x1d, 0x99, 0xd0, 0x01, 0xb5, 0x9a, 0x02, 0x01, 0xce, 0x10, 0x1d, 0xde, 
0xbb, 0x01, 0xde, 0xbb, 0x01, 0xbb, 0x14, 0xc1, 0x0a, 0x0d, 0xbe, 0x14, 0xec, 0x4d, 0x02, 0xc1, 0x0a, 0x1d, 0x99, 0xd0, 
0x01, 0xb3, 0x9a, 0x02, 0x02, 0xce, 0x10, 0x1d, 0xfa, 0xc9, 0x01, 0xfa, 0xc9, 0x01, 0x9f, 0x06, 0xc1, 0x0a, 0x1d, 0xaf, 
0x7f, 0xe9, 0xcf, 0x01, 0x03, 0x4b, 0x1d, 0x95, 0x0d, 0xc5, 0x8c, 0x01, 0x95, 0x0d, 0x4b, 0x1d, 0xf6, 0x41, 0xb1, 0x3c, 
0xf6, 0x41, 0x4b, 0x1d, 0xaa, 0x1f, 0x85, 0x1d, 0xaa, 0x1f, 0xc0, 0x0a, 0xa4, 0x08, 0xba, 0x36, 0xe5, 0x36, 0xba, 0x36, 
0x23, 0xe2, 0x05, 0xb3, 0x28, 0xc5, 0x1f, 0x9a, 0x14, 0x8b, 0x14, 0x01, 0x65, 0xbf, 0x76, 0xbf, 0x76, 0xc1, 0x0a, 0x1d, 
0xd4, 0xc8, 0x01, 0xe0, 0x29, 0x01, 0xc1, 0x12, 0x1d, 0x93, 0xa6, 0x01, 0xc0, 0x22, 0x93, 0xa6, 0x01, 0x13, 0xe2, 0x05, 
0x9e, 0x18, 0xc5, 0x1f, 0x8b, 0x14, 0x01, 0x65, 0xb5, 0x57, 0xb5, 0x57, 0xc1, 0x12, 0x1d, 0xd3, 0x18, 0xd3, 0x18, 0xff, 
0xfd, 0x01, 0xc1, 0x0a, 0x0d, 0xa6, 0xc3, 0x01, 0xa6, 0xc3, 0x01, 0x02, 0x3f, 0x0d, 0xc3, 0x24, 0xc3, 0x24, 0x13, 0x8a, 
0x05, 0xae, 0x7d, 0xc5, 0x1f, 0xc7, 0x14, 0x01, 0x0d, 0xdd, 0x3b, 0xdd, 0x3b, 0x4a, 0x0d, 0xbb, 0x9a, 0x01, 0xeb, 0x58, 
0xbb, 0x9a, 0x01, 0x13, 0x8a, 0x05, 0x90, 0x27, 0xc5, 0x1f, 0xca, 0x14, 0x01, 0x0d, 0xb7, 0x51, 0xb7, 0x51, 0xc3, 0x10, 
0x0d, 0xa8, 0x87, 0x01, 0x80, 0x5d, 0xa8, 0x87, 0x01, 0x4a, 0x0d, 0xb7, 0x14, 0xb7, 0x14, 0xa8, 0xf1, 0x01, 0xc3, 0x10, 
0x0d, 0x9b, 0x5f, 0x9b, 0x5f, 0xaa, 0x90, 0x01, 0x13, 0x8d, 0x05, 0xba, 0xf7, 0x01, 0xab, 0x22, 0x93, 0x14, 0x22, 0x00, 
0xba, 0xf7, 0x01, 0x22, 0xc6, 0xd2, 0x02, 0xf0, 0xce, 0x01, 0xc1, 0x0a, 0x0d, 0x9f, 0x94, 0x02, 0xaf, 0x45, 0x01, 0x3f, 
0x0d, 0x94, 0xcd, 0x01, 0x94, 0xcd, 0x01, 0xd2, 0x0a, 0x1d, 0xe1, 0x3d, 0xe1, 0x3d, 0x82, 0x4a, 0x01, 0x13, 0x9b, 0x05, 
0xae, 0x19, 0xc2, 0x26, 0x8b, 0x14, 0x22, 0x00, 0xae, 0x19, 0x8d, 0x1e, 0x88, 0x06, 0x00, 0x00, 0x00, 0x00, 0x00, 0x00, 
0x70, 0x04, 0x00, 0x00, 0x00, 0x00, 0x00, 0x00, 0x4c, 0x4f, 0x4d, 0x53, 0x00, 0x03, 0x01, 0x00, 0x0b, 0x00, 0x08, 0x00, 
0x95, 0x60, 0x00, 0x00, 0x00, 0x00, 0x00, 0x00, 0xf4, 0x11, 0x00, 0x00, 0x91, 0x02, 0x01, 0xd1, 0x10, 0x02, 0x47, 0x4c, 
0x53, 0x4c, 0x2e, 0x73, 0x74, 0x64, 0x2e, 0x34, 0x35, 0x30, 0x00, 0x00, 0x00, 0x00, 0xa0, 0x04, 0x00, 0x01, 0xef, 0x0e, 
0x04, 0x9f, 0x2c, 0xed, 0xc2, 0xa5, 0xf3, 0x06, 0x00, 0xab, 0x22, 0xbf, 0x1c, 0xa0, 0x02, 0x9f, 0x2c, 0x07, 0x10, 0xa4, 
0x2c, 0x06, 0x40, 0x10, 0x02, 0x06, 0x40, 0x10, 0xab, 0x1d, 0x06, 0x10, 0x10, 0x9a, 0x01, 0x06, 0x10, 0x10, 0x02, 0x06, 
0x10, 0x10, 0x02, 0x06, 0x10, 0x10, 0x7a, 0x06, 0x10, 0x00, 0xd0, 0x1a, 0x02, 0x37, 0x00, 0x95, 0x00, 0x05, 0x00, 0x07, 
0x01, 0x10, 0x00, 0x23, 0x00, 0x01, 0x05, 0x00, 0x07, 0x01, 0x10, 0x00, 0x23, 0x40, 0x01, 0x05, 0x00, 0x07, 0x01, 0x10, 
0x00, 0x23, 0x40, 0x01, 0x05, 0x00, 0x07, 0x01, 0x10, 0x00, 0x23, 0x40, 0x01, 0x05, 0x00, 0x07, 0x01, 0x10, 0x00, 0x23, 
0x40, 0x01, 0x05, 0x00, 0x07, 0x01, 0x10, 0x00, 0x23, 0x80, 0x02, 0x01, 0x05, 0x00, 0x07, 0x01, 0x10, 0x00, 0x23, 0x80, 
0x02, 0x01, 0x05, 0x00, 0x07, 0x01, 0x10, 0x00, 0x23, 0x40, 0x01, 0x05, 0x00, 0x07, 0x01, 0x10, 0x00, 0x23, 0x30, 0x01, 
0x23, 0x40, 0x01, 0x23, 0x10, 0x01, 0x23, 0x08, 0x01, 0x23, 0x04, 0x01, 0x23, 0x04, 0x01, 0x23, 0x10, 0x01, 0x23, 0x10, 
0x01, 0x23, 0x08, 0x01, 0x23, 0x08, 0x01, 0x23, 0x04, 0x01, 0x00, 0x00, 0x23, 0x04, 0x01, 0x23, 0x08, 0x01, 0x23, 0x04, 
0x01, 0x23, 0x04, 0x01, 0x23, 0x04, 0x01, 0x23, 0x04, 0x01, 0x23, 0x04, 0x01, 0x00, 0x00, 0x23, 0x04, 0x01, 0x00, 0x00, 
0x23, 0x04, 0x01, 0x00, 0x00, 0x23, 0x04, 0x01, 0x00, 0x00, 0x23, 0x10, 0x01, 0x00, 0x00, 0x23, 0x0c, 0x01, 0x00, 0x00, 
0x23, 0x04, 0x01, 0x00, 0x00, 0x23, 0x08, 0x01, 0x00, 0x00, 0x23, 0x04, 0x01, 0x00, 0x00, 0x23, 0x04, 0x01, 0x00, 0x00, 
0x23, 0x04, 0x01, 0x23, 0x04, 0x01, 0x00, 0x00, 0x23, 0x04, 0x01, 0x00, 0x00, 0x23, 0x04, 0x01, 0x23, 0x90, 0x01, 0x01, 
0x00, 0x00, 0x23, 0x0c, 0x01, 0x23, 0x04, 0x01, 0x23, 0x10, 0x01, 0x23, 0x10, 0x01, 0x00, 0x00, 0x23, 0x08, 0x01, 0x00, 
0x00, 0x23, 0x04, 0x01, 0x23, 0x04, 0x01, 0x00, 0x00, 0x23, 0x08, 0x01, 0x00, 0x00, 0x23, 0x04, 0x01, 0x23, 0x04, 0x01, 
0x00, 0x00, 0x23, 0x10, 0x01, 0x00, 0x00, 0x23, 0x04, 0x01, 0x23, 0x04, 0x01, 0x00, 0x00, 0x23, 0x08, 0x01, 0x23, 0x04, 
0x01, 0x00, 0x00, 0x23, 0x04, 0x01, 0x00, 0x00, 0x23, 0x04, 0x01, 0x23, 0x04, 0x01, 0x23, 0x0c, 0x01, 0x23, 0x04, 0x01, 
0x23, 0x04, 0x01, 0x23, 0x04, 0x01, 0x23, 0x04, 0x01, 0x23, 0x04, 0x01, 0x23, 0x0c, 0x01, 0x23, 0x04, 0x01, 0x23, 0x04, 
0x01, 0x23, 0x04, 0x01, 0x23, 0x04, 0x01, 0x05, 0x00, 0x07, 0x01, 0x10, 0x00, 0x23, 0x04, 0x01, 0x23, 0x30, 0x01, 0x23, 
0x08, 0x01, 0x05, 0x00, 0x07, 0x01, 0x10, 0x00, 0x23, 0x08, 0x01, 0x05, 0x00, 0x07, 0x01, 0x10, 0x00, 0x23, 0x40, 0x01, 
0x00, 0x00, 0x23, 0x40, 0x01, 0x00, 0x00, 0x23, 0x04, 0x01, 0x00, 0x00, 0x23, 0x04, 0x01, 0x00, 0x00, 0x23, 0x04, 0x01, 
0x23, 0x04, 0x01, 0x23, 0x40, 0x01, 0x00, 0x00, 0x23, 0x04, 0x01, 0x00, 0x00, 0x23, 0x04, 0x01, 0x00, 0x00, 0x23, 0x04, 
0x01, 0x23, 0x04, 0x01, 0x23, 0x40, 0x01, 0x00, 0x00, 0x23, 0x40, 0x01, 0x00, 0x00, 0x23, 0x04, 0x01, 0x00, 0x00, 0x23, 
0x04, 0x01, 0x00, 0x00, 0x23, 0x04, 0x01, 0x00, 0x00, 0x23, 0x04, 0x10, 0xa8, 0x13, 0x21, 0x00, 0x10, 0x00, 0x22, 0x00, 
0x00, 0xcc, 0x05, 0x10, 0x10, 0x00, 0x1e, 0x06, 0x10, 0xd7, 0x0b, 0x1e, 0x00, 0x00, 0xec, 0x7d, 0x00, 0x93, 0x02, 0x0e, 
0xa1, 0x04, 0xf4, 0x13, 0x08, 0xa6, 0x02, 0xe9, 0x13, 0x20, 0xb7, 0x02, 0x20, 0x0d, 0x04, 0xb5, 0x02, 0x21, 0x20, 0x01, 
0xb8, 0x02, 0xb2, 0x01, 0x1d, 0x04, 0xb7, 0x02, 0x99, 0x01, 0x0d, 0x03, 0xb8, 0x02, 0x5c, 0x18, 0x03, 0xb5, 0x02, 0x75, 
0x20, 0x00, 0x3e, 0xfe, 0x09, 0x02, 0x0d, 0xbb, 0x04, 0x0b, 0x98, 0x1e, 0x04, 0x00, 0x00, 0x00, 0xbc, 0x02, 0xf8, 0x03, 
0x65, 0x96, 0x14, 0xbc, 0x02, 0x02, 0x65, 0x96, 0x14, 0xb7, 0x02, 0xff, 0x2b, 0x0d, 0x02, 0xb7, 0x02, 0x02, 0x0b, 0x03, 
0xbb, 0x04, 0x0b, 0xa2, 0x28, 0x09, 0x00, 0x00, 0x00, 0xbc, 0x02, 0xcf, 0x19, 0x18, 0xa5, 0x14, 0xbc, 0x02, 0x9a, 0x01, 
0x1d, 0x96, 0x14, 0xbc, 0x02, 0x02, 0x1d, 0x96, 0x14, 0xbc, 0x02, 0x02, 0x1d, 0x96, 0x14, 0xbc, 0x02, 0x7a, 0x1d, 0xa5, 
0x14, 0xbe, 0x83, 0xc0, 0x02, 0xd0, 0x1a, 0x65, 0x65, 0x65, 0x65, 0x92, 0x16, 0x93, 0x16, 0x65, 0x46, 0x65, 0x1d, 0x13, 
0x0d, 0x0d, 0x1d, 0x1d, 0x13, 0x13, 0x0d, 0x0d, 0x13, 0x0d, 0x0d, 0x0d, 0x0d, 0x0d, 0x0d, 0x0d, 0x0d, 0x1d, 0x14, 0x0c, 
0x13, 0x0c, 0x0c, 0x0c, 0x0c, 0x0d, 0x0d, 0xbd, 0x07, 0x18, 0x0d, 0x1d, 0x1d, 0x13, 0x0c, 0x0d, 0x13, 0x0d, 0x0d, 0x1d, 
0x0c, 0x0d, 0x13, 0x0d, 0x0d, 0x0d, 0x0b, 0x18, 0x0d, 0x0d, 0x0b, 0x0d, 0x0d, 0x18, 0x0d, 0x0d, 0x0d, 0x0d, 0x0d, 0x46, 
0x13, 0x13, 0x65, 0x65, 0x0d, 0x0d, 0x0d, 0x0d, 0x8a, 0x08, 0x0c, 0x0d, 0x0d, 0x0d, 0x8b, 0x08, 0x8c, 0x08, 0x0c, 0x0c, 
0x0c, 0x0c, 0xc9, 0x08, 0x3e, 0x8b, 0x25, 0x02, 0xf1, 0x15, 0x39, 0xab, 0x03, 0xb4, 0x38, 0x02, 0x3e, 0xd5, 0x34, 0x01, 
0x1d, 0x39, 0x9a, 0x05, 0xa2, 0x3a, 0x01, 0xbb, 0x04, 0x0b, 0xaf, 0x1c, 0x03, 0x00, 0x00, 0x00, 0x3e, 0x8f, 0x1e, 0x01, 
0x0d, 0x3e, 0x20, 0x03, 0x1d, 0x39, 0x9b, 0x05, 0xc8, 0x2e, 0x03, 0xbb, 0x04, 0x0c, 0xa3, 0x0e, 0x36, 0x00, 0x00, 0x00, 
0xbb, 0x04, 0x0c, 0x05, 0x35, 0x00, 0x00, 0x00, 0xbb, 0x04, 0x0d, 0xd1, 0x1d, 0x00, 0x00, 0x80, 0xbf, 0xbb, 0x04, 0x0d, 
0xa5, 0x07, 0x00, 0x00, 0x80, 0x3e, 0xc6, 0x06, 0x08, 0xe2, 0x52, 0x00, 0x82, 0x0a, 0x18, 0xe6, 0x55, 0x13, 0x8b, 0x05, 
0xcf, 0x1d, 0xab, 0x22, 0x93, 0x14, 0x01, 0x0d, 0xa2, 0x1d, 0xa2, 0x1d, 0x13, 0x8a, 0x05, 0xd0, 0xab, 0x01, 0xc5, 0x1f, 
0xad, 0x15, 0x01, 0x0d, 0x9c, 0x23, 0x9c, 0x23, 0x13, 0x8a, 0x05, 0x83, 0x0f, 0xc5, 0x1f, 0xaa, 0x15, 0x01, 0x0d, 0xf3, 
0xb6, 0x01, 0xf3, 0xb6, 0x01, 0x4a, 0x0d, 0x9c, 0x26, 0x9c, 0x26, 0x90, 0x2f, 0x5c, 0x0d, 0xd7, 0x62, 0x01, 0x1b, 0xc3, 
0x6e, 0xc8, 0x10, 0x0d, 0xf4, 0x92, 0x01, 0xa0, 0x80, 0x02, 0xf4, 0x92, 0x01, 0xc0, 0x0a, 0x13, 0xd7, 0x85, 0x01, 0x9c, 
0x0d, 0xd7, 0x85, 0x01, 0x4a, 0x13, 0xee, 0xf7, 0x01, 0xee, 0xf7, 0x01, 0xee, 0xf7, 0x01, 0xbf, 0x18, 0x0d, 0xe9, 0x5a, 
0x7b, 0x2b, 0x00, 0x00, 0xb0, 0x1a, 0x0d, 0xba, 0x49, 0x7b, 0x2b, 0x00, 0x00, 0x4a, 0x0d, 0x8d, 0x0b, 0xac, 0x3e, 0xac, 
0x3e, 0x4a, 0x0d, 0xe5, 0x68, 0xf3, 0x73, 0xf3, 0x73, 0x4b, 0x0d, 0xea, 0x0e, 0xfb, 0x59, 0xea, 0x0e, 0x4a, 0x0d, 0xf9, 
0x5e, 0xa8, 0xa4, 0x01, 0xf9, 0x5e, 0x4a, 0x0d, 0xd8, 0xcf, 0x01, 0xf2, 0xc2, 0x01, 0xf2, 0xc2, 0x01, 0xce, 0x10, 0x13, 
0xc5, 0x0e, 0xa1, 0x14, 0xc5, 0x0e, 0xce, 0x10, 0x13, 0x99, 0xd8, 0x01, 0x99, 0xd8, 0x01, 0x87, 0x17, 0x4b, 0x13, 0x8e, 
0x34, 0xad, 0xb8, 0x01, 0x8e, 0x34, 0xc0, 0x0a, 0x13, 0xa6, 0x60, 0xb1, 0x55, 0xb1, 0x55, 0x6c, 0x13, 0xf8, 0x5a, 0x01, 
0x25, 0xc5, 0x63, 0xd8, 0x93, 0x01, 0xc1, 0x0a, 0x0d, 0x9d, 0x92, 0x01, 0xc0, 0x68, 0x00, 0xc1, 0x0a, 0x0d, 0xb9, 0x24, 
0xd7, 0xb6, 0x01, 0x00, 0xc1, 0x0a, 0x0d, 0xc0, 0x8f, 0x01, 0xc6, 0xd3, 0x01, 0x01, 0xc1, 0x0a, 0x0d, 0xd1, 0x02, 0xe9, 
0x29, 0x01, 0xe0, 0x0a, 0x1d, 0xcd, 0x40, 0xe6, 0x27, 0xa0, 0x4c, 0x9f, 0x43, 0xcd, 0x40, 0x22, 0xf2, 0xde, 0x01, 0x00, 
0x8d, 0x1e, 0x88, 0x06, 0xee, 0x07, 0x00, 0x00, 0x00, 0x00, 0x00, 0x00, 0x4c, 0x4f, 0x4d, 0x53, 0x00, 0x03, 0x01, 0x00, 
0x0b, 0x00, 0x08, 0x00, 0x7d, 0x62, 0x00, 0x00, 0x00, 0x00, 0x00, 0x00, 0xb8, 0x1a, 0x00, 0x00, 0x91, 0x02, 0x01, 0x91, 
0x02, 0x20, 0xd1, 0x10, 0x02, 0x47, 0x4c, 0x53, 0x4c, 0x2e, 0x73, 0x74, 0x64, 0x2e, 0x34, 0x35, 0x30, 0x00, 0x00, 0x00, 
0x00, 0xa0, 0x04, 0x00, 0x01, 0xcf, 0x0f, 0x00, 0x9f, 0x2c, 0xed, 0xc2, 0xa5, 0xf3, 0x06, 0x00, 0x8c, 0x1a, 0x82, 0x1f, 
0xcf, 0x2d, 0xb0, 0x23, 0xab, 0x22, 0xd9, 0x1b, 0xc2, 0x26, 0x84, 0x28, 0x10, 0xdc, 0x16, 0x06, 0x10, 0x37, 0xcf, 0x07, 
0x0b, 0x00, 0x05, 0x00, 0x07, 0x01, 0x10, 0x00, 0x23, 0x00, 0x01, 0x05, 0x00, 0x07, 0x01, 0x10, 0x00, 0x23, 0x40, 0x01, 
0x23, 0x30, 0x01, 0x23, 0x04, 0x01, 0x23, 0x04, 0x01, 0x23, 0x04, 0x01, 0x23, 0x04, 0x10, 0xba, 0x3f, 0x01, 0x01, 0x10, 
0x97, 0x40, 0x06, 0x80, 0x02, 0x00, 0xac, 0x1d, 0x02, 0x47, 0x00, 0x01, 0x00, 0x23, 0x00, 0x10, 0xda, 0x07, 0x21, 0x00, 
0x10, 0x00, 0x22, 0x01, 0x00, 0x64, 0x0e, 0x10, 0x00, 0x1e, 0x0a, 0x10, 0xb2, 0x21, 0x01, 0x08, 0x10, 0xc7, 0x32, 0x06, 
0x40, 0x10, 0x02, 0x06, 0x40, 0x10, 0xe9, 0x0d, 0x06, 0x10, 0x10, 0xbe, 0x03, 0x06, 0x10, 0x10, 0x02, 0x06, 0x10, 0x10, 
0x02, 0x06, 0x10, 0x10, 0x50, 0x06, 0x10, 0x00, 0x9f, 0x16, 0x02, 0x37, 0x00, 0x95, 0x00, 0x05, 0x00, 0x07, 0x01, 0x10, 
0x00, 0x23, 0x00, 0x01, 0x05, 0x00, 0x07, 0x01, 0x10, 0x00, 0x23, 0x40, 0x01, 0x05, 0x00, 0x07, 0x01, 0x10, 0x00, 0x23, 
0x40, 0x01, 0x05, 0x00, 0x07, 0x01, 0x10, 0x00, 0x23, 0x40, 0x01, 0x05, 0x00, 0x07, 0x01, 0x10, 0x00, 0x23, 0x40, 0x01, 
0x05, 0x00, 0x07, 0x01, 0x10, 0x00, 0x23, 0x80, 0x02, 0x01, 0x05, 0x00, 0x07, 0x01, 0x10, 0x00, 0x23, 0x80, 0x02, 0x01, 
0x05, 0x00, 0x07, 0x01, 0x10, 0x00, 0x23, 0x40, 0x01, 0x05, 0x00, 0x07, 0x01, 0x10, 0x00, 0x23, 0x30, 0x01, 0x23, 0x40, 
0x01, 0x23, 0x10, 0x01, 0x23, 0x08, 0x01, 0x23, 0x04, 0x01, 0x23, 0x04, 0x01, 0x23, 0x10, 0x01, 0x23, 0x10, 0x01, 0x23, 
0x08, 0x01, 0x23, 0x08, 0x01, 0x23, 0x04, 0x01, 0x00, 0x00, 0x23, 0x04, 0x01, 0x23, 0x08, 0x01, 0x23, 0x04, 0x01, 0x23, 
0x04, 0x01, 0x23, 0x04, 0x01, 0x23, 0x04, 0x01, 0x23, 0x04, 0x01, 0x00, 0x00, 0x23, 0x04, 0x01, 0x00, 0x00, 0x23, 0x04, 
0x01, 0x00, 0x00, 0x23, 0x04, 0x01, 0x00, 0x00, 0x23, 0x10, 0x01, 0x00, 0x00, 0x23, 0x0c, 0x01, 0x00, 0x00, 0x23, 0x04, 
0x01, 0x00, 0x00, 0x23, 0x08, 0x01, 0x00, 0x00, 0x23, 0x04, 0x01, 0x00, 0x00, 0x23, 0x04, 0x01, 0x00, 0x00, 0x23, 0x04, 
0x01, 0x23, 0x04, 0x01, 0x00, 0x00, 0x23, 0x04, 0x01, 0x00, 0x00, 0x23, 0x04, 0x01, 0x23, 0x90, 0x01, 0x01, 0x00, 0x00, 
0x23, 0x0c, 0x01, 0x23, 0x04, 0x01, 0x23, 0x10, 0x01, 0x23, 0x10, 0x01, 0x00, 0x00, 0x23, 0x08, 0x01, 0x00, 0x00, 0x23, 
0x04, 0x01, 0x23, 0x04, 0x01, 0x00, 0x00, 0x23, 0x08, 0x01, 0x00, 0x00, 0x23, 0x04, 0x01, 0x23, 0x04, 0x01, 0x00, 0x00, 
0x23, 0x10, 0x01, 0x00, 0x00, 0x23, 0x04, 0x01, 0x23, 0x04, 0x01, 0x00, 0x00, 0x23, 0x08, 0x01, 0x23, 0x04, 0x01, 0x00, 
0x00, 0x23, 0x04, 0x01, 0x00, 0x00, 0x23, 0x04, 0x01, 0x23, 0x04, 0x01, 0x23, 0x0c, 0x01, 0x23, 0x04, 0x01, 0x23, 0x04, 
0x01, 0x23, 0x04, 0x01, 0x23, 0x04, 0x01, 0x23, 0x04, 0x01, 0x23, 0x0c, 0x01, 0x23, 0x04, 0x01, 0x23, 0x04, 0x01, 0x23, 
0x04, 0x01, 0x23, 0x04, 0x01, 0x05, 0x00, 0x07, 0x01, 0x10, 0x00, 0x23, 0x04, 0x01, 0x23, 0x30, 0x01, 0x23, 0x08, 0x01, 
0x05, 0x00, 0x07, 0x01, 0x10, 0x00, 0x23, 0x08, 0x01, 0x05, 0x00, 0x07, 0x01, 0x10, 0x00, 0x23, 0x40, 0x01, 0x00, 0x00, 
0x23, 0x40, 0x01, 0x00, 0x00, 0x23, 0x04, 0x01, 0x00, 0x00, 0x23, 0x04, 0x01, 0x00, 0x00, 0x23, 0x04, 0x01, 0x23, 0x04, 
0x01, 0x23, 0x40, 0x01, 0x00, 0x00, 0x23, 0x04, 0x01, 0x00, 0x00, 0x23, 0x04, 0x01, 0x00, 0x00, 0x23, 0x04, 0x01, 0x23, 
0x04, 0x01, 0x23, 0x40, 0x01, 0x00, 0x00, 0x23, 0x40, 0x01, 0x00, 0x00, 0x23, 0x04, 0x01, 0x00, 0x00, 0x23, 0x04, 0x01, 
0x00, 0x00, 0x23, 0x04, 0x01, 0x00, 0x00, 0x23, 0x04, 0x10, 0xfe, 0x3b, 0x21, 0x00, 0x10, 0x00, 0x22, 0x00, 0x10, 0x85, 
0x01, 0x1e, 0x00, 0x10, 0x9a, 0x1d, 0x1e, 0x03, 0x10, 0xbd, 0x14, 0x0b, 0x2b, 0x00, 0x89, 0x02, 0x10, 0x10, 0x00, 0x1e, 
0x06, 0x10, 0xa3, 0x0d, 0x1e, 0x09, 0x00, 0x93, 0x22, 0x02, 0x47, 0x00, 0x04, 0x00, 0x0b, 0x01, 0x00, 0x01, 0x0b, 0x01, 
0x01, 0x01, 0x0b, 0x01, 0x03, 0x01, 0x0b, 0x01, 0x04, 0x10, 0xea, 0x3a, 0x1e, 0x05, 0x93, 0x02, 0x0e, 0xa1, 0x04, 0xf4, 
0x13, 0x08, 0xa6, 0x02, 0xe9, 0x13, 0x20, 0xb7, 0x02, 0x20, 0x0d, 0x04, 0xb8, 0x02, 0x90, 0x01, 0x1d, 0x04, 0xb7, 0x02, 
0x99, 0x01, 0x0d, 0x03, 0xb5, 0x02, 0x17, 0x20, 0x01, 0xb7, 0x02, 0x0e, 0x0d, 0x02, 0xbe, 0x02, 0xa2, 0x10, 0x13, 0x1d, 
0xb5, 0x02, 0xb1, 0x10, 0x20, 0x00, 0xbb, 0x04, 0x0b, 0xfe, 0x27, 0x00, 0x00, 0x00, 0x00, 0xbb, 0x04, 0x0c, 0x02, 0x00, 
0x00, 0x00, 0x00, 0xbb, 0x04, 0x0b, 0x04, 0x01, 0x00, 0x00, 0x00, 0xbb, 0x04, 0x0c, 0x02, 0x01, 0x00, 0x00, 0x00, 0xbb, 
0x04, 0x0b, 0x04, 0x02, 0x00, 0x00, 0x00, 0xbb, 0x04, 0x0c, 0x02, 0x02, 0x00, 0x00, 0x00, 0xb8, 0x02, 0x95, 0x27, 0x18, 
0x03, 0xbb, 0x04, 0x0b, 0xb8, 0x27, 0x08, 0x00, 0x00, 0x00, 0xbc, 0x02, 0xe7, 0x11, 0x1d, 0xa2, 0x14, 0x8e, 0x03, 0xcf, 
0x07, 0x65, 0x46, 0x0c, 0x0c, 0x0c, 0x0d, 0xae, 0x0b, 0xb2, 0x06, 0x0c, 0xba, 0x3f, 0x40, 0x00, 0x00, 0x00, 0xbc, 0x02, 
0x97, 0x40, 0xc6, 0x07, 0xa3, 0x27, 0xae, 0x02, 0xac, 0x1d, 0x97, 0x07, 0x3e, 0x8b, 0x25, 0x02, 0xed, 0x15, 0x39, 0xa7, 
0x03, 0xe6, 0x2c, 0x02, 0x3e, 0xef, 0x27, 0x02, 0x65, 0xbb, 0x04, 0x0c, 0xf0, 0x1c, 0x05, 0x00, 0x00, 0x00, 0x3e, 0x9f, 
0x1e, 0x02, 0x0d, 0x3e, 0x01, 0x03, 0x0c, 0x39, 0x89, 0x05, 0x86, 0x2a, 0x03, 0xb2, 0x06, 0x0c, 0xb2, 0x21, 0x02, 0x00, 
0x00, 0x00, 0xbb, 0x04, 0x0b, 0x9d, 0x2d, 0x04, 0x00, 0x00, 0x00, 0xbc, 0x02, 0xa9, 0x05, 0x65, 0x96, 0x14, 0xbc, 0x02, 
0x02, 0x65, 0x96, 0x14, 0xb7, 0x02, 0xdb, 0x22, 0x0b, 0x03, 0xbb, 0x04, 0x0b, 0xa2, 0x28, 0x09, 0x00, 0x00, 0x00, 0xbc, 
0x02, 0xaf, 0x13, 0x18, 0xa5, 0x14, 0xbc, 0x02, 0xbe, 0x03, 0x1d, 0x96, 0x14, 0xbc, 0x02, 0x02, 0x1d, 0x96, 0x14, 0xbc, 
0x02, 0x02, 0x1d, 0x96, 0x14, 0xbc, 0x02, 0x50, 0x1d, 0xa5, 0x14, 0xbe, 0x83, 0xc0, 0x02, 0x9f, 0x16, 0x65, 0x65, 0x65, 
0x65, 0xc1, 0x11, 0xc2, 0x11, 0x65, 0x46, 0x65, 0x1d, 0x13, 0x0d, 0x0d, 0x1d, 0x1d, 0x13, 0x13, 0x0d, 0x0d, 0x13, 0x0d, 
0x0d, 0x0d, 0x0d, 0x0d, 0x0d, 0x0d, 0x0d, 0x1d, 0x14, 0x0c, 0x13, 0x0c, 0x0c, 0x0c, 0x0c, 0x0d, 0x0d, 0xcd, 0x0a, 0x18, 
0x0d, 0x1d, 0x1d, 0x13, 0x0c, 0x0d, 0x13, 0x0d, 0x0d, 0x1d, 0x0c, 0x0d, 0x13, 0x0d, 0x0d, 0x0d, 0x0b, 0x18, 0x0d, 0x0d, 
0x0b, 0x0d, 0x0d, 0x18, 0x0d, 0x0d, 0x0d, 0x0d, 0x0d, 0x46, 0x13, 0x13, 0x65, 0x65, 0x0d, 0x0d, 0x0d, 0x0d, 0xac, 0x0c, 
0x0c, 0x0d, 0x0d, 0x0d, 0xad, 0x0c, 0xae, 0x0c, 0x0c, 0x0c, 0x0c, 0x0c, 0xd6, 0x0c, 0x3e, 0xfa, 0x09, 0x02, 0xc6, 0x01, 
0x39, 0xc3, 0x06, 0x84, 0x32, 0x02, 0x3e, 0xd5, 0x34, 0x01, 0x1d, 0x39, 0x9a, 0x05, 0xd0, 0x33, 0x01, 0x3e, 0xe3, 0x33, 
0x01, 0x13, 0x39, 0x90, 0x05, 0xfe, 0x50, 0x01, 0x3e, 0x87, 0x51, 0x01, 0x0d, 0xbb, 0x04, 0x0d, 0x81, 0x08, 0x00, 0x00, 
0x80, 0x3f, 0x3e, 0x84, 0x08, 0x01, 0x0c, 0x39, 0x8c, 0x05, 0xc8, 0x3c, 0x01, 0xbb, 0x04, 0x0c, 0xd1, 0x1d, 0x14, 0x00, 
0x00, 0x00, 0xbb, 0x04, 0x0c, 0x06, 0x15, 0x00, 0x00, 0x00, 0xbb, 0x04, 0x0d, 0xe1, 0x28, 0x00, 0x00, 0x00, 0x40, 0x3e, 
0x84, 0x0a, 0x03, 0x1d, 0x39, 0x9b, 0x05, 0xa0, 0x3a, 0x03, 0xbb, 0x04, 0x0b, 0xaf, 0x1c, 0x03, 0x00, 0x00, 0x00, 0x3e, 
0x8b, 0x1e, 0x03, 0x0d, 0x39, 0x9b, 0x05, 0x98, 0x2d, 0x03, 0xbb, 0x04, 0x0d, 0xaf, 0x2a, 0x00, 0x00, 0x80, 0xbf, 0xbc, 
0x02, 0xe3, 0x01, 0x0d, 0x90, 0x14, 0xbc, 0x02, 0x13, 0x0d, 0x8d, 0x14, 0xde, 0x02, 0x94, 0x0a, 0x1d, 0x0d, 0xcf, 0x05, 
0xc5, 0x05, 0x3e, 0xfa, 0x09, 0x03, 0xcf, 0x0a, 0x39, 0xcc, 0x0f, 0xec, 0x2d, 0x03, 0x3e, 0xe1, 0x42, 0x03, 0x13, 0x39, 
0x91, 0x05, 0xe6, 0x45, 0x03, 0xc6, 0x06, 0x08, 0xb6, 0x08, 0x00, 0x82, 0x0a, 0x18, 0xf4, 0x60, 0x01, 0x0c, 0xba, 0xa9, 
0x01, 0x8c, 0x9c, 0x02, 0x22, 0xd4, 0xae, 0x02, 0x00, 0x01, 0x0c, 0xc5, 0x31, 0x8e, 0xfd, 0x01, 0xc7, 0x10, 0x0c, 0xc7, 
0x51, 0xc7, 0x51, 0x94, 0x8a, 0x01, 0x33, 0xe2, 0x05, 0xeb, 0x2a, 0xda, 0x19, 0x8b, 0x14, 0xef, 0x6f, 0x8b, 0x14, 0x01, 
0x65, 0x96, 0x80, 0x01, 0x96, 0x80, 0x01, 0x13, 0x8b, 0x05, 0xbe, 0x24, 0xcf, 0x2d, 0x8a, 0x14, 0x01, 0x0d, 0x9c, 0x23, 
0x9c, 0x23, 0x13, 0x8b, 0x05, 0xcf, 0x0f, 0xcf, 0x2d, 0x8d, 0x14, 0x01, 0x0d, 0x91, 0x9d, 0x01, 0x91, 0x9d, 0x01, 0xc3, 
0x10, 0x0d, 0xd0, 0xb0, 0x01, 0xbc, 0xfe, 0x02, 0xd0, 0xb0, 0x01, 0xc0, 0x0a, 0x13, 0xad, 0x12, 0xbf, 0x0e, 0xad, 0x12, 
0x01, 0x1d, 0xc7, 0xca, 0x01, 0xd6, 0x65, 0x3d, 0x18, 0x82, 0x41, 0x82, 0x41, 0x82, 0x41, 0x18, 0xc1, 0x0a, 0x0d, 0xdf, 
0x66, 0xdf, 0x66, 0x00, 0xc1, 0x0a, 0x1d, 0xa0, 0x84, 0x01, 0xeb, 0x32, 0x00, 0xce, 0x10, 0x1d, 0xec, 0x1b, 0xec, 0x1b, 
0x8c, 0xa0, 0x01, 0xc1, 0x0a, 0x0d, 0xbe, 0x14, 0xea, 0x4d, 0x01, 0xc1, 0x0a, 0x1d, 0x99, 0xd0, 0x01, 0xdb, 0xd2, 0x01, 
0x01, 0xce, 0x10, 0x1d, 0xde, 0xbb, 0x01, 0xde, 0xbb, 0x01, 0xbb, 0x14, 0xc1, 0x0a, 0x0d, 0xbe, 0x14, 0xec, 0x4d, 0x02, 
0xc1, 0x0a, 0x1d, 0x99, 0xd0, 0x01, 0xd9, 0xd2, 0x01, 0x02, 0xce, 0x10, 0x1d, 0xfa, 0xc9, 0x01, 0xfa, 0xc9, 0x01, 0x9f, 
0x06, 0xc1, 0x0a, 0x1d, 0xaf, 0x7f, 0x8f, 0x88, 0x01, 0x03, 0x4b, 0x1d, 0x95, 0x0d, 0xc5, 0x8c, 0x01, 0x95, 0x0d, 0x4b, 
0x1d, 0xf6, 0x41, 0xb1, 0x3c, 0xf6, 0x41, 0x4b, 0x1d, 0x92, 0x1e, 0x9d, 0x1e, 0x92, 0x1e, 0xc0, 0x0a, 0xa4, 0x08, 0xce, 
0x59, 0xe9, 0x14, 0xce, 0x59, 0x01, 0x0c, 0xf1, 0x4b, 0xae, 0xd9, 0x01, 0xcb, 0x10, 0x0c, 0x92, 0x3f, 0x92, 0x3f, 0x8e, 
0xf7, 0x01, 0x23, 0xe2, 0x05, 0xbe, 0x22, 0xc5, 0x1f, 0x9a, 0x14, 0xac, 0xa6, 0x01, 0x01, 0x65, 0xf3, 0x7e, 0xf3, 0x7e, 
0xc1, 0x0a, 0x1d, 0xfa, 0x70, 0xe4, 0x07, 0x01, 0xc1, 0x12, 0x1d, 0x93, 0xa6, 0x01, 0x99, 0x35, 0x93, 0xa6, 0x01, 0x13, 
0xe2, 0x05, 0x9e, 0x18, 0xc5, 0x1f, 0x8b, 0x14, 0x01, 0x65, 0xb5, 0x57, 0xb5, 0x57, 0xc1, 0x12, 0x1d, 0xd3, 0x18, 0xd3, 
0x18, 0xff, 0xfd, 0x01, 0xc1, 0x0a, 0x0d, 0xa6, 0xc3, 0x01, 0xa6, 0xc3, 0x01, 0x02, 0x3f, 0x0d, 0xc3, 0x24, 0xc3, 0x24, 
0x13, 0x8a, 0x05, 0xae, 0x7d, 0xc5, 0x1f, 0xc7, 0x14, 0x01, 0x0d, 0xdd, 0x3b, 0xdd, 0x3b, 0x4a, 0x0d, 0xbb, 0x9a, 0x01, 
0xeb, 0x58, 0xbb, 0x9a, 0x01, 0x13, 0x8a, 0x05, 0x90, 0x27, 0xc5, 0x1f, 0xca, 0x14, 0x01, 0x0d, 0xb7, 0x51, 0xb7, 0x51, 
0xc3, 0x10, 0x0d, 0xa8, 0x87, 0x01, 0x80, 0x5d, 0xa8, 0x87, 0x01, 0x4a, 0x0d, 0xb7, 0x14, 0xb7, 0x14, 0xa8, 0xf1, 0x01, 
0xc3, 0x10, 0x0d, 0x9b, 0x5f, 0x9b, 0x5f, 0xaa, 0x90, 0x01, 0x13, 0x8d, 0x05, 0xba, 0xf7, 0x01, 0xab, 0x22, 0x93, 0x14, 
0x22, 0x00, 0xba, 0xf7, 0x01, 0x22, 0xc6, 0xd2, 0x02, 0xf0, 0xce, 0x01, 0x01, 0x0c, 0xd1, 0x7b, 0x8e, 0xda, 0x01, 0xcb, 
0x10, 0x0c, 0xdd, 0x40, 0xdd, 0x40, 0xfe, 0x77, 0xbf, 0x0c, 0x0d, 0xdb, 0x36, 0xa2, 0x41, 0xc8, 0x10, 0x0d, 0xbe, 0x47, 
0xf8, 0xdd, 0x01, 0xbe, 0x47, 0xc8, 0x10, 0x0d, 0xab, 0x2a, 0xab, 0x2a, 0xcc, 0xb3, 0x01, 0x4b, 0x0d, 0x94, 0x78, 0x90, 
0x9f, 0x02, 0x94, 0x78, 0xbf, 0x0c, 0x0d, 0x8f, 0x0c, 0xba, 0x52, 0x4a, 0x0d, 0xa0, 0x10, 0xf8, 0x51, 0xa0, 0x10, 0x4b, 
0x0d, 0xa3, 0x8a, 0x01, 0x93, 0x86, 0x01, 0xa3, 0x8a, 0x01, 0xc8, 0x10, 0x0d, 0xf0, 0x37, 0xda, 0xdb, 0x01, 0x82, 0x47, 
0xc1, 0x0a, 0x0d, 0xfc, 0x96, 0x01, 0xe2, 0xb9, 0x01, 0x00, 0x4a, 0x0d, 0xf6, 0x08, 0xf6, 0x08, 0xf2, 0x9f, 0x01, 0xd2, 
0x0a, 0x1d, 0x89, 0x8b, 0x02, 0x89, 0x8b, 0x02, 0xb1, 0x48, 0x00, 0xc1, 0x0a, 0x0d, 0x90, 0xef, 0x01, 0x90, 0xef, 0x01, 
0x03, 0x4a, 0x0d, 0x8f, 0x83, 0x01, 0xd8, 0x38, 0x8f, 0x83, 0x01, 0xc1, 0x0a, 0x0d, 0xef, 0x7c, 0xef, 0x10, 0x00, 0x4b, 
0x0d, 0xd8, 0xd4, 0x01, 0xd8, 0xd4, 0x01, 0xe8, 0x57, 0xd2, 0x0a, 0x1d, 0xf9, 0x4f, 0xf9, 0x4f, 0xee, 0x73, 0x00, 0xc1, 
0x0a, 0x0d, 0xa2, 0x4e, 0xa2, 0x4e, 0x00, 0xc3, 0x10, 0x0d, 0xf1, 0x7e, 0xe0, 0xb3, 0x01, 0xad, 0x7a, 0xc1, 0x0a, 0x0d, 
0x97, 0x49, 0xe7, 0x79, 0x03, 0x4a, 0x0d, 0xb0, 0x93, 0x01, 0x98, 0x4a, 0xb0, 0x93, 0x01, 0x4b, 0x0d, 0x87, 0x22, 0xe1, 
0x56, 0x87, 0x22, 0xc0, 0x10, 0x0c, 0xf4, 0x30, 0xb0, 0x41, 0xdc, 0xe6, 0x01, 0xbf, 0x0c, 0x0d, 0xd8, 0x54, 0xd8, 0x54, 
0x4a, 0x0d, 0xe7, 0x13, 0xbe, 0x71, 0xe7, 0x13, 0xc3, 0x10, 0x0d, 0xc1, 0x69, 0x92, 0xe4, 0x01, 0xc1, 0x69, 0x4a, 0x0d, 
0x8b, 0x50, 0x8b, 0x50, 0xbe, 0x29, 0x4b, 0x0d, 0xd5, 0x2d, 0xa1, 0xcc, 0x01, 0xd5, 0x2d, 0x23, 0x8d, 0x05, 0xb2, 0x77, 
0xc2, 0x26, 0x91, 0x14, 0x8b, 0x14, 0x22, 0x00, 0xf2, 0x01, 0x3f, 0x0d, 0xe0, 0x71, 0x92, 0xe9, 0x01, 0x23, 0x8d, 0x05, 
0xaa, 0x28, 0xc2, 0x26, 0x91, 0x14, 0x8e, 0x14, 0x22, 0x00, 0xaa, 0x28, 0xc1, 0x0a, 0x0d, 0xf9, 0x90, 0x02, 0xbd, 0x7d, 
0x01, 0x3f, 0x0d, 0xe6, 0xd9, 0x01, 0xe6, 0xd9, 0x01, 0xd2, 0x0a, 0x1d, 0xe1, 0x3d, 0xe1, 0x3d, 0xc6, 0x1e, 0x01, 0x13, 
0x9b, 0x05, 0xab, 0x1f, 0xc2, 0x26, 0x8b, 0x14, 0x22, 0x00, 0xab, 0x1f, 0x22, 0xc6, 0xb1, 0x01, 0x80, 0x06, 0x8d, 0x1e, 
0x88, 0x06, 0x00, 0x00, 0x7c, 0x11, 0x00, 0x00, 0x00, 0x00, 0x00, 0x00, 0x4c, 0x4f, 0x4d, 0x53, 0x00, 0x03, 0x01, 0x00, 
0x0b, 0x00, 0x08, 0x00, 0x7d, 0x62, 0x00, 0x00, 0x00, 0x00, 0x00, 0x00, 0x34, 0x30, 0x00, 0x00, 0x91, 0x02, 0x01, 0xd1, 
0x10, 0x02, 0x47, 0x4c, 0x53, 0x4c, 0x2e, 0x73, 0x74, 0x64, 0x2e, 0x34, 0x35, 0x30, 0x00, 0x00, 0x00, 0x00, 0xa0, 0x04, 
0x00, 0x01, 0xff, 0x0f, 0x00, 0x9f, 0x2c, 0xed, 0xc2, 0xa5, 0xf3, 0x06, 0x00, 0xa9, 0x20, 0x82, 0x1f, 0xaf, 0x2e, 0x93, 
0x2d, 0xcf, 0x2d, 0x8c, 0x1a, 0xb0, 0x23, 0xab, 0x22, 0xd9, 0x1b, 0xc2, 0x26, 0x84, 0x28, 0x10, 0xce, 0x1d, 0x06, 0x10, 
0x37, 0xb7, 0x06, 0x0b, 0x00, 0x05, 0x00, 0x07, 0x01, 0x10, 0x00, 0x23, 0x00, 0x01, 0x05, 0x00, 0x07, 0x01, 0x10, 0x00, 
0x23, 0x40, 0x01, 0x23, 0x30, 0x01, 0x23, 0x04, 0x01, 0x23, 0x04, 0x01, 0x23, 0x04, 0x01, 0x23, 0x04, 0x10, 0xb0, 0x37, 
0x01, 0x01, 0x10, 0x89, 0x21, 0x06, 0x80, 0x02, 0x00, 0xd1, 0x21, 0x02, 0x47, 0x00, 0x01, 0x00, 0x23, 0x00, 0x10, 0xca, 
0x27, 0x21, 0x00, 0x10, 0x00, 0x22, 0x01, 0x10, 0xf5, 0x20, 0x06, 0x40, 0x10, 0x02, 0x06, 0x40, 0x10, 0xfa, 0x07, 0x06, 
0x10, 0x10, 0x90, 0x05, 0x06, 0x10, 0x10, 0x02, 0x06, 0x10, 0x10, 0x02, 0x06, 0x10, 0x10, 0x50, 0x06, 0x10, 0x00, 0xe5, 
0x1d, 0x02, 0x37, 0x00, 0x95, 0x00, 0x05, 0x00, 0x07, 0x01, 0x10, 0x00, 0x23, 0x00, 0x01, 0x05, 0x00, 0x07, 0x01, 0x10, 
0x00, 0x23, 0x40, 0x01, 0x05, 0x00, 0x07, 0x01, 0x10, 0x00, 0x23, 0x40, 0x01, 0x05, 0x00, 0x07, 0x01, 0x10, 0x00, 0x23, 
0x40, 0x01, 0x05, 0x00, 0x07, 0x01, 0x10, 0x00, 0x23, 0x40, 0x01, 0x05, 0x00, 0x07, 0x01, 0x10, 0x00, 0x23, 0x80, 0x02, 
0x01, 0x05, 0x00, 0x07, 0x01, 0x10, 0x00, 0x23, 0x80, 0x02, 0x01, 0x05, 0x00, 0x07, 0x01, 0x10, 0x00, 0x23, 0x40, 0x01, 
0x05, 0x00, 0x07, 0x01, 0x10, 0x00, 0x23, 0x30, 0x01, 0x23, 0x40, 0x01, 0x23, 0x10, 0x01, 0x23, 0x08, 0x01, 0x23, 0x04, 
0x01, 0x23, 0x04, 0x01, 0x23, 0x10, 0x01, 0x23, 0x10, 0x01, 0x23, 0x08, 0x01, 0x23, 0x08, 0x01, 0x23, 0x04, 0x01, 0x00, 
0x00, 0x23, 0x04, 0x01, 0x23, 0x08, 0x01, 0x23, 0x04, 0x01, 0x23, 0x04, 0x01, 0x23, 0x04, 0x01, 0x23, 0x04, 0x01, 0x23, 
0x04, 0x01, 0x00, 0x00, 0x23, 0x04, 0x01, 0x00, 0x00, 0x23, 0x04, 0x01, 0x00, 0x00, 0x23, 0x04, 0x01, 0x00, 0x00, 0x23, 
0x10, 0x01, 0x00, 0x00, 0x23, 0x0c, 0x01, 0x00, 0x00, 0x23, 0x04, 0x01, 0x00, 0x00, 0x23, 0x08, 0x01, 0x00, 0x00, 0x23, 
0x04, 0x01, 0x00, 0x00, 0x23, 0x04, 0x01, 0x00, 0x00, 0x23, 0x04, 0x01, 0x23, 0x04, 0x01, 0x00, 0x00, 0x23, 0x04, 0x01, 
0x00, 0x00, 0x23, 0x04, 0x01, 0x23, 0x90, 0x01, 0x01, 0x00, 0x00, 0x23, 0x0c, 0x01, 0x23, 0x04, 0x01, 0x23, 0x10, 0x01, 
0x23, 0x10, 0x01, 0x00, 0x00, 0x23, 0x08, 0x01, 0x00, 0x00, 0x23, 0x04, 0x01, 0x23, 0x04, 0x01, 0x00, 0x00, 0x23, 0x08, 
0x01, 0x00, 0x00, 0x23, 0x04, 0x01, 0x23, 0x04, 0x01, 0x00, 0x00, 0x23, 0x10, 0x01, 0x00, 0x00, 0x23, 0x04, 0x01, 0x23, 
0x04, 0x01, 0x00, 0x00, 0x23, 0x08, 0x01, 0x23, 0x04, 0x01, 0x00, 0x00, 0x23, 0x04, 0x01, 0x00, 0x00, 0x23, 0x04, 0x01, 
0x23, 0x04, 0x01, 0x23, 0x0c, 0x01, 0x23, 0x04, 0x01, 0x23, 0x04, 0x01, 0x23, 0x04, 0x01, 0x23, 0x04, 0x01, 0x23, 0x04, 
0x01, 0x23, 0x0c, 0x01, 0x23, 0x04, 0x01, 0x23, 0x04, 0x01, 0x23, 0x04, 0x01, 0x23, 0x04, 0x01, 0x05, 0x00, 0x07, 0x01, 
0x10, 0x00, 0x23, 0x04, 0x01, 0x23, 0x30, 0x01, 0x23, 0x08, 0x01, 0x05, 0x00, 0x07, 0x01, 0x10, 0x00, 0x23, 0x08, 0x01, 
0x05, 0x00, 0x07, 0x01, 0x10, 0x00, 0x23, 0x40, 0x01, 0x00, 0x00, 0x23, 0x40, 0x01, 0x00, 0x00, 0x23, 0x04, 0x01, 0x00, 
0x00, 0x23, 0x04, 0x01, 0x00, 0x00, 0x23, 0x04, 0x01, 0x23, 0x04, 0x01, 0x23, 0x40, 0x01, 0x00, 0x00, 0x23, 0x04, 0x01, 
0x00, 0x00, 0x23, 0x04, 0x01, 0x00, 0x00, 0x23, 0x04, 0x01, 0x23, 0x04, 0x01, 0x23, 0x40, 0x01, 0x00, 0x00, 0x23, 0x40, 
0x01, 0x00, 0x00, 0x23, 0x04, 0x01, 0x00, 0x00, 0x23, 0x04, 0x01, 0x00, 0x00, 0x23, 0x04, 0x01, 0x00, 0x00, 0x23, 0x04, 
0x10, 0xd2, 0x3c, 0x21, 0x00, 0x10, 0x00, 0x22, 0x00, 0x10, 0xc8, 0x01, 0x0b, 0x2a, 0x37, 0x8b, 0x2e, 0x05, 0x00, 0x05, 
0x00, 0x07, 0x01, 0x10, 0x00, 0x23, 0x00, 0x01, 0x23, 0x30, 0x01, 0x23, 0x0c, 0x10, 0xdb, 0x0d, 0x06, 0x40, 0x00, 0xe8, 
0x13, 0x02, 0x47, 0x00, 0x01, 0x00, 0x23, 0x00, 0x10, 0xb6, 0x1e, 0x21, 0x01, 0x10, 0x00, 0x22, 0x01, 0x10, 0xb6, 0x0f, 
0x21, 0x05, 0x10, 0x00, 0x22, 0x01, 0x00, 0x8f, 0x37, 0x02, 0x47, 0x00, 0x01, 0x00, 0x23, 0x00, 0x10, 0xc2, 0x12, 0x06, 
0x10, 0x00, 0xe8, 0x01, 0x02, 0x37, 0x00, 0x02, 0x00, 0x00, 0x00, 0x23, 0x00, 0x10, 0xd2, 0x1b, 0x21, 0x02, 0x10, 0x00, 
0x22, 0x01, 0x10, 0xcb, 0x02, 0x21, 0x03, 0x10, 0x00, 0x22, 0x01, 0x10, 0xa6, 0x01, 0x1e, 0x00, 0x10, 0xda, 0x1e, 0x1e, 
0x05, 0x10, 0xb7, 0x02, 0x1e, 0x06, 0x10, 0x78, 0x1e, 0x03, 0x00, 0x85, 0x27, 0x0e, 0x10, 0x00, 0x1e, 0x0a, 0x10, 0xc8, 
0x12, 0x0b, 0x2b, 0x00, 0x89, 0x02, 0x10, 0x10, 0x00, 0x1e, 0x06, 0x10, 0xa3, 0x0d, 0x1e, 0x09, 0x00, 0x81, 0x14, 0x02, 
0x47, 0x00, 0x04, 0x00, 0x0b, 0x01, 0x00, 0x01, 0x0b, 0x01, 0x01, 0x01, 0x0b, 0x01, 0x03, 0x01, 0x0b, 0x01, 0x04, 0x10, 
0xd8, 0x2c, 0x1e, 0x05, 0x00, 0x8c, 0x80, 0x01, 0x00, 0x93, 0x02, 0x0e, 0xa1, 0x04, 0xf4, 0x13, 0x08, 0xa6, 0x02, 0xe9, 
0x13, 0x20, 0xb7, 0x02, 0x20, 0x0d, 0x04, 0xb8, 0x02, 0x90, 0x01, 0x1d, 0x04, 0xb7, 0x02, 0x99, 0x01, 0x0d, 0x03, 0xb5, 
0x02, 0x17, 0x20, 0x01, 0x3e, 0x92, 0x0a, 0x07, 0x18, 0xb5, 0x02, 0x93, 0x0a, 0x20, 0x00, 0xb7, 0x02, 0x18, 0x0b, 0x04, 
0xd1, 0x04, 0xe8, 0x05, 0x08, 0x95, 0x05, 0x17, 0x1d, 0xb7, 0x02, 0xef, 0x05, 0x0d, 0x02, 0xbe, 0x02, 0xa2, 0x10, 0x13, 
0x1d, 0xbb, 0x04, 0x0b, 0xcc, 0x17, 0x00, 0x00, 0x00, 0x00, 0xbb, 0x04, 0x0c, 0x02, 0x00, 0x00, 0x00, 0x00, 0xbb, 0x04, 
0x0b, 0x04, 0x01, 0x00, 0x00, 0x00, 0xbb, 0x04, 0x0c, 0x02, 0x01, 0x00, 0x00, 0x00, 0xbb, 0x04, 0x0c, 0x06, 0x02, 0x00, 
0x00, 0x00, 0xbb, 0x04, 0x0c, 0x06, 0x03, 0x00, 0x00, 0x00, 0xb8, 0x02, 0x9b, 0x27, 0x18, 0x03, 0xbb, 0x04, 0x0b, 0xb8, 
0x27, 0x08, 0x00, 0x00, 0x00, 0xbc, 0x02, 0xf5, 0x0a, 0x1d, 0xa2, 0x14, 0x8e, 0x03, 0xb7, 0x06, 0x65, 0x46, 0x0c, 0x0c, 
0x0c, 0x0d, 0xe7, 0x0e, 0xb2, 0x06, 0x0c, 0xb0, 0x37, 0x40, 0x00, 0x00, 0x00, 0xbc, 0x02, 0x89, 0x21, 0xcb, 0x0b, 0xa3, 
0x27, 0xae, 0x02, 0xd1, 0x21, 0xde, 0x16, 0x3e, 0xfa, 0x09, 0x02, 0xf5, 0x05, 0x39, 0xf2, 0x0a, 0xd0, 0x1d, 0x02, 0x3e, 
0xef, 0x27, 0x02, 0x65, 0x3e, 0xb1, 0x01, 0x02, 0x0c, 0xbb, 0x04, 0x0c, 0xa2, 0x1e, 0x05, 0x00, 0x00, 0x00, 0x3e, 0x9f, 
0x1e, 0x02, 0x0d, 0xbb, 0x04, 0x0b, 0x98, 0x1e, 0x04, 0x00, 0x00, 0x00, 0xbc, 0x02, 0xed, 0x15, 0x65, 0x96, 0x14, 0xbc, 
0x02, 0x02, 0x65, 0x96, 0x14, 0xb7, 0x02, 0x97, 0x12, 0x0b, 0x03, 0xbb, 0x04, 0x0b, 0xa2, 0x28, 0x09, 0x00, 0x00, 0x00, 
0xbc, 0x02, 0x8f, 0x0e, 0x18, 0xa5, 0x14, 0xbc, 0x02, 0x90, 0x05, 0x1d, 0x96, 0x14, 0xbc, 0x02, 0x02, 0x1d, 0x96, 0x14, 
0xbc, 0x02, 0x02, 0x1d, 0x96, 0x14, 0xbc, 0x02, 0x50, 0x1d, 0xa5, 0x14, 0xbe, 0x83, 0xc0, 0x02, 0xe5, 0x1d, 0x65, 0x65, 
0x65, 0x65, 0x9f, 0x09, 0xa0, 0x09, 0x65, 0x46, 0x65, 0x1d, 0x13, 0x0d, 0x0d, 0x1d, 0x1d, 0x13, 0x13, 0x0d, 0x0d, 0x13, 
0x0d, 0x0d, 0x0d, 0x0d, 0x0d, 0x0d, 0x0d, 0x0d, 0x1d, 0x14, 0x0c, 0x13, 0x0c, 0x0c, 0x0c, 0x0c, 0x0d, 0x0d, 0x9d, 0x0d, 
0x18, 0x0d, 0x1d, 0x1d, 0x13, 0x0c, 0x0d, 0x13, 0x0d, 0x0d, 0x1d, 0x0c, 0x0d, 0x13, 0x0d, 0x0d, 0x0d, 0x0b, 0x18, 0x0d, 
0x0d, 0x0b, 0x0d, 0x0d, 0x18, 0x0d, 0x0d, 0x0d, 0x0d, 0x0d, 0x46, 0x13, 0x13, 0x65, 0x65, 0x0d, 0x0d, 0x0d, 0x0d, 0xe5, 
0x0f, 0x0c, 0x0d, 0x0d, 0x0d, 0xe6, 0x0f, 0xe7, 0x0f, 0x0c, 0x0c, 0x0c, 0x0c, 0x8f, 0x10, 0x3e, 0xfa, 0x09, 0x02, 0x9c, 
0x01, 0x39, 0x99, 0x06, 0xd8, 0x32, 0x02, 0x3e, 0xf3, 0x34, 0x01, 0x0c, 0x39, 0x8b, 0x05, 0xbc, 0x36, 0x01, 0xb8, 0x02, 
0xa5, 0x3f, 0x18, 0x04, 0xb8, 0x02, 0x0b, 0x1d, 0x03, 0xce, 0x02, 0xa6, 0x11, 0x50, 0x18, 0x0d, 0xbb, 0x04, 0x0b, 0xb7, 
0x0d, 0x00, 0x01, 0x00, 0x00, 0xbc, 0x02, 0x23, 0xa3, 0x09, 0xc7, 0x02, 0xae, 0x02, 0xe8, 0x13, 0xb5, 0x02, 0x3e, 0xfa, 
0x09, 0x02, 0xa9, 0x0c, 0x39, 0xa6, 0x11, 0xbc, 0x14, 0x02, 0x3e, 0xed, 0x2b, 0x02, 0x50, 0xbb, 0x04, 0x0b, 0x8c, 0x1d, 
0x03, 0x00, 0x00, 0x00, 0xbb, 0x04, 0x0d, 0x0d, 0x00, 0x00, 0x00, 0x00, 0x94, 0x02, 0x85, 0x28, 0xbb, 0x04, 0x0d, 0x82, 
0x02, 0x00, 0x00, 0x80, 0x3f, 0xb7, 0x02, 0xef, 0x01, 0x0c, 0x02, 0xbb, 0x04, 0x0b, 0xe4, 0x29, 0x00, 0x08, 0x00, 0x00, 
0x89, 0x03, 0xdb, 0x27, 0x0d, 0x01, 0x00, 0x00, 0x00, 0x01, 0x00, 0xab, 0x02, 0xd0, 0x05, 0x96, 0x01, 0x3e, 0xfa, 0x09, 
0x00, 0xfe, 0x03, 0x39, 0xfb, 0x08, 0xc8, 0x34, 0x00, 0xae, 0x02, 0x8f, 0x37, 0x0c, 0x3e, 0xfa, 0x09, 0x09, 0xd7, 0x07, 
0x39, 0xd4, 0x0c, 0xa2, 0x17, 0x09, 0x3e, 0xb1, 0x26, 0x09, 0x0c, 0xb7, 0x02, 0xeb, 0x09, 0x0c, 0x03, 0xbb, 0x04, 0x0c, 
0xde, 0x29, 0x00, 0x08, 0x00, 0x00, 0xbc, 0x02, 0x99, 0x08, 0x1d, 0xc7, 0x02, 0xae, 0x02, 0xe8, 0x01, 0xf8, 0x10, 0x3e, 
0xfa, 0x09, 0x02, 0xec, 0x11, 0x39, 0xe9, 0x16, 0xd8, 0x11, 0x02, 0x89, 0x03, 0xfd, 0x3b, 0x0d, 0x01, 0x00, 0x01, 0x00, 
0x01, 0x00, 0xab, 0x02, 0xd2, 0x04, 0xd6, 0x01, 0x3e, 0xfa, 0x09, 0x00, 0xff, 0x03, 0x39, 0xfc, 0x08, 0xe6, 0x2a, 0x00, 
0x3e, 0xa9, 0x32, 0x01, 0x1d, 0x39, 0x9a, 0x05, 0xd0, 0x33, 0x01, 0xbb, 0x04, 0x0c, 0xf3, 0x2c, 0x00, 0x02, 0x00, 0x00, 
0xbb, 0x04, 0x0c, 0xff, 0x0b, 0x00, 0x01, 0x00, 0x00, 0x3e, 0x98, 0x05, 0x01, 0x17, 0x39, 0x94, 0x05, 0xb6, 0x52, 0x01, 
0x39, 0x9a, 0x05, 0xb7, 0x02, 0x01, 0x3e, 0x85, 0x50, 0x01, 0x13, 0x39, 0x90, 0x05, 0xfe, 0x50, 0x01, 0x3e, 0x83, 0x51, 
0x01, 0x0d, 0x3e, 0x02, 0x03, 0x0c, 0x39, 0x8e, 0x05, 0xfc, 0x29, 0x03, 0x39, 0x8b, 0x05, 0xc8, 0x12, 0x01, 0xbb, 0x04, 
0x0c, 0xd1, 0x1d, 0x14, 0x00, 0x00, 0x00, 0xbb, 0x04, 0x0c, 0x06, 0x15, 0x00, 0x00, 0x00, 0xbb, 0x04, 0x0d, 0xe1, 0x28, 
0x00, 0x00, 0x00, 0x40, 0x3e, 0x84, 0x0a, 0x03, 0x1d, 0x39, 0x9b, 0x05, 0xa0, 0x3a, 0x03, 0x3e, 0xb7, 0x3a, 0x03, 0x0d, 
0x39, 0x9b, 0x05, 0x94, 0x2d, 0x03, 0xbc, 0x02, 0xd5, 0x2a, 0x0d, 0x8d, 0x14, 0xde, 0x02, 0xd4, 0x16, 0x1d, 0x0d, 0xae, 
0x06, 0xae, 0x06, 0x3e, 0xfa, 0x09, 0x03, 0xd8, 0x11, 0x39, 0xd5, 0x16, 0xda, 0x1f, 0x03, 0x3e, 0xe1, 0x42, 0x03, 0x13, 
0x39, 0x91, 0x05, 0xe6, 0x45, 0x03, 0xad, 0x06, 0x1d, 0x83, 0x50, 0xc6, 0x06, 0x08, 0xba, 0x58, 0x00, 0x82, 0x0a, 0x18, 
0x82, 0x66, 0x39, 0x95, 0x05, 0xb2, 0x7d, 0x07, 0x01, 0x0c, 0xdb, 0xce, 0x01, 0xb6, 0x26, 0x22, 0xfe, 0x38, 0x00, 0x01, 
0x0c, 0x96, 0x56, 0x94, 0x8f, 0x01, 0x33, 0xe2, 0x05, 0xfa, 0x3d, 0xda, 0x19, 0x8b, 0x14, 0xd6, 0x61, 0x8b, 0x14, 0x01, 
0x65, 0xbc, 0x7b, 0xbc, 0x7b, 0x33, 0x89, 0x05, 0x9b, 0x23, 0xda, 0x19, 0x8b, 0x14, 0xd6, 0x61, 0x91, 0x14, 0x01, 0x0c, 
0x9e, 0x23, 0x9e, 0x23, 0x33, 0x89, 0x05, 0x9b, 0x23, 0xda, 0x19, 0x8b, 0x14, 0xd6, 0x61, 0x94, 0x14, 0x01, 0x0c, 0x9e, 
0x23, 0x9e, 0x23, 0x13, 0x8d, 0x05, 0x9b, 0x23, 0xcf, 0x2d, 0x8a, 0x14, 0x01, 0x0d, 0x9e, 0x23, 0x9e, 0x23, 0x13, 0x8d, 
0x05, 0xd5, 0x0f, 0xcf, 0x2d, 0x8d, 0x14, 0x01, 0x0d, 0x91, 0x9d, 0x01, 0x91, 0x9d, 0x01, 0xc3, 0x10, 0x0d, 0xd0, 0xb0, 
0x01, 0xbc, 0xfe, 0x02, 0xd0, 0xb0, 0x01, 0xc0, 0x0a, 0x13, 0xdb, 0x98, 0x02, 0xf3, 0x94, 0x02, 0xdb, 0x98, 0x02, 0x01, 
0x1d, 0x90, 0x3c, 0x80, 0x66, 0xc7, 0x18, 0x0c, 0x8c, 0xc9, 0x01, 0xd5, 0x0f, 0x80, 0xdc, 0x02, 0xcb, 0x14, 0x09, 0xf7, 
0xaa, 0x01, 0xf7, 0xaa, 0x01, 0x82, 0x9a, 0x01, 0xa7, 0x1e, 0xb1, 0x8e, 0x01, 0x00, 0xba, 0x1e, 0x00, 0xfb, 0x25, 0xb1, 
0x8e, 0x01, 0x18, 0xfc, 0x25, 0x01, 0x0c, 0xf1, 0x0c, 0xd0, 0x9a, 0x01, 0x13, 0x8c, 0x05, 0xa1, 0x70, 0xa5, 0x18, 0x8b, 
0x14, 0x01, 0x0c, 0xd0, 0x7e, 0xd0, 0x7e, 0xc0, 0x10, 0x0c, 0xc6, 0x63, 0xf4, 0x71, 0xc6, 0x63, 0xcb, 0x10, 0x0c, 0xb1, 
0x9d, 0x01, 0xb1, 0x9d, 0x01, 0xda, 0x85, 0x01, 0xc7, 0x10, 0x0c, 0x81, 0x2a, 0xb3, 0xc7, 0x01, 0xd8, 0x5b, 0xd0, 0x0a, 
0x16, 0xda, 0xe8, 0x01, 0xd8, 0xbe, 0x01, 0xda, 0xe8, 0x01, 0xa6, 0xc6, 0x02, 0x99, 0x1e, 0xa4, 0x13, 0x18, 0xa3, 0x13, 
0xe5, 0x1e, 0x16, 0xf7, 0x8d, 0x01, 0x9e, 0x5b, 0x00, 0x00, 0x0a, 0x3a, 0x00, 0x00, 0x9c, 0x33, 0x00, 0x00, 0x96, 0x5f, 
0x00, 0x00, 0xe5, 0x1e, 0x1d, 0xaa, 0x1d, 0x02, 0x29, 0x00, 0x00, 0x0a, 0x3a, 0x00, 0x00, 0x36, 0x3d, 0x00, 0x00, 0x96, 
0x5f, 0x00, 0x00, 0xe5, 0x1e, 0x0c, 0x85, 0x51, 0x0b, 0x0a, 0x00, 0x00, 0x0a, 0x3a, 0x00, 0x00, 0xb5, 0x5d, 0x00, 0x00, 
0x96, 0x5f, 0x00, 0x00, 0xc1, 0x16, 0x09, 0xf5, 0x14, 0xf5, 0x14, 0x95, 0xf8, 0x01, 0xb6, 0x1e, 0x8b, 0x07, 0xdd, 0xf9, 
0x01, 0x00, 0xba, 0x1e, 0x00, 0xbf, 0x18, 0x8b, 0x07, 0x18, 0xc0, 0x18, 0x33, 0x8a, 0x05, 0x8c, 0xc1, 0x01, 0xd5, 0x1f, 
0x8b, 0x14, 0xe2, 0x4c, 0x8a, 0x14, 0x01, 0x0d, 0x85, 0x8e, 0x01, 0x85, 0x8e, 0x01, 0xc7, 0x16, 0x09, 0x81, 0x16, 0x81, 
0x16, 0xfa, 0x91, 0x01, 0xa7, 0x1e, 0xae, 0x4a, 0x00, 0xba, 0x1e, 0x00, 0xf8, 0x0b, 0xae, 0x4a, 0x18, 0xf7, 0x0b, 0xd2, 
0x0a, 0x16, 0xfe, 0x3c, 0xd4, 0x51, 0xf8, 0x1d, 0x02, 0x01, 0xff, 0x03, 0xb0, 0x51, 0xea, 0xff, 0x01, 0xb4, 0x0c, 0xd6, 
0x01, 0xeb, 0x58, 0xeb, 0x58, 0xef, 0x0a, 0x1d, 0xfe, 0x20, 0xfe, 0x20, 0xc2, 0x19, 0x02, 0x8b, 0x14, 0xce, 0x10, 0x1d, 
0xbb, 0x7e, 0xbb, 0x7e, 0xf5, 0x49, 0x4b, 0x1d, 0x9a, 0x87, 0x01, 0xee, 0x22, 0x9a, 0x87, 0x01, 0x99, 0x1e, 0xd4, 0x9d, 
0x01, 0x18, 0xd3, 0x9d, 0x01, 0xe5, 0x1e, 0x16, 0xd4, 0x5e, 0x50, 0x33, 0x00, 0x00, 0x47, 0x27, 0x00, 0x00, 0xcc, 0x3a, 
0x00, 0x00, 0x8d, 0x2b, 0x00, 0x00, 0xe5, 0x1e, 0x1d, 0xb4, 0x26, 0xa5, 0x3a, 0x00, 0x00, 0x47, 0x27, 0x00, 0x00, 0x5c, 
0x43, 0x00, 0x00, 0x8d, 0x2b, 0x00, 0x00, 0x99, 0x1e, 0xbf, 0x89, 0x01, 0x18, 0xc0, 0x89, 0x01, 0xc0, 0x10, 0x0c, 0xc1, 
0x07, 0xa6, 0xdd, 0x01, 0xce, 0xce, 0x02, 0x99, 0x1e, 0xd2, 0x1b, 0x18, 0x8f, 0xeb, 0x01, 0x99, 0x1e, 0xef, 0xc4, 0x01, 
0x18, 0xf0, 0xc4, 0x01, 0xe5, 0x1e, 0x1d, 0xf9, 0x1c, 0x02, 0x29, 0x00, 0x00, 0xa0, 0x2f, 0x00, 0x00, 0xa5, 0x3a, 0x00, 
0x00, 0xed, 0x22, 0x00, 0x00, 0xc7, 0x18, 0x0c, 0xa5, 0x78, 0xbb, 0xc1, 0x01, 0x9a, 0xb6, 0x01, 0xcb, 0x14, 0x09, 0xd2, 
0x6e, 0xd2, 0x6e, 0xe6, 0x81, 0x02, 0xa7, 0x1e, 0xe0, 0x4b, 0x00, 0xba, 0x1e, 0x00, 0x80, 0x43, 0xe0, 0x4b, 0x18, 0xff, 
0x42, 0x01, 0x17, 0xba, 0x04, 0xd8, 0x8e, 0x01, 0x01, 0x1d, 0xb4, 0x11, 0xc4, 0xa2, 0x01, 0x3d, 0x18, 0xf6, 0x20, 0xef, 
0x15, 0xef, 0x15, 0x18, 0x22, 0x91, 0x1e, 0x00, 0xe9, 0x06, 0x08, 0xc1, 0x84, 0x01, 0xfc, 0x51, 0xd3, 0xa2, 0x01, 0x97, 
0x52, 0xcb, 0x63, 0x01, 0x18, 0xcc, 0x57, 0x87, 0x4b, 0xc1, 0x0a, 0x0d, 0xbb, 0x0a, 0xbb, 0x0a, 0x00, 0xd2, 0x0a, 0x1d, 
0xf3, 0x3c, 0xf3, 0x3c, 0xb6, 0xa9, 0x01, 0x00, 0xc1, 0x0a, 0x0d, 0xb0, 0xab, 0x01, 0x80, 0x64, 0x01, 0xd2, 0x0a, 0x1d, 
0x89, 0x3a, 0x89, 0x3a, 0xa6, 0x71, 0x01, 0xc1, 0x0a, 0x0d, 0xfa, 0x6b, 0xf0, 0x95, 0x01, 0x02, 0xd2, 0x0a, 0x1d, 0xe7, 
0xd6, 0x01, 0xe7, 0xd6, 0x01, 0xed, 0x6a, 0x02, 0x99, 0x1e, 0xa9, 0x2e, 0x18, 0xaa, 0x2e, 0xe5, 0x1e, 0x1d, 0x8a, 0x55, 
0xe8, 0x4c, 0x00, 0x00, 0x25, 0x54, 0x00, 0x00, 0xf9, 0x2b, 0x00, 0x00, 0xbe, 0x39, 0x00, 0x00, 0x3d, 0x18, 0xce, 0x29, 
0xce, 0x29, 0xce, 0x29, 0x18, 0xc1, 0x0a, 0x0d, 0x93, 0x77, 0x93, 0x77, 0x00, 0xc1, 0x0a, 0x1d, 0xbc, 0x1c, 0xc5, 0x7a, 
0x00, 0xce, 0x10, 0x1d, 0xec, 0x1b, 0xec, 0x1b, 0xa8, 0x38, 0xc1, 0x0a, 0x0d, 0xbe, 0x14, 0xad, 0x2a, 0x01, 0xc1, 0x0a, 
0x1d, 0x99, 0xd0, 0x01, 0xb5, 0x9a, 0x02, 0x01, 0xce, 0x10, 0x1d, 0xde, 0xbb, 0x01, 0xde, 0xbb, 0x01, 0xbb, 0x14, 0xc1, 
0x0a, 0x0d, 0xbe, 0x14, 0xab, 0x2a, 0x02, 0xc1, 0x0a, 0x1d, 0x99, 0xd0, 0x01, 0xb3, 0x9a, 0x02, 0x02, 0xce, 0x10, 0x1d, 
0xfa, 0xc9, 0x01, 0xfa, 0xc9, 0x01, 0x9f, 0x06, 0xc1, 0x0a, 0x1d, 0xaf, 0x7f, 0xe9, 0xcf, 0x01, 0x03, 0x4b, 0x1d, 0x95, 
0x0d, 0xc5, 0x8c, 0x01, 0x95, 0x0d, 0x4b, 0x1d, 0xf6, 0x41, 0xb1, 0x3c, 0xf6, 0x41, 0x4b, 0x1d, 0xaa, 0x1f, 0x85, 0x1d, 
0xaa, 0x1f, 0xc0, 0x0a, 0xa4, 0x08, 0xba, 0x36, 0xc8, 0xcf, 0x01, 0xba, 0x36, 0x23, 0xe2, 0x05, 0xb3, 0x28, 0xc5, 0x1f, 
0x9a, 0x14, 0x8b, 0x14, 0x01, 0x65, 0xbf, 0x76, 0xbf, 0x76, 0xc1, 0x0a, 0x1d, 0xd4, 0xc8, 0x01, 0xe0, 0x29, 0x01, 0xc1, 
0x12, 0x1d, 0x93, 0xa6, 0x01, 0xc0, 0x22, 0x93, 0xa6, 0x01, 0x13, 0xe2, 0x05, 0x9e, 0x18, 0xc5, 0x1f, 0x8b, 0x14, 0x01, 
0x65, 0xb5, 0x57, 0xb5, 0x57, 0xc1, 0x12, 0x1d, 0xd3, 0x18, 0xd3, 0x18, 0xff, 0xfd, 0x01, 0xc1, 0x0a, 0x0d, 0xa6, 0xc3, 
0x01, 0xa6, 0xc3, 0x01, 0x02, 0x3f, 0x0d, 0xc3, 0x24, 0xc3, 0x24, 0x13, 0x8a, 0x05, 0xae, 0x7d, 0xc5, 0x1f, 0xc7, 0x14, 
0x01, 0x0d, 0xdd, 0x3b, 0xdd, 0x3b, 0x4a, 0x0d, 0xbb, 0x9a, 0x01, 0xeb, 0x58, 0xbb, 0x9a, 0x01, 0x13, 0x8a, 0x05, 0x90, 
0x27, 0xc5, 0x1f, 0xca, 0x14, 0x01, 0x0d, 0xb7, 0x51, 0xb7, 0x51, 0xc3, 0x10, 0x0d, 0xa8, 0x87, 0x01, 0x80, 0x5d, 0xa8, 
0x87, 0x01, 0x4a, 0x0d, 0xb7, 0x14, 0xb7, 0x14, 0xa8, 0xf1, 0x01, 0xc3, 0x10, 0x0d, 0x9b, 0x5f, 0x9b, 0x5f, 0xaa, 0x90, 
0x01, 0x13, 0x8f, 0x05, 0xba, 0xf7, 0x01, 0xab, 0x22, 0x93, 0x14, 0x22, 0x00, 0xba, 0xf7, 0x01, 0x22, 0xc6, 0xd2, 0x02, 
0xf0, 0xce, 0x01, 0xc1, 0x0a, 0x0d, 0x9f, 0x94, 0x02, 0xaf, 0x45, 0x01, 0x3f, 0x0d, 0x94, 0xcd, 0x01, 0x94, 0xcd, 0x01, 
0xd2, 0x0a, 0x1d, 0xe1, 0x3d, 0xe1, 0x3d, 0x82, 0x4a, 0x01, 0x13, 0x9b, 0x05, 0xae, 0x19, 0xc2, 0x26, 0x8b, 0x14, 0x22, 
0x00, 0xae, 0x19, 0x8d, 0x1e, 0x88, 0x06, 0xc6, 0x06, 0x08, 0x95, 0xd7, 0x01, 0x00, 0x8b, 0x03, 0xa7, 0x06, 0x95, 0x05, 
0x9d, 0x04, 0xa7, 0x06, 0x17, 0xd4, 0x16, 0xa7, 0x06, 0x1d, 0xd7, 0x12, 0x18, 0xe2, 0x9e, 0x02, 0xc1, 0x0a, 0x0d, 0xd3, 
0xaf, 0x01, 0x8e, 0x6f, 0x03, 0xce, 0x16, 0x09, 0xa0, 0x4a, 0xa0, 0x4a, 0x96, 0xd8, 0x01, 0xa7, 0x1e, 0xfe, 0x24, 0x00, 
0xba, 0x1e, 0x00, 0xbc, 0x9c, 0x01, 0xfe, 0x24, 0x18, 0xbb, 0x9c, 0x01, 0xc1, 0x0a, 0x0d, 0xce, 0xd7, 0x01, 0xc0, 0xf4, 
0x01, 0x00, 0xc1, 0x0a, 0x0b, 0xf5, 0x9d, 0x01, 0xf2, 0x43, 0x00, 0x01, 0x18, 0xc6, 0x7b, 0x8c, 0xd6, 0x01, 0x33, 0xcd, 
0x05, 0xec, 0x57, 0xc4, 0x1b, 0x8b, 0x14, 0xe5, 0x4e, 0x8b, 0x14, 0x01, 0x50, 0xd7, 0x0f, 0xd7, 0x0f, 0xb4, 0x0a, 0x56, 
0xb5, 0xbc, 0x01, 0x52, 0x58, 0x00, 0x00, 0xc1, 0x0a, 0x0d, 0xd8, 0x9c, 0x01, 0xb6, 0x28, 0x00, 0xc1, 0x0a, 0x18, 0xdb, 
0x85, 0x01, 0xfc, 0x16, 0x00, 0xce, 0x10, 0x18, 0x96, 0x74, 0x96, 0x74, 0xc5, 0x11, 0xc1, 0x0a, 0x0d, 0xbe, 0x14, 0xae, 
0x2b, 0x01, 0xc1, 0x0a, 0x18, 0x8d, 0x0b, 0xc2, 0x94, 0x01, 0x01, 0xce, 0x10, 0x18, 0xad, 0x09, 0xad, 0x09, 0xbb, 0x14, 
0xc1, 0x0a, 0x0d, 0xbe, 0x14, 0xb0, 0x2b, 0x02, 0xc1, 0x0a, 0x18, 0x8d, 0x0b, 0xc4, 0x94, 0x01, 0x02, 0xce, 0x10, 0x18, 
0xee, 0x04, 0xee, 0x04, 0x9f, 0x06, 0xc1, 0x0a, 0x18, 0xaf, 0x7f, 0x82, 0x1a, 0x03, 0x4b, 0x18, 0x95, 0x0d, 0xc5, 0x8c, 
0x01, 0x95, 0x0d, 0x4b, 0x18, 0xaa, 0x54, 0xfd, 0x29, 0xaa, 0x54, 0x4b, 0x18, 0x96, 0x2f, 0x9a, 0x05, 0x96, 0x2f, 0xce, 
0x10, 0x18, 0xb1, 0x09, 0xb1, 0x09, 0xd7, 0x0f, 0xc1, 0x0a, 0x0d, 0xf7, 0xc4, 0x01, 0xf0, 0x1f, 0x01, 0xc1, 0x0a, 0x0b, 
0xdc, 0x7e, 0xf4, 0x8b, 0x01, 0x01, 0x01, 0x18, 0xc6, 0x33, 0x8e, 0xd6, 0x01, 0x33, 0xcd, 0x05, 0xec, 0x57, 0xc4, 0x1b, 
0x8b, 0x14, 0xe6, 0x72, 0x8b, 0x14, 0x01, 0x50, 0xd7, 0x0f, 0xd7, 0x0f, 0xb4, 0x0a, 0x56, 0xb5, 0xbc, 0x01, 0x53, 0x58, 
0x00, 0x00, 0xc1, 0x0a, 0x0d, 0xd8, 0x9c, 0x01, 0xb6, 0x28, 0x00, 0xc1, 0x0a, 0x18, 0xdb, 0x85, 0x01, 0xfc, 0x16, 0x00, 
0xce, 0x10, 0x18, 0x98, 0x74, 0x98, 0x74, 0xc3, 0x11, 0xc1, 0x0a, 0x0d, 0xbe, 0x14, 0xb0, 0x2b, 0x01, 0xc1, 0x0a, 0x18, 
0x8d, 0x0b, 0xc4, 0x94, 0x01, 0x01, 0xce, 0x10, 0x18, 0xad, 0x09, 0xad, 0x09, 0xbb, 0x14, 0xc1, 0x0a, 0x0d, 0xbe, 0x14, 
0xb2, 0x2b, 0x02, 0xc1, 0x0a, 0x18, 0x8d, 0x0b, 0xc6, 0x94, 0x01, 0x02, 0xce, 0x10, 0x18, 0xec, 0x04, 0xec, 0x04, 0xa1, 
0x06, 0xc1, 0x0a, 0x18, 0xaf, 0x7f, 0x82, 0x1a, 0x03, 0x4b, 0x18, 0x95, 0x0d, 0xc5, 0x8c, 0x01, 0x95, 0x0d, 0x4b, 0x18, 
0xaa, 0x54, 0xff, 0x29, 0xaa, 0x54, 0x4b, 0x18, 0xb4, 0x3d, 0xb6, 0x13, 0xb4, 0x3d, 0xce, 0x10, 0x18, 0xb1, 0x99, 0x01, 
0xb1, 0x99, 0x01, 0x98, 0x43, 0x4b, 0x18, 0x9b, 0x31, 0xfb, 0xb2, 0x01, 0x9b, 0x31, 0xc1, 0x0a, 0x0d, 0xe4, 0x31, 0xd0, 
0x63, 0x02, 0xc1, 0x0a, 0x0b, 0xbe, 0x2e, 0xb6, 0x7f, 0x02, 0x01, 0x18, 0x86, 0x40, 0x90, 0xd6, 0x01, 0x33, 0xcd, 0x05, 
0xec, 0x57, 0xc4, 0x1b, 0x8b, 0x14, 0xc7, 0x6c, 0x8b, 0x14, 0x01, 0x50, 0xd7, 0x0f, 0xd7, 0x0f, 0xb4, 0x0a, 0x56, 0xb5, 
0xbc, 0x01, 0x54, 0x58, 0x00, 0x00, 0xc1, 0x0a, 0x0d, 0xd8, 0x9c, 0x01, 0xb6, 0x28, 0x00, 0xc1, 0x0a, 0x18, 0xdb, 0x85, 
0x01, 0xfc, 0x16, 0x00, 0xce, 0x10, 0x18, 0x9a, 0x74, 0x9a, 0x74, 0xc1, 0x11, 0xc1, 0x0a, 0x0d, 0xbe, 0x14, 0xb2, 0x2b, 
0x01, 0xc1, 0x0a, 0x18, 0x8d, 0x0b, 0xc6, 0x94, 0x01, 0x01, 0xce, 0x10, 0x18, 0xad, 0x09, 0xad, 0x09, 0xbb, 0x14, 0xc1, 
0x0a, 0x0d, 0xbe, 0x14, 0xb4, 0x2b, 0x02, 0xc1, 0x0a, 0x18, 0x8d, 0x0b, 0xc8, 0x94, 0x01, 0x02, 0xce, 0x10, 0x18, 0xea, 
0x04, 0xea, 0x04, 0xa3, 0x06, 0xc1, 0x0a, 0x18, 0xaf, 0x7f, 0x82, 0x1a, 0x03, 0x4b, 0x18, 0x95, 0x0d, 0xc5, 0x8c, 0x01, 
0x95, 0x0d, 0x4b, 0x18, 0xaa, 0x54, 0x81, 0x2a, 0xaa, 0x54, 0x4b, 0x18, 0xb4, 0x3d, 0xb4, 0x13, 0xb4, 0x3d, 0xce, 0x10, 
0x18, 0xb1, 0x99, 0x01, 0xb1, 0x99, 0x01, 0x45, 0x4b, 0x18, 0x95, 0x37, 0xf7, 0x05, 0x95, 0x37, 0xc1, 0x0a, 0x0b, 0xfc, 
0x6e, 0x98, 0x88, 0x01, 0x03, 0x01, 0x18, 0xd6, 0x9b, 0x01, 0xc2, 0xba, 0x02, 0x33, 0xcd, 0x05, 0xc3, 0x0c, 0xc4, 0x1b, 
0x8b, 0x14, 0xf8, 0x70, 0x8b, 0x14, 0x01, 0x50, 0xd7, 0x0f, 0xd7, 0x0f, 0xb4, 0x0a, 0x56, 0xb5, 0xbc, 0x01, 0x55, 0x58, 
0x00, 0x00, 0xc1, 0x0a, 0x0d, 0xd8, 0x9c, 0x01, 0xf9, 0x3b, 0x00, 0xc1, 0x0a, 0x18, 0xdb, 0x85, 0x01, 0xfc, 0x16, 0x00, 
0xce, 0x10, 0x18, 0x9c, 0x74, 0x9c, 0x74, 0xbf, 0x11, 0xc1, 0x0a, 0x0d, 0xbe, 0x14, 0xfb, 0x38, 0x01, 0xc1, 0x0a, 0x18, 
0x8d, 0x0b, 0xc8, 0x94, 0x01, 0x01, 0xce, 0x10, 0x18, 0xad, 0x09, 0xad, 0x09, 0xbb, 0x14, 0xc1, 0x0a, 0x0d, 0xbe, 0x14, 
0xf9, 0x38, 0x02, 0xc1, 0x0a, 0x18, 0x8d, 0x0b, 0xca, 0x94, 0x01, 0x02, 0xce, 0x10, 0x18, 0xe8, 0x04, 0xe8, 0x04, 0xa5, 
0x06, 0xc1, 0x0a, 0x18, 0xaf, 0x7f, 0x82, 0x1a, 0x03, 0x4b, 0x18, 0x95, 0x0d, 0xc5, 0x8c, 0x01, 0x95, 0x0d, 0x4b, 0x18, 
0xaa, 0x54, 0x83, 0x2a, 0xaa, 0x54, 0x4b, 0x18, 0xb4, 0x3d, 0xb2, 0x13, 0xb4, 0x3d, 0xce, 0x10, 0x18, 0x87, 0x9f, 0x01, 
0x87, 0x9f, 0x01, 0xd7, 0x11, 0x4b, 0x18, 0xec, 0x3a, 0xae, 0x6c, 0xec, 0x3a, 0x22, 0x9e, 0x9c, 0x01, 0x00, 0x8d, 0x1e, 
0x18, 0xf1, 0x03, 0xc1, 0x0a, 0x0d, 0xbe, 0x53, 0xee, 0xe7, 0x01, 0x00, 0xc1, 0x0a, 0x0b, 0xa1, 0x91, 0x01, 0xf4, 0x43, 
0x00, 0x01, 0x18, 0xca, 0x7b, 0x92, 0xd6, 0x01, 0x33, 0xcd, 0x05, 0xee, 0x57, 0xc4, 0x1b, 0x8b, 0x14, 0xe6, 0x4e, 0x8b, 
0x14, 0x01, 0x50, 0xd7, 0x0f, 0xd7, 0x0f, 0xb4, 0x0a, 0x56, 0xb5, 0xbc, 0x01, 0x56, 0x58, 0x00, 0x00, 0xc1, 0x0a, 0x0d, 
0xd8, 0x9c, 0x01, 0xb8, 0x28, 0x00, 0xc1, 0x0a, 0x18, 0xdb, 0x85, 0x01, 0xfc, 0x16, 0x00, 0xce, 0x10, 0x18, 0x9e, 0x74, 
0x9e, 0x74, 0xbd, 0x11, 0xc1, 0x0a, 0x0d, 0xbe, 0x14, 0xb8, 0x2b, 0x01, 0xc1, 0x0a, 0x18, 0x8d, 0x0b, 0xca, 0x94, 0x01, 
0x01, 0xce, 0x10, 0x18, 0xad, 0x09, 0xad, 0x09, 0xbb, 0x14, 0xc1, 0x0a, 0x0d, 0xbe, 0x14, 0xba, 0x2b, 0x02, 0xc1, 0x0a, 
0x18, 0x8d, 0x0b, 0xcc, 0x94, 0x01, 0x02, 0xce, 0x10, 0x18, 0xe6, 0x04, 0xe6, 0x04, 0xa7, 0x06, 0xc1, 0x0a, 0x18, 0xaf, 
0x7f, 0x82, 0x1a, 0x03, 0x4b, 0x18, 0x95, 0x0d, 0xc5, 0x8c, 0x01, 0x95, 0x0d, 0x4b, 0x18, 0xaa, 0x54, 0x85, 0x2a, 0xaa, 
0x54, 0x4b, 0x18, 0x90, 0x2f, 0x8c, 0x05, 0x90, 0x2f, 0xce, 0x10, 0x18, 0xb1, 0x09, 0xb1, 0x09, 0x83, 0x03, 0xc1, 0x0a, 
0x0d, 0xf7, 0xc4, 0x01, 0xf2, 0x1f, 0x01, 0xc1, 0x0a, 0x0b, 0xdc, 0x7e, 0xf6, 0x8b, 0x01, 0x01, 0x01, 0x18, 0xca, 0x33, 
0x94, 0xd6, 0x01, 0x33, 0xcd, 0x05, 0xee, 0x57, 0xc4, 0x1b, 0x8b, 0x14, 0xe7, 0x72, 0x8b, 0x14, 0x01, 0x50, 0xd7, 0x0f, 
0xd7, 0x0f, 0xb4, 0x0a, 0x56, 0xb5, 0xbc, 0x01, 0x57, 0x58, 0x00, 0x00, 0xc1, 0x0a, 0x0d, 0xd8, 0x9c, 0x01, 0xb8, 0x28, 
0x00, 0xc1, 0x0a, 0x18, 0xdb, 0x85, 0x01, 0xfc, 0x16, 0x00, 0xce, 0x10, 0x18, 0xa0, 0x74, 0xa0, 0x74, 0xbb, 0x11, 0xc1, 
0x0a, 0x0d, 0xbe, 0x14, 0xba, 0x2b, 0x01, 0xc1, 0x0a, 0x18, 0x8d, 0x0b, 0xcc, 0x94, 0x01, 0x01, 0xce, 0x10, 0x18, 0xad, 
0x09, 0xad, 0x09, 0xbb, 0x14, 0xc1, 0x0a, 0x0d, 0xbe, 0x14, 0xbc, 0x2b, 0x02, 0xc1, 0x0a, 0x18, 0x8d, 0x0b, 0xce, 0x94, 
0x01, 0x02, 0xce, 0x10, 0x18, 0xe4, 0x04, 0xe4, 0x04, 0xa9, 0x06, 0xc1, 0x0a, 0x18, 0xaf, 0x7f, 0x82, 0x1a, 0x03, 0x4b, 
0x18, 0x95, 0x0d, 0xc5, 0x8c, 0x01, 0x95, 0x0d, 0x4b, 0x18, 0xaa, 0x54, 0x87, 0x2a, 0xaa, 0x54, 0x4b, 0x18, 0xb2, 0x3d, 
0xac, 0x13, 0xb2, 0x3d, 0xce, 0x10, 0x18, 0xb3, 0x99, 0x01, 0xb3, 0x99, 0x01, 0x9a, 0x43, 0x4b, 0x18, 0x9d, 0x31, 0xfb, 
0xb2, 0x01, 0x9d, 0x31, 0xc1, 0x0a, 0x0d, 0xe4, 0x31, 0xd2, 0x63, 0x02, 0xc1, 0x0a, 0x0b, 0xbe, 0x2e, 0xb8, 0x7f, 0x02, 
0x01, 0x18, 0x8a, 0x40, 0x96, 0xd6, 0x01, 0x33, 0xcd, 0x05, 0xee, 0x57, 0xc4, 0x1b, 0x8b, 0x14, 0xc8, 0x6c, 0x8b, 0x14, 
0x01, 0x50, 0xd7, 0x0f, 0xd7, 0x0f, 0xb4, 0x0a, 0x56, 0xb5, 0xbc, 0x01, 0x58, 0x58, 0x00, 0x00, 0xc1, 0x0a, 0x0d, 0xd8, 
0x9c, 0x01, 0xb8, 0x28, 0x00, 0xc1, 0x0a, 0x18, 0xdb, 0x85, 0x01, 0xfc, 0x16, 0x00, 0xce, 0x10, 0x18, 0xa2, 0x74, 0xa2, 
0x74, 0xb9, 0x11, 0xc1, 0x0a, 0x0d, 0xbe, 0x14, 0xbc, 0x2b, 0x01, 0xc1, 0x0a, 0x18, 0x8d, 0x0b, 0xce, 0x94, 0x01, 0x01, 
0xce, 0x10, 0x18, 0xad, 0x09, 0xad, 0x09, 0xbb, 0x14, 0xc1, 0x0a, 0x0d, 0xbe, 0x14, 0xbe, 0x2b, 0x02, 0xc1, 0x0a, 0x18, 
0x8d, 0x0b, 0xd0, 0x94, 0x01, 0x02, 0xce, 0x10, 0x18, 0xe2, 0x04, 0xe2, 0x04, 0xab, 0x06, 0xc1, 0x0a, 0x18, 0xaf, 0x7f, 
0x82, 0x1a, 0x03, 0x4b, 0x18, 0x95, 0x0d, 0xc5, 0x8c, 0x01, 0x95, 0x0d, 0x4b, 0x18, 0xaa, 0x54, 0x89, 0x2a, 0xaa, 0x54, 
0x4b, 0x18, 0xb2, 0x3d, 0xaa, 0x13, 0xb2, 0x3d, 0xce, 0x10, 0x18, 0xe5, 0x8b, 0x01, 0xe5, 0x8b, 0x01, 0x8a, 0x0d, 0x4b, 
0x18, 0xce, 0x7d, 0xbc, 0xbc, 0x01, 0xce, 0x7d, 0x3f, 0x0d, 0xba, 0x08, 0xd6, 0x87, 0x01, 0xc3, 0x10, 0x0d, 0xdd, 0x42, 
0xdd, 0x42, 0xf2, 0xf8, 0x01, 0xbd, 0x0c, 0x0b, 0x88, 0x53, 0x88, 0x53, 0xc1, 0x0a, 0x0b, 0xf7, 0x4f, 0xbe, 0xa4, 0x01, 
0x03, 0xc2, 0x10, 0x0b, 0x8c, 0x45, 0x8c, 0x45, 0xfc, 0x9a, 0x02, 0xc0, 0x10, 0x0b, 0xfc, 0x43, 0x90, 0x39, 0xfc, 0x43, 
0x99, 0x1e, 0xca, 0x1a, 0x18, 0xc9, 0x1a, 0xe5, 0x1e, 0x18, 0xf9, 0xa1, 0x01, 0x55, 0x4d, 0x00, 0x00, 0xd8, 0x36, 0x00, 
0x00, 0x4f, 0x3c, 0x00, 0x00, 0x47, 0x4a, 0x00, 0x00, 0xe5, 0x1e, 0x0b, 0x95, 0x29, 0x87, 0x53, 0x00, 0x00, 0xd8, 0x36, 
0x00, 0x00, 0x83, 0x34, 0x00, 0x00, 0x47, 0x4a, 0x00, 0x00, 0xc0, 0x16, 0x09, 0x92, 0x10, 0x92, 0x10, 0xc7, 0xd5, 0x01, 
0xb6, 0x1e, 0x87, 0x58, 0xb7, 0x77, 0x00, 0xba, 0x1e, 0x00, 0xb7, 0x77, 0x87, 0x58, 0x18, 0xb8, 0x77, 0xc9, 0x10, 0x0b, 
0xa7, 0xc2, 0x01, 0xdd, 0x3a, 0xde, 0x3c, 0xbc, 0x0e, 0x0c, 0xae, 0x5d, 0xae, 0x5d, 0xc6, 0x10, 0x0b, 0xb5, 0x3c, 0xe5, 
0x19, 0xd6, 0x5d, 0xbc, 0x0e, 0x0c, 0xaa, 0xf6, 0x01, 0xaa, 0xf6, 0x01, 0xc0, 0x0a, 0x12, 0xab, 0xc3, 0x01, 0xb7, 0x09, 
0xab, 0xc3, 0x01, 0x01, 0xfe, 0x03, 0xc4, 0xca, 0x01, 0xe2, 0xbe, 0x02, 0xb4, 0x0c, 0x96, 0x01, 0xbf, 0xbb, 0x01, 0xbf, 
0xbb, 0x01, 0xef, 0x0a, 0x1d, 0x85, 0x41, 0x85, 0x41, 0x81, 0x32, 0x02, 0x8b, 0x14, 0x2d, 0x13, 0xfa, 0xdf, 0x01, 0xfa, 
0xdf, 0x01, 0xfa, 0xdf, 0x01, 0x10, 0xc1, 0x0a, 0x0d, 0xb2, 0x06, 0xb2, 0x06, 0x00, 0xbd, 0x0c, 0x0b, 0xe6, 0x0d, 0xe6, 
0x0d, 0x01, 0x18, 0x83, 0xda, 0x01, 0xe4, 0x5f, 0x33, 0xcd, 0x05, 0xd3, 0x29, 0xc4, 0x1b, 0x8b, 0x14, 0xb6, 0xbe, 0x01, 
0x8b, 0x14, 0x01, 0x50, 0x9e, 0xe8, 0x01, 0x9e, 0xe8, 0x01, 0xb4, 0x0a, 0x56, 0xb5, 0xbc, 0x01, 0x59, 0x58, 0x00, 0x00, 
0xc1, 0x0a, 0x0d, 0xd8, 0x9c, 0x01, 0xec, 0x9e, 0x01, 0x00, 0xc1, 0x0a, 0x18, 0xdb, 0x85, 0x01, 0xfc, 0x16, 0x00, 0xce, 
0x10, 0x18, 0xa4, 0x74, 0xa4, 0x74, 0xb7, 0x11, 0xc1, 0x0a, 0x0d, 0xbe, 0x14, 0xf2, 0xa1, 0x01, 0x01, 0xc1, 0x0a, 0x18, 
0x8d, 0x0b, 0xd0, 0x94, 0x01, 0x01, 0xce, 0x10, 0x18, 0xad, 0x09, 0xad, 0x09, 0xbb, 0x14, 0xc1, 0x0a, 0x0d, 0xbe, 0x14, 
0xf4, 0xa1, 0x01, 0x02, 0xc1, 0x0a, 0x18, 0x8d, 0x0b, 0xd2, 0x94, 0x01, 0x02, 0xce, 0x10, 0x18, 0xe0, 0x04, 0xe0, 0x04, 
0xad, 0x06, 0xc1, 0x0a, 0x18, 0xaf, 0x7f, 0x82, 0x1a, 0x03, 0x4b, 0x18, 0x95, 0x0d, 0xc5, 0x8c, 0x01, 0x95, 0x0d, 0x4b, 
0x18, 0x8e, 0x42, 0xa7, 0x3c, 0x8e, 0x42, 0x4b, 0x18, 0xd9, 0x31, 0xff, 0x6d, 0xd9, 0x31, 0xc1, 0x0a, 0x0d, 0x9a, 0x75, 
0x9d, 0x31, 0x01, 0xce, 0x10, 0x18, 0xe5, 0x16, 0xb4, 0x5e, 0xe5, 0x16, 0x4b, 0x18, 0xb1, 0x2f, 0xc4, 0x26, 0xb1, 0x2f, 
0xc0, 0x10, 0x0b, 0x97, 0x1f, 0xc2, 0x30, 0xea, 0xa9, 0x01, 0x99, 0x1e, 0xcd, 0x9a, 0x01, 0x18, 0xd8, 0x37, 0x22, 0xda, 
0xc6, 0x01, 0x84, 0x3f, 0x8d, 0x1e, 0x88, 0x06, 0x00, 0x00, 0x00, 0x00, 0xf2, 0x12, 0x00, 0x00, 0x00, 0x00, 0x00, 0x00, 
0x4c, 0x4f, 0x4d, 0x53, 0x00, 0x03, 0x01, 0x00, 0x0b, 0x00, 0x08, 0x00, 0x7d, 0x62, 0x00, 0x00, 0x00, 0x00, 0x00, 0x00, 
0x64, 0x33, 0x00, 0x00, 0x91, 0x02, 0x01, 0x91, 0x02, 0x20, 0xd1, 0x10, 0x02, 0x47, 0x4c, 0x53, 0x4c, 0x2e, 0x73, 0x74, 
0x64, 0x2e, 0x34, 0x35, 0x30, 0x00, 0x00, 0x00, 0x00, 0xa0, 0x04, 0x00, 0x01, 0xff, 0x0f, 0x00, 0x9f, 0x2c, 0xed, 0xc2, 
0xa5, 0xf3, 0x06, 0x00, 0x8c, 0x1a, 0xa9, 0x20, 0x82, 0x1f, 0xaf, 0x2e, 0x93, 0x2d, 0xcf, 0x2d, 0xb0, 0x23, 0xab, 0x22, 
0xd9, 0x1b, 0xc2, 0x26, 0x84, 0x28, 0x10, 0xa2, 0x1e, 0x06, 0x10, 0x37, 0xeb, 0x01, 0x0b, 0x00, 0x05, 0x00, 0x07, 0x01, 
0x10, 0x00, 0x23, 0x00, 0x01, 0x05, 0x00, 0x07, 0x01, 0x10, 0x00, 0x23, 0x40, 0x01, 0x23, 0x30, 0x01, 0x23, 0x04, 0x01, 
0x23, 0x04, 0x01, 0x23, 0x04, 0x01, 0x23, 0x04, 0x10, 0x90, 0x32, 0x01, 0x01, 0x10, 0x9b, 0x45, 0x06, 0x80, 0x02, 0x00, 
0xa8, 0x18, 0x02, 0x47, 0x00, 0x01, 0x00, 0x23, 0x00, 0x10, 0xe2, 0x11, 0x21, 0x00, 0x10, 0x00, 0x22, 0x01, 0x00, 0x64, 
0x0e, 0x10, 0x00, 0x1e, 0x0a, 0x10, 0xb2, 0x21, 0x01, 0x08, 0x10, 0xdd, 0x3e, 0x06, 0x40, 0x10, 0x02, 0x06, 0x40, 0x10, 
0xac, 0x04, 0x06, 0x10, 0x10, 0xae, 0x05, 0x06, 0x10, 0x10, 0x02, 0x06, 0x10, 0x10, 0x02, 0x06, 0x10, 0x10, 0x50, 0x06, 
0x10, 0x00, 0xef, 0x1e, 0x02, 0x37, 0x00, 0x95, 0x00, 0x05, 0x00, 0x07, 0x01, 0x10, 0x00, 0x23, 0x00, 0x01, 0x05, 0x00, 
0x07, 0x01, 0x10, 0x00, 0x23, 0x40, 0x01, 0x05, 0x00, 0x07, 0x01, 0x10, 0x00, 0x23, 0x40, 0x01, 0x05, 0x00, 0x07, 0x01, 
0x10, 0x00, 0x23, 0x40, 0x01, 0x05, 0x00, 0x07, 0x01, 0x10, 0x00, 0x23, 0x40, 0x01, 0x05, 0x00, 0x07, 0x01, 0x10, 0x00, 
0x23, 0x80, 0x02, 0x01, 0x05, 0x00, 0x07, 0x01, 0x10, 0x00, 0x23, 0x80, 0x02, 0x01, 0x05, 0x00, 0x07, 0x01, 0x10, 0x00, 
0x23, 0x40, 0x01, 0x05, 0x00, 0x07, 0x01, 0x10, 0x00, 0x23, 0x30, 0x01, 0x23, 0x40, 0x01, 0x23, 0x10, 0x01, 0x23, 0x08, 
0x01, 0x23, 0x04, 0x01, 0x23, 0x04, 0x01, 0x23, 0x10, 0x01, 0x23, 0x10, 0x01, 0x23, 0x08, 0x01, 0x23, 0x08, 0x01, 0x23, 
0x04, 0x01, 0x00, 0x00, 0x23, 0x04, 0x01, 0x23, 0x08, 0x01, 0x23, 0x04, 0x01, 0x23, 0x04, 0x01, 0x23, 0x04, 0x01, 0x23, 
0x04, 0x01, 0x23, 0x04, 0x01, 0x00, 0x00, 0x23, 0x04, 0x01, 0x00, 0x00, 0x23, 0x04, 0x01, 0x00, 0x00, 0x23, 0x04, 0x01, 
0x00, 0x00, 0x23, 0x10, 0x01, 0x00, 0x00, 0x23, 0x0c, 0x01, 0x00, 0x00, 0x23, 0x04, 0x01, 0x00, 0x00, 0x23, 0x08, 0x01, 
0x00, 0x00, 0x23, 0x04, 0x01, 0x00, 0x00, 0x23, 0x04, 0x01, 0x00, 0x00, 0x23, 0x04, 0x01, 0x23, 0x04, 0x01, 0x00, 0x00, 
0x23, 0x04, 0x01, 0x00, 0x00, 0x23, 0x04, 0x01, 0x23, 0x90, 0x01, 0x01, 0x00, 0x00, 0x23, 0x0c, 0x01, 0x23, 0x04, 0x01, 
0x23, 0x10, 0x01, 0x23, 0x10, 0x01, 0x00, 0x00, 0x23, 0x08, 0x01, 0x00, 0x00, 0x23, 0x04, 0x01, 0x23, 0x04, 0x01, 0x00, 
0x00, 0x23, 0x08, 0x01, 0x00, 0x00, 0x23, 0x04, 0x01, 0x23, 0x04, 0x01, 0x00, 0x00, 0x23, 0x10, 0x01, 0x00, 0x00, 0x23, 
0x04, 0x01, 0x23, 0x04, 0x01, 0x00, 0x00, 0x23, 0x08, 0x01, 0x23, 0x04, 0x01, 0x00, 0x00, 0x23, 0x04, 0x01, 0x00, 0x00, 
0x23, 0x04, 0x01, 0x23, 0x04, 0x01, 0x23, 0x0c, 0x01, 0x23, 0x04, 0x01, 0x23, 0x04, 0x01, 0x23, 0x04, 0x01, 0x23, 0x04, 
0x01, 0x23, 0x04, 0x01, 0x23, 0x0c, 0x01, 0x23, 0x04, 0x01, 0x23, 0x04, 0x01, 0x23, 0x04, 0x01, 0x23, 0x04, 0x01, 0x05, 
0x00, 0x07, 0x01, 0x10, 0x00, 0x23, 0x04, 0x01, 0x23, 0x30, 0x01, 0x23, 0x08, 0x01, 0x05, 0x00, 0x07, 0x01, 0x10, 0x00, 
0x23, 0x08, 0x01, 0x05, 0x00, 0x07, 0x01, 0x10, 0x00, 0x23, 0x40, 0x01, 0x00, 0x00, 0x23, 0x40, 0x01, 0x00, 0x00, 0x23, 
0x04, 0x01, 0x00, 0x00, 0x23, 0x04, 0x01, 0x00, 0x00, 0x23, 0x04, 0x01, 0x23, 0x04, 0x01, 0x23, 0x40, 0x01, 0x00, 0x00, 
0x23, 0x04, 0x01, 0x00, 0x00, 0x23, 0x04, 0x01, 0x00, 0x00, 0x23, 0x04, 0x01, 0x23, 0x04, 0x01, 0x23, 0x40, 0x01, 0x00, 
0x00, 0x23, 0x40, 0x01, 0x00, 0x00, 0x23, 0x04, 0x01, 0x00, 0x00, 0x23, 0x04, 0x01, 0x00, 0x00, 0x23, 0x04, 0x01, 0x00, 
0x00, 0x23, 0x04, 0x10, 0xde, 0x3c, 0x21, 0x00, 0x10, 0x00, 0x22, 0x00, 0x10, 0xc8, 0x01, 0x0b, 0x2a, 0x37, 0x8b, 0x2e, 
0x05, 0x00, 0x05, 0x00, 0x07, 0x01, 0x10, 0x00, 0x23, 0x00, 0x01, 0x23, 0x30, 0x01, 0x23, 0x0c, 0x10, 0xbf, 0x05, 0x06, 
0x40, 0x00, 0x84, 0x1c, 0x02, 0x47, 0x00, 0x01, 0x00, 0x23, 0x00, 0x10, 0xfe, 0x0d, 0x21, 0x01, 0x10, 0x00, 0x22, 0x01, 
0x10, 0xb6, 0x0f, 0x21, 0x05, 0x10, 0x00, 0x22, 0x01, 0x00, 0x8f, 0x37, 0x02, 0x47, 0x00, 0x01, 0x00, 0x23, 0x00, 0x10, 
0xc0, 0x13, 0x06, 0x10, 0x00, 0xe6, 0x02, 0x02, 0x37, 0x00, 0x02, 0x00, 0x00, 0x00, 0x23, 0x00, 0x10, 0xd6, 0x19, 0x21, 
0x02, 0x10, 0x00, 0x22, 0x01, 0x10, 0xcb, 0x02, 0x21, 0x03, 0x10, 0x00, 0x22, 0x01, 0x10, 0xa6, 0x01, 0x1e, 0x00, 0x10, 
0xda, 0x1e, 0x1e, 0x05, 0x10, 0xb7, 0x02, 0x1e, 0x06, 0x10, 0x78, 0x1e, 0x03, 0x10, 0xbd, 0x14, 0x0b, 0x2b, 0x00, 0x89, 
0x02, 0x10, 0x10, 0x00, 0x1e, 0x06, 0x10, 0xa3, 0x0d, 0x1e, 0x09, 0x00, 0xd7, 0x12, 0x02, 0x47, 0x00, 0x04, 0x00, 0x0b, 
0x01, 0x00, 0x01, 0x0b, 0x01, 0x01, 0x01, 0x0b, 0x01, 0x03, 0x01, 0x0b, 0x01, 0x04, 0x10, 0xae, 0x2b, 0x1e, 0x05, 0x00, 
0x8c, 0x80, 0x01, 0x00, 0x93, 0x02, 0x0e, 0xa1, 0x04, 0xf4, 0x13, 0x08, 0xa6, 0x02, 0xe9, 0x13, 0x20, 0xb7, 0x02, 0x20, 
0x0d, 0x04, 0xb8, 0x02, 0x90, 0x01, 0x1d, 0x04, 0xb7, 0x02, 0x99, 0x01, 0x0d, 0x03, 0xb5, 0x02, 0x17, 0x20, 0x01, 0x3e, 
0x92, 0x0a, 0x07, 0x18, 0xb5, 0x02, 0x93, 0x0a, 0x20, 0x00, 0xb7, 0x02, 0x18, 0x0b, 0x04, 0xd1, 0x04, 0xe8, 0x05, 0x08, 
0x95, 0x05, 0x17, 0x1d, 0xb7, 0x02, 0xef, 0x05, 0x0d, 0x02, 0xbe, 0x02, 0xa2, 0x10, 0x13, 0x1d, 0xbb, 0x04, 0x0b, 0xcc, 
0x17, 0x00, 0x00, 0x00, 0x00, 0xbb, 0x04, 0x0c, 0x02, 0x00, 0x00, 0x00, 0x00, 0xbb, 0x04, 0x0b, 0x04, 0x01, 0x00, 0x00, 
0x00, 0xbb, 0x04, 0x0c, 0x02, 0x01, 0x00, 0x00, 0x00, 0xbb, 0x04, 0x0b, 0x04, 0x02, 0x00, 0x00, 0x00, 0xbb, 0x04, 0x0c, 
0x02, 0x02, 0x00, 0x00, 0x00, 0xbb, 0x04, 0x0c, 0x06, 0x03, 0x00, 0x00, 0x00, 0xb8, 0x02, 0x9b, 0x27, 0x18, 0x03, 0xbb, 
0x04, 0x0b, 0xb8, 0x27, 0x08, 0x00, 0x00, 0x00, 0xbc, 0x02, 0xa1, 0x0a, 0x1d, 0xa2, 0x14, 0x8e, 0x03, 0xeb, 0x01, 0x65, 
0x46, 0x0c, 0x0c, 0x0c, 0x0d, 0x91, 0x0f, 0xb2, 0x06, 0x0c, 0x90, 0x32, 0x40, 0x00, 0x00, 0x00, 0xbc, 0x02, 0x9b, 0x45, 
0x9b, 0x0e, 0xa3, 0x27, 0xae, 0x02, 0xa8, 0x18, 0xd5, 0x04, 0x3e, 0xfa, 0x09, 0x02, 0xe9, 0x10, 0x39, 0xe6, 0x15, 0xe8, 
0x07, 0x02, 0x3e, 0xef, 0x27, 0x02, 0x65, 0x3e, 0xb1, 0x01, 0x02, 0x0c, 0xbb, 0x04, 0x0c, 0xa2, 0x1e, 0x05, 0x00, 0x00, 
0x00, 0x3e, 0x9f, 0x1e, 0x02, 0x0d, 0x3e, 0x02, 0x03, 0x0c, 0x39, 0x8b, 0x05, 0x82, 0x2a, 0x03, 0xb2, 0x06, 0x0c, 0xb2, 
0x21, 0x02, 0x00, 0x00, 0x00, 0xbb, 0x04, 0x0b, 0x9d, 0x2d, 0x04, 0x00, 0x00, 0x00, 0xbc, 0x02, 0xbf, 0x11, 0x65, 0x96, 
0x14, 0xbc, 0x02, 0x02, 0x65, 0x96, 0x14, 0xb7, 0x02, 0xc5, 0x16, 0x0b, 0x03, 0xbb, 0x04, 0x0b, 0xa2, 0x28, 0x09, 0x00, 
0x00, 0x00, 0xbc, 0x02, 0xaf, 0x0d, 0x18, 0xa5, 0x14, 0xbc, 0x02, 0xae, 0x05, 0x1d, 0x96, 0x14, 0xbc, 0x02, 0x02, 0x1d, 
0x96, 0x14, 0xbc, 0x02, 0x02, 0x1d, 0x96, 0x14, 0xbc, 0x02, 0x50, 0x1d, 0xa5, 0x14, 0xbe, 0x83, 0xc0, 0x02, 0xef, 0x1e, 
0x65, 0x65, 0x65, 0x65, 0xb6, 0x0b, 0xb7, 0x0b, 0x65, 0x46, 0x65, 0x1d, 0x13, 0x0d, 0x0d, 0x1d, 0x1d, 0x13, 0x13, 0x0d, 
0x0d, 0x13, 0x0d, 0x0d, 0x0d, 0x0d, 0x0d, 0x0d, 0x0d, 0x0d, 0x1d, 0x14, 0x0c, 0x13, 0x0c, 0x0c, 0x0c, 0x0c, 0x0d, 0x0d, 
0xcd, 0x0d, 0x18, 0x0d, 0x1d, 0x1d, 0x13, 0x0c, 0x0d, 0x13, 0x0d, 0x0d, 0x1d, 0x0c, 0x0d, 0x13, 0x0d, 0x0d, 0x0d, 0x0b, 
0x18, 0x0d, 0x0d, 0x0b, 0x0d, 0x0d, 0x18, 0x0d, 0x0d, 0x0d, 0x0d, 0x0d, 0x46, 0x13, 0x13, 0x65, 0x65, 0x0d, 0x0d, 0x0d, 
0x0d, 0xa4, 0x10, 0x0c, 0x0d, 0x0d, 0x0d, 0xa5, 0x10, 0xa6, 0x10, 0x0c, 0x0c, 0x0c, 0x0c, 0xce, 0x10, 0x3e, 0xfa, 0x09, 
0x02, 0x96, 0x01, 0x39, 0x93, 0x06, 0xe4, 0x32, 0x02, 0x3e, 0xf1, 0x34, 0x01, 0x0c, 0x39, 0x8c, 0x05, 0xba, 0x36, 0x01, 
0xb8, 0x02, 0xa5, 0x3f, 0x18, 0x04, 0xb8, 0x02, 0x0b, 0x1d, 0x03, 0xce, 0x02, 0xa6, 0x11, 0x50, 0x18, 0x0d, 0xbb, 0x04, 
0x0b, 0xb7, 0x0d, 0x00, 0x01, 0x00, 0x00, 0xbc, 0x02, 0xf8, 0x07, 0xa3, 0x09, 0xc7, 0x02, 0xae, 0x02, 0x84, 0x1c, 0xc3, 
0x06, 0x3e, 0x8b, 0x25, 0x02, 0xc5, 0x14, 0x39, 0xff, 0x01, 0x8a, 0x33, 0x02, 0x3e, 0xed, 0x2b, 0x02, 0x50, 0xbb, 0x04, 
0x0b, 0x8c, 0x1d, 0x03, 0x00, 0x00, 0x00, 0xbb, 0x04, 0x0d, 0x0d, 0x00, 0x00, 0x00, 0x00, 0x94, 0x02, 0x85, 0x28, 0xbb, 
0x04, 0x0d, 0x82, 0x02, 0x00, 0x00, 0x80, 0x3f, 0xb7, 0x02, 0xef, 0x01, 0x0c, 0x02, 0xbb, 0x04, 0x0b, 0xe4, 0x29, 0x00, 
0x08, 0x00, 0x00, 0x89, 0x03, 0xd9, 0x27, 0x0d, 0x01, 0x00, 0x00, 0x00, 0x01, 0x00, 0xab, 0x02, 0xce, 0x05, 0x97, 0x01, 
0x3e, 0xfa, 0x09, 0x00, 0xfe, 0x03, 0x39, 0xfb, 0x08, 0xc8, 0x34, 0x00, 0xae, 0x02, 0x8f, 0x37, 0x0c, 0x3e, 0xfa, 0x09, 
0x09, 0xd7, 0x07, 0x39, 0xd4, 0x0c, 0xa2, 0x17, 0x09, 0x3e, 0xaf, 0x26, 0x09, 0x0c, 0xb7, 0x02, 0xed, 0x09, 0x0c, 0x03, 
0xbb, 0x04, 0x0c, 0xde, 0x29, 0x00, 0x08, 0x00, 0x00, 0xbc, 0x02, 0x9b, 0x07, 0x1d, 0xc7, 0x02, 0xae, 0x02, 0xe6, 0x02, 
0xb7, 0x11, 0x3e, 0x8b, 0x25, 0x02, 0xea, 0x12, 0x39, 0x24, 0xe2, 0x3e, 0x02, 0x89, 0x03, 0xfd, 0x3b, 0x0d, 0x01, 0x00, 
0x01, 0x00, 0x01, 0x00, 0xab, 0x02, 0xd2, 0x04, 0xd6, 0x01, 0x3e, 0xfa, 0x09, 0x00, 0xff, 0x03, 0x39, 0xfc, 0x08, 0xe6, 
0x2a, 0x00, 0x3e, 0xa9, 0x32, 0x01, 0x1d, 0x39, 0x9a, 0x05, 0xd0, 0x33, 0x01, 0xbb, 0x04, 0x0c, 0xf3, 0x2c, 0x00, 0x02, 
0x00, 0x00, 0xbb, 0x04, 0x0c, 0xff, 0x0b, 0x00, 0x01, 0x00, 0x00, 0x3e, 0x98, 0x05, 0x01, 0x17, 0x39, 0x94, 0x05, 0xb6, 
0x52, 0x01, 0x39, 0x9a, 0x05, 0xb7, 0x02, 0x01, 0x3e, 0x85, 0x50, 0x01, 0x13, 0x39, 0x90, 0x05, 0xfe, 0x50, 0x01, 0x3e, 
0x81, 0x51, 0x01, 0x0d, 0x39, 0x8c, 0x05, 0xc4, 0x3c, 0x01, 0xbb, 0x04, 0x0c, 0xd1, 0x1d, 0x14, 0x00, 0x00, 0x00, 0xbb, 
0x04, 0x0c, 0x06, 0x15, 0x00, 0x00, 0x00, 0xbb, 0x04, 0x0d, 0xe1, 0x28, 0x00, 0x00, 0x00, 0x40, 0x3e, 0x84, 0x0a, 0x03, 
0x1d, 0x39, 0x9b, 0x05, 0xa0, 0x3a, 0x03, 0x3e, 0xb7, 0x3a, 0x03, 0x0d, 0x39, 0x9b, 0x05, 0x94, 0x2d, 0x03, 0xbb, 0x04, 
0x0d, 0xaf, 0x2a, 0x00, 0x00, 0x80, 0xbf, 0xbc, 0x02, 0x07, 0x0d, 0x90, 0x14, 0xbc, 0x02, 0x13, 0x0d, 0x8d, 0x14, 0xde, 
0x02, 0xf4, 0x17, 0x1d, 0x0d, 0xbd, 0x06, 0xb3, 0x06, 0x3e, 0xfa, 0x09, 0x03, 0xad, 0x12, 0x39, 0xaa, 0x17, 0xb0, 0x1e, 
0x03, 0x3e, 0xe1, 0x42, 0x03, 0x13, 0x39, 0x91, 0x05, 0xe6, 0x45, 0x03, 0xad, 0x06, 0x1d, 0x83, 0x50, 0xc6, 0x06, 0x08, 
0xba, 0x58, 0x00, 0x82, 0x0a, 0x18, 0x82, 0x66, 0x39, 0x95, 0x05, 0xb2, 0x7d, 0x07, 0x01, 0x0c, 0xdb, 0xce, 0x01, 0xb6, 
0x26, 0x22, 0xfe, 0x38, 0x00, 0x01, 0x0c, 0x90, 0xc4, 0x01, 0x8e, 0xfd, 0x01, 0xc7, 0x10, 0x0c, 0xc7, 0x51, 0xc7, 0x51, 
0x94, 0x8a, 0x01, 0x33, 0xe2, 0x05, 0xeb, 0x2a, 0xda, 0x19, 0x8b, 0x14, 0xef, 0x6f, 0x8b, 0x14, 0x01, 0x65, 0x96, 0x80, 
0x01, 0x96, 0x80, 0x01, 0x33, 0x89, 0x05, 0xbe, 0x24, 0xda, 0x19, 0x8b, 0x14, 0xef, 0x6f, 0x91, 0x14, 0x01, 0x0c, 0x9c, 
0x23, 0x9c, 0x23, 0x33, 0x89, 0x05, 0x99, 0x23, 0xda, 0x19, 0x8b, 0x14, 0xef, 0x6f, 0x94, 0x14, 0x01, 0x0c, 0x9c, 0x23, 
0x9c, 0x23, 0x13, 0x8e, 0x05, 0x99, 0x23, 0xcf, 0x2d, 0x8a, 0x14, 0x01, 0x0d, 0x9c, 0x23, 0x9c, 0x23, 0x13, 0x8e, 0x05, 
0xd3, 0x0f, 0xcf, 0x2d, 0x8d, 0x14, 0x01, 0x0d, 0x91, 0x9d, 0x01, 0x91, 0x9d, 0x01, 0xc3, 0x10, 0x0d, 0xd0, 0xb0, 0x01, 
0xbc, 0xfe, 0x02, 0xd0, 0xb0, 0x01, 0xc0, 0x0a, 0x13, 0xdb, 0x98, 0x02, 0xf1, 0x94, 0x02, 0xdb, 0x98, 0x02, 0x01, 0x1d, 
0x90, 0x3c, 0x80, 0x66, 0xc7, 0x18, 0x0c, 0x8c, 0xc9, 0x01, 0xd3, 0x0f, 0x80, 0xdc, 0x02, 0xcb, 0x14, 0x09, 0xf7, 0xaa, 
0x01, 0xf7, 0xaa, 0x01, 0x82, 0x9a, 0x01, 0xa7, 0x1e, 0xb1, 0x8e, 0x01, 0x00, 0xba, 0x1e, 0x00, 0xfb, 0x25, 0xb1, 0x8e, 
0x01, 0x18, 0xfc, 0x25, 0x01, 0x0c, 0xf1, 0x0c, 0xd0, 0x9a, 0x01, 0x13, 0x8d, 0x05, 0xa1, 0x70, 0xa5, 0x18, 0x8b, 0x14, 
0x01, 0x0c, 0xd0, 0x7e, 0xd0, 0x7e, 0xc0, 0x10, 0x0c, 0xc6, 0x63, 0xf4, 0x71, 0xc6, 0x63, 0xcb, 0x10, 0x0c, 0xb1, 0x9d, 
0x01, 0xb1, 0x9d, 0x01, 0xda, 0x85, 0x01, 0xc7, 0x10, 0x0c, 0x81, 0x2a, 0xb3, 0xc7, 0x01, 0xd8, 0x5b, 0xd0, 0x0a, 0x16, 
0xda, 0xe8, 0x01, 0xd8, 0xbe, 0x01, 0xda, 0xe8, 0x01, 0xa6, 0xc6, 0x02, 0x99, 0x1e, 0xa4, 0x13, 0x18, 0xa3, 0x13, 0xe5, 
0x1e, 0x16, 0xf7, 0x8d, 0x01, 0x9e, 0x5b, 0x00, 0x00, 0x0a, 0x3a, 0x00, 0x00, 0x9c, 0x33, 0x00, 0x00, 0x96, 0x5f, 0x00, 
0x00, 0xe5, 0x1e, 0x1d, 0xaa, 0x1d, 0x02, 0x29, 0x00, 0x00, 0x0a, 0x3a, 0x00, 0x00, 0x36, 0x3d, 0x00, 0x00, 0x96, 0x5f, 
0x00, 0x00, 0xe5, 0x1e, 0x0c, 0x85, 0x51, 0x0b, 0x0a, 0x00, 0x00, 0x0a, 0x3a, 0x00, 0x00, 0xb5, 0x5d, 0x00, 0x00, 0x96, 
0x5f, 0x00, 0x00, 0xc1, 0x16, 0x09, 0xf5, 0x14, 0xf5, 0x14, 0x93, 0xf8, 0x01, 0xb6, 0x1e, 0x8b, 0x07, 0xdd, 0xf9, 0x01, 
0x00, 0xba, 0x1e, 0x00, 0xbf, 0x18, 0x8b, 0x07, 0x18, 0xc0, 0x18, 0x33, 0x8a, 0x05, 0x8c, 0xc1, 0x01, 0xd5, 0x1f, 0x8b, 
0x14, 0xe2, 0x4c, 0x8a, 0x14, 0x01, 0x0d, 0x85, 0x8e, 0x01, 0x85, 0x8e, 0x01, 0xc7, 0x16, 0x09, 0x81, 0x16, 0x81, 0x16, 
0xfa, 0x91, 0x01, 0xa7, 0x1e, 0xae, 0x4a, 0x00, 0xba, 0x1e, 0x00, 0xf8, 0x0b, 0xae, 0x4a, 0x18, 0xf7, 0x0b, 0xd2, 0x0a, 
0x16, 0xfe, 0x3c, 0xd4, 0x51, 0xf8, 0x1d, 0x02, 0x01, 0xff, 0x03, 0xb0, 0x51, 0xea, 0xff, 0x01, 0xb4, 0x0c, 0xd6, 0x01, 
0xeb, 0x58, 0xeb, 0x58, 0xef, 0x0a, 0x1d, 0xfe, 0x20, 0xfe, 0x20, 0xc2, 0x19, 0x02, 0x8b, 0x14, 0xce, 0x10, 0x1d, 0xbb, 
0x7e, 0xbb, 0x7e, 0xf5, 0x49, 0x4b, 0x1d, 0x9a, 0x87, 0x01, 0xee, 0x22, 0x9a, 0x87, 0x01, 0x99, 0x1e, 0xd4, 0x9d, 0x01, 
0x18, 0xd3, 0x9d, 0x01, 0xe5, 0x1e, 0x16, 0xd4, 0x5e, 0x50, 0x33, 0x00, 0x00, 0x47, 0x27, 0x00, 0x00, 0xcc, 0x3a, 0x00, 
0x00, 0x8d, 0x2b, 0x00, 0x00, 0xe5, 0x1e, 0x1d, 0xb4, 0x26, 0xa5, 0x3a, 0x00, 0x00, 0x47, 0x27, 0x00, 0x00, 0x5c, 0x43, 
0x00, 0x00, 0x8d, 0x2b, 0x00, 0x00, 0x99, 0x1e, 0xbf, 0x89, 0x01, 0x18, 0xc0, 0x89, 0x01, 0xc0, 0x10, 0x0c, 0xc1, 0x07, 
0xa6, 0xdd, 0x01, 0xce, 0xce, 0x02, 0x99, 0x1e, 0xd2, 0x1b, 0x18, 0x8f, 0xeb, 0x01, 0x99, 0x1e, 0xef, 0xc4, 0x01, 0x18, 
0xf0, 0xc4, 0x01, 0xe5, 0x1e, 0x1d, 0xf9, 0x1c, 0x02, 0x29, 0x00, 0x00, 0xa0, 0x2f, 0x00, 0x00, 0xa5, 0x3a, 0x00, 0x00, 
0xed, 0x22, 0x00, 0x00, 0xc7, 0x18, 0x0c, 0xa5, 0x78, 0xb9, 0xc1, 0x01, 0x9a, 0xb6, 0x01, 0xcb, 0x14, 0x09, 0xd2, 0x6e, 
0xd2, 0x6e, 0xe6, 0x81, 0x02, 0xa7, 0x1e, 0xe0, 0x4b, 0x00, 0xba, 0x1e, 0x00, 0x80, 0x43, 0xe0, 0x4b, 0x18, 0xff, 0x42, 
0x01, 0x17, 0xba, 0x04, 0xd8, 0x8e, 0x01, 0x01, 0x1d, 0xb4, 0x11, 0xc4, 0xa2, 0x01, 0x3d, 0x18, 0xf6, 0x20, 0xef, 0x15, 
0xef, 0x15, 0x18, 0x22, 0x91, 0x1e, 0x00, 0xe9, 0x06, 0x08, 0xc1, 0x84, 0x01, 0xfc, 0x51, 0xd3, 0xa2, 0x01, 0x97, 0x52, 
0xcb, 0x63, 0x01, 0x18, 0xcc, 0x57, 0x87, 0x4b, 0xc1, 0x0a, 0x0d, 0xbb, 0x0a, 0xbb, 0x0a, 0x00, 0xd2, 0x0a, 0x1d, 0xf3, 
0x3c, 0xf3, 0x3c, 0xb6, 0xa9, 0x01, 0x00, 0xc1, 0x0a, 0x0d, 0xb0, 0xab, 0x01, 0x80, 0x64, 0x01, 0xd2, 0x0a, 0x1d, 0x89, 
0x3a, 0x89, 0x3a, 0xa6, 0x71, 0x01, 0xc1, 0x0a, 0x0d, 0xfa, 0x6b, 0xf0, 0x95, 0x01, 0x02, 0xd2, 0x0a, 0x1d, 0xe7, 0xd6, 
0x01, 0xe7, 0xd6, 0x01, 0xed, 0x6a, 0x02, 0x99, 0x1e, 0xa9, 0x2e, 0x18, 0xaa, 0x2e, 0xe5, 0x1e, 0x1d, 0x8a, 0x55, 0xe8, 
0x4c, 0x00, 0x00, 0x25, 0x54, 0x00, 0x00, 0xf9, 0x2b, 0x00, 0x00, 0xbe, 0x39, 0x00, 0x00, 0x3d, 0x18, 0xce, 0x29, 0xce, 
0x29, 0xce, 0x29, 0x18, 0xc1, 0x0a, 0x0d, 0x93, 0x77, 0x93, 0x77, 0x00, 0xc1, 0x0a, 0x1d, 0xbc, 0x1c, 0xeb, 0x32, 0x00, 
0xce, 0x10, 0x1d, 0xec, 0x1b, 0xec, 0x1b, 0xa8, 0x38, 0xc1, 0x0a, 0x0d, 0xbe, 0x14, 0xad, 0x2a, 0x01, 0xc1, 0x0a, 0x1d, 
0x99, 0xd0, 0x01, 0xdb, 0xd2, 0x01, 0x01, 0xce, 0x10, 0x1d, 0xde, 0xbb, 0x01, 0xde, 0xbb, 0x01, 0xbb, 0x14, 0xc1, 0x0a, 
0x0d, 0xbe, 0x14, 0xab, 0x2a, 0x02, 0xc1, 0x0a, 0x1d, 0x99, 0xd0, 0x01, 0xd9, 0xd2, 0x01, 0x02, 0xce, 0x10, 0x1d, 0xfa, 
0xc9, 0x01, 0xfa, 0xc9, 0x01, 0x9f, 0x06, 0xc1, 0x0a, 0x1d, 0xaf, 0x7f, 0x8f, 0x88, 0x01, 0x03, 0x4b, 0x1d, 0x95, 0x0d, 
0xc5, 0x8c, 0x01, 0x95, 0x0d, 0x4b, 0x1d, 0xf6, 0x41, 0xb1, 0x3c, 0xf6, 0x41, 0x4b, 0x1d, 0x92, 0x1e, 0x9d, 0x1e, 0x92, 
0x1e, 0xc0, 0x0a, 0xa4, 0x08, 0xce, 0x59, 0xc4, 0xf1, 0x01, 0xce, 0x59, 0x01, 0x0c, 0xf1, 0x4b, 0xae, 0xd9, 0x01, 0xcb, 
0x10, 0x0c, 0x92, 0x3f, 0x92, 0x3f, 0x8e, 0xf7, 0x01, 0x23, 0xe2, 0x05, 0xbe, 0x22, 0xc5, 0x1f, 0x9a, 0x14, 0xac, 0xa6, 
0x01, 0x01, 0x65, 0xf3, 0x7e, 0xf3, 0x7e, 0xc1, 0x0a, 0x1d, 0xfa, 0x70, 0xe4, 0x07, 0x01, 0xc1, 0x12, 0x1d, 0x93, 0xa6, 
0x01, 0x99, 0x35, 0x93, 0xa6, 0x01, 0x13, 0xe2, 0x05, 0x9e, 0x18, 0xc5, 0x1f, 0x8b, 0x14, 0x01, 0x65, 0xb5, 0x57, 0xb5, 
0x57, 0xc1, 0x12, 0x1d, 0xd3, 0x18, 0xd3, 0x18, 0xff, 0xfd, 0x01, 0xc1, 0x0a, 0x0d, 0xa6, 0xc3, 0x01, 0xa6, 0xc3, 0x01, 
0x02, 0x3f, 0x0d, 0xc3, 0x24, 0xc3, 0x24, 0x13, 0x8a, 0x05, 0xae, 0x7d, 0xc5, 0x1f, 0xc7, 0x14, 0x01, 0x0d, 0xdd, 0x3b, 
0xdd, 0x3b, 0x4a, 0x0d, 0xbb, 0x9a, 0x01, 0xeb, 0x58, 0xbb, 0x9a, 0x01, 0x13, 0x8a, 0x05, 0x90, 0x27, 0xc5, 0x1f, 0xca, 
0x14, 0x01, 0x0d, 0xb7, 0x51, 0xb7, 0x51, 0xc3, 0x10, 0x0d, 0xa8, 0x87, 0x01, 0x80, 0x5d, 0xa8, 0x87, 0x01, 0x4a, 0x0d, 
0xb7, 0x14, 0xb7, 0x14, 0xa8, 0xf1, 0x01, 0xc3, 0x10, 0x0d, 0x9b, 0x5f, 0x9b, 0x5f, 0xaa, 0x90, 0x01, 0x13, 0x8f, 0x05, 
0xba, 0xf7, 0x01, 0xab, 0x22, 0x93, 0x14, 0x22, 0x00, 0xba, 0xf7, 0x01, 0x22, 0xc6, 0xd2, 0x02, 0xf0, 0xce, 0x01, 0x01, 
0x0c, 0xd1, 0x7b, 0x8e, 0xda, 0x01, 0xcb, 0x10, 0x0c, 0xdd, 0x40, 0xdd, 0x40, 0xfe, 0x77, 0xbf, 0x0c, 0x0d, 0xdb, 0x36, 
0xa2, 0x41, 0xc8, 0x10, 0x0d, 0xbe, 0x47, 0xf8, 0xdd, 0x01, 0xbe, 0x47, 0xc8, 0x10, 0x0d, 0xab, 0x2a, 0xab, 0x2a, 0xcc, 
0xb3, 0x01, 0x4b, 0x0d, 0x94, 0x78, 0x90, 0x9f, 0x02, 0x94, 0x78, 0xbf, 0x0c, 0x0d, 0x8f, 0x0c, 0xba, 0x52, 0x4a, 0x0d, 
0xa0, 0x10, 0xf8, 0x51, 0xa0, 0x10, 0x4b, 0x0d, 0xa3, 0x8a, 0x01, 0x93, 0x86, 0x01, 0xa3, 0x8a, 0x01, 0xc8, 0x10, 0x0d, 
0xf0, 0x37, 0xda, 0xdb, 0x01, 0x82, 0x47, 0xc1, 0x0a, 0x0d, 0xfc, 0x96, 0x01, 0xe2, 0xb9, 0x01, 0x00, 0x4a, 0x0d, 0xf6, 
0x08, 0xf6, 0x08, 0xf2, 0x9f, 0x01, 0xd2, 0x0a, 0x1d, 0x89, 0x8b, 0x02, 0x89, 0x8b, 0x02, 0xb1, 0x48, 0x00, 0xc1, 0x0a, 
0x0d, 0x90, 0xef, 0x01, 0x90, 0xef, 0x01, 0x03, 0x4a, 0x0d, 0x8f, 0x83, 0x01, 0xd8, 0x38, 0x8f, 0x83, 0x01, 0xc1, 0x0a, 
0x0d, 0xef, 0x7c, 0xef, 0x10, 0x00, 0x4b, 0x0d, 0xd8, 0xd4, 0x01, 0xd8, 0xd4, 0x01, 0xe8, 0x57, 0xd2, 0x0a, 0x1d, 0xf9, 
0x4f, 0xf9, 0x4f, 0xee, 0x73, 0x00, 0xc1, 0x0a, 0x0d, 0xa2, 0x4e, 0xa2, 0x4e, 0x00, 0xc3, 0x10, 0x0d, 0xf1, 0x7e, 0xe0, 
0xb3, 0x01, 0xad, 0x7a, 0xc1, 0x0a, 0x0d, 0x97, 0x49, 0xe7, 0x79, 0x03, 0x4a, 0x0d, 0xb0, 0x93, 0x01, 0x98, 0x4a, 0xb0, 
0x93, 0x01, 0x4b, 0x0d, 0x87, 0x22, 0xe1, 0x56, 0x87, 0x22, 0xc0, 0x10, 0x0c, 0xf4, 0x30, 0xb0, 0x41, 0xdc, 0xe6, 0x01, 
0xbf, 0x0c, 0x0d, 0xd8, 0x54, 0xd8, 0x54, 0x4a, 0x0d, 0xe7, 0x13, 0xbe, 0x71, 0xe7, 0x13, 0xc3, 0x10, 0x0d, 0xc1, 0x69, 
0x92, 0xe4, 0x01, 0xc1, 0x69, 0x4a, 0x0d, 0x8b, 0x50, 0x8b, 0x50, 0xbe, 0x29, 0x4b, 0x0d, 0xd5, 0x2d, 0xa1, 0xcc, 0x01, 
0xd5, 0x2d, 0x23, 0x8f, 0x05, 0xb2, 0x77, 0xc2, 0x26, 0x91, 0x14, 0x8b, 0x14, 0x22, 0x00, 0xf2, 0x01, 0x3f, 0x0d, 0xe0, 
0x71, 0x92, 0xe9, 0x01, 0x23, 0x8f, 0x05, 0xaa, 0x28, 0xc2, 0x26, 0x91, 0x14, 0x8e, 0x14, 0x22, 0x00, 0xaa, 0x28, 0xc1, 
0x0a, 0x0d, 0xf9, 0x90, 0x02, 0xbd, 0x7d, 0x01, 0x3f, 0x0d, 0xe6, 0xd9, 0x01, 0xe6, 0xd9, 0x01, 0xd2, 0x0a, 0x1d, 0xe1, 
0x3d, 0xe1, 0x3d, 0xc6, 0x1e, 0x01, 0x13, 0x9b, 0x05, 0xab, 0x1f, 0xc2, 0x26, 0x8b, 0x14, 0x22, 0x00, 0xab, 0x1f, 0x22, 
0xc6, 0xb1, 0x01, 0x80, 0x06, 0x8d, 0x1e, 0x88, 0x06, 0xc6, 0x06, 0x08, 0xbb, 0x9e, 0x01, 0x00, 0x8b, 0x03, 0xa7, 0x06, 
0x95, 0x05, 0x9d, 0x04, 0xa7, 0x06, 0x17, 0xd4, 0x16, 0xa7, 0x06, 0x1d, 0xd7, 0x12, 0x18, 0xe2, 0x9e, 0x02, 0xc1, 0x0a, 
0x0d, 0xd3, 0xaf, 0x01, 0x8e, 0x6f, 0x03, 0xce, 0x16, 0x09, 0xa0, 0x4a, 0xa0, 0x4a, 0x96, 0xd8, 0x01, 0xa7, 0x1e, 0xfe, 
0x24, 0x00, 0xba, 0x1e, 0x00, 0xbc, 0x9c, 0x01, 0xfe, 0x24, 0x18, 0xbb, 0x9c, 0x01, 0xc1, 0x0a, 0x0d, 0xce, 0xd7, 0x01, 
0xc0, 0xf4, 0x01, 0x00, 0xc1, 0x0a, 0x0b, 0xf5, 0x9d, 0x01, 0xf2, 0x43, 0x00, 0x01, 0x18, 0xc6, 0x7b, 0x8c, 0xd6, 0x01, 
0x33, 0xcd, 0x05, 0xec, 0x57, 0xc4, 0x1b, 0x8b, 0x14, 0xe5, 0x4e, 0x8b, 0x14, 0x01, 0x50, 0xd7, 0x0f, 0xd7, 0x0f, 0xb4, 
0x0a, 0x56, 0xb5, 0xbc, 0x01, 0x52, 0x58, 0x00, 0x00, 0xc1, 0x0a, 0x0d, 0xd8, 0x9c, 0x01, 0xb6, 0x28, 0x00, 0xc1, 0x0a, 
0x18, 0xdb, 0x85, 0x01, 0xfc, 0x16, 0x00, 0xce, 0x10, 0x18, 0x96, 0x74, 0x96, 0x74, 0xc5, 0x11, 0xc1, 0x0a, 0x0d, 0xbe, 
0x14, 0xae, 0x2b, 0x01, 0xc1, 0x0a, 0x18, 0x8d, 0x0b, 0xc2, 0x94, 0x01, 0x01, 0xce, 0x10, 0x18, 0xad, 0x09, 0xad, 0x09, 
0xbb, 0x14, 0xc1, 0x0a, 0x0d, 0xbe, 0x14, 0xb0, 0x2b, 0x02, 0xc1, 0x0a, 0x18, 0x8d, 0x0b, 0xc4, 0x94, 0x01, 0x02, 0xce, 
0x10, 0x18, 0xee, 0x04, 0xee, 0x04, 0x9f, 0x06, 0xc1, 0x0a, 0x18, 0xaf, 0x7f, 0x82, 0x1a, 0x03, 0x4b, 0x18, 0x95, 0x0d, 
0xc5, 0x8c, 0x01, 0x95, 0x0d, 0x4b, 0x18, 0xaa, 0x54, 0xfd, 0x29, 0xaa, 0x54, 0x4b, 0x18, 0x96, 0x2f, 0x9a, 0x05, 0x96, 
0x2f, 0xce, 0x10, 0x18, 0xb1, 0x09, 0xb1, 0x09, 0xd7, 0x0f, 0xc1, 0x0a, 0x0d, 0xf7, 0xc4, 0x01, 0xf0, 0x1f, 0x01, 0xc1, 
0x0a, 0x0b, 0xdc, 0x7e, 0xf4, 0x8b, 0x01, 0x01, 0x01, 0x18, 0xc6, 0x33, 0x8e, 0xd6, 0x01, 0x33, 0xcd, 0x05, 0xec, 0x57, 
0xc4, 0x1b, 0x8b, 0x14, 0xe6, 0x72, 0x8b, 0x14, 0x01, 0x50, 0xd7, 0x0f, 0xd7, 0x0f, 0xb4, 0x0a, 0x56, 0xb5, 0xbc, 0x01, 
0x53, 0x58, 0x00, 0x00, 0xc1, 0x0a, 0x0d, 0xd8, 0x9c, 0x01, 0xb6, 0x28, 0x00, 0xc1, 0x0a, 0x18, 0xdb, 0x85, 0x01, 0xfc, 
0x16, 0x00, 0xce, 0x10, 0x18, 0x98, 0x74, 0x98, 0x74, 0xc3, 0x11, 0xc1, 0x0a, 0x0d, 0xbe, 0x14, 0xb0, 0x2b, 0x01, 0xc1, 
0x0a, 0x18, 0x8d, 0x0b, 0xc4, 0x94, 0x01, 0x01, 0xce, 0x10, 0x18, 0xad, 0x09, 0xad, 0x09, 0xbb, 0x14, 0xc1, 0x0a, 0x0d, 
0xbe, 0x14, 0xb2, 0x2b, 0x02, 0xc1, 0x0a, 0x18, 0x8d, 0x0b, 0xc6, 0x94, 0x01, 0x02, 0xce, 0x10, 0x18, 0xec, 0x04, 0xec, 
0x04, 0xa1, 0x06, 0xc1, 0x0a, 0x18, 0xaf, 0x7f, 0x82, 0x1a, 0x03, 0x4b, 0x18, 0x95, 0x0d, 0xc5, 0x8c, 0x01, 0x95, 0x0d, 
0x4b, 0x18, 0xaa, 0x54, 0xff, 0x29, 0xaa, 0x54, 0x4b, 0x18, 0xb4, 0x3d, 0xb6, 0x13, 0xb4, 0x3d, 0xce, 0x10, 0x18, 0xb1, 
0x99, 0x01, 0xb1, 0x99, 0x01, 0x98, 0x43, 0x4b, 0x18, 0x9b, 0x31, 0xfb, 0xb2, 0x01, 0x9b, 0x31, 0xc1, 0x0a, 0x0d, 0xe4, 
0x31, 0xd0, 0x63, 0x02, 0xc1, 0x0a, 0x0b, 0xbe, 0x2e, 0xb6, 0x7f, 0x02, 0x01, 0x18, 0x86, 0x40, 0x90, 0xd6, 0x01, 0x33, 
0xcd, 0x05, 0xec, 0x57, 0xc4, 0x1b, 0x8b, 0x14, 0xc7, 0x6c, 0x8b, 0x14, 0x01, 0x50, 0xd7, 0x0f, 0xd7, 0x0f, 0xb4, 0x0a, 
0x56, 0xb5, 0xbc, 0x01, 0x54, 0x58, 0x00, 0x00, 0xc1, 0x0a, 0x0d, 0xd8, 0x9c, 0x01, 0xb6, 0x28, 0x00, 0xc1, 0x0a, 0x18, 
0xdb, 0x85, 0x01, 0xfc, 0x16, 0x00, 0xce, 0x10, 0x18, 0x9a, 0x74, 0x9a, 0x74, 0xc1, 0x11, 0xc1, 0x0a, 0x0d, 0xbe, 0x14, 
0xb2, 0x2b, 0x01, 0xc1, 0x0a, 0x18, 0x8d, 0x0b, 0xc6, 0x94, 0x01, 0x01, 0xce, 0x10, 0x18, 0xad, 0x09, 0xad, 0x09, 0xbb, 
0x14, 0xc1, 0x0a, 0x0d, 0xbe, 0x14, 0xb4, 0x2b, 0x02, 0xc1, 0x0a, 0x18, 0x8d, 0x0b, 0xc8, 0x94, 0x01, 0x02, 0xce, 0x10, 
0x18, 0xea, 0x04, 0xea, 0x04, 0xa3, 0x06, 0xc1, 0x0a, 0x18, 0xaf, 0x7f, 0x82, 0x1a, 0x03, 0x4b, 0x18, 0x95, 0x0d, 0xc5, 
0x8c, 0x01, 0x95, 0x0d, 0x4b, 0x18, 0xaa, 0x54, 0x81, 0x2a, 0xaa, 0x54, 0x4b, 0x18, 0xb4, 0x3d, 0xb4, 0x13, 0xb4, 0x3d, 
0xce, 0x10, 0x18, 0xb1, 0x99, 0x01, 0xb1, 0x99, 0x01, 0x45, 0x4b, 0x18, 0x95, 0x37, 0xf7, 0x05, 0x95, 0x37, 0xc1, 0x0a, 
0x0b, 0xfc, 0x6e, 0x98, 0x88, 0x01, 0x03, 0x01, 0x18, 0xd6, 0x9b, 0x01, 0xc2, 0xba, 0x02, 0x33, 0xcd, 0x05, 0xc3, 0x0c, 
0xc4, 0x1b, 0x8b, 0x14, 0xf8, 0x70, 0x8b, 0x14, 0x01, 0x50, 0xd7, 0x0f, 0xd7, 0x0f, 0xb4, 0x0a, 0x56, 0xb5, 0xbc, 0x01, 
0x55, 0x58, 0x00, 0x00, 0xc1, 0x0a, 0x0d, 0xd8, 0x9c, 0x01, 0xf9, 0x3b, 0x00, 0xc1, 0x0a, 0x18, 0xdb, 0x85, 0x01, 0xfc, 
0x16, 0x00, 0xce, 0x10, 0x18, 0x9c, 0x74, 0x9c, 0x74, 0xbf, 0x11, 0xc1, 0x0a, 0x0d, 0xbe, 0x14, 0xfb, 0x38, 0x01, 0xc1, 
0x0a, 0x18, 0x8d, 0x0b, 0xc8, 0x94, 0x01, 0x01, 0xce, 0x10, 0x18, 0xad, 0x09, 0xad, 0x09, 0xbb, 0x14, 0xc1, 0x0a, 0x0d, 
0xbe, 0x14, 0xf9, 0x38, 0x02, 0xc1, 0x0a, 0x18, 0x8d, 0x0b, 0xca, 0x94, 0x01, 0x02, 0xce, 0x10, 0x18, 0xe8, 0x04, 0xe8, 
0x04, 0xa5, 0x06, 0xc1, 0x0a, 0x18, 0xaf, 0x7f, 0x82, 0x1a, 0x03, 0x4b, 0x18, 0x95, 0x0d, 0xc5, 0x8c, 0x01, 0x95, 0x0d, 
0x4b, 0x18, 0xaa, 0x54, 0x83, 0x2a, 0xaa, 0x54, 0x4b, 0x18, 0xb4, 0x3d, 0xb2, 0x13, 0xb4, 0x3d, 0xce, 0x10, 0x18, 0x87, 
0x9f, 0x01, 0x87, 0x9f, 0x01, 0xd7, 0x11, 0x4b, 0x18, 0xec, 0x3a, 0xae, 0x6c, 0xec, 0x3a, 0x22, 0x9e, 0x9c, 0x01, 0x00, 
0x8d, 0x1e, 0x18, 0xf1, 0x03, 0xc1, 0x0a, 0x0d, 0xbe, 0x53, 0xee, 0xe7, 0x01, 0x00, 0xc1, 0x0a, 0x0b, 0xa1, 0x91, 0x01, 
0xf4, 0x43, 0x00, 0x01, 0x18, 0xca, 0x7b, 0x92, 0xd6, 0x01, 0x33, 0xcd, 0x05, 0xee, 0x57, 0xc4, 0x1b, 0x8b, 0x14, 0xe6, 
0x4e, 0x8b, 0x14, 0x01, 0x50, 0xd7, 0x0f, 0xd7, 0x0f, 0xb4, 0x0a, 0x56, 0xb5, 0xbc, 0x01, 0x56, 0x58, 0x00, 0x00, 0xc1, 
0x0a, 0x0d, 0xd8, 0x9c, 0x01, 0xb8, 0x28, 0x00, 0xc1, 0x0a, 0x18, 0xdb, 0x85, 0x01, 0xfc, 0x16, 0x00, 0xce, 0x10, 0x18, 
0x9e, 0x74, 0x9e, 0x74, 0xbd, 0x11, 0xc1, 0x0a, 0x0d, 0xbe, 0x14, 0xb8, 0x2b, 0x01, 0xc1, 0x0a, 0x18, 0x8d, 0x0b, 0xca, 
0x94, 0x01, 0x01, 0xce, 0x10, 0x18, 0xad, 0x09, 0xad, 0x09, 0xbb, 0x14, 0xc1, 0x0a, 0x0d, 0xbe, 0x14, 0xba, 0x2b, 0x02, 
0xc1, 0x0a, 0x18, 0x8d, 0x0b, 0xcc, 0x94, 0x01, 0x02, 0xce, 0x10, 0x18, 0xe6, 0x04, 0xe6, 0x04, 0xa7, 0x06, 0xc1, 0x0a, 
0x18, 0xaf, 0x7f, 0x82, 0x1a, 0x03, 0x4b, 0x18, 0x95, 0x0d, 0xc5, 0x8c, 0x01, 0x95, 0x0d, 0x4b, 0x18, 0xaa, 0x54, 0x85, 
0x2a, 0xaa, 0x54, 0x4b, 0x18, 0x90, 0x2f, 0x8c, 0x05, 0x90, 0x2f, 0xce, 0x10, 0x18, 0xb1, 0x09, 0xb1, 0x09, 0x83, 0x03, 
0xc1, 0x0a, 0x0d, 0xf7, 0xc4, 0x01, 0xf2, 0x1f, 0x01, 0xc1, 0x0a, 0x0b, 0xdc, 0x7e, 0xf6, 0x8b, 0x01, 0x01, 0x01, 0x18, 
0xca, 0x33, 0x94, 0xd6, 0x01, 0x33, 0xcd, 0x05, 0xee, 0x57, 0xc4, 0x1b, 0x8b, 0x14, 0xe7, 0x72, 0x8b, 0x14, 0x01, 0x50, 
0xd7, 0x0f, 0xd7, 0x0f, 0xb4, 0x0a, 0x56, 0xb5, 0xbc, 0x01, 0x57, 0x58, 0x00, 0x00, 0xc1, 0x0a, 0x0d, 0xd8, 0x9c, 0x01, 
0xb8, 0x28, 0x00, 0xc1, 0x0a, 0x18, 0xdb, 0x85, 0x01, 0xfc, 0x16, 0x00, 0xce, 0x10, 0x18, 0xa0, 0x74, 0xa0, 0x74, 0xbb, 
0x11, 0xc1, 0x0a, 0x0d, 0xbe, 0x14, 0xba, 0x2b, 0x01, 0xc1, 0x0a, 0x18, 0x8d, 0x0b, 0xcc, 0x94, 0x01, 0x01, 0xce, 0x10, 
0x18, 0xad, 0x09, 0xad, 0x09, 0xbb, 0x14, 0xc1, 0x0a, 0x0d, 0xbe, 0x14, 0xbc, 0x2b, 0x02, 0xc1, 0x0a, 0x18, 0x8d, 0x0b, 
0xce, 0x94, 0x01, 0x02, 0xce, 0x10, 0x18, 0xe4, 0x04, 0xe4, 0x04, 0xa9, 0x06, 0xc1, 0x0a, 0x18, 0xaf, 0x7f, 0x82, 0x1a, 
0x03, 0x4b, 0x18, 0x95, 0x0d, 0xc5, 0x8c, 0x01, 0x95, 0x0d, 0x4b, 0x18, 0xaa, 0x54, 0x87, 0x2a, 0xaa, 0x54, 0x4b, 0x18, 
0xb2, 0x3d, 0xac, 0x13, 0xb2, 0x3d, 0xce, 0x10, 0x18, 0xb3, 0x99, 0x01, 0xb3, 0x99, 0x01, 0x9a, 0x43, 0x4b, 0x18, 0x9d, 
0x31, 0xfb, 0xb2, 0x01, 0x9d, 0x31, 0xc1, 0x0a, 0x0d, 0xe4, 0x31, 0xd2, 0x63, 0x02, 0xc1, 0x0a, 0x0b, 0xbe, 0x2e, 0xb8, 
0x7f, 0x02, 0x01, 0x18, 0x8a, 0x40, 0x96, 0xd6, 0x01, 0x33, 0xcd, 0x05, 0xee, 0x57, 0xc4, 0x1b, 0x8b, 0x14, 0xc8, 0x6c, 
0x8b, 0x14, 0x01, 0x50, 0xd7, 0x0f, 0xd7, 0x0f, 0xb4, 0x0a, 0x56, 0xb5, 0xbc, 0x01, 0x58, 0x58, 0x00, 0x00, 0xc1, 0x0a, 
0x0d, 0xd8, 0x9c, 0x01, 0xb8, 0x28, 0x00, 0xc1, 0x0a, 0x18, 0xdb, 0x85, 0x01, 0xfc, 0x16, 0x00, 0xce, 0x10, 0x18, 0xa2, 
0x74, 0xa2, 0x74, 0xb9, 0x11, 0xc1, 0x0a, 0x0d, 0xbe, 0x14, 0xbc, 0x2b, 0x01, 0xc1, 0x0a, 0x18, 0x8d, 0x0b, 0xce, 0x94, 
0x01, 0x01, 0xce, 0x10, 0x18, 0xad, 0x09, 0xad, 0x09, 0xbb, 0x14, 0xc1, 0x0a, 0x0d, 0xbe, 0x14, 0xbe, 0x2b, 0x02, 0xc1, 
0x0a, 0x18, 0x8d, 0x0b, 0xd0, 0x94, 0x01, 0x02, 0xce, 0x10, 0x18, 0xe2, 0x04, 0xe2, 0x04, 0xab, 0x06, 0xc1, 0x0a, 0x18, 
0xaf, 0x7f, 0x82, 0x1a, 0x03, 0x4b, 0x18, 0x95, 0x0d, 0xc5, 0x8c, 0x01, 0x95, 0x0d, 0x4b, 0x18, 0xaa, 0x54, 0x89, 0x2a, 
0xaa, 0x54, 0x4b, 0x18, 0xb2, 0x3d, 0xaa, 0x13, 0xb2, 0x3d, 0xce, 0x10, 0x18, 0xe5, 0x8b, 0x01, 0xe5, 0x8b, 0x01, 0x8a, 
0x0d, 0x4b, 0x18, 0xce, 0x7d, 0xbc, 0xbc, 0x01, 0xce, 0x7d, 0x3f, 0x0d, 0xba, 0x08, 0xd6, 0x87, 0x01, 0xc3, 0x10, 0x0d, 
0xdd, 0x42, 0xdd, 0x42, 0xf2, 0xf8, 0x01, 0xbd, 0x0c, 0x0b, 0x88, 0x53, 0x88, 0x53, 0xc1, 0x0a, 0x0b, 0xf7, 0x4f, 0xbe, 
0xa4, 0x01, 0x03, 0xc2, 0x10, 0x0b, 0x8c, 0x45, 0x8c, 0x45, 0xfc, 0x9a, 0x02, 0xc0, 0x10, 0x0b, 0xfc, 0x43, 0x90, 0x39, 
0xfc, 0x43, 0x99, 0x1e, 0xca, 0x1a, 0x18, 0xc9, 0x1a, 0xe5, 0x1e, 0x18, 0xf9, 0xa1, 0x01, 0x55, 0x4d, 0x00, 0x00, 0xd8, 
0x36, 0x00, 0x00, 0x4f, 0x3c, 0x00, 0x00, 0x47, 0x4a, 0x00, 0x00, 0xe5, 0x1e, 0x0b, 0x95, 0x29, 0x87, 0x53, 0x00, 0x00, 
0xd8, 0x36, 0x00, 0x00, 0x83, 0x34, 0x00, 0x00, 0x47, 0x4a, 0x00, 0x00, 0xc0, 0x16, 0x09, 0x92, 0x10, 0x92, 0x10, 0xc7, 
0xd5, 0x01, 0xb6, 0x1e, 0x87, 0x58, 0xb7, 0x77, 0x00, 0xba, 0x1e, 0x00, 0xb7, 0x77, 0x87, 0x58, 0x18, 0xb8, 0x77, 0xc9, 
0x10, 0x0b, 0xa7, 0xc2, 0x01, 0xdd, 0x3a, 0xde, 0x3c, 0xbc, 0x0e, 0x0c, 0xae, 0x5d, 0xae, 0x5d, 0xc6, 0x10, 0x0b, 0xb5, 
0x3c, 0xe5, 0x19, 0xd6, 0x5d, 0xbc, 0x0e, 0x0c, 0xaa, 0xf6, 0x01, 0xaa, 0xf6, 0x01, 0xc0, 0x0a, 0x12, 0xab, 0xc3, 0x01, 
0xb7, 0x09, 0xab, 0xc3, 0x01, 0x01, 0xfe, 0x03, 0xc4, 0xca, 0x01, 0xe2, 0xbe, 0x02, 0xb4, 0x0c, 0x97, 0x01, 0xbf, 0xbb, 
0x01, 0xbf, 0xbb, 0x01, 0xef, 0x0a, 0x1d, 0x85, 0x41, 0x85, 0x41, 0x81, 0x32, 0x02, 0x8b, 0x14, 0x2d, 0x13, 0xfa, 0xdf, 
0x01, 0xfa, 0xdf, 0x01, 0xfa, 0xdf, 0x01, 0x10, 0xc1, 0x0a, 0x0d, 0xb2, 0x06, 0xb2, 0x06, 0x00, 0xbd, 0x0c, 0x0b, 0xe6, 
0x0d, 0xe6, 0x0d, 0x01, 0x18, 0x83, 0xda, 0x01, 0xe4, 0x5f, 0x33, 0xcd, 0x05, 0xd3, 0x29, 0xc4, 0x1b, 0x8b, 0x14, 0xb6, 
0xbe, 0x01, 0x8b, 0x14, 0x01, 0x50, 0x9e, 0xe8, 0x01, 0x9e, 0xe8, 0x01, 0xb4, 0x0a, 0x56, 0xb5, 0xbc, 0x01, 0x59, 0x58, 
0x00, 0x00, 0xc1, 0x0a, 0x0d, 0xd8, 0x9c, 0x01, 0xec, 0x9e, 0x01, 0x00, 0xc1, 0x0a, 0x18, 0xdb, 0x85, 0x01, 0xfc, 0x16, 
0x00, 0xce, 0x10, 0x18, 0xa4, 0x74, 0xa4, 0x74, 0xb7, 0x11, 0xc1, 0x0a, 0x0d, 0xbe, 0x14, 0xf2, 0xa1, 0x01, 0x01, 0xc1, 
0x0a, 0x18, 0x8d, 0x0b, 0xd0, 0x94, 0x01, 0x01, 0xce, 0x10, 0x18, 0xad, 0x09, 0xad, 0x09, 0xbb, 0x14, 0xc1, 0x0a, 0x0d, 
0xbe, 0x14, 0xf4, 0xa1, 0x01, 0x02, 0xc1, 0x0a, 0x18, 0x8d, 0x0b, 0xd2, 0x94, 0x01, 0x02, 0xce, 0x10, 0x18, 0xe0, 0x04, 
0xe0, 0x04, 0xad, 0x06, 0xc1, 0x0a, 0x18, 0xaf, 0x7f, 0x82, 0x1a, 0x03, 0x4b, 0x18, 0x95, 0x0d, 0xc5, 0x8c, 0x01, 0x95, 
0x0d, 0x4b, 0x18, 0x8e, 0x42, 0xa7, 0x3c, 0x8e, 0x42, 0x4b, 0x18, 0xd9, 0x31, 0xff, 0x6d, 0xd9, 0x31, 0xc1, 0x0a, 0x0d, 
0x9a, 0x75, 0x9d, 0x31, 0x01, 0xce, 0x10, 0x18, 0xe5, 0x16, 0xb4, 0x5e, 0xe5, 0x16, 0x4b, 0x18, 0xb1, 0x2f, 0xc4, 0x26, 
0xb1, 0x2f, 0xc0, 0x10, 0x0b, 0x97, 0x1f, 0xc2, 0x30, 0xea, 0xa9, 0x01, 0x99, 0x1e, 0xcd, 0x9a, 0x01, 0x18, 0xd8, 0x37, 
0x22, 0xda, 0xc6, 0x01, 0x84, 0x3f, 0x8d, 0x1e, 0x88, 0x06, 0x52, 0x49, 0x50, 0x53, 0x5f, 0x54, 0x41, 0x4d, 0x86, 0x00, 
0x00, 0x00, 0x12, 0x00, 0x00, 0x00, 0x00, 0x00, 0x00, 0x00, 0x02, 0x00, 0x00, 0x00, 0x00, 0x00, 0x00, 0x02, 0x00, 0x01, 
0x01, 0x00, 0x00, 0x00, 0x02, 0x02, 0x00, 0x02, 0x00, 0x00, 0x00, 0x02, 0x08, 0x00, 0x03, 0x00, 0x00, 0x00, 0x02, 0x0a, 
0x00, 0x04, 0x00, 0x00, 0x00, 0x02, 0x10, 0x00, 0x05, 0x00, 0x00, 0x00, 0x02, 0x10, 0x01, 0x06, 0x00, 0x00, 0x00, 0x02, 
0x12, 0x00, 0x07, 0x00, 0x00, 0x00, 0x02, 0x18, 0x00, 0x08, 0x00, 0x00, 0x00, 0x02, 0x1a, 0x00, 0x09, 0x00, 0x00, 0x00, 
0x02, 0x20, 0x01, 0x0a, 0x00, 0x00, 0x00, 0x02, 0x30, 0x01, 0x0b, 0x00, 0x00, 0x00, 0x02, 0x50, 0x00, 0x0c, 0x00, 0x00, 
0x00, 0x02, 0x50, 0x01, 0x0d, 0x00, 0x00, 0x00, 0x02, 0x52, 0x00, 0x0e, 0x00, 0x00, 0x00, 0x02, 0x58, 0x00, 0x0f, 0x00, 
0x00, 0x00, 0x02, 0x5a, 0x00, 0x10, 0x00, 0x00, 0x00, 0x02, 0x70, 0x01, 0x01, 0x00, 0x00, 0x00, 0x20, 0x43, 0x52, 0x43, 
0x5f, 0x54, 0x41, 0x4d, 0x04, 0x00, 0x00, 0x00, 0x7a, 0xf4, 0xc1, 0x70, 

// READOUT_DISPLAY
0x53, 0x52, 0x45, 0x56, 0x5f, 0x54, 0x41, 0x4d, 0x04, 0x00, 0x00, 0x00, 0x4d, 0x00, 0x00, 0x00, 0x54, 0x41, 0x45, 0x46, 
0x5f, 0x54, 0x41, 0x4d, 0x01, 0x00, 0x00, 0x00, 0x01, 0x45, 0x4d, 0x41, 0x4e, 0x5f, 0x54, 0x41, 0x4d, 0x10, 0x00, 0x00, 
0x00, 0x72, 0x65, 0x61, 0x64, 0x6f, 0x75, 0x74, 0x5f, 0x64, 0x69, 0x73, 0x70, 0x6c, 0x61, 0x79, 0x00, 0x4d, 0x52, 0x50, 
0x43, 0x5f, 0x54, 0x41, 0x4d, 0x15, 0x00, 0x00, 0x00, 0x2d, 0x70, 0x20, 0x64, 0x65, 0x73, 0x6b, 0x74, 0x6f, 0x70, 0x20, 
0x2d, 0x61, 0x20, 0x76, 0x75, 0x6c, 0x6b, 0x61, 0x6e, 0x00, 0x4c, 0x44, 0x4d, 0x53, 0x5f, 0x54, 0x41, 0x4d, 0x04, 0x00, 
0x00, 0x00, 0x04, 0x00, 0x00, 0x00, 0x4e, 0x4d, 0x4f, 0x44, 0x5f, 0x54, 0x41, 0x4d, 0x01, 0x00, 0x00, 0x00, 0x00, 0x54, 
0x4c, 0x46, 0x56, 0x5f, 0x54, 0x41, 0x4d, 0x04, 0x00, 0x00, 0x00, 0x00, 0x00, 0x00, 0x00, 0x20, 0x42, 0x49, 0x55, 0x5f, 
0x54, 0x41, 0x4d, 0x48, 0x00, 0x00, 0x00, 0x4d, 0x61, 0x74, 0x65, 0x72, 0x69, 0x61, 0x6c, 0x50, 0x61, 0x72, 0x61, 0x6d, 
0x73, 0x00, 0x02, 0x00, 0x00, 0x00, 0x00, 0x00, 0x00, 0x00, 0x65, 0x6d, 0x69, 0x73, 0x73, 0x69, 0x76, 0x65, 0x42, 0x6f, 
0x6f, 0x73, 0x74, 0x00, 0x00, 0x00, 0x00, 0x00, 0x00, 0x00, 0x00, 0x00, 0x04, 0x03, 0x00, 0x5f, 0x64, 0x6f, 0x75, 0x62, 
0x6c, 0x65, 0x53, 0x69, 0x64, 0x65, 0x64, 0x00, 0x00, 0x00, 0x00, 0x00, 0x00, 0x00, 0x00, 0x00, 0x00, 0x03, 0x00, 0x20, 
0x42, 0x49, 0x53, 0x5f, 0x54, 0x41, 0x4d, 0x29, 0x00, 0x00, 0x00, 0x4d, 0x61, 0x74, 0x65, 0x72, 0x69, 0x61, 0x6c, 0x50, 
0x61, 0x72, 0x61, 0x6d, 0x73, 0x00, 0x01, 0x00, 0x00, 0x00, 0x00, 0x00, 0x00, 0x00, 0x64, 0x61, 0x77, 0x54, 0x65, 0x78, 
0x74, 0x75, 0x72, 0x65, 0x00, 0x01, 0x00, 0x02, 0x03, 0x01, 0x00, 0x00, 0x49, 0x44, 0x42, 0x44, 0x5f, 0x54, 0x41, 0x4d, 
0x2e, 0x00, 0x00, 0x00, 0x02, 0x4d, 0x61, 0x74, 0x65, 0x72, 0x69, 0x61, 0x6c, 0x50, 0x61, 0x72, 0x61, 0x6d, 0x73, 0x00, 
0x1a, 0x00, 0x6d, 0x61, 0x74, 0x65, 0x72, 0x69, 0x61, 0x6c, 0x50, 0x61, 0x72, 0x61, 0x6d, 0x73, 0x5f, 0x64, 0x61, 0x77, 
0x54, 0x65, 0x78, 0x74, 0x75, 0x72, 0x65, 0x00, 0x00, 0x01, 0x49, 0x4c, 0x53, 0x44, 0x5f, 0x54, 0x41, 0x4d, 0x0d, 0x00, 
0x00, 0x00, 0x02, 0x1a, 0x03, 0x00, 0x01, 0x00, 0x00, 0x00, 0x02, 0x01, 0x00, 0x00, 0x00, 0x53, 0x4e, 0x4f, 0x43, 0x5f, 
0x54, 0x41, 0x4d, 0x08, 0x00, 0x00, 0x00, 0x00, 0x00, 0x00, 0x00, 0x00, 0x00, 0x00, 0x00, 0x4e, 0x4f, 0x43, 0x50, 0x5f, 
0x54, 0x41, 0x4d, 0x2d, 0x00, 0x00, 0x00, 0x70, 0x75, 0x73, 0x68, 0x43, 0x6f, 0x6e, 0x73, 0x74, 0x61, 0x6e, 0x74, 0x73, 
0x00, 0x01, 0x00, 0x00, 0x00, 0x00, 0x00, 0x00, 0x00, 0x6d, 0x6f, 0x72, 0x70, 0x68, 0x69, 0x6e, 0x67, 0x42, 0x75, 0x66, 
0x66, 0x65, 0x72, 0x4f, 0x66, 0x66, 0x73, 0x65, 0x74, 0x00, 0x00, 0x00, 0x20, 0x42, 0x55, 0x53, 0x5f, 0x54, 0x41, 0x4d, 
0x17, 0x00, 0x00, 0x00, 0x4d, 0x61, 0x74, 0x65, 0x72, 0x69, 0x61, 0x6c, 0x50, 0x61, 0x72, 0x61, 0x6d, 0x73, 0x00, 0x00, 
0x00, 0x00, 0x00, 0x00, 0x00, 0x00, 0x00, 0x53, 0x53, 0x4f, 0x44, 0x5f, 0x54, 0x41, 0x4d, 0x01, 0x00, 0x00, 0x00, 0x01, 
0x49, 0x53, 0x4f, 0x44, 0x5f, 0x54, 0x41, 0x4d, 0x01, 0x00, 0x00, 0x00, 0x01, 0x4e, 0x45, 0x4c, 0x42, 0x5f, 0x54, 0x41, 
0x4d, 0x01, 0x00, 0x00, 0x00, 0x00, 0x44, 0x4d, 0x52, 0x54, 0x5f, 0x54, 0x41, 0x4d, 0x01, 0x00, 0x00, 0x00, 0x00, 0x4c, 
0x46, 0x45, 0x52, 0x5f, 0x54, 0x41, 0x4d, 0x01, 0x00, 0x00, 0x00, 0x00, 0x49, 0x52, 0x57, 0x43, 0x5f, 0x54, 0x41, 0x4d, 
0x01, 0x00, 0x00, 0x00, 0x01, 0x53, 0x57, 0x45, 0x44, 0x5f, 0x54, 0x41, 0x4d, 0x01, 0x00, 0x00, 0x00, 0x00, 0x49, 0x52, 
0x57, 0x44, 0x5f, 0x54, 0x41, 0x4d, 0x01, 0x00, 0x00, 0x00, 0x01, 0x53, 0x45, 0x54, 0x44, 0x5f, 0x54, 0x41, 0x4d, 0x01, 
0x00, 0x00, 0x00, 0x01, 0x54, 0x53, 0x4e, 0x49, 0x5f, 0x54, 0x41, 0x4d, 0x01, 0x00, 0x00, 0x00, 0x00, 0x53, 0x43, 0x32, 
0x41, 0x5f, 0x54, 0x41, 0x4d, 0x01, 0x00, 0x00, 0x00, 0x00, 0x4f, 0x43, 0x32, 0x41, 0x5f, 0x54, 0x41, 0x4d, 0x01, 0x00, 
0x00, 0x00, 0x00, 0x4f, 0x4d, 0x55, 0x43, 0x5f, 0x54, 0x41, 0x4d, 0x01, 0x00, 0x00, 0x00, 0x00, 0x50, 0x4f, 0x52, 0x50, 
0x5f, 0x54, 0x41, 0x4d, 0x08, 0x00, 0x00, 0x00, 0x01, 0x00, 0x00, 0x00, 0x00, 0x00, 0x00, 0x00, 0x52, 0x45, 0x54, 0x53, 
0x5f, 0x54, 0x41, 0x4d, 0x01, 0x00, 0x00, 0x00, 0x01, 0x44, 0x49, 0x55, 0x55, 0x5f, 0x54, 0x41, 0x4d, 0x08, 0x00, 0x00, 
0x00, 0x9b, 0x37, 0x02, 0x92, 0x5f, 0x80, 0x03, 0x05, 0x44, 0x41, 0x48, 0x53, 0x5f, 0x54, 0x41, 0x4d, 0x01, 0x00, 0x00, 
0x00, 0x00, 0x4c, 0x4d, 0x48, 0x53, 0x5f, 0x54, 0x41, 0x4d, 0x01, 0x00, 0x00, 0x00, 0x00, 0x4d, 0x46, 0x45, 0x52, 0x5f, 
0x54, 0x41, 0x4d, 0x01, 0x00, 0x00, 0x00, 0x00, 0x54, 0x46, 0x45, 0x52, 0x5f, 0x54, 0x41, 0x4d, 0x01, 0x00, 0x00, 0x00, 
0x00, 0x52, 0x4f, 0x49, 0x43, 0x5f, 0x54, 0x41, 0x4d, 0x01, 0x00, 0x00, 0x00, 0x01, 0x41, 0x51, 0x45, 0x52, 0x5f, 0x54, 
0x41, 0x4d, 0x04, 0x00, 0x00, 0x00, 0x09, 0x00, 0x00, 0x00, 0x41, 0x41, 0x50, 0x53, 0x5f, 0x54, 0x41, 0x4d, 0x01, 0x00, 
0x00, 0x00, 0x00, 0x52, 0x41, 0x56, 0x53, 0x5f, 0x54, 0x41, 0x4d, 0x04, 0x00, 0x00, 0x00, 0x9a, 0x99, 0x19, 0x3e, 0x52, 
0x48, 0x54, 0x53, 0x5f, 0x54, 0x41, 0x4d, 0x04, 0x00, 0x00, 0x00, 0xcd, 0xcc, 0x4c, 0x3e, 0x4f, 0x44, 0x45, 0x56, 0x5f, 
0x54, 0x41, 0x4d, 0x01, 0x00, 0x00, 0x00, 0x00, 0x52, 0x54, 0x4e, 0x49, 0x5f, 0x54, 0x41, 0x4d, 0x01, 0x00, 0x00, 0x00, 
0x00, 0x50, 0x44, 0x53, 0x43, 0x5f, 0x54, 0x41, 0x4d, 0x01, 0x00, 0x00, 0x00, 0x00, 0x54, 0x58, 0x45, 0x54, 0x5f, 0x43, 
0x49, 0x44, 0x04, 0x00, 0x00, 0x00, 0x00, 0x00, 0x00, 0x00, 0x52, 0x49, 0x50, 0x53, 0x5f, 0x43, 0x49, 0x44, 0x78, 0xad, 
0x00, 0x00, 0x01, 0x00, 0x00, 0x00, 0x11, 0x00, 0x00, 0x00, 0x00, 0x00, 0x00, 0x00, 0x00, 0x00, 0x1f, 0x06, 0x00, 0x00, 
0x00, 0x00, 0x00, 0x00, 0x4c, 0x4f, 0x4d, 0x53, 0x00, 0x03, 0x01, 0x00, 0x0b, 0x00, 0x08, 0x00, 0x29, 0x60, 0x00, 0x00, 
0x00, 0x00, 0x00, 0x00, 0xe4, 0x16, 0x00, 0x00, 0x91, 0x02, 0x01, 0xd1, 0x10, 0x02, 0x47, 0x4c, 0x53, 0x4c, 0x2e, 0x73, 
0x74, 0x64, 0x2e, 0x34, 0x35, 0x30, 0x00, 0x00, 0x00, 0x00, 0xa0, 0x04, 0x00, 0x01, 0xcf, 0x0f, 0x00, 0x9f, 0x2c, 0xed, 
0xc2, 0xa5, 0xf3, 0x06, 0x00, 0x82, 0x1f, 0xcf, 0x2d, 0x8c, 0x1a, 0xb0, 0x23, 0x84, 0x28, 0xab, 0x22, 0xd9, 0x1b, 0xc2, 
0x26, 0x10, 0xde, 0x15, 0x06, 0x10, 0x37, 0xc1, 0x0e, 0x0b, 0x00, 0x05, 0x00, 0x07, 0x01, 0x10, 0x00, 0x23, 0x00, 0x01, 
0x05, 0x00, 0x07, 0x01, 0x10, 0x00, 0x23, 0x40, 0x01, 0x23, 0x30, 0x01, 0x23, 0x04, 0x01, 0x23, 0x04, 0x01, 0x23, 0x04, 
0x01, 0x23, 0x04, 0x10, 0xaa, 0x47, 0x01, 0x01, 0x10, 0xbb, 0x48, 0x06, 0x80, 0x02, 0x00, 0x88, 0x15, 0x02, 0x47, 0x00, 
0x01, 0x00, 0x23, 0x00, 0x10, 0xa2, 0x18, 0x21, 0x00, 0x10, 0x00, 0x22, 0x01, 0x10, 0xd3, 0x17, 0x06, 0x40, 0x10, 0x02, 
0x06, 0x40, 0x10, 0xe7, 0x07, 0x06, 0x10, 0x10, 0x8c, 0x03, 0x06, 0x10, 0x10, 0x02, 0x06, 0x10, 0x10, 0x02, 0x06, 0x10, 
0x10, 0x50, 0x06, 0x10, 0x00, 0xb9, 0x14, 0x02, 0x37, 0x00, 0x95, 0x00, 0x05, 0x00, 0x07, 0x01, 0x10, 0x00, 0x23, 0x00, 
0x01, 0x05, 0x00, 0x07, 0x01, 0x10, 0x00, 0x23, 0x40, 0x01, 0x05, 0x00, 0x07, 0x01, 0x10, 0x00, 0x23, 0x40, 0x01, 0x05, 
0x00, 0x07, 0x01, 0x10, 0x00, 0x23, 0x40, 0x01, 0x05, 0x00, 0x07, 0x01, 0x10, 0x00, 0x23, 0x40, 0x01, 0x05, 0x00, 0x07, 
0x01, 0x10, 0x00, 0x23, 0x80, 0x02, 0x01, 0x05, 0x00, 0x07, 0x01, 0x10, 0x00, 0x23, 0x80, 0x02, 0x01, 0x05, 0x00, 0x07, 
0x01, 0x10, 0x00, 0x23, 0x40, 0x01, 0x05, 0x00, 0x07, 0x01, 0x10, 0x00, 0x23, 0x30, 0x01, 0x23, 0x40, 0x01, 0x23, 0x10, 
0x01, 0x23, 0x08, 0x01, 0x23, 0x04, 0x01, 0x23, 0x04, 0x01, 0x23, 0x10, 0x01, 0x23, 0x10, 0x01, 0x23, 0x08, 0x01, 0x23, 
0x08, 0x01, 0x23, 0x04, 0x01, 0x00, 0x00, 0x23, 0x04, 0x01, 0x23, 0x08, 0x01, 0x23, 0x04, 0x01, 0x23, 0x04, 0x01, 0x23, 
0x04, 0x01, 0x23, 0x04, 0x01, 0x23, 0x04, 0x01, 0x00, 0x00, 0x23, 0x04, 0x01, 0x00, 0x00, 0x23, 0x04, 0x01, 0x00, 0x00, 
0x23, 0x04, 0x01, 0x00, 0x00, 0x23, 0x10, 0x01, 0x00, 0x00, 0x23, 0x0c, 0x01, 0x00, 0x00, 0x23, 0x04, 0x01, 0x00, 0x00, 
0x23, 0x08, 0x01, 0x00, 0x00, 0x23, 0x04, 0x01, 0x00, 0x00, 0x23, 0x04, 0x01, 0x00, 0x00, 0x23, 0x04, 0x01, 0x23, 0x04, 
0x01, 0x00, 0x00, 0x23, 0x04, 0x01, 0x00, 0x00, 0x23, 0x04, 0x01, 0x23, 0x90, 0x01, 0x01, 0x00, 0x00, 0x23, 0x0c, 0x01, 
0x23, 0x04, 0x01, 0x23, 0x10, 0x01, 0x23, 0x10, 0x01, 0x00, 0x00, 0x23, 0x08, 0x01, 0x00, 0x00, 0x23, 0x04, 0x01, 0x23, 
0x04, 0x01, 0x00, 0x00, 0x23, 0x08, 0x01, 0x00, 0x00, 0x23, 0x04, 0x01, 0x23, 0x04, 0x01, 0x00, 0x00, 0x23, 0x10, 0x01, 
0x00, 0x00, 0x23, 0x04, 0x01, 0x23, 0x04, 0x01, 0x00, 0x00, 0x23, 0x08, 0x01, 0x23, 0x04, 0x01, 0x00, 0x00, 0x23, 0x04, 
0x01, 0x00, 0x00, 0x23, 0x04, 0x01, 0x23, 0x04, 0x01, 0x23, 0x0c, 0x01, 0x23, 0x04, 0x01, 0x23, 0x04, 0x01, 0x23, 0x04, 
0x01, 0x23, 0x04, 0x01, 0x23, 0x04, 0x01, 0x23, 0x0c, 0x01, 0x23, 0x04, 0x01, 0x23, 0x04, 0x01, 0x23, 0x04, 0x01, 0x23, 
0x04, 0x01, 0x05, 0x00, 0x07, 0x01, 0x10, 0x00, 0x23, 0x04, 0x01, 0x23, 0x30, 0x01, 0x23, 0x08, 0x01, 0x05, 0x00, 0x07, 
0x01, 0x10, 0x00, 0x23, 0x08, 0x01, 0x05, 0x00, 0x07, 0x01, 0x10, 0x00, 0x23, 0x40, 0x01, 0x00, 0x00, 0x23, 0x40, 0x01, 
0x00, 0x00, 0x23, 0x04, 0x01, 0x00, 0x00, 0x23, 0x04, 0x01, 0x00, 0x00, 0x23, 0x04, 0x01, 0x23, 0x04, 0x01, 0x23, 0x40, 
0x01, 0x00, 0x00, 0x23, 0x04, 0x01, 0x00, 0x00, 0x23, 0x04, 0x01, 0x00, 0x00, 0x23, 0x04, 0x01, 0x23, 0x04, 0x01, 0x23, 
0x40, 0x01, 0x00, 0x00, 0x23, 0x40, 0x01, 0x00, 0x00, 0x23, 0x04, 0x01, 0x00, 0x00, 0x23, 0x04, 0x01, 0x00, 0x00, 0x23, 
0x04, 0x01, 0x00, 0x00, 0x23, 0x04, 0x10, 0xea, 0x3b, 0x21, 0x00, 0x10, 0x00, 0x22, 0x00, 0x10, 0x85, 0x01, 0x1e, 0x00, 
0x10, 0x9a, 0x1d, 0x1e, 0x03, 0x00, 0x85, 0x27, 0x0e, 0x10, 0x00, 0x1e, 0x0a, 0x10, 0xc8, 0x12, 0x0b, 0x2b, 0x10, 0xa8, 
0x09, 0x1e, 0x05, 0x10, 0xb1, 0x0b, 0x1e, 0x06, 0x10, 0xa3, 0x0d, 0x1e, 0x09, 0x00, 0xbd, 0x23, 0x02, 0x47, 0x00, 0x04, 
0x00, 0x0b, 0x01, 0x00, 0x01, 0x0b, 0x01, 0x01, 0x01, 0x0b, 0x01, 0x03, 0x01, 0x0b, 0x01, 0x04, 0x93, 0x02, 0x0e, 0xa1, 
0x04, 0xf4, 0x13, 0x08, 0xa6, 0x02, 0xe9, 0x13, 0x20, 0xb7, 0x02, 0x20, 0x0d, 0x04, 0xb8, 0x02, 0x90, 0x01, 0x1d, 0x04, 
0xb7, 0x02, 0x99, 0x01, 0x0d, 0x03, 0xb5, 0x02, 0x17, 0x20, 0x01, 0xb7, 0x02, 0x0e, 0x0d, 0x02, 0xbe, 0x02, 0xa2, 0x10, 
0x13, 0x1d, 0xb5, 0x02, 0xb1, 0x10, 0x20, 0x00, 0xbb, 0x04, 0x0b, 0xfe, 0x27, 0x00, 0x00, 0x00, 0x00, 0xbb, 0x04, 0x0c, 
0x02, 0x00, 0x00, 0x00, 0x00, 0xbb, 0x04, 0x0b, 0x04, 0x01, 0x00, 0x00, 0x00, 0xbb, 0x04, 0x0b, 0x06, 0x02, 0x00, 0x00, 
0x00, 0xb8, 0x02, 0x93, 0x27, 0x18, 0x03, 0xbb, 0x04, 0x0b, 0xb8, 0x27, 0x08, 0x00, 0x00, 0x00, 0xbc, 0x02, 0xe5, 0x12, 
0x1d, 0xa2, 0x14, 0x8e, 0x03, 0xc1, 0x0e, 0x65, 0x46, 0x0c, 0x0c, 0x0c, 0x0d, 0xef, 0x0a, 0xb2, 0x06, 0x0c, 0xaa, 0x47, 
0x40, 0x00, 0x00, 0x00, 0xbc, 0x02, 0xbb, 0x48, 0xce, 0x03, 0xa3, 0x27, 0xae, 0x02, 0x88, 0x15, 0x85, 0x03, 0x3e, 0xfa, 
0x09, 0x02, 0xc9, 0x0d, 0x39, 0xc6, 0x12, 0xa8, 0x0e, 0x02, 0x3e, 0xef, 0x27, 0x02, 0x65, 0xbb, 0x04, 0x0c, 0xf0, 0x1c, 
0x05, 0x00, 0x00, 0x00, 0xbb, 0x04, 0x0b, 0x07, 0x04, 0x00, 0x00, 0x00, 0xbc, 0x02, 0xcb, 0x0c, 0x65, 0x96, 0x14, 0xbc, 
0x02, 0x02, 0x65, 0x96, 0x14, 0xb7, 0x02, 0xb9, 0x1b, 0x0b, 0x03, 0xbb, 0x04, 0x0b, 0xa2, 0x28, 0x09, 0x00, 0x00, 0x00, 
0xbc, 0x02, 0xcf, 0x14, 0x18, 0xa5, 0x14, 0xbc, 0x02, 0x8c, 0x03, 0x1d, 0x96, 0x14, 0xbc, 0x02, 0x02, 0x1d, 0x96, 0x14, 
0xbc, 0x02, 0x02, 0x1d, 0x96, 0x14, 0xbc, 0x02, 0x50, 0x1d, 0xa5, 0x14, 0xbe, 0x83, 0xc0, 0x02, 0xb9, 0x14, 0x65, 0x65, 
0x65, 0x65, 0xf0, 0x0d, 0xf1, 0x0d, 0x65, 0x46, 0x65, 0x1d, 0x13, 0x0d, 0x0d, 0x1d, 0x1d, 0x13, 0x13, 0x0d, 0x0d, 0x13, 
0x0d, 0x0d, 0x0d, 0x0d, 0x0d, 0x0d, 0x0d, 0x0d, 0x1d, 0x14, 0x0c, 0x13, 0x0c, 0x0c, 0x0c, 0x0c, 0x0d, 0x0d, 0xfd, 0x09, 
0x18, 0x0d, 0x1d, 0x1d, 0x13, 0x0c, 0x0d, 0x13, 0x0d, 0x0d, 0x1d, 0x0c, 0x0d, 0x13, 0x0d, 0x0d, 0x0d, 0x0b, 0x18, 0x0d, 
0x0d, 0x0b, 0x0d, 0x0d, 0x18, 0x0d, 0x0d, 0x0d, 0x0d, 0x0d, 0x46, 0x13, 0x13, 0x65, 0x65, 0x0d, 0x0d, 0x0d, 0x0d, 0xc3, 
0x0b, 0x0c, 0x0d, 0x0d, 0x0d, 0xc4, 0x0b, 0xc5, 0x0b, 0x0c, 0x0c, 0x0c, 0x0c, 0xed, 0x0b, 0x3e, 0xfa, 0x09, 0x02, 0xd0, 
0x01, 0x39, 0xcd, 0x06, 0xf0, 0x31, 0x02, 0x3e, 0xd5, 0x34, 0x01, 0x1d, 0x39, 0x9a, 0x05, 0xd0, 0x33, 0x01, 0x3e, 0xe3, 
0x33, 0x01, 0x13, 0x39, 0x90, 0x05, 0xfe, 0x50, 0x01, 0x3e, 0x89, 0x51, 0x01, 0x0d, 0xbb, 0x04, 0x0d, 0xff, 0x07, 0x00, 
0x00, 0x80, 0x3f, 0x3e, 0xfe, 0x07, 0x03, 0x0c, 0x39, 0x89, 0x05, 0x86, 0x2a, 0x03, 0x3e, 0x81, 0x2a, 0x01, 0x0c, 0x39, 
0x8b, 0x05, 0xca, 0x3c, 0x01, 0x3e, 0xbd, 0x3c, 0x03, 0x13, 0x39, 0x91, 0x05, 0xe6, 0x45, 0x03, 0x3e, 0xd1, 0x45, 0x03, 
0x1d, 0x39, 0x9b, 0x05, 0xa0, 0x3a, 0x03, 0x3e, 0xbd, 0x3a, 0x03, 0x0d, 0x39, 0x9b, 0x05, 0x9a, 0x2d, 0x03, 0xbc, 0x02, 
0xb1, 0x2c, 0x0d, 0x8d, 0x14, 0xde, 0x02, 0xf4, 0x08, 0x1d, 0x0d, 0xc0, 0x05, 0xc0, 0x05, 0x3e, 0xfa, 0x09, 0x03, 0xfa, 
0x09, 0x39, 0xf7, 0x0e, 0x96, 0x2f, 0x03, 0xc6, 0x06, 0x08, 0xba, 0x0b, 0x00, 0x82, 0x0a, 0x18, 0xf4, 0x60, 0x01, 0x0c, 
0xba, 0xa9, 0x01, 0x8c, 0x9c, 0x02, 0x22, 0xd4, 0xae, 0x02, 0x00, 0x01, 0x0c, 0xbf, 0x9f, 0x01, 0x94, 0x8f, 0x01, 0x33, 
0xe2, 0x05, 0xfa, 0x3d, 0xda, 0x19, 0x8b, 0x14, 0xd6, 0x61, 0x8b, 0x14, 0x01, 0x65, 0xbc, 0x7b, 0xbc, 0x7b, 0x13, 0x8a, 
0x05, 0x9b, 0x23, 0xcf, 0x2d, 0x8a, 0x14, 0x01, 0x0d, 0x9e, 0x23, 0x9e, 0x23, 0x13, 0x8a, 0x05, 0xd1, 0x0f, 0xcf, 0x2d, 
0x8d, 0x14, 0x01, 0x0d, 0x91, 0x9d, 0x01, 0x91, 0x9d, 0x01, 0xc3, 0x10, 0x0d, 0xd0, 0xb0, 0x01, 0xbc, 0xfe, 0x02, 0xd0, 
0xb0, 0x01, 0xc0, 0x0a, 0x13, 0xad, 0x12, 0xc1, 0x0e, 0xad, 0x12, 0x01, 0x1d, 0xc7, 0xca, 0x01, 0xd6, 0x65, 0x3d, 0x18, 
0x82, 0x41, 0x82, 0x41, 0x82, 0x41, 0x18, 0xc1, 0x0a, 0x0d, 0xdf, 0x66, 0xdf, 0x66, 0x00, 0xc1, 0x0a, 0x1d, 0xa0, 0x84, 
0x01, 0xc5, 0x7a, 0x00, 0xce, 0x10, 0x1d, 0xec, 0x1b, 0xec, 0x1b, 0x8c, 0xa0, 0x01, 0xc1, 0x0a, 0x0d, 0xbe, 0x14, 0xea, 
0x4d, 0x01, 0xc1, 0x0a, 0x1d, 0x99, 0xd0, 0x01, 0xb5, 0x9a, 0x02, 0x01, 0xce, 0x10, 0x1d, 0xde, 0xbb, 0x01, 0xde, 0xbb, 
0x01, 0xbb, 0x14, 0xc1, 0x0a, 0x0d, 0xbe, 0x14, 0xec, 0x4d, 0x02, 0xc1, 0x0a, 0x1d, 0x99, 0xd0, 0x01, 0xb3, 0x9a, 0x02, 
0x02, 0xce, 0x10, 0x1d, 0xfa, 0xc9, 0x01, 0xfa, 0xc9, 0x01, 0x9f, 0x06, 0xc1, 0x0a, 0x1d, 0xaf, 0x7f, 0xe9, 0xcf, 0x01, 
0x03, 0x4b, 0x1d, 0x95, 0x0d, 0xc5, 0x8c, 0x01, 0x95, 0x0d, 0x4b, 0x1d, 0xf6, 0x41, 0xb1, 0x3c, 0xf6, 0x41, 0x4b, 0x1d, 
0x8a, 0x24, 0xa5, 0x18, 0x8a, 0x24, 0xc0, 0x0a, 0xa4, 0x08, 0xb2, 0x0c, 0x8d, 0x5c, 0xb2, 0x0c, 0xc1, 0x0a, 0x13, 0x93, 
0x19, 0x93, 0x19, 0x00, 0xc1, 0x0a, 0x1d, 0xf9, 0x6e, 0x8d, 0x88, 0x01, 0x01, 0x22, 0xfe, 0x39, 0xf9, 0x6e, 0x3d, 0x18, 
0x8a, 0xc1, 0x01, 0x8a, 0xc1, 0x01, 0x8a, 0xc1, 0x01, 0x18, 0x13, 0x8c, 0x05, 0xb3, 0x06, 0xab, 0x22, 0x8a, 0x14, 0xc1, 
0x0a, 0x0d, 0x85, 0x56, 0xb9, 0x5c, 0x00, 0x22, 0x85, 0x56, 0x00, 0x13, 0x8c, 0x05, 0xf0, 0x2f, 0xab, 0x22, 0x8d, 0x14, 
0xc1, 0x0a, 0x0d, 0xe1, 0x6e, 0xab, 0x9b, 0x01, 0x01, 0x22, 0xe1, 0x6e, 0x00, 0x13, 0x8c, 0x05, 0xe4, 0x6e, 0xab, 0x22, 
0x90, 0x14, 0xc1, 0x0a, 0x0d, 0xe1, 0x6e, 0xa9, 0x9b, 0x01, 0x02, 0x22, 0xe1, 0x6e, 0x00, 0x23, 0xe2, 0x05, 0xba, 0xbd, 
0x01, 0xc5, 0x1f, 0x9a, 0x14, 0x8b, 0x14, 0x01, 0x65, 0xb1, 0x89, 0x01, 0xb1, 0x89, 0x01, 0xc1, 0x12, 0x1d, 0xf7, 0x5a, 
0xf7, 0x5a, 0x8f, 0x01, 0x22, 0xc4, 0x51, 0x00, 0xc1, 0x0a, 0x0d, 0x90, 0xa9, 0x01, 0x90, 0xa9, 0x01, 0x01, 0x3f, 0x0d, 
0xe6, 0x10, 0xe6, 0x10, 0xd2, 0x0a, 0x1d, 0xe1, 0x3d, 0xe1, 0x3d, 0x94, 0x7c, 0x01, 0x13, 0x9b, 0x05, 0xae, 0x19, 0xc2, 
0x26, 0x8b, 0x14, 0x22, 0x00, 0xae, 0x19, 0x8d, 0x1e, 0x88, 0x06, 0x00, 0x2c, 0x05, 0x00, 0x00, 0x00, 0x00, 0x00, 0x00, 
0x4c, 0x4f, 0x4d, 0x53, 0x00, 0x03, 0x01, 0x00, 0x0b, 0x00, 0x08, 0x00, 0xf8, 0x61, 0x00, 0x00, 0x00, 0x00, 0x00, 0x00, 
0xd8, 0x13, 0x00, 0x00, 0x91, 0x02, 0x01, 0xd1, 0x10, 0x02, 0x47, 0x4c, 0x53, 0x4c, 0x2e, 0x73, 0x74, 0x64, 0x2e, 0x34, 
0x35, 0x30, 0x00, 0x00, 0x00, 0x00, 0xa0, 0x04, 0x00, 0x01, 0xef, 0x0e, 0x04, 0x9f, 0x2c, 0xed, 0xc2, 0xa5, 0xf3, 0x06, 
0x00, 0x84, 0x28, 0xbf, 0x1c, 0xa0, 0x02, 0x9f, 0x2c, 0x07, 0x10, 0x88, 0x50, 0x1e, 0x05, 0x10, 0xd3, 0x48, 0x06, 0x40, 
0x10, 0x02, 0x06, 0x40, 0x10, 0x84, 0x09, 0x06, 0x10, 0x10, 0x80, 0x02, 0x06, 0x10, 0x10, 0x02, 0x06, 0x10, 0x10, 0x02, 
0x06, 0x10, 0x10, 0x50, 0x06, 0x10, 0x00, 0xb5, 0x0f, 0x02, 0x37, 0x00, 0x95, 0x00, 0x05, 0x00, 0x07, 0x01, 0x10, 0x00, 
0x23, 0x00, 0x01, 0x05, 0x00, 0x07, 0x01, 0x10, 0x00, 0x23, 0x40, 0x01, 0x05, 0x00, 0x07, 0x01, 0x10, 0x00, 0x23, 0x40, 
0x01, 0x05, 0x00, 0x07, 0x01, 0x10, 0x00, 0x23, 0x40, 0x01, 0x05, 0x00, 0x07, 0x01, 0x10, 0x00, 0x23, 0x40, 0x01, 0x05, 
0x00, 0x07, 0x01, 0x10, 0x00, 0x23, 0x80, 0x02, 0x01, 0x05, 0x00, 0x07, 0x01, 0x10, 0x00, 0x23, 0x80, 0x02, 0x01, 0x05, 
0x00, 0x07, 0x01, 0x10, 0x00, 0x23, 0x40, 0x01, 0x05, 0x00, 0x07, 0x01, 0x10, 0x00, 0x23, 0x30, 0x01, 0x23, 0x40, 0x01, 
0x23, 0x10, 0x01, 0x23, 0x08, 0x01, 0x23, 0x04, 0x01, 0x23, 0x04, 0x01, 0x23, 0x10, 0x01, 0x23, 0x10, 0x01, 0x23, 0x08, 
0x01, 0x23, 0x08, 0x01, 0x23, 0x04, 0x01, 0x00, 0x00, 0x23, 0x04, 0x01, 0x23, 0x08, 0x01, 0x23, 0x04, 0x01, 0x23, 0x04, 
0x01, 0x23, 0x04, 0x01, 0x23, 0x04, 0x01, 0x23, 0x04, 0x01, 0x00, 0x00, 0x23, 0x04, 0x01, 0x00, 0x00, 0x23, 0x04, 0x01, 
0x00, 0x00, 0x23, 0x04, 0x01, 0x00, 0x00, 0x23, 0x10, 0x01, 0x00, 0x00, 0x23, 0x0c, 0x01, 0x00, 0x00, 0x23, 0x04, 0x01, 
0x00, 0x00, 0x23, 0x08, 0x01, 0x00, 0x00, 0x23, 0x04, 0x01, 0x00, 0x00, 0x23, 0x04, 0x01, 0x00, 0x00, 0x23, 0x04, 0x01, 
0x23, 0x04, 0x01, 0x00, 0x00, 0x23, 0x04, 0x01, 0x00, 0x00, 0x23, 0x04, 0x01, 0x23, 0x90, 0x01, 0x01, 0x00, 0x00, 0x23, 
0x0c, 0x01, 0x23, 0x04, 0x01, 0x23, 0x10, 0x01, 0x23, 0x10, 0x01, 0x00, 0x00, 0x23, 0x08, 0x01, 0x00, 0x00, 0x23, 0x04, 
0x01, 0x23, 0x04, 0x01, 0x00, 0x00, 0x23, 0x08, 0x01, 0x00, 0x00, 0x23, 0x04, 0x01, 0x23, 0x04, 0x01, 0x00, 0x00, 0x23, 
0x10, 0x01, 0x00, 0x00, 0x23, 0x04, 0x01, 0x23, 0x04, 0x01, 0x00, 0x00, 0x23, 0x08, 0x01, 0x23, 0x04, 0x01, 0x00, 0x00, 
0x23, 0x04, 0x01, 0x00, 0x00, 0x23, 0x04, 0x01, 0x23, 0x04, 0x01, 0x23, 0x0c, 0x01, 0x23, 0x04, 0x01, 0x23, 0x04, 0x01, 
0x23, 0x04, 0x01, 0x23, 0x04, 0x01, 0x23, 0x04, 0x01, 0x23, 0x0c, 0x01, 0x23, 0x04, 0x01, 0x23, 0x04, 0x01, 0x23, 0x04, 
0x01, 0x23, 0x04, 0x01, 0x05, 0x00, 0x07, 0x01, 0x10, 0x00, 0x23, 0x04, 0x01, 0x23, 0x30, 0x01, 0x23, 0x08, 0x01, 0x05, 
0x00, 0x07, 0x01, 0x10, 0x00, 0x23, 0x08, 0x01, 0x05, 0x00, 0x07, 0x01, 0x10, 0x00, 0x23, 0x40, 0x01, 0x00, 0x00, 0x23, 
0x40, 0x01, 0x00, 0x00, 0x23, 0x04, 0x01, 0x00, 0x00, 0x23, 0x04, 0x01, 0x00, 0x00, 0x23, 0x04, 0x01, 0x23, 0x04, 0x01, 
0x23, 0x40, 0x01, 0x00, 0x00, 0x23, 0x04, 0x01, 0x00, 0x00, 0x23, 0x04, 0x01, 0x00, 0x00, 0x23, 0x04, 0x01, 0x23, 0x04, 
0x01, 0x23, 0x40, 0x01, 0x00, 0x00, 0x23, 0x40, 0x01, 0x00, 0x00, 0x23, 0x04, 0x01, 0x00, 0x00, 0x23, 0x04, 0x01, 0x00, 
0x00, 0x23, 0x04, 0x01, 0x00, 0x00, 0x23, 0x04, 0x10, 0xb2, 0x3b, 0x21, 0x00, 0x10, 0x00, 0x22, 0x00, 0x10, 0xf3, 0x0e, 
0x21, 0x01, 0x10, 0x00, 0x22, 0x02, 0x00, 0xd1, 0x20, 0x02, 0x47, 0x00, 0x02, 0x00, 0x23, 0x00, 0x01, 0x23, 0x04, 0x10, 
0x80, 0x2f, 0x21, 0x00, 0x10, 0x00, 0x22, 0x02, 0x10, 0xc5, 0x05, 0x1e, 0x00, 0x93, 0x02, 0x0e, 0xa1, 0x04, 0xf4, 0x13, 
0x08, 0xa6, 0x02, 0xe9, 0x13, 0x20, 0xb7, 0x02, 0x0c, 0x0d, 0x02, 0x94, 0x02, 0x13, 0xb7, 0x02, 0x28, 0x0d, 0x04, 0xb7, 
0x02, 0x09, 0x0d, 0x03, 0xfe, 0x02, 0xb6, 0x13, 0x1d, 0x1d, 0x0d, 0x0d, 0x0d, 0x18, 0xb5, 0x02, 0xcd, 0x13, 0x20, 0x01, 
0xb8, 0x02, 0xb2, 0x01, 0x1d, 0x04, 0xb8, 0x02, 0x3d, 0x18, 0x03, 0xb5, 0x02, 0x75, 0x20, 0x00, 0xbb, 0x04, 0x0c, 0x80, 
0x28, 0x00, 0x00, 0x00, 0x00, 0x3e, 0x81, 0x1e, 0x02, 0x0d, 0x3e, 0x0c, 0x01, 0x13, 0x39, 0x90, 0x05, 0xe8, 0x45, 0x01, 
0xbb, 0x04, 0x0b, 0xdb, 0x27, 0x04, 0x00, 0x00, 0x00, 0xbc, 0x02, 0xf7, 0x20, 0x65, 0x96, 0x14, 0xbc, 0x02, 0x02, 0x65, 
0x96, 0x14, 0xb7, 0x02, 0x8d, 0x07, 0x0b, 0x03, 0xbb, 0x04, 0x0b, 0xa2, 0x28, 0x09, 0x00, 0x00, 0x00, 0xbc, 0x02, 0x8f, 
0x18, 0x18, 0xa5, 0x14, 0xbc, 0x02, 0x80, 0x02, 0x1d, 0x96, 0x14, 0xbc, 0x02, 0x02, 0x1d, 0x96, 0x14, 0xbc, 0x02, 0x02, 
0x1d, 0x96, 0x14, 0xbc, 0x02, 0x50, 0x1d, 0xa5, 0x14, 0xbe, 0x83, 0xc0, 0x02, 0xb5, 0x0f, 0x65, 0x65, 0x65, 0x65, 0xda, 
0x03, 0xdb, 0x03, 0x65, 0x46, 0x65, 0x1d, 0x13, 0x0d, 0x0d, 0x1d, 0x1d, 0x13, 0x13, 0x0d, 0x0d, 0x13, 0x0d, 0x0d, 0x0d, 
0x0d, 0x0d, 0x0d, 0x0d, 0x0d, 0x1d, 0x14, 0x0c, 0x13, 0x0c, 0x0c, 0x0c, 0x0c, 0x0d, 0x0d, 0x9d, 0x08, 0x18, 0x0d, 0x1d, 
0x1d, 0x13, 0x0c, 0x0d, 0x13, 0x0d, 0x0d, 0x1d, 0x0c, 0x0d, 0x13, 0x0d, 0x0d, 0x0d, 0x0b, 0x18, 0x0d, 0x0d, 0x0b, 0x0d, 
0x0d, 0x18, 0x0d, 0x0d, 0x0d, 0x0d, 0x0d, 0x46, 0x13, 0x13, 0x65, 0x65, 0x0d, 0x0d, 0x0d, 0x0d, 0x9d, 0x09, 0x0c, 0x0d, 
0x0d, 0x0d, 0x9e, 0x09, 0x9f, 0x09, 0x0c, 0x0c, 0x0c, 0x0c, 0xc7, 0x09, 0x3e, 0xfa, 0x09, 0x02, 0xec, 0x01, 0x39, 0xe9, 
0x06, 0xb8, 0x31, 0x02, 0xbb, 0x04, 0x0d, 0xf1, 0x16, 0x00, 0x00, 0x00, 0x00, 0xbb, 0x04, 0x0d, 0x83, 0x26, 0x00, 0x00, 
0x80, 0x3f, 0x89, 0x03, 0x18, 0x0d, 0x01, 0x00, 0x00, 0x00, 0x01, 0x00, 0xab, 0x02, 0xd0, 0x05, 0x96, 0x01, 0x3e, 0xfa, 
0x09, 0x00, 0xfe, 0x03, 0x39, 0xfb, 0x08, 0xa0, 0x1e, 0x00, 0xbb, 0x04, 0x0d, 0xef, 0x05, 0xcd, 0xcc, 0xcc, 0x3e, 0xbe, 
0x02, 0xe1, 0x1a, 0x0d, 0x0b, 0x3e, 0xfa, 0x09, 0x02, 0xe2, 0x07, 0x39, 0xdf, 0x0c, 0x86, 0x25, 0x02, 0xbb, 0x04, 0x0d, 
0xe5, 0x32, 0x33, 0x33, 0x73, 0x3f, 0xbb, 0x04, 0x0c, 0x9e, 0x1d, 0x11, 0x00, 0x00, 0x00, 0x3e, 0xc7, 0x1e, 0x03, 0x1d, 
0x39, 0x9a, 0x05, 0xca, 0x2e, 0x03, 0xad, 0x06, 0x1d, 0xf9, 0x38, 0xad, 0x06, 0x0d, 0x02, 0xad, 0x06, 0x18, 0x02, 0xdc, 
0x04, 0x18, 0xd0, 0x28, 0x40, 0x40, 0x40, 0xdc, 0x04, 0x18, 0x29, 0x9a, 0x26, 0x9a, 0x26, 0x9a, 0x26, 0xc6, 0x06, 0x08, 
0x90, 0x30, 0x00, 0x82, 0x0a, 0x18, 0xe6, 0x55, 0x13, 0x8a, 0x05, 0xe7, 0x1e, 0xc5, 0x1f, 0xbe, 0x14, 0x01, 0x0d, 0xa2, 
0x29, 0xa2, 0x29, 0x01, 0x13, 0xb8, 0x53, 0x8e, 0xbc, 0x01, 0x01, 0xfe, 0x03, 0xbb, 0x7a, 0xc4, 0x61, 0xe7, 0x0a, 0x1d, 
0xad, 0x22, 0xad, 0x22, 0xe9, 0x9c, 0x01, 0x01, 0xaf, 0x5c, 0xc1, 0x0a, 0x0d, 0xcc, 0x3d, 0xcc, 0x3d, 0x00, 0xc1, 0x0a, 
0x0d, 0xdf, 0x43, 0x93, 0x06, 0x01, 0xc1, 0x0a, 0x0d, 0xa2, 0x98, 0x01, 0x8e, 0x92, 0x01, 0x02, 0x6c, 0x0d, 0x91, 0x67, 
0x01, 0x28, 0xcc, 0x34, 0xdd, 0x80, 0x01, 0x6c, 0x0d, 0xac, 0x95, 0x01, 0x01, 0x28, 0xbc, 0x56, 0x94, 0x4d, 0xca, 0x16, 
0x09, 0xab, 0x76, 0xab, 0x76, 0x82, 0x8f, 0x01, 0xa7, 0x1e, 0xb7, 0xa8, 0x01, 0x00, 0xba, 0x1e, 0x00, 0xe8, 0x01, 0x8d, 
0x3b, 0x18, 0xe7, 0x01, 0x3d, 0x18, 0xae, 0x73, 0xc2, 0xbb, 0x01, 0xc2, 0xbb, 0x01, 0x18, 0x13, 0x8a, 0x05, 0xa9, 0x41, 
0xa2, 0x1f, 0x8b, 0x14, 0x01, 0x0d, 0xfa, 0x13, 0xfa, 0x13, 0xce, 0x10, 0x18, 0xc8, 0x6d, 0x98, 0x40, 0xc8, 0x6d, 0x99, 
0x1e, 0xa6, 0x09, 0x18, 0xcf, 0x76, 0x3d, 0x18, 0x86, 0x89, 0x01, 0x90, 0x8e, 0x02, 0x90, 0x8e, 0x02, 0x18, 0xce, 0x10, 
0x18, 0xb3, 0x34, 0xb3, 0x34, 0xaa, 0xbd, 0x02, 0x99, 0x1e, 0xd7, 0x18, 0x18, 0xd8, 0x18, 0xe5, 0x1e, 0x18, 0xe7, 0xc8, 
0x01, 0xc3, 0x5a, 0x00, 0x00, 0xe0, 0x2d, 0x00, 0x00, 0x44, 0x52, 0x00, 0x00, 0x1b, 0x3d, 0x00, 0x00, 0x7c, 0x18, 0x8c, 
0xc0, 0x01, 0x01, 0x2b, 0xbc, 0x4c, 0xac, 0x14, 0x97, 0x14, 0xc1, 0x0a, 0x0d, 0x91, 0x63, 0x91, 0x63, 0x00, 0xc1, 0x0a, 
0x0d, 0xd8, 0x5c, 0xb9, 0x06, 0x01, 0xc1, 0x0a, 0x0d, 0xa0, 0x0b, 0xe6, 0x04, 0x02, 0xe0, 0x0a, 0x1d, 0xd5, 0xa9, 0x01, 
0xdd, 0x41, 0xb5, 0x9e, 0x01, 0xd5, 0xa9, 0x01, 0x80, 0xb2, 0x01, 0x80, 0x0b, 0xf3, 0x09, 0xe4, 0x65, 0xe4, 0x65, 0xf4, 
0x99, 0x02, 0xf2, 0x99, 0x02, 0xf2, 0x99, 0x02, 0xf2, 0x99, 0x02, 0xf0, 0x99, 0x02, 0xc1, 0x0a, 0x1d, 0xf6, 0x6d, 0xf6, 
0x6d, 0x00, 0x80, 0x0b, 0xf3, 0x09, 0x99, 0xb6, 0x01, 0x99, 0xb6, 0x01, 0xd0, 0xd1, 0x01, 0xce, 0xd1, 0x01, 0xce, 0xd1, 
0x01, 0xce, 0xd1, 0x01, 0xcc, 0xd1, 0x01, 0xc1, 0x0a, 0x1d, 0xfe, 0x2e, 0xfe, 0x2e, 0x00, 0x22, 0xd4, 0xc7, 0x01, 0x00, 
0x8d, 0x1e, 0x88, 0x06, 0x00, 0x00, 0x00, 0x00, 0xa7, 0x07, 0x00, 0x00, 0x00, 0x00, 0x00, 0x00, 0x4c, 0x4f, 0x4d, 0x53, 
0x00, 0x03, 0x01, 0x00, 0x0b, 0x00, 0x08, 0x00, 0x8c, 0x60, 0x00, 0x00, 0x00, 0x00, 0x00, 0x00, 0x34, 0x1a, 0x00, 0x00, 
0x91, 0x02, 0x01, 0x91, 0x02, 0x20, 0xd1, 0x10, 0x02, 0x47, 0x4c, 0x53, 0x4c, 0x2e, 0x73, 0x74, 0x64, 0x2e, 0x34, 0x35, 
0x30, 0x00, 0x00, 0x00, 0x00, 0xa0, 0x04, 0x00, 0x01, 0xcf, 0x0f, 0x00, 0x9f, 0x2c, 0xed, 0xc2, 0xa5, 0xf3, 0x06, 0x00, 
0x8c, 0x1a, 0x82, 0x1f, 0xcf, 0x2d, 0xb0, 0x23, 0x84, 0x28, 0xab, 0x22, 0xd9, 0x1b, 0xc2, 0x26, 0x10, 0xdc, 0x16, 0x06, 
0x10, 0x37, 0xcf, 0x07, 0x0b, 0x00, 0x05, 0x00, 0x07, 0x01, 0x10, 0x00, 0x23, 0x00, 0x01, 0x05, 0x00, 0x07, 0x01, 0x10, 
0x00, 0x23, 0x40, 0x01, 0x23, 0x30, 0x01, 0x23, 0x04, 0x01, 0x23, 0x04, 0x01, 0x23, 0x04, 0x01, 0x23, 0x04, 0x10, 0xba, 
0x3f, 0x01, 0x01, 0x10, 0x97, 0x40, 0x06, 0x80, 0x02, 0x00, 0xac, 0x1d, 0x02, 0x47, 0x00, 0x01, 0x00, 0x23, 0x00, 0x10, 
0xda, 0x07, 0x21, 0x00, 0x10, 0x00, 0x22, 0x01, 0x00, 0x64, 0x0e, 0x10, 0x00, 0x1e, 0x0a, 0x10, 0xb2, 0x21, 0x01, 0x08, 
0x10, 0x81, 0x34, 0x06, 0x40, 0x10, 0x02, 0x06, 0x40, 0x10, 0xcf, 0x0c, 0x06, 0x10, 0x10, 0xb4, 0x03, 0x06, 0x10, 0x10, 
0x02, 0x06, 0x10, 0x10, 0x02, 0x06, 0x10, 0x10, 0x50, 0x06, 0x10, 0x00, 0xf1, 0x15, 0x02, 0x37, 0x00, 0x95, 0x00, 0x05, 
0x00, 0x07, 0x01, 0x10, 0x00, 0x23, 0x00, 0x01, 0x05, 0x00, 0x07, 0x01, 0x10, 0x00, 0x23, 0x40, 0x01, 0x05, 0x00, 0x07, 
0x01, 0x10, 0x00, 0x23, 0x40, 0x01, 0x05, 0x00, 0x07, 0x01, 0x10, 0x00, 0x23, 0x40, 0x01, 0x05, 0x00, 0x07, 0x01, 0x10, 
0x00, 0x23, 0x40, 0x01, 0x05, 0x00, 0x07, 0x01, 0x10, 0x00, 0x23, 0x80, 0x02, 0x01, 0x05, 0x00, 0x07, 0x01, 0x10, 0x00, 
0x23, 0x80, 0x02, 0x01, 0x05, 0x00, 0x07, 0x01, 0x10, 0x00, 0x23, 0x40, 0x01, 0x05, 0x00, 0x07, 0x01, 0x10, 0x00, 0x23, 
0x30, 0x01, 0x23, 0x40, 0x01, 0x23, 0x10, 0x01, 0x23, 0x08, 0x01, 0x23, 0x04, 0x01, 0x23, 0x04, 0x01, 0x23, 0x10, 0x01, 
0x23, 0x10, 0x01, 0x23, 0x08, 0x01, 0x23, 0x08, 0x01, 0x23, 0x04, 0x01, 0x00, 0x00, 0x23, 0x04, 0x01, 0x23, 0x08, 0x01, 
0x23, 0x04, 0x01, 0x23, 0x04, 0x01, 0x23, 0x04, 0x01, 0x23, 0x04, 0x01, 0x23, 0x04, 0x01, 0x00, 0x00, 0x23, 0x04, 0x01, 
0x00, 0x00, 0x23, 0x04, 0x01, 0x00, 0x00, 0x23, 0x04, 0x01, 0x00, 0x00, 0x23, 0x10, 0x01, 0x00, 0x00, 0x23, 0x0c, 0x01, 
0x00, 0x00, 0x23, 0x04, 0x01, 0x00, 0x00, 0x23, 0x08, 0x01, 0x00, 0x00, 0x23, 0x04, 0x01, 0x00, 0x00, 0x23, 0x04, 0x01, 
0x00, 0x00, 0x23, 0x04, 0x01, 0x23, 0x04, 0x01, 0x00, 0x00, 0x23, 0x04, 0x01, 0x00, 0x00, 0x23, 0x04, 0x01, 0x23, 0x90, 
0x01, 0x01, 0x00, 0x00, 0x23, 0x0c, 0x01, 0x23, 0x04, 0x01, 0x23, 0x10, 0x01, 0x23, 0x10, 0x01, 0x00, 0x00, 0x23, 0x08, 
0x01, 0x00, 0x00, 0x23, 0x04, 0x01, 0x23, 0x04, 0x01, 0x00, 0x00, 0x23, 0x08, 0x01, 0x00, 0x00, 0x23, 0x04, 0x01, 0x23, 
0x04, 0x01, 0x00, 0x00, 0x23, 0x10, 0x01, 0x00, 0x00, 0x23, 0x04, 0x01, 0x23, 0x04, 0x01, 0x00, 0x00, 0x23, 0x08, 0x01, 
0x23, 0x04, 0x01, 0x00, 0x00, 0x23, 0x04, 0x01, 0x00, 0x00, 0x23, 0x04, 0x01, 0x23, 0x04, 0x01, 0x23, 0x0c, 0x01, 0x23, 
0x04, 0x01, 0x23, 0x04, 0x01, 0x23, 0x04, 0x01, 0x23, 0x04, 0x01, 0x23, 0x04, 0x01, 0x23, 0x0c, 0x01, 0x23, 0x04, 0x01, 
0x23, 0x04, 0x01, 0x23, 0x04, 0x01, 0x23, 0x04, 0x01, 0x05, 0x00, 0x07, 0x01, 0x10, 0x00, 0x23, 0x04, 0x01, 0x23, 0x30, 
0x01, 0x23, 0x08, 0x01, 0x05, 0x00, 0x07, 0x01, 0x10, 0x00, 0x23, 0x08, 0x01, 0x05, 0x00, 0x07, 0x01, 0x10, 0x00, 0x23, 
0x40, 0x01, 0x00, 0x00, 0x23, 0x40, 0x01, 0x00, 0x00, 0x23, 0x04, 0x01, 0x00, 0x00, 0x23, 0x04, 0x01, 0x00, 0x00, 0x23, 
0x04, 0x01, 0x23, 0x04, 0x01, 0x23, 0x40, 0x01, 0x00, 0x00, 0x23, 0x04, 0x01, 0x00, 0x00, 0x23, 0x04, 0x01, 0x00, 0x00, 
0x23, 0x04, 0x01, 0x23, 0x04, 0x01, 0x23, 0x40, 0x01, 0x00, 0x00, 0x23, 0x40, 0x01, 0x00, 0x00, 0x23, 0x04, 0x01, 0x00, 
0x00, 0x23, 0x04, 0x01, 0x00, 0x00, 0x23, 0x04, 0x01, 0x00, 0x00, 0x23, 0x04, 0x10, 0xfa, 0x3b, 0x21, 0x00, 0x10, 0x00, 
0x22, 0x00, 0x10, 0x85, 0x01, 0x1e, 0x00, 0x10, 0x9a, 0x1d, 0x1e, 0x03, 0x10, 0xbd, 0x14, 0x0b, 0x2b, 0x10, 0xa8, 0x09, 
0x1e, 0x05, 0x10, 0xb1, 0x0b, 0x1e, 0x06, 0x10, 0xa3, 0x0d, 0x1e, 0x09, 0x00, 0x93, 0x22, 0x02, 0x47, 0x00, 0x04, 0x00, 
0x0b, 0x01, 0x00, 0x01, 0x0b, 0x01, 0x01, 0x01, 0x0b, 0x01, 0x03, 0x01, 0x0b, 0x01, 0x04, 0x93, 0x02, 0x0e, 0xa1, 0x04, 
0xf4, 0x13, 0x08, 0xa6, 0x02, 0xe9, 0x13, 0x20, 0xb7, 0x02, 0x20, 0x0d, 0x04, 0xb8, 0x02, 0x90, 0x01, 0x1d, 0x04, 0xb7, 
0x02, 0x99, 0x01, 0x0d, 0x03, 0xb5, 0x02, 0x17, 0x20, 0x01, 0xb7, 0x02, 0x0e, 0x0d, 0x02, 0xbe, 0x02, 0xa2, 0x10, 0x13, 
0x1d, 0xb5, 0x02, 0xb1, 0x10, 0x20, 0x00, 0xbb, 0x04, 0x0b, 0xfe, 0x27, 0x00, 0x00, 0x00, 0x00, 0xbb, 0x04, 0x0c, 0x02, 
0x00, 0x00, 0x00, 0x00, 0xbb, 0x04, 0x0b, 0x04, 0x01, 0x00, 0x00, 0x00, 0xbb, 0x04, 0x0c, 0x02, 0x01, 0x00, 0x00, 0x00, 
0xbb, 0x04, 0x0b, 0x04, 0x02, 0x00, 0x00, 0x00, 0xbb, 0x04, 0x0c, 0x02, 0x02, 0x00, 0x00, 0x00, 0xb8, 0x02, 0x95, 0x27, 
0x18, 0x03, 0xbb, 0x04, 0x0b, 0xb8, 0x27, 0x08, 0x00, 0x00, 0x00, 0xbc, 0x02, 0xe7, 0x11, 0x1d, 0xa2, 0x14, 0x8e, 0x03, 
0xcf, 0x07, 0x65, 0x46, 0x0c, 0x0c, 0x0c, 0x0d, 0xae, 0x0b, 0xb2, 0x06, 0x0c, 0xba, 0x3f, 0x40, 0x00, 0x00, 0x00, 0xbc, 
0x02, 0x97, 0x40, 0xc6, 0x07, 0xa3, 0x27, 0xae, 0x02, 0xac, 0x1d, 0x97, 0x07, 0x3e, 0x8b, 0x25, 0x02, 0xed, 0x15, 0x39, 
0xa7, 0x03, 0xe6, 0x2c, 0x02, 0x3e, 0xef, 0x27, 0x02, 0x65, 0xbb, 0x04, 0x0c, 0xf0, 0x1c, 0x05, 0x00, 0x00, 0x00, 0x3e, 
0xa1, 0x1e, 0x03, 0x0c, 0x39, 0x89, 0x05, 0x86, 0x2a, 0x03, 0xb2, 0x06, 0x0c, 0xb2, 0x21, 0x02, 0x00, 0x00, 0x00, 0xbb, 
0x04, 0x0b, 0x9d, 0x2d, 0x04, 0x00, 0x00, 0x00, 0xbc, 0x02, 0xe3, 0x06, 0x65, 0x96, 0x14, 0xbc, 0x02, 0x02, 0x65, 0x96, 
0x14, 0xb7, 0x02, 0xa1, 0x21, 0x0b, 0x03, 0xbb, 0x04, 0x0b, 0xa2, 0x28, 0x09, 0x00, 0x00, 0x00, 0xbc, 0x02, 0xcf, 0x13, 
0x18, 0xa5, 0x14, 0xbc, 0x02, 0xb4, 0x03, 0x1d, 0x96, 0x14, 0xbc, 0x02, 0x02, 0x1d, 0x96, 0x14, 0xbc, 0x02, 0x02, 0x1d, 
0x96, 0x14, 0xbc, 0x02, 0x50, 0x1d, 0xa5, 0x14, 0xbe, 0x83, 0xc0, 0x02, 0xf1, 0x15, 0x65, 0x65, 0x65, 0x65, 0xe4, 0x10, 
0xe5, 0x10, 0x65, 0x46, 0x65, 0x1d, 0x13, 0x0d, 0x0d, 0x1d, 0x1d, 0x13, 0x13, 0x0d, 0x0d, 0x13, 0x0d, 0x0d, 0x0d, 0x0d, 
0x0d, 0x0d, 0x0d, 0x0d, 0x1d, 0x14, 0x0c, 0x13, 0x0c, 0x0c, 0x0c, 0x0c, 0x0d, 0x0d, 0xbd, 0x0a, 0x18, 0x0d, 0x1d, 0x1d, 
0x13, 0x0c, 0x0d, 0x13, 0x0d, 0x0d, 0x1d, 0x0c, 0x0d, 0x13, 0x0d, 0x0d, 0x0d, 0x0b, 0x18, 0x0d, 0x0d, 0x0b, 0x0d, 0x0d, 
0x18, 0x0d, 0x0d, 0x0d, 0x0d, 0x0d, 0x46, 0x13, 0x13, 0x65, 0x65, 0x0d, 0x0d, 0x0d, 0x0d, 0x97, 0x0c, 0x0c, 0x0d, 0x0d, 
0x0d, 0x98, 0x0c, 0x99, 0x0c, 0x0c, 0x0c, 0x0c, 0x0c, 0xc1, 0x0c, 0x3e, 0xfa, 0x09, 0x02, 0xc8, 0x01, 0x39, 0xc5, 0x06, 
0x80, 0x32, 0x02, 0x3e, 0xd5, 0x34, 0x01, 0x1d, 0x39, 0x9a, 0x05, 0xd0, 0x33, 0x01, 0x3e, 0xe3, 0x33, 0x01, 0x13, 0x39, 
0x90, 0x05, 0xfe, 0x50, 0x01, 0x3e, 0x89, 0x51, 0x01, 0x0d, 0xbb, 0x04, 0x0d, 0xff, 0x07, 0x00, 0x00, 0x80, 0x3f, 0x3e, 
0x82, 0x08, 0x01, 0x0c, 0x39, 0x8b, 0x05, 0xca, 0x3c, 0x01, 0x3e, 0xbd, 0x3c, 0x03, 0x13, 0x39, 0x91, 0x05, 0xe6, 0x45, 
0x03, 0x3e, 0xd1, 0x45, 0x03, 0x1d, 0x39, 0x9b, 0x05, 0xa0, 0x3a, 0x03, 0x3e, 0xbd, 0x3a, 0x03, 0x0d, 0x39, 0x9b, 0x05, 
0x9a, 0x2d, 0x03, 0xbb, 0x04, 0x0d, 0xff, 0x36, 0x00, 0x00, 0x00, 0x40, 0xbb, 0x04, 0x0d, 0xd0, 0x0c, 0x00, 0x00, 0x80, 
0xbf, 0xbc, 0x02, 0xe3, 0x01, 0x0d, 0x90, 0x14, 0xbc, 0x02, 0x13, 0x0d, 0x8d, 0x14, 0xde, 0x02, 0x94, 0x0a, 0x1d, 0x0d, 
0xcf, 0x05, 0xc5, 0x05, 0x3e, 0xfa, 0x09, 0x03, 0xcf, 0x0a, 0x39, 0xcc, 0x0f, 0xec, 0x2d, 0x03, 0xc6, 0x06, 0x08, 0xba, 
0x0b, 0x00, 0x82, 0x0a, 0x18, 0xf4, 0x60, 0x01, 0x0c, 0xba, 0xa9, 0x01, 0x8c, 0x9c, 0x02, 0x22, 0xd4, 0xae, 0x02, 0x00, 
0x01, 0x0c, 0xc5, 0x31, 0x8e, 0xfd, 0x01, 0xc7, 0x10, 0x0c, 0xc7, 0x51, 0xc7, 0x51, 0x94, 0x8a, 0x01, 0x33, 0xe2, 0x05, 
0xeb, 0x2a, 0xda, 0x19, 0x8b, 0x14, 0xef, 0x6f, 0x8b, 0x14, 0x01, 0x65, 0x96, 0x80, 0x01, 0x96, 0x80, 0x01, 0x13, 0x8a, 
0x05, 0xbe, 0x24, 0xcf, 0x2d, 0x8a, 0x14, 0x01, 0x0d, 0x9c, 0x23, 0x9c, 0x23, 0x13, 0x8a, 0x05, 0xcf, 0x0f, 0xcf, 0x2d, 
0x8d, 0x14, 0x01, 0x0d, 0x91, 0x9d, 0x01, 0x91, 0x9d, 0x01, 0xc3, 0x10, 0x0d, 0xd0, 0xb0, 0x01, 0xbc, 0xfe, 0x02, 0xd0, 
0xb0, 0x01, 0xc0, 0x0a, 0x13, 0xad, 0x12, 0xbf, 0x0e, 0xad, 0x12, 0x01, 0x1d, 0xc7, 0xca, 0x01, 0xd6, 0x65, 0x3d, 0x18, 
0x82, 0x41, 0x82, 0x41, 0x82, 0x41, 0x18, 0xc1, 0x0a, 0x0d, 0xdf, 0x66, 0xdf, 0x66, 0x00, 0xc1, 0x0a, 0x1d, 0xa0, 0x84, 
0x01, 0xeb, 0x32, 0x00, 0xce, 0x10, 0x1d, 0xec, 0x1b, 0xec, 0x1b, 0x8c, 0xa0, 0x01, 0xc1, 0x0a, 0x0d, 0xbe, 0x14, 0xea, 
0x4d, 0x01, 0xc1, 0x0a, 0x1d, 0x99, 0xd0, 0x01, 0xdb, 0xd2, 0x01, 0x01, 0xce, 0x10, 0x1d, 0xde, 0xbb, 0x01, 0xde, 0xbb, 
0x01, 0xbb, 0x14, 0xc1, 0x0a, 0x0d, 0xbe, 0x14, 0xec, 0x4d, 0x02, 0xc1, 0x0a, 0x1d, 0x99, 0xd0, 0x01, 0xd9, 0xd2, 0x01, 
0x02, 0xce, 0x10, 0x1d, 0xfa, 0xc9, 0x01, 0xfa, 0xc9, 0x01, 0x9f, 0x06, 0xc1, 0x0a, 0x1d, 0xaf, 0x7f, 0x8f, 0x88, 0x01, 
0x03, 0x4b, 0x1d, 0x95, 0x0d, 0xc5, 0x8c, 0x01, 0x95, 0x0d, 0x4b, 0x1d, 0xf6, 0x41, 0xb1, 0x3c, 0xf6, 0x41, 0x4b, 0x1d, 
0x8a, 0x24, 0xa5, 0x18, 0x8a, 0x24, 0xc0, 0x0a, 0xa4, 0x08, 0xb2, 0x0c, 0x8d, 0x5c, 0xb2, 0x0c, 0xc1, 0x0a, 0x13, 0x93, 
0x19, 0x93, 0x19, 0x00, 0xc1, 0x0a, 0x1d, 0xf9, 0x6e, 0x8d, 0x88, 0x01, 0x01, 0x22, 0xfe, 0x39, 0xf9, 0x6e, 0x3d, 0x18, 
0x8a, 0xc1, 0x01, 0x8a, 0xc1, 0x01, 0x8a, 0xc1, 0x01, 0x18, 0x13, 0x8c, 0x05, 0xb3, 0x06, 0xab, 0x22, 0x8a, 0x14, 0xc1, 
0x0a, 0x0d, 0x85, 0x56, 0xb9, 0x5c, 0x00, 0x22, 0x85, 0x56, 0x00, 0x13, 0x8c, 0x05, 0xf0, 0x2f, 0xab, 0x22, 0x8d, 0x14, 
0xc1, 0x0a, 0x0d, 0xe1, 0x6e, 0xab, 0x9b, 0x01, 0x01, 0x22, 0xe1, 0x6e, 0x00, 0x13, 0x8c, 0x05, 0xe4, 0x6e, 0xab, 0x22, 
0x90, 0x14, 0xc1, 0x0a, 0x0d, 0xfb, 0x6f, 0xc3, 0x9c, 0x01, 0x02, 0x22, 0xfb, 0x6f, 0x00, 0x01, 0x0c, 0x92, 0xaa, 0x01, 
0xc6, 0xa4, 0x02, 0xcb, 0x10, 0x0c, 0x8b, 0x25, 0x8b, 0x25, 0x88, 0xde, 0x01, 0x23, 0xe2, 0x05, 0xc4, 0x4e, 0xc5, 0x1f, 
0x9a, 0x14, 0xe9, 0x99, 0x01, 0x01, 0x65, 0xc7, 0x2d, 0xc7, 0x2d, 0xc1, 0x12, 0x1d, 0xcf, 0xd1, 0x01, 0xcf, 0xd1, 0x01, 
0x87, 0x07, 0x22, 0xcc, 0x4b, 0x00, 0x01, 0x0c, 0xd8, 0x1d, 0xbe, 0x6c, 0xcb, 0x10, 0x0c, 0xf2, 0x2c, 0xf2, 0x2c, 0xfe, 
0x77, 0xbf, 0x0c, 0x0d, 0xdb, 0x36, 0xa2, 0x41, 0xc8, 0x10, 0x0d, 0xbe, 0x47, 0xf8, 0xdd, 0x01, 0xbe, 0x47, 0xc8, 0x10, 
0x0d, 0xab, 0x2a, 0xab, 0x2a, 0xcc, 0xb3, 0x01, 0x4b, 0x0d, 0x94, 0x78, 0x90, 0x9f, 0x02, 0x94, 0x78, 0xbf, 0x0c, 0x0d, 
0x8f, 0x0c, 0xba, 0x52, 0x4a, 0x0d, 0xa0, 0x10, 0xf8, 0x51, 0xa0, 0x10, 0x4b, 0x0d, 0xa3, 0x8a, 0x01, 0x93, 0x86, 0x01, 
0xa3, 0x8a, 0x01, 0xc8, 0x10, 0x0d, 0xf0, 0x37, 0xda, 0xdb, 0x01, 0x82, 0x47, 0xc1, 0x0a, 0x0d, 0xfc, 0x96, 0x01, 0xec, 
0xf1, 0x01, 0x00, 0x4a, 0x0d, 0xf6, 0x08, 0xf6, 0x08, 0xf2, 0x9f, 0x01, 0xd2, 0x0a, 0x1d, 0x89, 0x8b, 0x02, 0x89, 0x8b, 
0x02, 0xa7, 0x10, 0x00, 0xc1, 0x0a, 0x0d, 0x90, 0xef, 0x01, 0x90, 0xef, 0x01, 0x03, 0x4a, 0x0d, 0x8f, 0x83, 0x01, 0xd8, 
0x38, 0x8f, 0x83, 0x01, 0xc1, 0x0a, 0x0d, 0xef, 0x7c, 0xef, 0x10, 0x00, 0x4b, 0x0d, 0xd8, 0xd4, 0x01, 0xd8, 0xd4, 0x01, 
0xe8, 0x57, 0xd2, 0x0a, 0x1d, 0xf9, 0x4f, 0xf9, 0x4f, 0xee, 0x73, 0x00, 0xc1, 0x0a, 0x0d, 0xa2, 0x4e, 0xa2, 0x4e, 0x00, 
0xc3, 0x10, 0x0d, 0xf1, 0x7e, 0xe0, 0xb3, 0x01, 0xad, 0x7a, 0xc1, 0x0a, 0x0d, 0x97, 0x49, 0xe7, 0x79, 0x03, 0x4a, 0x0d, 
0xb0, 0x93, 0x01, 0x98, 0x4a, 0xb0, 0x93, 0x01, 0x4b, 0x0d, 0x87, 0x22, 0xe1, 0x56, 0x87, 0x22, 0xc0, 0x10, 0x0c, 0xf4, 
0x30, 0xb0, 0x41, 0xdc, 0xe6, 0x01, 0xbf, 0x0c, 0x0d, 0xd8, 0x54, 0xd8, 0x54, 0x4a, 0x0d, 0xe7, 0x13, 0xbe, 0x71, 0xe7, 
0x13, 0xc3, 0x10, 0x0d, 0xc1, 0x69, 0x92, 0xe4, 0x01, 0xc1, 0x69, 0x4a, 0x0d, 0x8b, 0x50, 0x8b, 0x50, 0xbe, 0x29, 0x4b, 
0x0d, 0xd5, 0x2d, 0xa1, 0xcc, 0x01, 0xd5, 0x2d, 0x23, 0x8c, 0x05, 0xb2, 0x77, 0xc2, 0x26, 0x91, 0x14, 0x8b, 0x14, 0x22, 
0x00, 0xf2, 0x01, 0x3f, 0x0d, 0xe0, 0x71, 0x92, 0xe9, 0x01, 0x23, 0x8c, 0x05, 0xaa, 0x28, 0xc2, 0x26, 0x91, 0x14, 0x8e, 
0x14, 0x22, 0x00, 0xaa, 0x28, 0xc1, 0x0a, 0x0d, 0xf9, 0x90, 0x02, 0xbd, 0x7d, 0x01, 0x3f, 0x0d, 0xe6, 0xd9, 0x01, 0xe6, 
0xd9, 0x01, 0xd2, 0x0a, 0x1d, 0xe1, 0x3d, 0xe1, 0x3d, 0xc6, 0x1e, 0x01, 0x13, 0x9b, 0x05, 0xab, 0x1f, 0xc2, 0x26, 0x8b, 
0x14, 0x22, 0x00, 0xab, 0x1f, 0x22, 0xc6, 0xb1, 0x01, 0x80, 0x06, 0x8d, 0x1e, 0x88, 0x06, 0x00, 0x41, 0x11, 0x00, 0x00, 
0x00, 0x00, 0x00, 0x00, 0x4c, 0x4f, 0x4d, 0x53, 0x00, 0x03, 0x01, 0x00, 0x0b, 0x00, 0x08, 0x00, 0xd0, 0x61, 0x00, 0x00, 
0x00, 0x00, 0x00, 0x00, 0xd0, 0x2f, 0x00, 0x00, 0x91, 0x02, 0x01, 0xd1, 0x10, 0x02, 0x47, 0x4c, 0x53, 0x4c, 0x2e, 0x73, 
0x74, 0x64, 0x2e, 0x34, 0x35, 0x30, 0x00, 0x00, 0x00, 0x00, 0xa0, 0x04, 0x00, 0x01, 0xff, 0x0f, 0x00, 0x9f, 0x2c, 0xed, 
0xc2, 0xa5, 0xf3, 0x06, 0x00, 0xa9, 0x20, 0x82, 0x1f, 0xaf, 0x2e, 0x93, 0x2d, 0xcf, 0x2d, 0x8c, 0x1a, 0xb0, 0x23, 0x84, 
0x28, 0xab, 0x22, 0xd9, 0x1b, 0xc2, 0x26, 0x10, 0xf8, 0x1d, 0x06, 0x10, 0x37, 0x91, 0x04, 0x0b, 0x00, 0x05, 0x00, 0x07, 
0x01, 0x10, 0x00, 0x23, 0x00, 0x01, 0x05, 0x00, 0x07, 0x01, 0x10, 0x00, 0x23, 0x40, 0x01, 0x23, 0x30, 0x01, 0x23, 0x04, 
0x01, 0x23, 0x04, 0x01, 0x23, 0x04, 0x01, 0x23, 0x04, 0x10, 0xe0, 0x34, 0x01, 0x01, 0x10, 0xd5, 0x4a, 0x06, 0x80, 0x02, 
0x00, 0xee, 0x12, 0x02, 0x47, 0x00, 0x01, 0x00, 0x23, 0x00, 0x10, 0xd6, 0x1c, 0x21, 0x00, 0x10, 0x00, 0x22, 0x01, 0x10, 
0xbb, 0x1f, 0x06, 0x40, 0x10, 0x02, 0x06, 0x40, 0x10, 0xe0, 0x06, 0x06, 0x10, 0x10, 0x9a, 0x05, 0x06, 0x10, 0x10, 0x02, 
0x06, 0x10, 0x10, 0x02, 0x06, 0x10, 0x10, 0x50, 0x06, 0x10, 0x00, 0x93, 0x1e, 0x02, 0x37, 0x00, 0x95, 0x00, 0x05, 0x00, 
0x07, 0x01, 0x10, 0x00, 0x23, 0x00, 0x01, 0x05, 0x00, 0x07, 0x01, 0x10, 0x00, 0x23, 0x40, 0x01, 0x05, 0x00, 0x07, 0x01, 
0x10, 0x00, 0x23, 0x40, 0x01, 0x05, 0x00, 0x07, 0x01, 0x10, 0x00, 0x23, 0x40, 0x01, 0x05, 0x00, 0x07, 0x01, 0x10, 0x00, 
0x23, 0x40, 0x01, 0x05, 0x00, 0x07, 0x01, 0x10, 0x00, 0x23, 0x80, 0x02, 0x01, 0x05, 0x00, 0x07, 0x01, 0x10, 0x00, 0x23, 
0x80, 0x02, 0x01, 0x05, 0x00, 0x07, 0x01, 0x10, 0x00, 0x23, 0x40, 0x01, 0x05, 0x00, 0x07, 0x01, 0x10, 0x00, 0x23, 0x30, 
0x01, 0x23, 0x40, 0x01, 0x23, 0x10, 0x01, 0x23, 0x08, 0x01, 0x23, 0x04, 0x01, 0x23, 0x04, 0x01, 0x23, 0x10, 0x01, 0x23, 
0x10, 0x01, 0x23, 0x08, 0x01, 0x23, 0x08, 0x01, 0x23, 0x04, 0x01, 0x00, 0x00, 0x23, 0x04, 0x01, 0x23, 0x08, 0x01, 0x23, 
0x04, 0x01, 0x23, 0x04, 0x01, 0x23, 0x04, 0x01, 0x23, 0x04, 0x01, 0x23, 0x04, 0x01, 0x00, 0x00, 0x23, 0x04, 0x01, 0x00, 
0x00, 0x23, 0x04, 0x01, 0x00, 0x00, 0x23, 0x04, 0x01, 0x00, 0x00, 0x23, 0x10, 0x01, 0x00, 0x00, 0x23, 0x0c, 0x01, 0x00, 
0x00, 0x23, 0x04, 0x01, 0x00, 0x00, 0x23, 0x08, 0x01, 0x00, 0x00, 0x23, 0x04, 0x01, 0x00, 0x00, 0x23, 0x04, 0x01, 0x00, 
0x00, 0x23, 0x04, 0x01, 0x23, 0x04, 0x01, 0x00, 0x00, 0x23, 0x04, 0x01, 0x00, 0x00, 0x23, 0x04, 0x01, 0x23, 0x90, 0x01, 
0x01, 0x00, 0x00, 0x23, 0x0c, 0x01, 0x23, 0x04, 0x01, 0x23, 0x10, 0x01, 0x23, 0x10, 0x01, 0x00, 0x00, 0x23, 0x08, 0x01, 
0x00, 0x00, 0x23, 0x04, 0x01, 0x23, 0x04, 0x01, 0x00, 0x00, 0x23, 0x08, 0x01, 0x00, 0x00, 0x23, 0x04, 0x01, 0x23, 0x04, 
0x01, 0x00, 0x00, 0x23, 0x10, 0x01, 0x00, 0x00, 0x23, 0x04, 0x01, 0x23, 0x04, 0x01, 0x00, 0x00, 0x23, 0x08, 0x01, 0x23, 
0x04, 0x01, 0x00, 0x00, 0x23, 0x04, 0x01, 0x00, 0x00, 0x23, 0x04, 0x01, 0x23, 0x04, 0x01, 0x23, 0x0c, 0x01, 0x23, 0x04, 
0x01, 0x23, 0x04, 0x01, 0x23, 0x04, 0x01, 0x23, 0x04, 0x01, 0x23, 0x04, 0x01, 0x23, 0x0c, 0x01, 0x23, 0x04, 0x01, 0x23, 
0x04, 0x01, 0x23, 0x04, 0x01, 0x23, 0x04, 0x01, 0x05, 0x00, 0x07, 0x01, 0x10, 0x00, 0x23, 0x04, 0x01, 0x23, 0x30, 0x01, 
0x23, 0x08, 0x01, 0x05, 0x00, 0x07, 0x01, 0x10, 0x00, 0x23, 0x08, 0x01, 0x05, 0x00, 0x07, 0x01, 0x10, 0x00, 0x23, 0x40, 
0x01, 0x00, 0x00, 0x23, 0x40, 0x01, 0x00, 0x00, 0x23, 0x04, 0x01, 0x00, 0x00, 0x23, 0x04, 0x01, 0x00, 0x00, 0x23, 0x04, 
0x01, 0x23, 0x04, 0x01, 0x23, 0x40, 0x01, 0x00, 0x00, 0x23, 0x04, 0x01, 0x00, 0x00, 0x23, 0x04, 0x01, 0x00, 0x00, 0x23, 
0x04, 0x01, 0x23, 0x04, 0x01, 0x23, 0x40, 0x01, 0x00, 0x00, 0x23, 0x40, 0x01, 0x00, 0x00, 0x23, 0x04, 0x01, 0x00, 0x00, 
0x23, 0x04, 0x01, 0x00, 0x00, 0x23, 0x04, 0x01, 0x00, 0x00, 0x23, 0x04, 0x10, 0xd6, 0x3c, 0x21, 0x00, 0x10, 0x00, 0x22, 
0x00, 0x10, 0xc8, 0x01, 0x0b, 0x2a, 0x37, 0x8b, 0x2e, 0x05, 0x00, 0x05, 0x00, 0x07, 0x01, 0x10, 0x00, 0x23, 0x00, 0x01, 
0x23, 0x30, 0x01, 0x23, 0x0c, 0x10, 0xda, 0x04, 0x06, 0x40, 0x00, 0xe7, 0x08, 0x02, 0x47, 0x00, 0x01, 0x00, 0x23, 0x00, 
0x10, 0xd0, 0x28, 0x21, 0x01, 0x10, 0x00, 0x22, 0x01, 0x10, 0xb6, 0x0f, 0x21, 0x05, 0x10, 0x00, 0x22, 0x01, 0x00, 0x8f, 
0x37, 0x02, 0x47, 0x00, 0x01, 0x00, 0x23, 0x00, 0x10, 0xec, 0x12, 0x06, 0x10, 0x00, 0x92, 0x02, 0x02, 0x37, 0x00, 0x02, 
0x00, 0x00, 0x00, 0x23, 0x00, 0x10, 0xfe, 0x1a, 0x21, 0x02, 0x10, 0x00, 0x22, 0x01, 0x10, 0xcb, 0x02, 0x21, 0x03, 0x10, 
0x00, 0x22, 0x01, 0x10, 0xa6, 0x01, 0x1e, 0x00, 0x10, 0xda, 0x1e, 0x1e, 0x05, 0x10, 0xb7, 0x02, 0x1e, 0x06, 0x10, 0x78, 
0x1e, 0x03, 0x00, 0x85, 0x27, 0x0e, 0x10, 0x00, 0x1e, 0x0a, 0x10, 0xc8, 0x12, 0x0b, 0x2b, 0x10, 0xa8, 0x09, 0x1e, 0x05, 
0x10, 0xb1, 0x0b, 0x1e, 0x06, 0x10, 0xa3, 0x0d, 0x1e, 0x09, 0x00, 0x81, 0x14, 0x02, 0x47, 0x00, 0x04, 0x00, 0x0b, 0x01, 
0x00, 0x01, 0x0b, 0x01, 0x01, 0x01, 0x0b, 0x01, 0x03, 0x01, 0x0b, 0x01, 0x04, 0x00, 0xe4, 0xac, 0x01, 0x00, 0x93, 0x02, 
0x0e, 0xa1, 0x04, 0xf4, 0x13, 0x08, 0xa6, 0x02, 0xe9, 0x13, 0x20, 0xb7, 0x02, 0x20, 0x0d, 0x04, 0xb8, 0x02, 0x90, 0x01, 
0x1d, 0x04, 0xb7, 0x02, 0x99, 0x01, 0x0d, 0x03, 0xb5, 0x02, 0x17, 0x20, 0x01, 0x3e, 0x92, 0x0a, 0x07, 0x18, 0xb5, 0x02, 
0x93, 0x0a, 0x20, 0x00, 0xb7, 0x02, 0x18, 0x0b, 0x04, 0xd1, 0x04, 0xe8, 0x05, 0x08, 0x95, 0x05, 0x17, 0x1d, 0xb7, 0x02, 
0xef, 0x05, 0x0d, 0x02, 0xbe, 0x02, 0xa2, 0x10, 0x13, 0x1d, 0xbb, 0x04, 0x0b, 0xcc, 0x17, 0x00, 0x00, 0x00, 0x00, 0xbb, 
0x04, 0x0c, 0x02, 0x00, 0x00, 0x00, 0x00, 0xbb, 0x04, 0x0b, 0x04, 0x01, 0x00, 0x00, 0x00, 0xbb, 0x04, 0x0c, 0x02, 0x01, 
0x00, 0x00, 0x00, 0xbb, 0x04, 0x0b, 0x04, 0x02, 0x00, 0x00, 0x00, 0xbb, 0x04, 0x0c, 0x02, 0x02, 0x00, 0x00, 0x00, 0xbb, 
0x04, 0x0c, 0x06, 0x03, 0x00, 0x00, 0x00, 0xb8, 0x02, 0x9b, 0x27, 0x18, 0x03, 0xbb, 0x04, 0x0b, 0xb8, 0x27, 0x08, 0x00, 
0x00, 0x00, 0xbc, 0x02, 0xcb, 0x0a, 0x1d, 0xa2, 0x14, 0x8e, 0x03, 0x91, 0x04, 0x65, 0x46, 0x0c, 0x0c, 0x0c, 0x0d, 0xfc, 
0x0e, 0xb2, 0x06, 0x0c, 0xe0, 0x34, 0x40, 0x00, 0x00, 0x00, 0xbc, 0x02, 0xd5, 0x4a, 0xf3, 0x0c, 0xa3, 0x27, 0xae, 0x02, 
0xee, 0x12, 0xf8, 0x01, 0x3e, 0xfa, 0x09, 0x02, 0xaf, 0x0b, 0x39, 0xac, 0x10, 0xdc, 0x12, 0x02, 0x3e, 0xef, 0x27, 0x02, 
0x65, 0x3e, 0xb1, 0x01, 0x02, 0x0c, 0xbb, 0x04, 0x0c, 0xa2, 0x1e, 0x05, 0x00, 0x00, 0x00, 0x3e, 0x9f, 0x1e, 0x02, 0x0d, 
0xbb, 0x04, 0x0b, 0x98, 0x1e, 0x04, 0x00, 0x00, 0x00, 0xbc, 0x02, 0xb3, 0x14, 0x65, 0x96, 0x14, 0xbc, 0x02, 0x02, 0x65, 
0x96, 0x14, 0xb7, 0x02, 0xd1, 0x13, 0x0b, 0x03, 0xbb, 0x04, 0x0b, 0xa2, 0x28, 0x09, 0x00, 0x00, 0x00, 0xbc, 0x02, 0xef, 
0x0d, 0x18, 0xa5, 0x14, 0xbc, 0x02, 0x9a, 0x05, 0x1d, 0x96, 0x14, 0xbc, 0x02, 0x02, 0x1d, 0x96, 0x14, 0xbc, 0x02, 0x02, 
0x1d, 0x96, 0x14, 0xbc, 0x02, 0x50, 0x1d, 0xa5, 0x14, 0xbe, 0x83, 0xc0, 0x02, 0x93, 0x1e, 0x65, 0x65, 0x65, 0x65, 0xfc, 
0x09, 0xfd, 0x09, 0x65, 0x46, 0x65, 0x1d, 0x13, 0x0d, 0x0d, 0x1d, 0x1d, 0x13, 0x13, 0x0d, 0x0d, 0x13, 0x0d, 0x0d, 0x0d, 
0x0d, 0x0d, 0x0d, 0x0d, 0x0d, 0x1d, 0x14, 0x0c, 0x13, 0x0c, 0x0c, 0x0c, 0x0c, 0x0d, 0x0d, 0xad, 0x0d, 0x18, 0x0d, 0x1d, 
0x1d, 0x13, 0x0c, 0x0d, 0x13, 0x0d, 0x0d, 0x1d, 0x0c, 0x0d, 0x13, 0x0d, 0x0d, 0x0d, 0x0b, 0x18, 0x0d, 0x0d, 0x0b, 0x0d, 
0x0d, 0x18, 0x0d, 0x0d, 0x0d, 0x0d, 0x0d, 0x46, 0x13, 0x13, 0x65, 0x65, 0x0d, 0x0d, 0x0d, 0x0d, 0xfa, 0x0f, 0x0c, 0x0d, 
0x0d, 0x0d, 0xfb, 0x0f, 0xfc, 0x0f, 0x0c, 0x0c, 0x0c, 0x0c, 0xa4, 0x10, 0x3e, 0xfa, 0x09, 0x02, 0x9a, 0x01, 0x39, 0x97, 
0x06, 0xdc, 0x32, 0x02, 0x3e, 0xf3, 0x34, 0x01, 0x0c, 0x39, 0x8b, 0x05, 0xbc, 0x36, 0x01, 0xb8, 0x02, 0xa5, 0x3f, 0x18, 
0x04, 0xb8, 0x02, 0x0b, 0x1d, 0x03, 0xce, 0x02, 0xa6, 0x11, 0x50, 0x18, 0x0d, 0xbb, 0x04, 0x0b, 0xb7, 0x0d, 0x00, 0x01, 
0x00, 0x00, 0xbc, 0x02, 0x92, 0x12, 0xa3, 0x09, 0xc7, 0x02, 0xae, 0x02, 0xe7, 0x08, 0xd0, 0x0b, 0x3e, 0xfa, 0x09, 0x02, 
0x9c, 0x07, 0x39, 0x99, 0x0c, 0xd6, 0x1e, 0x02, 0x3e, 0xed, 0x2b, 0x02, 0x50, 0xbb, 0x04, 0x0b, 0x8c, 0x1d, 0x03, 0x00, 
0x00, 0x00, 0xbb, 0x04, 0x0d, 0x0d, 0x00, 0x00, 0x00, 0x00, 0x94, 0x02, 0x85, 0x28, 0xbb, 0x04, 0x0d, 0x82, 0x02, 0x00, 
0x00, 0x80, 0x3f, 0xb7, 0x02, 0xef, 0x01, 0x0c, 0x02, 0xbb, 0x04, 0x0b, 0xe4, 0x29, 0x00, 0x08, 0x00, 0x00, 0x89, 0x03, 
0xdb, 0x27, 0x0d, 0x01, 0x00, 0x00, 0x00, 0x01, 0x00, 0xab, 0x02, 0xd0, 0x05, 0x96, 0x01, 0x3e, 0xfa, 0x09, 0x00, 0xfe, 
0x03, 0x39, 0xfb, 0x08, 0xc8, 0x34, 0x00, 0xae, 0x02, 0x8f, 0x37, 0x0c, 0x3e, 0xfa, 0x09, 0x09, 0xd7, 0x07, 0x39, 0xd4, 
0x0c, 0xa2, 0x17, 0x09, 0x3e, 0xb1, 0x26, 0x09, 0x0c, 0xb7, 0x02, 0xeb, 0x09, 0x0c, 0x03, 0xbb, 0x04, 0x0c, 0xde, 0x29, 
0x00, 0x08, 0x00, 0x00, 0xbc, 0x02, 0xef, 0x07, 0x1d, 0xc7, 0x02, 0xae, 0x02, 0x92, 0x02, 0x8d, 0x11, 0x3e, 0xfa, 0x09, 
0x02, 0x96, 0x12, 0x39, 0x93, 0x17, 0x84, 0x11, 0x02, 0x89, 0x03, 0xfd, 0x3b, 0x0d, 0x01, 0x00, 0x01, 0x00, 0x01, 0x00, 
0xab, 0x02, 0xd2, 0x04, 0xd6, 0x01, 0x3e, 0xfa, 0x09, 0x00, 0xff, 0x03, 0x39, 0xfc, 0x08, 0xe6, 0x2a, 0x00, 0x3e, 0xa9, 
0x32, 0x01, 0x1d, 0x39, 0x9a, 0x05, 0xd0, 0x33, 0x01, 0xbb, 0x04, 0x0c, 0xf3, 0x2c, 0x00, 0x02, 0x00, 0x00, 0xbb, 0x04, 
0x0c, 0xff, 0x0b, 0x00, 0x01, 0x00, 0x00, 0x3e, 0x98, 0x05, 0x01, 0x17, 0x39, 0x94, 0x05, 0xb6, 0x52, 0x01, 0x39, 0x9a, 
0x05, 0xb7, 0x02, 0x01, 0x3e, 0x85, 0x50, 0x01, 0x13, 0x39, 0x90, 0x05, 0xfe, 0x50, 0x01, 0x3e, 0x83, 0x51, 0x01, 0x0d, 
0x3e, 0x02, 0x03, 0x0c, 0x39, 0x8e, 0x05, 0xfc, 0x29, 0x03, 0x39, 0x8b, 0x05, 0xc8, 0x12, 0x01, 0x3e, 0xbd, 0x3c, 0x03, 
0x13, 0x39, 0x91, 0x05, 0xe6, 0x45, 0x03, 0x3e, 0xd1, 0x45, 0x03, 0x1d, 0x39, 0x9b, 0x05, 0xa0, 0x3a, 0x03, 0x3e, 0xb7, 
0x3a, 0x03, 0x0d, 0x39, 0x9b, 0x05, 0x94, 0x2d, 0x03, 0xbc, 0x02, 0xd5, 0x2a, 0x0d, 0x8d, 0x14, 0xde, 0x02, 0xd4, 0x16, 
0x1d, 0x0d, 0xae, 0x06, 0xae, 0x06, 0x3e, 0xfa, 0x09, 0x03, 0xd8, 0x11, 0x39, 0xd5, 0x16, 0xda, 0x1f, 0x03, 0xad, 0x06, 
0x1d, 0xff, 0x4c, 0xc6, 0x06, 0x08, 0xba, 0x58, 0x00, 0x82, 0x0a, 0x18, 0x82, 0x66, 0x39, 0x95, 0x05, 0xb2, 0x7d, 0x07, 
0x01, 0x0c, 0xdb, 0xce, 0x01, 0xb6, 0x26, 0x22, 0xfe, 0x38, 0x00, 0x01, 0x0c, 0x96, 0x56, 0x94, 0x8f, 0x01, 0x33, 0xe2, 
0x05, 0xfa, 0x3d, 0xda, 0x19, 0x8b, 0x14, 0xd6, 0x61, 0x8b, 0x14, 0x01, 0x65, 0xbc, 0x7b, 0xbc, 0x7b, 0x33, 0x89, 0x05, 
0x9b, 0x23, 0xda, 0x19, 0x8b, 0x14, 0xd6, 0x61, 0x91, 0x14, 0x01, 0x0c, 0x9e, 0x23, 0x9e, 0x23, 0x33, 0x89, 0x05, 0x9b, 
0x23, 0xda, 0x19, 0x8b, 0x14, 0xd6, 0x61, 0x94, 0x14, 0x01, 0x0c, 0x9e, 0x23, 0x9e, 0x23, 0x13, 0x8d, 0x05, 0x9b, 0x23, 
0xcf, 0x2d, 0x8a, 0x14, 0x01, 0x0d, 0x9e, 0x23, 0x9e, 0x23, 0x13, 0x8d, 0x05, 0xd5, 0x0f, 0xcf, 0x2d, 0x8d, 0x14, 0x01, 
0x0d, 0x91, 0x9d, 0x01, 0x91, 0x9d, 0x01, 0xc3, 0x10, 0x0d, 0xd0, 0xb0, 0x01, 0xbc, 0xfe, 0x02, 0xd0, 0xb0, 0x01, 0xc0, 
0x0a, 0x13, 0xdb, 0x98, 0x02, 0xf3, 0x94, 0x02, 0xdb, 0x98, 0x02, 0x01, 0x1d, 0x90, 0x3c, 0x80, 0x66, 0xc7, 0x18, 0x0c, 
0x8c, 0xc9, 0x01, 0xd5, 0x0f, 0x80, 0xdc, 0x02, 0xcb, 0x14, 0x09, 0xf7, 0xaa, 0x01, 0xf7, 0xaa, 0x01, 0x82, 0x9a, 0x01, 
0xa7, 0x1e, 0xb1, 0x8e, 0x01, 0x00, 0xba, 0x1e, 0x00, 0xfb, 0x25, 0xb1, 0x8e, 0x01, 0x18, 0xfc, 0x25, 0x01, 0x0c, 0xf1, 
0x0c, 0xd0, 0x9a, 0x01, 0x13, 0x8c, 0x05, 0xa1, 0x70, 0xa5, 0x18, 0x8b, 0x14, 0x01, 0x0c, 0xd0, 0x7e, 0xd0, 0x7e, 0xc0, 
0x10, 0x0c, 0xc6, 0x63, 0xf4, 0x71, 0xc6, 0x63, 0xcb, 0x10, 0x0c, 0xb1, 0x9d, 0x01, 0xb1, 0x9d, 0x01, 0xda, 0x85, 0x01, 
0xc7, 0x10, 0x0c, 0x81, 0x2a, 0xb3, 0xc7, 0x01, 0xd8, 0x5b, 0xd0, 0x0a, 0x16, 0xda, 0xe8, 0x01, 0xd8, 0xbe, 0x01, 0xda, 
0xe8, 0x01, 0xa6, 0xc6, 0x02, 0x99, 0x1e, 0xa4, 0x13, 0x18, 0xa3, 0x13, 0xe5, 0x1e, 0x16, 0xf7, 0x8d, 0x01, 0x9e, 0x5b, 
0x00, 0x00, 0x0a, 0x3a, 0x00, 0x00, 0x9c, 0x33, 0x00, 0x00, 0x96, 0x5f, 0x00, 0x00, 0xe5, 0x1e, 0x1d, 0xaa, 0x1d, 0x02, 
0x29, 0x00, 0x00, 0x0a, 0x3a, 0x00, 0x00, 0x36, 0x3d, 0x00, 0x00, 0x96, 0x5f, 0x00, 0x00, 0xe5, 0x1e, 0x0c, 0x85, 0x51, 
0x0b, 0x0a, 0x00, 0x00, 0x0a, 0x3a, 0x00, 0x00, 0xb5, 0x5d, 0x00, 0x00, 0x96, 0x5f, 0x00, 0x00, 0xc1, 0x16, 0x09, 0xf5, 
0x14, 0xf5, 0x14, 0x95, 0xf8, 0x01, 0xb6, 0x1e, 0x8b, 0x07, 0xdd, 0xf9, 0x01, 0x00, 0xba, 0x1e, 0x00, 0xbf, 0x18, 0x8b, 
0x07, 0x18, 0xc0, 0x18, 0x33, 0x8a, 0x05, 0x8c, 0xc1, 0x01, 0xd5, 0x1f, 0x8b, 0x14, 0xe2, 0x4c, 0x8a, 0x14, 0x01, 0x0d, 
0x85, 0x8e, 0x01, 0x85, 0x8e, 0x01, 0xc7, 0x16, 0x09, 0x81, 0x16, 0x81, 0x16, 0xfa, 0x91, 0x01, 0xa7, 0x1e, 0xae, 0x4a, 
0x00, 0xba, 0x1e, 0x00, 0xf8, 0x0b, 0xae, 0x4a, 0x18, 0xf7, 0x0b, 0xd2, 0x0a, 0x16, 0xfe, 0x3c, 0xd4, 0x51, 0xf8, 0x1d, 
0x02, 0x01, 0xff, 0x03, 0xb0, 0x51, 0xea, 0xff, 0x01, 0xb4, 0x0c, 0xd6, 0x01, 0xeb, 0x58, 0xeb, 0x58, 0xef, 0x0a, 0x1d, 
0xfe, 0x20, 0xfe, 0x20, 0xc2, 0x19, 0x02, 0x8b, 0x14, 0xce, 0x10, 0x1d, 0xbb, 0x7e, 0xbb, 0x7e, 0xf5, 0x49, 0x4b, 0x1d, 
0x9a, 0x87, 0x01, 0xee, 0x22, 0x9a, 0x87, 0x01, 0x99, 0x1e, 0xd4, 0x9d, 0x01, 0x18, 0xd3, 0x9d, 0x01, 0xe5, 0x1e, 0x16, 
0xd4, 0x5e, 0x50, 0x33, 0x00, 0x00, 0x47, 0x27, 0x00, 0x00, 0xcc, 0x3a, 0x00, 0x00, 0x8d, 0x2b, 0x00, 0x00, 0xe5, 0x1e, 
0x1d, 0xb4, 0x26, 0xa5, 0x3a, 0x00, 0x00, 0x47, 0x27, 0x00, 0x00, 0x5c, 0x43, 0x00, 0x00, 0x8d, 0x2b, 0x00, 0x00, 0x99, 
0x1e, 0xbf, 0x89, 0x01, 0x18, 0xc0, 0x89, 0x01, 0xc0, 0x10, 0x0c, 0xc1, 0x07, 0xa6, 0xdd, 0x01, 0xce, 0xce, 0x02, 0x99, 
0x1e, 0xd2, 0x1b, 0x18, 0x8f, 0xeb, 0x01, 0x99, 0x1e, 0xef, 0xc4, 0x01, 0x18, 0xf0, 0xc4, 0x01, 0xe5, 0x1e, 0x1d, 0xf9, 
0x1c, 0x02, 0x29, 0x00, 0x00, 0xa0, 0x2f, 0x00, 0x00, 0xa5, 0x3a, 0x00, 0x00, 0xed, 0x22, 0x00, 0x00, 0xc7, 0x18, 0x0c, 
0xa5, 0x78, 0xbb, 0xc1, 0x01, 0x9a, 0xb6, 0x01, 0xcb, 0x14, 0x09, 0xd2, 0x6e, 0xd2, 0x6e, 0xe6, 0x81, 0x02, 0xa7, 0x1e, 
0xe0, 0x4b, 0x00, 0xba, 0x1e, 0x00, 0x80, 0x43, 0xe0, 0x4b, 0x18, 0xff, 0x42, 0x01, 0x17, 0xba, 0x04, 0xd8, 0x8e, 0x01, 
0x01, 0x1d, 0xb4, 0x11, 0xc4, 0xa2, 0x01, 0x3d, 0x18, 0xf6, 0x20, 0xef, 0x15, 0xef, 0x15, 0x18, 0x22, 0x91, 0x1e, 0x00, 
0xe9, 0x06, 0x08, 0xc1, 0x84, 0x01, 0xfc, 0x51, 0xd3, 0xa2, 0x01, 0x97, 0x52, 0xcb, 0x63, 0x01, 0x18, 0xcc, 0x57, 0x87, 
0x4b, 0xc1, 0x0a, 0x0d, 0xbb, 0x0a, 0xbb, 0x0a, 0x00, 0xd2, 0x0a, 0x1d, 0xf3, 0x3c, 0xf3, 0x3c, 0xb6, 0xa9, 0x01, 0x00, 
0xc1, 0x0a, 0x0d, 0xb0, 0xab, 0x01, 0x80, 0x64, 0x01, 0xd2, 0x0a, 0x1d, 0x89, 0x3a, 0x89, 0x3a, 0xa6, 0x71, 0x01, 0xc1, 
0x0a, 0x0d, 0xfa, 0x6b, 0xf0, 0x95, 0x01, 0x02, 0xd2, 0x0a, 0x1d, 0xe7, 0xd6, 0x01, 0xe7, 0xd6, 0x01, 0xed, 0x6a, 0x02, 
0x99, 0x1e, 0xa9, 0x2e, 0x18, 0xaa, 0x2e, 0xe5, 0x1e, 0x1d, 0x8a, 0x55, 0xe8, 0x4c, 0x00, 0x00, 0x25, 0x54, 0x00, 0x00, 
0xf9, 0x2b, 0x00, 0x00, 0xbe, 0x39, 0x00, 0x00, 0x3d, 0x18, 0xce, 0x29, 0xce, 0x29, 0xce, 0x29, 0x18, 0xc1, 0x0a, 0x0d, 
0x93, 0x77, 0x93, 0x77, 0x00, 0xc1, 0x0a, 0x1d, 0xbc, 0x1c, 0xc5, 0x7a, 0x00, 0xce, 0x10, 0x1d, 0xec, 0x1b, 0xec, 0x1b, 
0xa8, 0x38, 0xc1, 0x0a, 0x0d, 0xbe, 0x14, 0xad, 0x2a, 0x01, 0xc1, 0x0a, 0x1d, 0x99, 0xd0, 0x01, 0xb5, 0x9a, 0x02, 0x01, 
0xce, 0x10, 0x1d, 0xde, 0xbb, 0x01, 0xde, 0xbb, 0x01, 0xbb, 0x14, 0xc1, 0x0a, 0x0d, 0xbe, 0x14, 0xab, 0x2a, 0x02, 0xc1, 
0x0a, 0x1d, 0x99, 0xd0, 0x01, 0xb3, 0x9a, 0x02, 0x02, 0xce, 0x10, 0x1d, 0xfa, 0xc9, 0x01, 0xfa, 0xc9, 0x01, 0x9f, 0x06, 
0xc1, 0x0a, 0x1d, 0xaf, 0x7f, 0xe9, 0xcf, 0x01, 0x03, 0x4b, 0x1d, 0x95, 0x0d, 0xc5, 0x8c, 0x01, 0x95, 0x0d, 0x4b, 0x1d, 
0xf6, 0x41, 0xb1, 0x3c, 0xf6, 0x41, 0x4b, 0x1d, 0x8a, 0x24, 0xa5, 0x18, 0x8a, 0x24, 0xc0, 0x0a, 0xa4, 0x08, 0xb2, 0x0c, 
0xa0, 0xaa, 0x01, 0xb2, 0x0c, 0xc1, 0x0a, 0x13, 0x93, 0x19, 0x93, 0x19, 0x00, 0xc1, 0x0a, 0x1d, 0xf9, 0x6e, 0x8d, 0x88, 
0x01, 0x01, 0x22, 0xfe, 0x39, 0xf9, 0x6e, 0x3d, 0x18, 0x8a, 0xc1, 0x01, 0x8a, 0xc1, 0x01, 0x8a, 0xc1, 0x01, 0x18, 0x13, 
0x8f, 0x05, 0xb3, 0x06, 0xab, 0x22, 0x8a, 0x14, 0xc1, 0x0a, 0x0d, 0x85, 0x56, 0xb9, 0x5c, 0x00, 0x22, 0x85, 0x56, 0x00, 
0x13, 0x8f, 0x05, 0xf0, 0x2f, 0xab, 0x22, 0x8d, 0x14, 0xc1, 0x0a, 0x0d, 0xdf, 0x6e, 0xa9, 0x9b, 0x01, 0x01, 0x22, 0xdf, 
0x6e, 0x00, 0x13, 0x8f, 0x05, 0xe2, 0x6e, 0xab, 0x22, 0x90, 0x14, 0xc1, 0x0a, 0x0d, 0xdf, 0x6e, 0xa7, 0x9b, 0x01, 0x02, 
0x22, 0xdf, 0x6e, 0x00, 0x23, 0xe2, 0x05, 0xb8, 0xbd, 0x01, 0xc5, 0x1f, 0x9a, 0x14, 0x8b, 0x14, 0x01, 0x65, 0xb1, 0x89, 
0x01, 0xb1, 0x89, 0x01, 0xc1, 0x12, 0x1d, 0xf7, 0x5a, 0xf7, 0x5a, 0x8f, 0x01, 0x22, 0xc4, 0x51, 0x00, 0xc1, 0x0a, 0x0d, 
0x90, 0xa9, 0x01, 0x90, 0xa9, 0x01, 0x01, 0x3f, 0x0d, 0xe6, 0x10, 0xe6, 0x10, 0xd2, 0x0a, 0x1d, 0xe1, 0x3d, 0xe1, 0x3d, 
0x94, 0x7c, 0x01, 0x13, 0x9b, 0x05, 0xae, 0x19, 0xc2, 0x26, 0x8b, 0x14, 0x22, 0x00, 0xae, 0x19, 0x8d, 0x1e, 0x88, 0x06, 
0xc6, 0x06, 0x08, 0x95, 0xd7, 0x01, 0x00, 0x8b, 0x03, 0xa7, 0x06, 0x95, 0x05, 0x9d, 0x04, 0xa7, 0x06, 0x17, 0xd4, 0x16, 
0xa7, 0x06, 0x1d, 0xd7, 0x12, 0x18, 0xe2, 0x9e, 0x02, 0xc1, 0x0a, 0x0d, 0xd3, 0xaf, 0x01, 0x8e, 0x6f, 0x03, 0xce, 0x16, 
0x09, 0xa0, 0x4a, 0xa0, 0x4a, 0x96, 0xd8, 0x01, 0xa7, 0x1e, 0xfe, 0x24, 0x00, 0xba, 0x1e, 0x00, 0xbc, 0x9c, 0x01, 0xfe, 
0x24, 0x18, 0xbb, 0x9c, 0x01, 0xc1, 0x0a, 0x0d, 0xce, 0xd7, 0x01, 0xc0, 0xf4, 0x01, 0x00, 0xc1, 0x0a, 0x0b, 0xf5, 0x9d, 
0x01, 0xf2, 0x43, 0x00, 0x01, 0x18, 0xc6, 0x7b, 0x8c, 0xd6, 0x01, 0x33, 0xcd, 0x05, 0xec, 0x57, 0xc4, 0x1b, 0x8b, 0x14, 
0xe5, 0x4e, 0x8b, 0x14, 0x01, 0x50, 0xd7, 0x0f, 0xd7, 0x0f, 0xb4, 0x0a, 0x56, 0xb5, 0xbc, 0x01, 0x52, 0x58, 0x00, 0x00, 
0xc1, 0x0a, 0x0d, 0xd8, 0x9c, 0x01, 0xb6, 0x28, 0x00, 0xc1, 0x0a, 0x18, 0xdb, 0x85, 0x01, 0xfc, 0x16, 0x00, 0xce, 0x10, 
0x18, 0x96, 0x74, 0x96, 0x74, 0xc5, 0x11, 0xc1, 0x0a, 0x0d, 0xbe, 0x14, 0xae, 0x2b, 0x01, 0xc1, 0x0a, 0x18, 0x8d, 0x0b, 
0xc2, 0x94, 0x01, 0x01, 0xce, 0x10, 0x18, 0xad, 0x09, 0xad, 0x09, 0xbb, 0x14, 0xc1, 0x0a, 0x0d, 0xbe, 0x14, 0xb0, 0x2b, 
0x02, 0xc1, 0x0a, 0x18, 0x8d, 0x0b, 0xc4, 0x94, 0x01, 0x02, 0xce, 0x10, 0x18, 0xee, 0x04, 0xee, 0x04, 0x9f, 0x06, 0xc1, 
0x0a, 0x18, 0xaf, 0x7f, 0x82, 0x1a, 0x03, 0x4b, 0x18, 0x95, 0x0d, 0xc5, 0x8c, 0x01, 0x95, 0x0d, 0x4b, 0x18, 0xaa, 0x54, 
0xfd, 0x29, 0xaa, 0x54, 0x4b, 0x18, 0x96, 0x2f, 0x9a, 0x05, 0x96, 0x2f, 0xce, 0x10, 0x18, 0xb1, 0x09, 0xb1, 0x09, 0xd7, 
0x0f, 0xc1, 0x0a, 0x0d, 0xf7, 0xc4, 0x01, 0xf0, 0x1f, 0x01, 0xc1, 0x0a, 0x0b, 0xdc, 0x7e, 0xf4, 0x8b, 0x01, 0x01, 0x01, 
0x18, 0xc6, 0x33, 0x8e, 0xd6, 0x01, 0x33, 0xcd, 0x05, 0xec, 0x57, 0xc4, 0x1b, 0x8b, 0x14, 0xe6, 0x72, 0x8b, 0x14, 0x01, 
0x50, 0xd7, 0x0f, 0xd7, 0x0f, 0xb4, 0x0a, 0x56, 0xb5, 0xbc, 0x01, 0x53, 0x58, 0x00, 0x00, 0xc1, 0x0a, 0x0d, 0xd8, 0x9c, 
0x01, 0xb6, 0x28, 0x00, 0xc1, 0x0a, 0x18, 0xdb, 0x85, 0x01, 0xfc, 0x16, 0x00, 0xce, 0x10, 0x18, 0x98, 0x74, 0x98, 0x74, 
0xc3, 0x11, 0xc1, 0x0a, 0x0d, 0xbe, 0x14, 0xb0, 0x2b, 0x01, 0xc1, 0x0a, 0x18, 0x8d, 0x0b, 0xc4, 0x94, 0x01, 0x01, 0xce, 
0x10, 0x18, 0xad, 0x09, 0xad, 0x09, 0xbb, 0x14, 0xc1, 0x0a, 0x0d, 0xbe, 0x14, 0xb2, 0x2b, 0x02, 0xc1, 0x0a, 0x18, 0x8d, 
0x0b, 0xc6, 0x94, 0x01, 0x02, 0xce, 0x10, 0x18, 0xec, 0x04, 0xec, 0x04, 0xa1, 0x06, 0xc1, 0x0a, 0x18, 0xaf, 0x7f, 0x82, 
0x1a, 0x03, 0x4b, 0x18, 0x95, 0x0d, 0xc5, 0x8c, 0x01, 0x95, 0x0d, 0x4b, 0x18, 0xaa, 0x54, 0xff, 0x29, 0xaa, 0x54, 0x4b, 
0x18, 0xb4, 0x3d, 0xb6, 0x13, 0xb4, 0x3d, 0xce, 0x10, 0x18, 0xb1, 0x99, 0x01, 0xb1, 0x99, 0x01, 0x98, 0x43, 0x4b, 0x18, 
0x9b, 0x31, 0xfb, 0xb2, 0x01, 0x9b, 0x31, 0xc1, 0x0a, 0x0d, 0xe4, 0x31, 0xd0, 0x63, 0x02, 0xc1, 0x0a, 0x0b, 0xbe, 0x2e, 
0xb6, 0x7f, 0x02, 0x01, 0x18, 0x86, 0x40, 0x90, 0xd6, 0x01, 0x33, 0xcd, 0x05, 0xec, 0x57, 0xc4, 0x1b, 0x8b, 0x14, 0xc7, 
0x6c, 0x8b, 0x14, 0x01, 0x50, 0xd7, 0x0f, 0xd7, 0x0f, 0xb4, 0x0a, 0x56, 0xb5, 0xbc, 0x01, 0x54, 0x58, 0x00, 0x00, 0xc1, 
0x0a, 0x0d, 0xd8, 0x9c, 0x01, 0xb6, 0x28, 0x00, 0xc1, 0x0a, 0x18, 0xdb, 0x85, 0x01, 0xfc, 0x16, 0x00, 0xce, 0x10, 0x18, 
0x9a, 0x74, 0x9a, 0x74, 0xc1, 0x11, 0xc1, 0x0a, 0x0d, 0xbe, 0x14, 0xb2, 0x2b, 0x01, 0xc1, 0x0a, 0x18, 0x8d, 0x0b, 0xc6, 
0x94, 0x01, 0x01, 0xce, 0x10, 0x18, 0xad, 0x09, 0xad, 0x09, 0xbb, 0x14, 0xc1, 0x0a, 0x0d, 0xbe, 0x14, 0xb4, 0x2b, 0x02, 
0xc1, 0x0a, 0x18, 0x8d, 0x0b, 0xc8, 0x94, 0x01, 0x02, 0xce, 0x10, 0x18, 0xea, 0x04, 0xea, 0x04, 0xa3, 0x06, 0xc1, 0x0a, 
0x18, 0xaf, 0x7f, 0x82, 0x1a, 0x03, 0x4b, 0x18, 0x95, 0x0d, 0xc5, 0x8c, 0x01, 0x95, 0x0d, 0x4b, 0x18, 0xaa, 0x54, 0x81, 
0x2a, 0xaa, 0x54, 0x4b, 0x18, 0xb4, 0x3d, 0xb4, 0x13, 0xb4, 0x3d, 0xce, 0x10, 0x18, 0xb1, 0x99, 0x01, 0xb1, 0x99, 0x01, 
0x45, 0x4b, 0x18, 0x95, 0x37, 0xf7, 0x05, 0x95, 0x37, 0xc1, 0x0a, 0x0b, 0xfc, 0x6e, 0x98, 0x88, 0x01, 0x03, 0x01, 0x18, 
0xd6, 0x9b, 0x01, 0xc2, 0xba, 0x02, 0x33, 0xcd, 0x05, 0xc3, 0x0c, 0xc4, 0x1b, 0x8b, 0x14, 0xf8, 0x70, 0x8b, 0x14, 0x01, 
0x50, 0xd7, 0x0f, 0xd7, 0x0f, 0xb4, 0x0a, 0x56, 0xb5, 0xbc, 0x01, 0x55, 0x58, 0x00, 0x00, 0xc1, 0x0a, 0x0d, 0xd8, 0x9c, 
0x01, 0xf9, 0x3b, 0x00, 0xc1, 0x0a, 0x18, 0xdb, 0x85, 0x01, 0xfc, 0x16, 0x00, 0xce, 0x10, 0x18, 0x9c, 0x74, 0x9c, 0x74, 
0xbf, 0x11, 0xc1, 0x0a, 0x0d, 0xbe, 0x14, 0xfb, 0x38, 0x01, 0xc1, 0x0a, 0x18, 0x8d, 0x0b, 0xc8, 0x94, 0x01, 0x01, 0xce, 
0x10, 0x18, 0xad, 0x09, 0xad, 0x09, 0xbb, 0x14, 0xc1, 0x0a, 0x0d, 0xbe, 0x14, 0xf9, 0x38, 0x02, 0xc1, 0x0a, 0x18, 0x8d, 
0x0b, 0xca, 0x94, 0x01, 0x02, 0xce, 0x10, 0x18, 0xe8, 0x04, 0xe8, 0x04, 0xa5, 0x06, 0xc1, 0x0a, 0x18, 0xaf, 0x7f, 0x82, 
0x1a, 0x03, 0x4b, 0x18, 0x95, 0x0d, 0xc5, 0x8c, 0x01, 0x95, 0x0d, 0x4b, 0x18, 0xaa, 0x54, 0x83, 0x2a, 0xaa, 0x54, 0x4b, 
0x18, 0xb4, 0x3d, 0xb2, 0x13, 0xb4, 0x3d, 0xce, 0x10, 0x18, 0x87, 0x9f, 0x01, 0x87, 0x9f, 0x01, 0xd7, 0x11, 0x4b, 0x18, 
0xec, 0x3a, 0xae, 0x6c, 0xec, 0x3a, 0x22, 0x9e, 0x9c, 0x01, 0x00, 0x8d, 0x1e, 0x18, 0xf1, 0x03, 0xc1, 0x0a, 0x0d, 0xbe, 
0x53, 0xee, 0xe7, 0x01, 0x00, 0xc1, 0x0a, 0x0b, 0xa1, 0x91, 0x01, 0xf4, 0x43, 0x00, 0x01, 0x18, 0xca, 0x7b, 0x92, 0xd6, 
0x01, 0x33, 0xcd, 0x05, 0xee, 0x57, 0xc4, 0x1b, 0x8b, 0x14, 0xe6, 0x4e, 0x8b, 0x14, 0x01, 0x50, 0xd7, 0x0f, 0xd7, 0x0f, 
0xb4, 0x0a, 0x56, 0xb5, 0xbc, 0x01, 0x56, 0x58, 0x00, 0x00, 0xc1, 0x0a, 0x0d, 0xd8, 0x9c, 0x01, 0xb8, 0x28, 0x00, 0xc1, 
0x0a, 0x18, 0xdb, 0x85, 0x01, 0xfc, 0x16, 0x00, 0xce, 0x10, 0x18, 0x9e, 0x74, 0x9e, 0x74, 0xbd, 0x11, 0xc1, 0x0a, 0x0d, 
0xbe, 0x14, 0xb8, 0x2b, 0x01, 0xc1, 0x0a, 0x18, 0x8d, 0x0b, 0xca, 0x94, 0x01, 0x01, 0xce, 0x10, 0x18, 0xad, 0x09, 0xad, 
0x09, 0xbb, 0x14, 0xc1, 0x0a, 0x0d, 0xbe, 0x14, 0xba, 0x2b, 0x02, 0xc1, 0x0a, 0x18, 0x8d, 0x0b, 0xcc, 0x94, 0x01, 0x02, 
0xce, 0x10, 0x18, 0xe6, 0x04, 0xe6, 0x04, 0xa7, 0x06, 0xc1, 0x0a, 0x18, 0xaf, 0x7f, 0x82, 0x1a, 0x03, 0x4b, 0x18, 0x95, 
0x0d, 0xc5, 0x8c, 0x01, 0x95, 0x0d, 0x4b, 0x18, 0xaa, 0x54, 0x85, 0x2a, 0xaa, 0x54, 0x4b, 0x18, 0x90, 0x2f, 0x8c, 0x05, 
0x90, 0x2f, 0xce, 0x10, 0x18, 0xb1, 0x09, 0xb1, 0x09, 0x83, 0x03, 0xc1, 0x0a, 0x0d, 0xf7, 0xc4, 0x01, 0xf2, 0x1f, 0x01, 
0xc1, 0x0a, 0x0b, 0xdc, 0x7e, 0xf6, 0x8b, 0x01, 0x01, 0x01, 0x18, 0xca, 0x33, 0x94, 0xd6, 0x01, 0x33, 0xcd, 0x05, 0xee, 
0x57, 0xc4, 0x1b, 0x8b, 0x14, 0xe7, 0x72, 0x8b, 0x14, 0x01, 0x50, 0xd7, 0x0f, 0xd7, 0x0f, 0xb4, 0x0a, 0x56, 0xb5, 0xbc, 
0x01, 0x57, 0x58, 0x00, 0x00, 0xc1, 0x0a, 0x0d, 0xd8, 0x9c, 0x01, 0xb8, 0x28, 0x00, 0xc1, 0x0a, 0x18, 0xdb, 0x85, 0x01, 
0xfc, 0x16, 0x00, 0xce, 0x10, 0x18, 0xa0, 0x74, 0xa0, 0x74, 0xbb, 0x11, 0xc1, 0x0a, 0x0d, 0xbe, 0x14, 0xba, 0x2b, 0x01, 
0xc1, 0x0a, 0x18, 0x8d, 0x0b, 0xcc, 0x94, 0x01, 0x01, 0xce, 0x10, 0x18, 0xad, 0x09, 0xad, 0x09, 0xbb, 0x14, 0xc1, 0x0a, 
0x0d, 0xbe, 0x14, 0xbc, 0x2b, 0x02, 0xc1, 0x0a, 0x18, 0x8d, 0x0b, 0xce, 0x94, 0x01, 0x02, 0xce, 0x10, 0x18, 0xe4, 0x04, 
0xe4, 0x04, 0xa9, 0x06, 0xc1, 0x0a, 0x18, 0xaf, 0x7f, 0x82, 0x1a, 0x03, 0x4b, 0x18, 0x95, 0x0d, 0xc5, 0x8c, 0x01, 0x95, 
0x0d, 0x4b, 0x18, 0xaa, 0x54, 0x87, 0x2a, 0xaa, 0x54, 0x4b, 0x18, 0xb2, 0x3d, 0xac, 0x13, 0xb2, 0x3d, 0xce, 0x10, 0x18, 
0xb3, 0x99, 0x01, 0xb3, 0x99, 0x01, 0x9a, 0x43, 0x4b, 0x18, 0x9d, 0x31, 0xfb, 0xb2, 0x01, 0x9d, 0x31, 0xc1, 0x0a, 0x0d, 
0xe4, 0x31, 0xd2, 0x63, 0x02, 0xc1, 0x0a, 0x0b, 0xbe, 0x2e, 0xb8, 0x7f, 0x02, 0x01, 0x18, 0x8a, 0x40, 0x96, 0xd6, 0x01, 
0x33, 0xcd, 0x05, 0xee, 0x57, 0xc4, 0x1b, 0x8b, 0x14, 0xc8, 0x6c, 0x8b, 0x14, 0x01, 0x50, 0xd7, 0x0f, 0xd7, 0x0f, 0xb4, 
0x0a, 0x56, 0xb5, 0xbc, 0x01, 0x58, 0x58, 0x00, 0x00, 0xc1, 0x0a, 0x0d, 0xd8, 0x9c, 0x01, 0xb8, 0x28, 0x00, 0xc1, 0x0a, 
0x18, 0xdb, 0x85, 0x01, 0xfc, 0x16, 0x00, 0xce, 0x10, 0x18, 0xa2, 0x74, 0xa2, 0x74, 0xb9, 0x11, 0xc1, 0x0a, 0x0d, 0xbe, 
0x14, 0xbc, 0x2b, 0x01, 0xc1, 0x0a, 0x18, 0x8d, 0x0b, 0xce, 0x94, 0x01, 0x01, 0xce, 0x10, 0x18, 0xad, 0x09, 0xad, 0x09, 
0xbb, 0x14, 0xc1, 0x0a, 0x0d, 0xbe, 0x14, 0xbe, 0x2b, 0x02, 0xc1, 0x0a, 0x18, 0x8d, 0x0b, 0xd0, 0x94, 0x01, 0x02, 0xce, 
0x10, 0x18, 0xe2, 0x04, 0xe2, 0x04, 0xab, 0x06, 0xc1, 0x0a, 0x18, 0xaf, 0x7f, 0x82, 0x1a, 0x03, 0x4b, 0x18, 0x95, 0x0d, 
0xc5, 0x8c, 0x01, 0x95, 0x0d, 0x4b, 0x18, 0xaa, 0x54, 0x89, 0x2a, 0xaa, 0x54, 0x4b, 0x18, 0xb2, 0x3d, 0xaa, 0x13, 0xb2, 
0x3d, 0xce, 0x10, 0x18, 0xe5, 0x8b, 0x01, 0xe5, 0x8b, 0x01, 0x8a, 0x0d, 0x4b, 0x18, 0xce, 0x7d, 0xbc, 0xbc, 0x01, 0xce, 
0x7d, 0x3f, 0x0d, 0xba, 0x08, 0xd6, 0x87, 0x01, 0xc3, 0x10, 0x0d, 0xdd, 0x42, 0xdd, 0x42, 0xf2, 0xf8, 0x01, 0xbd, 0x0c, 
0x0b, 0x88, 0x53, 0x88, 0x53, 0xc1, 0x0a, 0x0b, 0xf7, 0x4f, 0xbe, 0xa4, 0x01, 0x03, 0xc2, 0x10, 0x0b, 0x8c, 0x45, 0x8c, 
0x45, 0xfc, 0x9a, 0x02, 0xc0, 0x10, 0x0b, 0xfc, 0x43, 0x90, 0x39, 0xfc, 0x43, 0x99, 0x1e, 0xca, 0x1a, 0x18, 0xc9, 0x1a, 
0xe5, 0x1e, 0x18, 0xf9, 0xa1, 0x01, 0x55, 0x4d, 0x00, 0x00, 0xd8, 0x36, 0x00, 0x00, 0x4f, 0x3c, 0x00, 0x00, 0x47, 0x4a, 
0x00, 0x00, 0xe5, 0x1e, 0x0b, 0x95, 0x29, 0x87, 0x53, 0x00, 0x00, 0xd8, 0x36, 0x00, 0x00, 0x83, 0x34, 0x00, 0x00, 0x47, 
0x4a, 0x00, 0x00, 0xc0, 0x16, 0x09, 0x92, 0x10, 0x92, 0x10, 0xc7, 0xd5, 0x01, 0xb6, 0x1e, 0x87, 0x58, 0xb7, 0x77, 0x00, 
0xba, 0x1e, 0x00, 0xb7, 0x77, 0x87, 0x58, 0x18, 0xb8, 0x77, 0xc9, 0x10, 0x0b, 0xa7, 0xc2, 0x01, 0xdd, 0x3a, 0xde, 0x3c, 
0xbc, 0x0e, 0x0c, 0xae, 0x5d, 0xae, 0x5d, 0xc6, 0x10, 0x0b, 0xb5, 0x3c, 0xe5, 0x19, 0xd6, 0x5d, 0xbc, 0x0e, 0x0c, 0xaa, 
0xf6, 0x01, 0xaa, 0xf6, 0x01, 0xc0, 0x0a, 0x12, 0xab, 0xc3, 0x01, 0xb7, 0x09, 0xab, 0xc3, 0x01, 0x01, 0xfe, 0x03, 0xc4, 
0xca, 0x01, 0xe2, 0xbe, 0x02, 0xb4, 0x0c, 0x96, 0x01, 0xbf, 0xbb, 0x01, 0xbf, 0xbb, 0x01, 0xef, 0x0a, 0x1d, 0x85, 0x41, 
0x85, 0x41, 0x81, 0x32, 0x02, 0x8b, 0x14, 0x2d, 0x13, 0xfa, 0xdf, 0x01, 0xfa, 0xdf, 0x01, 0xfa, 0xdf, 0x01, 0x10, 0xc1, 
0x0a, 0x0d, 0xb2, 0x06, 0xb2, 0x06, 0x00, 0xbd, 0x0c, 0x0b, 0xe6, 0x0d, 0xe6, 0x0d, 0x01, 0x18, 0x83, 0xda, 0x01, 0xe4, 
0x5f, 0x33, 0xcd, 0x05, 0xd3, 0x29, 0xc4, 0x1b, 0x8b, 0x14, 0xb6, 0xbe, 0x01, 0x8b, 0x14, 0x01, 0x50, 0x9e, 0xe8, 0x01, 
0x9e, 0xe8, 0x01, 0xb4, 0x0a, 0x56, 0xb5, 0xbc, 0x01, 0x59, 0x58, 0x00, 0x00, 0xc1, 0x0a, 0x0d, 0xd8, 0x9c, 0x01, 0xec, 
0x9e, 0x01, 0x00, 0xc1, 0x0a, 0x18, 0xdb, 0x85, 0x01, 0xfc, 0x16, 0x00, 0xce, 0x10, 0x18, 0xa4, 0x74, 0xa4, 0x74, 0xb7, 
0x11, 0xc1, 0x0a, 0x0d, 0xbe, 0x14, 0xf2, 0xa1, 0x01, 0x01, 0xc1, 0x0a, 0x18, 0x8d, 0x0b, 0xd0, 0x94, 0x01, 0x01, 0xce, 
0x10, 0x18, 0xad, 0x09, 0xad, 0x09, 0xbb, 0x14, 0xc1, 0x0a, 0x0d, 0xc0, 0x14, 0xf6, 0xa1, 0x01, 0x02, 0xc1, 0x0a, 0x18, 
0x8f, 0x0b, 0xd2, 0x94, 0x01, 0x02, 0xce, 0x10, 0x18, 0xe0, 0x04, 0xe0, 0x04, 0xaf, 0x06, 0xc1, 0x0a, 0x18, 0xaf, 0x7f, 
0x82, 0x1a, 0x03, 0x4b, 0x18, 0x95, 0x0d, 0xc5, 0x8c, 0x01, 0x95, 0x0d, 0x4b, 0x18, 0x8e, 0x42, 0xa7, 0x3c, 0x8e, 0x42, 
0x4b, 0x18, 0xd9, 0x31, 0xff, 0x6d, 0xd9, 0x31, 0xc1, 0x0a, 0x0d, 0x9a, 0x75, 0x9d, 0x31, 0x01, 0xce, 0x10, 0x18, 0xe5, 
0x16, 0xb4, 0x5e, 0xe5, 0x16, 0x4b, 0x18, 0xb1, 0x2f, 0xc4, 0x26, 0xb1, 0x2f, 0xc0, 0x10, 0x0b, 0x97, 0x1f, 0xc2, 0x30, 
0xea, 0xa9, 0x01, 0x99, 0x1e, 0xcd, 0x9a, 0x01, 0x18, 0xd8, 0x37, 0x22, 0xda, 0xc6, 0x01, 0x84, 0x3f, 0x8d, 0x1e, 0x88, 
0x06, 0x00, 0x00, 0x00, 0x00, 0x00, 0x00, 0x00, 0xb8, 0x12, 0x00, 0x00, 0x00, 0x00, 0x00, 0x00, 0x4c, 0x4f, 0x4d, 0x53, 
0x00, 0x03, 0x01, 0x00, 0x0b, 0x00, 0x08, 0x00, 0xd0, 0x61, 0x00, 0x00, 0x00, 0x00, 0x00, 0x00, 0x00, 0x33, 0x00, 0x00, 
0x91, 0x02, 0x01, 0x91, 0x02, 0x20, 0xd1, 0x10, 0x02, 0x47, 0x4c, 0x53, 0x4c, 0x2e, 0x73, 0x74, 0x64, 0x2e, 0x34, 0x35, 
0x30, 0x00, 0x00, 0x00, 0x00, 0xa0, 0x04, 0x00, 0x01, 0xff, 0x0f, 0x00, 0x9f, 0x2c, 0xed, 0xc2, 0xa5, 0xf3, 0x06, 0x00, 
0x8c, 0x1a, 0xa9, 0x20, 0x82, 0x1f, 0xaf, 0x2e, 0x93, 0x2d, 0xcf, 0x2d, 0xb0, 0x23, 0x84, 0x28, 0xab, 0x22, 0xd9, 0x1b, 
0xc2, 0x26, 0x10, 0xa2, 0x1e, 0x06, 0x10, 0x37, 0xeb, 0x01, 0x0b, 0x00, 0x05, 0x00, 0x07, 0x01, 0x10, 0x00, 0x23, 0x00, 
0x01, 0x05, 0x00, 0x07, 0x01, 0x10, 0x00, 0x23, 0x40, 0x01, 0x23, 0x30, 0x01, 0x23, 0x04, 0x01, 0x23, 0x04, 0x01, 0x23, 
0x04, 0x01, 0x23, 0x04, 0x10, 0x90, 0x32, 0x01, 0x01, 0x10, 0x9b, 0x45, 0x06, 0x80, 0x02, 0x00, 0xa8, 0x18, 0x02, 0x47, 
0x00, 0x01, 0x00, 0x23, 0x00, 0x10, 0xe2, 0x11, 0x21, 0x00, 0x10, 0x00, 0x22, 0x01, 0x00, 0x64, 0x0e, 0x10, 0x00, 0x1e, 
0x0a, 0x10, 0xb2, 0x21, 0x01, 0x08, 0x10, 0xdd, 0x3e, 0x06, 0x40, 0x10, 0x02, 0x06, 0x40, 0x10, 0xac, 0x04, 0x06, 0x10, 
0x10, 0xae, 0x05, 0x06, 0x10, 0x10, 0x02, 0x06, 0x10, 0x10, 0x02, 0x06, 0x10, 0x10, 0x50, 0x06, 0x10, 0x00, 0xef, 0x1e, 
0x02, 0x37, 0x00, 0x95, 0x00, 0x05, 0x00, 0x07, 0x01, 0x10, 0x00, 0x23, 0x00, 0x01, 0x05, 0x00, 0x07, 0x01, 0x10, 0x00, 
0x23, 0x40, 0x01, 0x05, 0x00, 0x07, 0x01, 0x10, 0x00, 0x23, 0x40, 0x01, 0x05, 0x00, 0x07, 0x01, 0x10, 0x00, 0x23, 0x40, 
0x01, 0x05, 0x00, 0x07, 0x01, 0x10, 0x00, 0x23, 0x40, 0x01, 0x05, 0x00, 0x07, 0x01, 0x10, 0x00, 0x23, 0x80, 0x02, 0x01, 
0x05, 0x00, 0x07, 0x01, 0x10, 0x00, 0x23, 0x80, 0x02, 0x01, 0x05, 0x00, 0x07, 0x01, 0x10, 0x00, 0x23, 0x40, 0x01, 0x05, 
0x00, 0x07, 0x01, 0x10, 0x00, 0x23, 0x30, 0x01, 0x23, 0x40, 0x01, 0x23, 0x10, 0x01, 0x23, 0x08, 0x01, 0x23, 0x04, 0x01, 
0x23, 0x04, 0x01, 0x23, 0x10, 0x01, 0x23, 0x10, 0x01, 0x23, 0x08, 0x01, 0x23, 0x08, 0x01, 0x23, 0x04, 0x01, 0x00, 0x00, 
0x23, 0x04, 0x01, 0x23, 0x08, 0x01, 0x23, 0x04, 0x01, 0x23, 0x04, 0x01, 0x23, 0x04, 0x01, 0x23, 0x04, 0x01, 0x23, 0x04, 
0x01, 0x00, 0x00, 0x23, 0x04, 0x01, 0x00, 0x00, 0x23, 0x04, 0x01, 0x00, 0x00, 0x23, 0x04, 0x01, 0x00, 0x00, 0x23, 0x10, 
0x01, 0x00, 0x00, 0x23, 0x0c, 0x01, 0x00, 0x00, 0x23, 0x04, 0x01, 0x00, 0x00, 0x23, 0x08, 0x01, 0x00, 0x00, 0x23, 0x04, 
0x01, 0x00, 0x00, 0x23, 0x04, 0x01, 0x00, 0x00, 0x23, 0x04, 0x01, 0x23, 0x04, 0x01, 0x00, 0x00, 0x23, 0x04, 0x01, 0x00, 
0x00, 0x23, 0x04, 0x01, 0x23, 0x90, 0x01, 0x01, 0x00, 0x00, 0x23, 0x0c, 0x01, 0x23, 0x04, 0x01, 0x23, 0x10, 0x01, 0x23, 
0x10, 0x01, 0x00, 0x00, 0x23, 0x08, 0x01, 0x00, 0x00, 0x23, 0x04, 0x01, 0x23, 0x04, 0x01, 0x00, 0x00, 0x23, 0x08, 0x01, 
0x00, 0x00, 0x23, 0x04, 0x01, 0x23, 0x04, 0x01, 0x00, 0x00, 0x23, 0x10, 0x01, 0x00, 0x00, 0x23, 0x04, 0x01, 0x23, 0x04, 
0x01, 0x00, 0x00, 0x23, 0x08, 0x01, 0x23, 0x04, 0x01, 0x00, 0x00, 0x23, 0x04, 0x01, 0x00, 0x00, 0x23, 0x04, 0x01, 0x23, 
0x04, 0x01, 0x23, 0x0c, 0x01, 0x23, 0x04, 0x01, 0x23, 0x04, 0x01, 0x23, 0x04, 0x01, 0x23, 0x04, 0x01, 0x23, 0x04, 0x01, 
0x23, 0x0c, 0x01, 0x23, 0x04, 0x01, 0x23, 0x04, 0x01, 0x23, 0x04, 0x01, 0x23, 0x04, 0x01, 0x05, 0x00, 0x07, 0x01, 0x10, 
0x00, 0x23, 0x04, 0x01, 0x23, 0x30, 0x01, 0x23, 0x08, 0x01, 0x05, 0x00, 0x07, 0x01, 0x10, 0x00, 0x23, 0x08, 0x01, 0x05, 
0x00, 0x07, 0x01, 0x10, 0x00, 0x23, 0x40, 0x01, 0x00, 0x00, 0x23, 0x40, 0x01, 0x00, 0x00, 0x23, 0x04, 0x01, 0x00, 0x00, 
0x23, 0x04, 0x01, 0x00, 0x00, 0x23, 0x04, 0x01, 0x23, 0x04, 0x01, 0x23, 0x40, 0x01, 0x00, 0x00, 0x23, 0x04, 0x01, 0x00, 
0x00, 0x23, 0x04, 0x01, 0x00, 0x00, 0x23, 0x04, 0x01, 0x23, 0x04, 0x01, 0x23, 0x40, 0x01, 0x00, 0x00, 0x23, 0x40, 0x01, 
0x00, 0x00, 0x23, 0x04, 0x01, 0x00, 0x00, 0x23, 0x04, 0x01, 0x00, 0x00, 0x23, 0x04, 0x01, 0x00, 0x00, 0x23, 0x04, 0x10, 
0xde, 0x3c, 0x21, 0x00, 0x10, 0x00, 0x22, 0x00, 0x10, 0xc8, 0x01, 0x0b, 0x2a, 0x37, 0x8b, 0x2e, 0x05, 0x00, 0x05, 0x00, 
0x07, 0x01, 0x10, 0x00, 0x23, 0x00, 0x01, 0x23, 0x30, 0x01, 0x23, 0x0c, 0x10, 0xbf, 0x05, 0x06, 0x40, 0x00, 0x84, 0x1c, 
0x02, 0x47, 0x00, 0x01, 0x00, 0x23, 0x00, 0x10, 0xfe, 0x0d, 0x21, 0x01, 0x10, 0x00, 0x22, 0x01, 0x10, 0xb6, 0x0f, 0x21, 
0x05, 0x10, 0x00, 0x22, 0x01, 0x00, 0x8f, 0x37, 0x02, 0x47, 0x00, 0x01, 0x00, 0x23, 0x00, 0x10, 0xc0, 0x13, 0x06, 0x10, 
0x00, 0xe6, 0x02, 0x02, 0x37, 0x00, 0x02, 0x00, 0x00, 0x00, 0x23, 0x00, 0x10, 0xd6, 0x19, 0x21, 0x02, 0x10, 0x00, 0x22, 
0x01, 0x10, 0xcb, 0x02, 0x21, 0x03, 0x10, 0x00, 0x22, 0x01, 0x10, 0xa6, 0x01, 0x1e, 0x00, 0x10, 0xda, 0x1e, 0x1e, 0x05, 
0x10, 0xb7, 0x02, 0x1e, 0x06, 0x10, 0x78, 0x1e, 0x03, 0x10, 0xbd, 0x14, 0x0b, 0x2b, 0x10, 0xa8, 0x09, 0x1e, 0x05, 0x10, 
0xb1, 0x0b, 0x1e, 0x06, 0x10, 0xa3, 0x0d, 0x1e, 0x09, 0x00, 0xd7, 0x12, 0x02, 0x47, 0x00, 0x04, 0x00, 0x0b, 0x01, 0x00, 
0x01, 0x0b, 0x01, 0x01, 0x01, 0x0b, 0x01, 0x03, 0x01, 0x0b, 0x01, 0x04, 0x00, 0xba, 0xab, 0x01, 0x00, 0x93, 0x02, 0x0e, 
0xa1, 0x04, 0xf4, 0x13, 0x08, 0xa6, 0x02, 0xe9, 0x13, 0x20, 0xb7, 0x02, 0x20, 0x0d, 0x04, 0xb8, 0x02, 0x90, 0x01, 0x1d, 
0x04, 0xb7, 0x02, 0x99, 0x01, 0x0d, 0x03, 0xb5, 0x02, 0x17, 0x20, 0x01, 0x3e, 0x92, 0x0a, 0x07, 0x18, 0xb5, 0x02, 0x93, 
0x0a, 0x20, 0x00, 0xb7, 0x02, 0x18, 0x0b, 0x04, 0xd1, 0x04, 0xe8, 0x05, 0x08, 0x95, 0x05, 0x17, 0x1d, 0xb7, 0x02, 0xef, 
0x05, 0x0d, 0x02, 0xbe, 0x02, 0xa2, 0x10, 0x13, 0x1d, 0xbb, 0x04, 0x0b, 0xcc, 0x17, 0x00, 0x00, 0x00, 0x00, 0xbb, 0x04, 
0x0c, 0x02, 0x00, 0x00, 0x00, 0x00, 0xbb, 0x04, 0x0b, 0x04, 0x01, 0x00, 0x00, 0x00, 0xbb, 0x04, 0x0c, 0x02, 0x01, 0x00, 
0x00, 0x00, 0xbb, 0x04, 0x0b, 0x04, 0x02, 0x00, 0x00, 0x00, 0xbb, 0x04, 0x0c, 0x02, 0x02, 0x00, 0x00, 0x00, 0xbb, 0x04, 
0x0c, 0x06, 0x03, 0x00, 0x00, 0x00, 0xb8, 0x02, 0x9b, 0x27, 0x18, 0x03, 0xbb, 0x04, 0x0b, 0xb8, 0x27, 0x08, 0x00, 0x00, 
0x00, 0xbc, 0x02, 0xa1, 0x0a, 0x1d, 0xa2, 0x14, 0x8e, 0x03, 0xeb, 0x01, 0x65, 0x46, 0x0c, 0x0c, 0x0c, 0x0d, 0x91, 0x0f, 
0xb2, 0x06, 0x0c, 0x90, 0x32, 0x40, 0x00, 0x00, 0x00, 0xbc, 0x02, 0x9b, 0x45, 0x9b, 0x0e, 0xa3, 0x27, 0xae, 0x02, 0xa8, 
0x18, 0xd5, 0x04, 0x3e, 0xfa, 0x09, 0x02, 0xe9, 0x10, 0x39, 0xe6, 0x15, 0xe8, 0x07, 0x02, 0x3e, 0xef, 0x27, 0x02, 0x65, 
0x3e, 0xb1, 0x01, 0x02, 0x0c, 0xbb, 0x04, 0x0c, 0xa2, 0x1e, 0x05, 0x00, 0x00, 0x00, 0x3e, 0x9f, 0x1e, 0x02, 0x0d, 0x3e, 
0x02, 0x03, 0x0c, 0x39, 0x8b, 0x05, 0x82, 0x2a, 0x03, 0xb2, 0x06, 0x0c, 0xb2, 0x21, 0x02, 0x00, 0x00, 0x00, 0xbb, 0x04, 
0x0b, 0x9d, 0x2d, 0x04, 0x00, 0x00, 0x00, 0xbc, 0x02, 0xbf, 0x11, 0x65, 0x96, 0x14, 0xbc, 0x02, 0x02, 0x65, 0x96, 0x14, 
0xb7, 0x02, 0xc5, 0x16, 0x0b, 0x03, 0xbb, 0x04, 0x0b, 0xa2, 0x28, 0x09, 0x00, 0x00, 0x00, 0xbc, 0x02, 0xaf, 0x0d, 0x18, 
0xa5, 0x14, 0xbc, 0x02, 0xae, 0x05, 0x1d, 0x96, 0x14, 0xbc, 0x02, 0x02, 0x1d, 0x96, 0x14, 0xbc, 0x02, 0x02, 0x1d, 0x96, 
0x14, 0xbc, 0x02, 0x50, 0x1d, 0xa5, 0x14, 0xbe, 0x83, 0xc0, 0x02, 0xef, 0x1e, 0x65, 0x65, 0x65, 0x65, 0xb6, 0x0b, 0xb7, 
0x0b, 0x65, 0x46, 0x65, 0x1d, 0x13, 0x0d, 0x0d, 0x1d, 0x1d, 0x13, 0x13, 0x0d, 0x0d, 0x13, 0x0d, 0x0d, 0x0d, 0x0d, 0x0d, 
0x0d, 0x0d, 0x0d, 0x1d, 0x14, 0x0c, 0x13, 0x0c, 0x0c, 0x0c, 0x0c, 0x0d, 0x0d, 0xcd, 0x0d, 0x18, 0x0d, 0x1d, 0x1d, 0x13, 
0x0c, 0x0d, 0x13, 0x0d, 0x0d, 0x1d, 0x0c, 0x0d, 0x13, 0x0d, 0x0d, 0x0d, 0x0b, 0x18, 0x0d, 0x0d, 0x0b, 0x0d, 0x0d, 0x18, 
0x0d, 0x0d, 0x0d, 0x0d, 0x0d, 0x46, 0x13, 0x13, 0x65, 0x65, 0x0d, 0x0d, 0x0d, 0x0d, 0xa4, 0x10, 0x0c, 0x0d, 0x0d, 0x0d, 
0xa5, 0x10, 0xa6, 0x10, 0x0c, 0x0c, 0x0c, 0x0c, 0xce, 0x10, 0x3e, 0xfa, 0x09, 0x02, 0x96, 0x01, 0x39, 0x93, 0x06, 0xe4, 
0x32, 0x02, 0x3e, 0xf1, 0x34, 0x01, 0x0c, 0x39, 0x8c, 0x05, 0xba, 0x36, 0x01, 0xb8, 0x02, 0xa5, 0x3f, 0x18, 0x04, 0xb8, 
0x02, 0x0b, 0x1d, 0x03, 0xce, 0x02, 0xa6, 0x11, 0x50, 0x18, 0x0d, 0xbb, 0x04, 0x0b, 0xb7, 0x0d, 0x00, 0x01, 0x00, 0x00, 
0xbc, 0x02, 0xf8, 0x07, 0xa3, 0x09, 0xc7, 0x02, 0xae, 0x02, 0x84, 0x1c, 0xc3, 0x06, 0x3e, 0x8b, 0x25, 0x02, 0xc5, 0x14, 
0x39, 0xff, 0x01, 0x8a, 0x33, 0x02, 0x3e, 0xed, 0x2b, 0x02, 0x50, 0xbb, 0x04, 0x0b, 0x8c, 0x1d, 0x03, 0x00, 0x00, 0x00, 
0xbb, 0x04, 0x0d, 0x0d, 0x00, 0x00, 0x00, 0x00, 0x94, 0x02, 0x85, 0x28, 0xbb, 0x04, 0x0d, 0x82, 0x02, 0x00, 0x00, 0x80, 
0x3f, 0xb7, 0x02, 0xef, 0x01, 0x0c, 0x02, 0xbb, 0x04, 0x0b, 0xe4, 0x29, 0x00, 0x08, 0x00, 0x00, 0x89, 0x03, 0xd9, 0x27, 
0x0d, 0x01, 0x00, 0x00, 0x00, 0x01, 0x00, 0xab, 0x02, 0xce, 0x05, 0x97, 0x01, 0x3e, 0xfa, 0x09, 0x00, 0xfe, 0x03, 0x39, 
0xfb, 0x08, 0xc8, 0x34, 0x00, 0xae, 0x02, 0x8f, 0x37, 0x0c, 0x3e, 0xfa, 0x09, 0x09, 0xd7, 0x07, 0x39, 0xd4, 0x0c, 0xa2, 
0x17, 0x09, 0x3e, 0xaf, 0x26, 0x09, 0x0c, 0xb7, 0x02, 0xed, 0x09, 0x0c, 0x03, 0xbb, 0x04, 0x0c, 0xde, 0x29, 0x00, 0x08, 
0x00, 0x00, 0xbc, 0x02, 0x9b, 0x07, 0x1d, 0xc7, 0x02, 0xae, 0x02, 0xe6, 0x02, 0xb7, 0x11, 0x3e, 0x8b, 0x25, 0x02, 0xea, 
0x12, 0x39, 0x24, 0xe2, 0x3e, 0x02, 0x89, 0x03, 0xfd, 0x3b, 0x0d, 0x01, 0x00, 0x01, 0x00, 0x01, 0x00, 0xab, 0x02, 0xd2, 
0x04, 0xd6, 0x01, 0x3e, 0xfa, 0x09, 0x00, 0xff, 0x03, 0x39, 0xfc, 0x08, 0xe6, 0x2a, 0x00, 0x3e, 0xa9, 0x32, 0x01, 0x1d, 
0x39, 0x9a, 0x05, 0xd0, 0x33, 0x01, 0xbb, 0x04, 0x0c, 0xf3, 0x2c, 0x00, 0x02, 0x00, 0x00, 0xbb, 0x04, 0x0c, 0xff, 0x0b, 
0x00, 0x01, 0x00, 0x00, 0x3e, 0x98, 0x05, 0x01, 0x17, 0x39, 0x94, 0x05, 0xb6, 0x52, 0x01, 0x39, 0x9a, 0x05, 0xb7, 0x02, 
0x01, 0x3e, 0x85, 0x50, 0x01, 0x13, 0x39, 0x90, 0x05, 0xfe, 0x50, 0x01, 0x3e, 0x81, 0x51, 0x01, 0x0d, 0x39, 0x8c, 0x05, 
0xc4, 0x3c, 0x01, 0x3e, 0xbd, 0x3c, 0x03, 0x13, 0x39, 0x91, 0x05, 0xe6, 0x45, 0x03, 0x3e, 0xd1, 0x45, 0x03, 0x1d, 0x39, 
0x9b, 0x05, 0xa0, 0x3a, 0x03, 0x3e, 0xb7, 0x3a, 0x03, 0x0d, 0x39, 0x9b, 0x05, 0x94, 0x2d, 0x03, 0xbb, 0x04, 0x0d, 0xff, 
0x36, 0x00, 0x00, 0x00, 0x40, 0xbb, 0x04, 0x0d, 0xd0, 0x0c, 0x00, 0x00, 0x80, 0xbf, 0xbc, 0x02, 0x07, 0x0d, 0x90, 0x14, 
0xbc, 0x02, 0x13, 0x0d, 0x8d, 0x14, 0xde, 0x02, 0xf4, 0x17, 0x1d, 0x0d, 0xbd, 0x06, 0xb3, 0x06, 0x3e, 0xfa, 0x09, 0x03, 
0xad, 0x12, 0x39, 0xaa, 0x17, 0xb0, 0x1e, 0x03, 0xad, 0x06, 0x1d, 0xff, 0x4c, 0xc6, 0x06, 0x08, 0xba, 0x58, 0x00, 0x82, 
0x0a, 0x18, 0x82, 0x66, 0x39, 0x95, 0x05, 0xb2, 0x7d, 0x07, 0x01, 0x0c, 0xdb, 0xce, 0x01, 0xb6, 0x26, 0x22, 0xfe, 0x38, 
0x00, 0x01, 0x0c, 0x90, 0xc4, 0x01, 0x8e, 0xfd, 0x01, 0xc7, 0x10, 0x0c, 0xc7, 0x51, 0xc7, 0x51, 0x94, 0x8a, 0x01, 0x33, 
0xe2, 0x05, 0xeb, 0x2a, 0xda, 0x19, 0x8b, 0x14, 0xef, 0x6f, 0x8b, 0x14, 0x01, 0x65, 0x96, 0x80, 0x01, 0x96, 0x80, 0x01, 
0x33, 0x89, 0x05, 0xbe, 0x24, 0xda, 0x19, 0x8b, 0x14, 0xef, 0x6f, 0x91, 0x14, 0x01, 0x0c, 0x9c, 0x23, 0x9c, 0x23, 0x33, 
0x89, 0x05, 0x99, 0x23, 0xda, 0x19, 0x8b, 0x14, 0xef, 0x6f, 0x94, 0x14, 0x01, 0x0c, 0x9c, 0x23, 0x9c, 0x23, 0x13, 0x8e, 
0x05, 0x99, 0x23, 0xcf, 0x2d, 0x8a, 0x14, 0x01, 0x0d, 0x9c, 0x23, 0x9c, 0x23, 0x13, 0x8e, 0x05, 0xd3, 0x0f, 0xcf, 0x2d, 
0x8d, 0x14, 0x01, 0x0d, 0x91, 0x9d, 0x01, 0x91, 0x9d, 0x01, 0xc3, 0x10, 0x0d, 0xd0, 0xb0, 0x01, 0xbc, 0xfe, 0x02, 0xd0, 
0xb0, 0x01, 0xc0, 0x0a, 0x13, 0xdb, 0x98, 0x02, 0xf1, 0x94, 0x02, 0xdb, 0x98, 0x02, 0x01, 0x1d, 0x90, 0x3c, 0x80, 0x66, 
0xc7, 0x18, 0x0c, 0x8c, 0xc9, 0x01, 0xd3, 0x0f, 0x80, 0xdc, 0x02, 0xcb, 0x14, 0x09, 0xf7, 0xaa, 0x01, 0xf7, 0xaa, 0x01, 
0x82, 0x9a, 0x01, 0xa7, 0x1e, 0xb1, 0x8e, 0x01, 0x00, 0xba, 0x1e, 0x00, 0xfb, 0x25, 0xb1, 0x8e, 0x01, 0x18, 0xfc, 0x25, 
0x01, 0x0c, 0xf1, 0x0c, 0xd0, 0x9a, 0x01, 0x13, 0x8d, 0x05, 0xa1, 0x70, 0xa5, 0x18, 0x8b, 0x14, 0x01, 0x0c, 0xd0, 0x7e, 
0xd0, 0x7e, 0xc0, 0x10, 0x0c, 0xc6, 0x63, 0xf4, 0x71, 0xc6, 0x63, 0xcb, 0x10, 0x0c, 0xb1, 0x9d, 0x01, 0xb1, 0x9d, 0x01, 
0xda, 0x85, 0x01, 0xc7, 0x10, 0x0c, 0x81, 0x2a, 0xb3, 0xc7, 0x01, 0xd8, 0x5b, 0xd0, 0x0a, 0x16, 0xda, 0xe8, 0x01, 0xd8, 
0xbe, 0x01, 0xda, 0xe8, 0x01, 0xa6, 0xc6, 0x02, 0x99, 0x1e, 0xa4, 0x13, 0x18, 0xa3, 0x13, 0xe5, 0x1e, 0x16, 0xf7, 0x8d, 
0x01, 0x9e, 0x5b, 0x00, 0x00, 0x0a, 0x3a, 0x00, 0x00, 0x9c, 0x33, 0x00, 0x00, 0x96, 0x5f, 0x00, 0x00, 0xe5, 0x1e, 0x1d, 
0xaa, 0x1d, 0x02, 0x29, 0x00, 0x00, 0x0a, 0x3a, 0x00, 0x00, 0x36, 0x3d, 0x00, 0x00, 0x96, 0x5f, 0x00, 0x00, 0xe5, 0x1e, 
0x0c, 0x85, 0x51, 0x0b, 0x0a, 0x00, 0x00, 0x0a, 0x3a, 0x00, 0x00, 0xb5, 0x5d, 0x00, 0x00, 0x96, 0x5f, 0x00, 0x00, 0xc1, 
0x16, 0x09, 0xf5, 0x14, 0xf5, 0x14, 0x93, 0xf8, 0x01, 0xb6, 0x1e, 0x8b, 0x07, 0xdd, 0xf9, 0x01, 0x00, 0xba, 0x1e, 0x00, 
0xbf, 0x18, 0x8b, 0x07, 0x18, 0xc0, 0x18, 0x33, 0x8a, 0x05, 0x8c, 0xc1, 0x01, 0xd5, 0x1f, 0x8b, 0x14, 0xe2, 0x4c, 0x8a, 
0x14, 0x01, 0x0d, 0x85, 0x8e, 0x01, 0x85, 0x8e, 0x01, 0xc7, 0x16, 0x09, 0x81, 0x16, 0x81, 0x16, 0xfa, 0x91, 0x01, 0xa7, 
0x1e, 0xae, 0x4a, 0x00, 0xba, 0x1e, 0x00, 0xf8, 0x0b, 0xae, 0x4a, 0x18, 0xf7, 0x0b, 0xd2, 0x0a, 0x16, 0xfe, 0x3c, 0xd4, 
0x51, 0xf8, 0x1d, 0x02, 0x01, 0xff, 0x03, 0xb0, 0x51, 0xea, 0xff, 0x01, 0xb4, 0x0c, 0xd6, 0x01, 0xeb, 0x58, 0xeb, 0x58, 
0xef, 0x0a, 0x1d, 0xfe, 0x20, 0xfe, 0x20, 0xc2, 0x19, 0x02, 0x8b, 0x14, 0xce, 0x10, 0x1d, 0xbb, 0x7e, 0xbb, 0x7e, 0xf5, 
0x49, 0x4b, 0x1d, 0x9a, 0x87, 0x01, 0xee, 0x22, 0x9a, 0x87, 0x01, 0x99, 0x1e, 0xd4, 0x9d, 0x01, 0x18, 0xd3, 0x9d, 0x01, 
0xe5, 0x1e, 0x16, 0xd4, 0x5e, 0x50, 0x33, 0x00, 0x00, 0x47, 0x27, 0x00, 0x00, 0xcc, 0x3a, 0x00, 0x00, 0x8d, 0x2b, 0x00, 
0x00, 0xe5, 0x1e, 0x1d, 0xb4, 0x26, 0xa5, 0x3a, 0x00, 0x00, 0x47, 0x27, 0x00, 0x00, 0x5c, 0x43, 0x00, 0x00, 0x8d, 0x2b, 
0x00, 0x00, 0x99, 0x1e, 0xbf, 0x89, 0x01, 0x18, 0xc0, 0x89, 0x01, 0xc0, 0x10, 0x0c, 0xc1, 0x07, 0xa6, 0xdd, 0x01, 0xce, 
0xce, 0x02, 0x99, 0x1e, 0xd2, 0x1b, 0x18, 0x8f, 0xeb, 0x01, 0x99, 0x1e, 0xef, 0xc4, 0x01, 0x18, 0xf0, 0xc4, 0x01, 0xe5, 
0x1e, 0x1d, 0xf9, 0x1c, 0x02, 0x29, 0x00, 0x00, 0xa0, 0x2f, 0x00, 0x00, 0xa5, 0x3a, 0x00, 0x00, 0xed, 0x22, 0x00, 0x00, 
0xc7, 0x18, 0x0c, 0xa5, 0x78, 0xb9, 0xc1, 0x01, 0x9a, 0xb6, 0x01, 0xcb, 0x14, 0x09, 0xd2, 0x6e, 0xd2, 0x6e, 0xe6, 0x81, 
0x02, 0xa7, 0x1e, 0xe0, 0x4b, 0x00, 0xba, 0x1e, 0x00, 0x80, 0x43, 0xe0, 0x4b, 0x18, 0xff, 0x42, 0x01, 0x17, 0xba, 0x04, 
0xd8, 0x8e, 0x01, 0x01, 0x1d, 0xb4, 0x11, 0xc4, 0xa2, 0x01, 0x3d, 0x18, 0xf6, 0x20, 0xef, 0x15, 0xef, 0x15, 0x18, 0x22, 
0x91, 0x1e, 0x00, 0xe9, 0x06, 0x08, 0xc1, 0x84, 0x01, 0xfc, 0x51, 0xd3, 0xa2, 0x01, 0x97, 0x52, 0xcb, 0x63, 0x01, 0x18, 
0xcc, 0x57, 0x87, 0x4b, 0xc1, 0x0a, 0x0d, 0xbb, 0x0a, 0xbb, 0x0a, 0x00, 0xd2, 0x0a, 0x1d, 0xf3, 0x3c, 0xf3, 0x3c, 0xb6, 
0xa9, 0x01, 0x00, 0xc1, 0x0a, 0x0d, 0xb0, 0xab, 0x01, 0x80, 0x64, 0x01, 0xd2, 0x0a, 0x1d, 0x89, 0x3a, 0x89, 0x3a, 0xa6, 
0x71, 0x01, 0xc1, 0x0a, 0x0d, 0xfa, 0x6b, 0xf0, 0x95, 0x01, 0x02, 0xd2, 0x0a, 0x1d, 0xe7, 0xd6, 0x01, 0xe7, 0xd6, 0x01, 
0xed, 0x6a, 0x02, 0x99, 0x1e, 0xa9, 0x2e, 0x18, 0xaa, 0x2e, 0xe5, 0x1e, 0x1d, 0x8a, 0x55, 0xe8, 0x4c, 0x00, 0x00, 0x25, 
0x54, 0x00, 0x00, 0xf9, 0x2b, 0x00, 0x00, 0xbe, 0x39, 0x00, 0x00, 0x3d, 0x18, 0xce, 0x29, 0xce, 0x29, 0xce, 0x29, 0x18, 
0xc1, 0x0a, 0x0d, 0x93, 0x77, 0x93, 0x77, 0x00, 0xc1, 0x0a, 0x1d, 0xbc, 0x1c, 0xeb, 0x32, 0x00, 0xce, 0x10, 0x1d, 0xec, 
0x1b, 0xec, 0x1b, 0xa8, 0x38, 0xc1, 0x0a, 0x0d, 0xbe, 0x14, 0xad, 0x2a, 0x01, 0xc1, 0x0a, 0x1d, 0x99, 0xd0, 0x01, 0xdb, 
0xd2, 0x01, 0x01, 0xce, 0x10, 0x1d, 0xde, 0xbb, 0x01, 0xde, 0xbb, 0x01, 0xbb, 0x14, 0xc1, 0x0a, 0x0d, 0xbe, 0x14, 0xab, 
0x2a, 0x02, 0xc1, 0x0a, 0x1d, 0x99, 0xd0, 0x01, 0xd9, 0xd2, 0x01, 0x02, 0xce, 0x10, 0x1d, 0xfa, 0xc9, 0x01, 0xfa, 0xc9, 
0x01, 0x9f, 0x06, 0xc1, 0x0a, 0x1d, 0xaf, 0x7f, 0x8f, 0x88, 0x01, 0x03, 0x4b, 0x1d, 0x95, 0x0d, 0xc5, 0x8c, 0x01, 0x95, 
0x0d, 0x4b, 0x1d, 0xf6, 0x41, 0xb1, 0x3c, 0xf6, 0x41, 0x4b, 0x1d, 0x8a, 0x24, 0xa5, 0x18, 0x8a, 0x24, 0xc0, 0x0a, 0xa4, 
0x08, 0xb2, 0x0c, 0xa0, 0xaa, 0x01, 0xb2, 0x0c, 0xc1, 0x0a, 0x13, 0x93, 0x19, 0x93, 0x19, 0x00, 0xc1, 0x0a, 0x1d, 0xf9, 
0x6e, 0x8d, 0x88, 0x01, 0x01, 0x22, 0xfe, 0x39, 0xf9, 0x6e, 0x3d, 0x18, 0x8a, 0xc1, 0x01, 0x8a, 0xc1, 0x01, 0x8a, 0xc1, 
0x01, 0x18, 0x13, 0x8f, 0x05, 0xb3, 0x06, 0xab, 0x22, 0x8a, 0x14, 0xc1, 0x0a, 0x0d, 0x85, 0x56, 0xb9, 0x5c, 0x00, 0x22, 
0x85, 0x56, 0x00, 0x13, 0x8f, 0x05, 0xf0, 0x2f, 0xab, 0x22, 0x8d, 0x14, 0xc1, 0x0a, 0x0d, 0xdf, 0x6e, 0xa9, 0x9b, 0x01, 
0x01, 0x22, 0xdf, 0x6e, 0x00, 0x13, 0x8f, 0x05, 0xe2, 0x6e, 0xab, 0x22, 0x90, 0x14, 0xc1, 0x0a, 0x0d, 0xfb, 0x6f, 0xc3, 
0x9c, 0x01, 0x02, 0x22, 0xfb, 0x6f, 0x00, 0x01, 0x0c, 0x92, 0xaa, 0x01, 0xc6, 0xa4, 0x02, 0xcb, 0x10, 0x0c, 0x8b, 0x25, 
0x8b, 0x25, 0x88, 0xde, 0x01, 0x23, 0xe2, 0x05, 0xc4, 0x4e, 0xc5, 0x1f, 0x9a, 0x14, 0xe9, 0x99, 0x01, 0x01, 0x65, 0xc7, 
0x2d, 0xc7, 0x2d, 0xc1, 0x12, 0x1d, 0xcf, 0xd1, 0x01, 0xcf, 0xd1, 0x01, 0x87, 0x07, 0x22, 0xcc, 0x4b, 0x00, 0x01, 0x0c, 
0xd8, 0x1d, 0xbe, 0x6c, 0xcb, 0x10, 0x0c, 0xf2, 0x2c, 0xf2, 0x2c, 0xfe, 0x77, 0xbf, 0x0c, 0x0d, 0xdb, 0x36, 0xa2, 0x41, 
0xc8, 0x10, 0x0d, 0xbe, 0x47, 0xf8, 0xdd, 0x01, 0xbe, 0x47, 0xc8, 0x10, 0x0d, 0xab, 0x2a, 0xab, 0x2a, 0xcc, 0xb3, 0x01, 
0x4b, 0x0d, 0x94, 0x78, 0x90, 0x9f, 0x02, 0x94, 0x78, 0xbf, 0x0c, 0x0d, 0x8f, 0x0c, 0xba, 0x52, 0x4a, 0x0d, 0xa0, 0x10, 
0xf8, 0x51, 0xa0, 0x10, 0x4b, 0x0d, 0xa3, 0x8a, 0x01, 0x93, 0x86, 0x01, 0xa3, 0x8a, 0x01, 0xc8, 0x10, 0x0d, 0xf0, 0x37, 
0xda, 0xdb, 0x01, 0x82, 0x47, 0xc1, 0x0a, 0x0d, 0xfc, 0x96, 0x01, 0xec, 0xf1, 0x01, 0x00, 0x4a, 0x0d, 0xf6, 0x08, 0xf6, 
0x08, 0xf2, 0x9f, 0x01, 0xd2, 0x0a, 0x1d, 0x89, 0x8b, 0x02, 0x89, 0x8b, 0x02, 0xa7, 0x10, 0x00, 0xc1, 0x0a, 0x0d, 0x90, 
0xef, 0x01, 0x90, 0xef, 0x01, 0x03, 0x4a, 0x0d, 0x8f, 0x83, 0x01, 0xd8, 0x38, 0x8f, 0x83, 0x01, 0xc1, 0x0a, 0x0d, 0xef, 
0x7c, 0xef, 0x10, 0x00, 0x4b, 0x0d, 0xd8, 0xd4, 0x01, 0xd8, 0xd4, 0x01, 0xe8, 0x57, 0xd2, 0x0a, 0x1d, 0xf9, 0x4f, 0xf9, 
0x4f, 0xee, 0x73, 0x00, 0xc1, 0x0a, 0x0d, 0xa2, 0x4e, 0xa2, 0x4e, 0x00, 0xc3, 0x10, 0x0d, 0xf1, 0x7e, 0xe0, 0xb3, 0x01, 
0xad, 0x7a, 0xc1, 0x0a, 0x0d, 0x97, 0x49, 0xe7, 0x79, 0x03, 0x4a, 0x0d, 0xb0, 0x93, 0x01, 0x98, 0x4a, 0xb0, 0x93, 0x01, 
0x4b, 0x0d, 0x87, 0x22, 0xe1, 0x56, 0x87, 0x22, 0xc0, 0x10, 0x0c, 0xf4, 0x30, 0xb0, 0x41, 0xdc, 0xe6, 0x01, 0xbf, 0x0c, 
0x0d, 0xd8, 0x54, 0xd8, 0x54, 0x4a, 0x0d, 0xe7, 0x13, 0xbe, 0x71, 0xe7, 0x13, 0xc3, 0x10, 0x0d, 0xc1, 0x69, 0x92, 0xe4, 
0x01, 0xc1, 0x69, 0x4a, 0x0d, 0x8b, 0x50, 0x8b, 0x50, 0xbe, 0x29, 0x4b, 0x0d, 0xd5, 0x2d, 0xa1, 0xcc, 0x01, 0xd5, 0x2d, 
0x23, 0x8f, 0x05, 0xb2, 0x77, 0xc2, 0x26, 0x91, 0x14, 0x8b, 0x14, 0x22, 0x00, 0xf2, 0x01, 0x3f, 0x0d, 0xe0, 0x71, 0x92, 
0xe9, 0x01, 0x23, 0x8f, 0x05, 0xaa, 0x28, 0xc2, 0x26, 0x91, 0x14, 0x8e, 0x14, 0x22, 0x00, 0xaa, 0x28, 0xc1, 0x0a, 0x0d, 
0xf9, 0x90, 0x02, 0xbd, 0x7d, 0x01, 0x3f, 0x0d, 0xe6, 0xd9, 0x01, 0xe6, 0xd9, 0x01, 0xd2, 0x0a, 0x1d, 0xe1, 0x3d, 0xe1, 
0x3d, 0xc6, 0x1e, 0x01, 0x13, 0x9b, 0x05, 0xab, 0x1f, 0xc2, 0x26, 0x8b, 0x14, 0x22, 0x00, 0xab, 0x1f, 0x22, 0xc6, 0xb1, 
0x01, 0x80, 0x06, 0x8d, 0x1e, 0x88, 0x06, 0xc6, 0x06, 0x08, 0xbb, 0x9e, 0x01, 0x00, 0x8b, 0x03, 0xa7, 0x06, 0x95, 0x05, 
0x9d, 0x04, 0xa7, 0x06, 0x17, 0xd4, 0x16, 0xa7, 0x06, 0x1d, 0xd7, 0x12, 0x18, 0xe2, 0x9e, 0x02, 0xc1, 0x0a, 0x0d, 0xd3, 
0xaf, 0x01, 0x8e, 0x6f, 0x03, 0xce, 0x16, 0x09, 0xa0, 0x4a, 0xa0, 0x4a, 0x96, 0xd8, 0x01, 0xa7, 0x1e, 0xfe, 0x24, 0x00, 
0xba, 0x1e, 0x00, 0xbc, 0x9c, 0x01, 0xfe, 0x24, 0x18, 0xbb, 0x9c, 0x01, 0xc1, 0x0a, 0x0d, 0xce, 0xd7, 0x01, 0xc0, 0xf4, 
0x01, 0x00, 0xc1, 0x0a, 0x0b, 0xf5, 0x9d, 0x01, 0xf2, 0x43, 0x00, 0x01, 0x18, 0xc6, 0x7b, 0x8c, 0xd6, 0x01, 0x33, 0xcd, 
0x05, 0xec, 0x57, 0xc4, 0x1b, 0x8b, 0x14, 0xe5, 0x4e, 0x8b, 0x14, 0x01, 0x50, 0xd7, 0x0f, 0xd7, 0x0f, 0xb4, 0x0a, 0x56, 
0xb5, 0xbc, 0x01, 0x52, 0x58, 0x00, 0x00, 0xc1, 0x0a, 0x0d, 0xd8, 0x9c, 0x01, 0xb6, 0x28, 0x00, 0xc1, 0x0a, 0x18, 0xdb, 
0x85, 0x01, 0xfc, 0x16, 0x00, 0xce, 0x10, 0x18, 0x96, 0x74, 0x96, 0x74, 0xc5, 0x11, 0xc1, 0x0a, 0x0d, 0xbe, 0x14, 0xae, 
0x2b, 0x01, 0xc1, 0x0a, 0x18, 0x8d, 0x0b, 0xc2, 0x94, 0x01, 0x01, 0xce, 0x10, 0x18, 0xad, 0x09, 0xad, 0x09, 0xbb, 0x14, 
0xc1, 0x0a, 0x0d, 0xbe, 0x14, 0xb0, 0x2b, 0x02, 0xc1, 0x0a, 0x18, 0x8d, 0x0b, 0xc4, 0x94, 0x01, 0x02, 0xce, 0x10, 0x18, 
0xee, 0x04, 0xee, 0x04, 0x9f, 0x06, 0xc1, 0x0a, 0x18, 0xaf, 0x7f, 0x82, 0x1a, 0x03, 0x4b, 0x18, 0x95, 0x0d, 0xc5, 0x8c, 
0x01, 0x95, 0x0d, 0x4b, 0x18, 0xaa, 0x54, 0xfd, 0x29, 0xaa, 0x54, 0x4b, 0x18, 0x96, 0x2f, 0x9a, 0x05, 0x96, 0x2f, 0xce, 
0x10, 0x18, 0xb1, 0x09, 0xb1, 0x09, 0xd7, 0x0f, 0xc1, 0x0a, 0x0d, 0xf7, 0xc4, 0x01, 0xf0, 0x1f, 0x01, 0xc1, 0x0a, 0x0b, 
0xdc, 0x7e, 0xf4, 0x8b, 0x01, 0x01, 0x01, 0x18, 0xc6, 0x33, 0x8e, 0xd6, 0x01, 0x33, 0xcd, 0x05, 0xec, 0x57, 0xc4, 0x1b, 
0x8b, 0x14, 0xe6, 0x72, 0x8b, 0x14, 0x01, 0x50, 0xd7, 0x0f, 0xd7, 0x0f, 0xb4, 0x0a, 0x56, 0xb5, 0xbc, 0x01, 0x53, 0x58, 
0x00, 0x00, 0xc1, 0x0a, 0x0d, 0xd8, 0x9c, 0x01, 0xb6, 0x28, 0x00, 0xc1, 0x0a, 0x18, 0xdb, 0x85, 0x01, 0xfc, 0x16, 0x00, 
0xce, 0x10, 0x18, 0x98, 0x74, 0x98, 0x74, 0xc3, 0x11, 0xc1, 0x0a, 0x0d, 0xbe, 0x14, 0xb0, 0x2b, 0x01, 0xc1, 0x0a, 0x18, 
0x8d, 0x0b, 0xc4, 0x94, 0x01, 0x01, 0xce, 0x10, 0x18, 0xad, 0x09, 0xad, 0x09, 0xbb, 0x14, 0xc1, 0x0a, 0x0d, 0xbe, 0x14, 
0xb2, 0x2b, 0x02, 0xc1, 0x0a, 0x18, 0x8d, 0x0b, 0xc6, 0x94, 0x01, 0x02, 0xce, 0x10, 0x18, 0xec, 0x04, 0xec, 0x04, 0xa1, 
0x06, 0xc1, 0x0a, 0x18, 0xaf, 0x7f, 0x82, 0x1a, 0x03, 0x4b, 0x18, 0x95, 0x0d, 0xc5, 0x8c, 0x01, 0x95, 0x0d, 0x4b, 0x18, 
0xaa, 0x54, 0xff, 0x29, 0xaa, 0x54, 0x4b, 0x18, 0xb4, 0x3d, 0xb6, 0x13, 0xb4, 0x3d, 0xce, 0x10, 0x18, 0xb1, 0x99, 0x01, 
0xb1, 0x99, 0x01, 0x98, 0x43, 0x4b, 0x18, 0x9b, 0x31, 0xfb, 0xb2, 0x01, 0x9b, 0x31, 0xc1, 0x0a, 0x0d, 0xe4, 0x31, 0xd0, 
0x63, 0x02, 0xc1, 0x0a, 0x0b, 0xbe, 0x2e, 0xb6, 0x7f, 0x02, 0x01, 0x18, 0x86, 0x40, 0x90, 0xd6, 0x01, 0x33, 0xcd, 0x05, 
0xec, 0x57, 0xc4, 0x1b, 0x8b, 0x14, 0xc7, 0x6c, 0x8b, 0x14, 0x01, 0x50, 0xd7, 0x0f, 0xd7, 0x0f, 0xb4, 0x0a, 0x56, 0xb5, 
0xbc, 0x01, 0x54, 0x58, 0x00, 0x00, 0xc1, 0x0a, 0x0d, 0xd8, 0x9c, 0x01, 0xb6, 0x28, 0x00, 0xc1, 0x0a, 0x18, 0xdb, 0x85, 
0x01, 0xfc, 0x16, 0x00, 0xce, 0x10, 0x18, 0x9a, 0x74, 0x9a, 0x74, 0xc1, 0x11, 0xc1, 0x0a, 0x0d, 0xbe, 0x14, 0xb2, 0x2b, 
0x01, 0xc1, 0x0a, 0x18, 0x8d, 0x0b, 0xc6, 0x94, 0x01, 0x01, 0xce, 0x10, 0x18, 0xad, 0x09, 0xad, 0x09, 0xbb, 0x14, 0xc1, 
0x0a, 0x0d, 0xbe, 0x14, 0xb4, 0x2b, 0x02, 0xc1, 0x0a, 0x18, 0x8d, 0x0b, 0xc8, 0x94, 0x01, 0x02, 0xce, 0x10, 0x18, 0xea, 
0x04, 0xea, 0x04, 0xa3, 0x06, 0xc1, 0x0a, 0x18, 0xaf, 0x7f, 0x82, 0x1a, 0x03, 0x4b, 0x18, 0x95, 0x0d, 0xc5, 0x8c, 0x01, 
0x95, 0x0d, 0x4b, 0x18, 0xaa, 0x54, 0x81, 0x2a, 0xaa, 0x54, 0x4b, 0x18, 0xb4, 0x3d, 0xb4, 0x13, 0xb4, 0x3d, 0xce, 0x10, 
0x18, 0xb1, 0x99, 0x01, 0xb1, 0x99, 0x01, 0x45, 0x4b, 0x18, 0x95, 0x37, 0xf7, 0x05, 0x95, 0x37, 0xc1, 0x0a, 0x0b, 0xfc, 
0x6e, 0x98, 0x88, 0x01, 0x03, 0x01, 0x18, 0xd6, 0x9b, 0x01, 0xc2, 0xba, 0x02, 0x33, 0xcd, 0x05, 0xc3, 0x0c, 0xc4, 0x1b, 
0x8b, 0x14, 0xf8, 0x70, 0x8b, 0x14, 0x01, 0x50, 0xd7, 0x0f, 0xd7, 0x0f, 0xb4, 0x0a, 0x56, 0xb5, 0xbc, 0x01, 0x55, 0x58, 
0x00, 0x00, 0xc1, 0x0a, 0x0d, 0xd8, 0x9c, 0x01, 0xf9, 0x3b, 0x00, 0xc1, 0x0a, 0x18, 0xdb, 0x85, 0x01, 0xfc, 0x16, 0x00, 
0xce, 0x10, 0x18, 0x9c, 0x74, 0x9c, 0x74, 0xbf, 0x11, 0xc1, 0x0a, 0x0d, 0xbe, 0x14, 0xfb, 0x38, 0x01, 0xc1, 0x0a, 0x18, 
0x8d, 0x0b, 0xc8, 0x94, 0x01, 0x01, 0xce, 0x10, 0x18, 0xad, 0x09, 0xad, 0x09, 0xbb, 0x14, 0xc1, 0x0a, 0x0d, 0xbe, 0x14, 
0xf9, 0x38, 0x02, 0xc1, 0x0a, 0x18, 0x8d, 0x0b, 0xca, 0x94, 0x01, 0x02, 0xce, 0x10, 0x18, 0xe8, 0x04, 0xe8, 0x04, 0xa5, 
0x06, 0xc1, 0x0a, 0x18, 0xaf, 0x7f, 0x82, 0x1a, 0x03, 0x4b, 0x18, 0x95, 0x0d, 0xc5, 0x8c, 0x01, 0x95, 0x0d, 0x4b, 0x18, 
0xaa, 0x54, 0x83, 0x2a, 0xaa, 0x54, 0x4b, 0x18, 0xb4, 0x3d, 0xb2, 0x13, 0xb4, 0x3d, 0xce, 0x10, 0x18, 0x87, 0x9f, 0x01, 
0x87, 0x9f, 0x01, 0xd7, 0x11, 0x4b, 0x18, 0xec, 0x3a, 0xae, 0x6c, 0xec, 0x3a, 0x22, 0x9e, 0x9c, 0x01, 0x00, 0x8d, 0x1e, 
0x18, 0xf1, 0x03, 0xc1, 0x0a, 0x0d, 0xbe, 0x53, 0xee, 0xe7, 0x01, 0x00, 0xc1, 0x0a, 0x0b, 0xa1, 0x91, 0x01, 0xf4, 0x43, 
0x00, 0x01, 0x18, 0xca, 0x7b, 0x92, 0xd6, 0x01, 0x33, 0xcd, 0x05, 0xee, 0x57, 0xc4, 0x1b, 0x8b, 0x14, 0xe6, 0x4e, 0x8b, 
0x14, 0x01, 0x50, 0xd7, 0x0f, 0xd7, 0x0f, 0xb4, 0x0a, 0x56, 0xb5, 0xbc, 0x01, 0x56, 0x58, 0x00, 0x00, 0xc1, 0x0a, 0x0d, 
0xd8, 0x9c, 0x01, 0xb8, 0x28, 0x00, 0xc1, 0x0a, 0x18, 0xdb, 0x85, 0x01, 0xfc, 0x16, 0x00, 0xce, 0x10, 0x18, 0x9e, 0x74, 
0x9e, 0x74, 0xbd, 0x11, 0xc1, 0x0a, 0x0d, 0xbe, 0x14, 0xb8, 0x2b, 0x01, 0xc1, 0x0a, 0x18, 0x8d, 0x0b, 0xca, 0x94, 0x01, 
0x01, 0xce, 0x10, 0x18, 0xad, 0x09, 0xad, 0x09, 0xbb, 0x14, 0xc1, 0x0a, 0x0d, 0xbe, 0x14, 0xba, 0x2b, 0x02, 0xc1, 0x0a, 
0x18, 0x8d, 0x0b, 0xcc, 0x94, 0x01, 0x02, 0xce, 0x10, 0x18, 0xe6, 0x04, 0xe6, 0x04, 0xa7, 0x06, 0xc1, 0x0a, 0x18, 0xaf, 
0x7f, 0x82, 0x1a, 0x03, 0x4b, 0x18, 0x95, 0x0d, 0xc5, 0x8c, 0x01, 0x95, 0x0d, 0x4b, 0x18, 0xaa, 0x54, 0x85, 0x2a, 0xaa, 
0x54, 0x4b, 0x18, 0x90, 0x2f, 0x8c, 0x05, 0x90, 0x2f, 0xce, 0x10, 0x18, 0xb1, 0x09, 0xb1, 0x09, 0x83, 0x03, 0xc1, 0x0a, 
0x0d, 0xf7, 0xc4, 0x01, 0xf2, 0x1f, 0x01, 0xc1, 0x0a, 0x0b, 0xdc, 0x7e, 0xf6, 0x8b, 0x01, 0x01, 0x01, 0x18, 0xca, 0x33, 
0x94, 0xd6, 0x01, 0x33, 0xcd, 0x05, 0xee, 0x57, 0xc4, 0x1b, 0x8b, 0x14, 0xe7, 0x72, 0x8b, 0x14, 0x01, 0x50, 0xd7, 0x0f, 
0xd7, 0x0f, 0xb4, 0x0a, 0x56, 0xb5, 0xbc, 0x01, 0x57, 0x58, 0x00, 0x00, 0xc1, 0x0a, 0x0d, 0xd8, 0x9c, 0x01, 0xb8, 0x28, 
0x00, 0xc1, 0x0a, 0x18, 0xdb, 0x85, 0x01, 0xfc, 0x16, 0x00, 0xce, 0x10, 0x18, 0xa0, 0x74, 0xa0, 0x74, 0xbb, 0x11, 0xc1, 
0x0a, 0x0d, 0xbe, 0x14, 0xba, 0x2b, 0x01, 0xc1, 0x0a, 0x18, 0x8d, 0x0b, 0xcc, 0x94, 0x01, 0x01, 0xce, 0x10, 0x18, 0xad, 
0x09, 0xad, 0x09, 0xbb, 0x14, 0xc1, 0x0a, 0x0d, 0xbe, 0x14, 0xbc, 0x2b, 0x02, 0xc1, 0x0a, 0x18, 0x8d, 0x0b, 0xce, 0x94, 
0x01, 0x02, 0xce, 0x10, 0x18, 0xe4, 0x04, 0xe4, 0x04, 0xa9, 0x06, 0xc1, 0x0a, 0x18, 0xaf, 0x7f, 0x82, 0x1a, 0x03, 0x4b, 
0x18, 0x95, 0x0d, 0xc5, 0x8c, 0x01, 0x95, 0x0d, 0x4b, 0x18, 0xaa, 0x54, 0x87, 0x2a, 0xaa, 0x54, 0x4b, 0x18, 0xb2, 0x3d, 
0xac, 0x13, 0xb2, 0x3d, 0xce, 0x10, 0x18, 0xb3, 0x99, 0x01, 0xb3, 0x99, 0x01, 0x9a, 0x43, 0x4b, 0x18, 0x9d, 0x31, 0xfb, 
0xb2, 0x01, 0x9d, 0x31, 0xc1, 0x0a, 0x0d, 0xe4, 0x31, 0xd2, 0x63, 0x02, 0xc1, 0x0a, 0x0b, 0xbe, 0x2e, 0xb8, 0x7f, 0x02, 
0x01, 0x18, 0x8a, 0x40, 0x96, 0xd6, 0x01, 0x33, 0xcd, 0x05, 0xee, 0x57, 0xc4, 0x1b, 0x8b, 0x14, 0xc8, 0x6c, 0x8b, 0x14, 
0x01, 0x50, 0xd7, 0x0f, 0xd7, 0x0f, 0xb4, 0x0a, 0x56, 0xb5, 0xbc, 0x01, 0x58, 0x58, 0x00, 0x00, 0xc1, 0x0a, 0x0d, 0xd8, 
0x9c, 0x01, 0xb8, 0x28, 0x00, 0xc1, 0x0a, 0x18, 0xdb, 0x85, 0x01, 0xfc, 0x16, 0x00, 0xce, 0x10, 0x18, 0xa2, 0x74, 0xa2, 
0x74, 0xb9, 0x11, 0xc1, 0x0a, 0x0d, 0xbe, 0x14, 0xbc, 0x2b, 0x01, 0xc1, 0x0a, 0x18, 0x8d, 0x0b, 0xce, 0x94, 0x01, 0x01, 
0xce, 0x10, 0x18, 0xad, 0x09, 0xad, 0x09, 0xbb, 0x14, 0xc1, 0x0a, 0x0d, 0xbe, 0x14, 0xbe, 0x2b, 0x02, 0xc1, 0x0a, 0x18, 
0x8d, 0x0b, 0xd0, 0x94, 0x01, 0x02, 0xce, 0x10, 0x18, 0xe2, 0x04, 0xe2, 0x04, 0xab, 0x06, 0xc1, 0x0a, 0x18, 0xaf, 0x7f, 
0x82, 0x1a, 0x03, 0x4b, 0x18, 0x95, 0x0d, 0xc5, 0x8c, 0x01, 0x95, 0x0d, 0x4b, 0x18, 0xaa, 0x54, 0x89, 0x2a, 0xaa, 0x54, 
0x4b, 0x18, 0xb2, 0x3d, 0xaa, 0x13, 0xb2, 0x3d, 0xce, 0x10, 0x18, 0xe5, 0x8b, 0x01, 0xe5, 0x8b, 0x01, 0x8a, 0x0d, 0x4b, 
0x18, 0xce, 0x7d, 0xbc, 0xbc, 0x01, 0xce, 0x7d, 0x3f, 0x0d, 0xba, 0x08, 0xd6, 0x87, 0x01, 0xc3, 0x10, 0x0d, 0xdd, 0x42, 
0xdd, 0x42, 0xf2, 0xf8, 0x01, 0xbd, 0x0c, 0x0b, 0x88, 0x53, 0x88, 0x53, 0xc1, 0x0a, 0x0b, 0xf7, 0x4f, 0xbe, 0xa4, 0x01, 
0x03, 0xc2, 0x10, 0x0b, 0x8c, 0x45, 0x8c, 0x45, 0xfc, 0x9a, 0x02, 0xc0, 0x10, 0x0b, 0xfc, 0x43, 0x90, 0x39, 0xfc, 0x43, 
0x99, 0x1e, 0xca, 0x1a, 0x18, 0xc9, 0x1a, 0xe5, 0x1e, 0x18, 0xf9, 0xa1, 0x01, 0x55, 0x4d, 0x00, 0x00, 0xd8, 0x36, 0x00, 
0x00, 0x4f, 0x3c, 0x00, 0x00, 0x47, 0x4a, 0x00, 0x00, 0xe5, 0x1e, 0x0b, 0x95, 0x29, 0x87, 0x53, 0x00, 0x00, 0xd8, 0x36, 
0x00, 0x00, 0x83, 0x34, 0x00, 0x00, 0x47, 0x4a, 0x00, 0x00, 0xc0, 0x16, 0x09, 0x92, 0x10, 0x92, 0x10, 0xc7, 0xd5, 0x01, 
0xb6, 0x1e, 0x87, 0x58, 0xb7, 0x77, 0x00, 0xba, 0x1e, 0x00, 0xb7, 0x77, 0x87, 0x58, 0x18, 0xb8, 0x77, 0xc9, 0x10, 0x0b, 
0xa7, 0xc2, 0x01, 0xdd, 0x3a, 0xde, 0x3c, 0xbc, 0x0e, 0x0c, 0xae, 0x5d, 0xae, 0x5d, 0xc6, 0x10, 0x0b, 0xb5, 0x3c, 0xe5, 
0x19, 0xd6, 0x5d, 0xbc, 0x0e, 0x0c, 0xaa, 0xf6, 0x01, 0xaa, 0xf6, 0x01, 0xc0, 0x0a, 0x12, 0xab, 0xc3, 0x01, 0xb7, 0x09, 
0xab, 0xc3, 0x01, 0x01, 0xfe, 0x03, 0xc4, 0xca, 0x01, 0xe2, 0xbe, 0x02, 0xb4, 0x0c, 0x97, 0x01, 0xbf, 0xbb, 0x01, 0xbf, 
0xbb, 0x01, 0xef, 0x0a, 0x1d, 0x85, 0x41, 0x85, 0x41, 0x81, 0x32, 0x02, 0x8b, 0x14, 0x2d, 0x13, 0xfa, 0xdf, 0x01, 0xfa, 
0xdf, 0x01, 0xfa, 0xdf, 0x01, 0x10, 0xc1, 0x0a, 0x0d, 0xb2, 0x06, 0xb2, 0x06, 0x00, 0xbd, 0x0c, 0x0b, 0xe6, 0x0d, 0xe6, 
0x0d, 0x01, 0x18, 0x83, 0xda, 0x01, 0xe4, 0x5f, 0x33, 0xcd, 0x05, 0xd3, 0x29, 0xc4, 0x1b, 0x8b, 0x14, 0xb6, 0xbe, 0x01, 
0x8b, 0x14, 0x01, 0x50, 0x9e, 0xe8, 0x01, 0x9e, 0xe8, 0x01, 0xb4, 0x0a, 0x56, 0xb5, 0xbc, 0x01, 0x59, 0x58, 0x00, 0x00, 
0xc1, 0x0a, 0x0d, 0xd8, 0x9c, 0x01, 0xec, 0x9e, 0x01, 0x00, 0xc1, 0x0a, 0x18, 0xdb, 0x85, 0x01, 0xfc, 0x16, 0x00, 0xce, 
0x10, 0x18, 0xa4, 0x74, 0xa4, 0x74, 0xb7, 0x11, 0xc1, 0x0a, 0x0d, 0xbe, 0x14, 0xf2, 0xa1, 0x01, 0x01, 0xc1, 0x0a, 0x18, 
0x8d, 0x0b, 0xd0, 0x94, 0x01, 0x01, 0xce, 0x10, 0x18, 0xad, 0x09, 0xad, 0x09, 0xbb, 0x14, 0xc1, 0x0a, 0x0d, 0xc0, 0x14, 
0xf6, 0xa1, 0x01, 0x02, 0xc1, 0x0a, 0x18, 0x8f, 0x0b, 0xd2, 0x94, 0x01, 0x02, 0xce, 0x10, 0x18, 0xe0, 0x04, 0xe0, 0x04, 
0xaf, 0x06, 0xc1, 0x0a, 0x18, 0xaf, 0x7f, 0x82, 0x1a, 0x03, 0x4b, 0x18, 0x95, 0x0d, 0xc5, 0x8c, 0x01, 0x95, 0x0d, 0x4b, 
0x18, 0x8e, 0x42, 0xa7, 0x3c, 0x8e, 0x42, 0x4b, 0x18, 0xd9, 0x31, 0xff, 0x6d, 0xd9, 0x31, 0xc1, 0x0a, 0x0d, 0x9a, 0x75, 
0x9d, 0x31, 0x01, 0xce, 0x10, 0x18, 0xe5, 0x16, 0xb4, 0x5e, 0xe5, 0x16, 0x4b, 0x18, 0xb1, 0x2f, 0xc4, 0x26, 0xb1, 0x2f, 
0xc0, 0x10, 0x0b, 0x97, 0x1f, 0xc2, 0x30, 0xea, 0xa9, 0x01, 0x99, 0x1e, 0xcd, 0x9a, 0x01, 0x18, 0xd8, 0x37, 0x22, 0xda, 
0xc6, 0x01, 0x84, 0x3f, 0x8d, 0x1e, 0x88, 0x06, 0xb6, 0x05, 0x00, 0x00, 0x00, 0x00, 0x00, 0x00, 0x4c, 0x4f, 0x4d, 0x53, 
0x00, 0x03, 0x01, 0x00, 0x0b, 0x00, 0x08, 0x00, 0x29, 0x60, 0x00, 0x00, 0x00, 0x00, 0x00, 0x00, 0xe8, 0x15, 0x00, 0x00, 
0x91, 0x02, 0x01, 0xd1, 0x10, 0x02, 0x47, 0x4c, 0x53, 0x4c, 0x2e, 0x73, 0x74, 0x64, 0x2e, 0x34, 0x35, 0x30, 0x00, 0x00, 
0x00, 0x00, 0xa0, 0x04, 0x00, 0x01, 0xcf, 0x0f, 0x00, 0x9f, 0x2c, 0xed, 0xc2, 0xa5, 0xf3, 0x06, 0x00, 0x82, 0x1f, 0xcf, 
0x2d, 0x8c, 0x1a, 0xb0, 0x23, 0xd9, 0x1b, 0xc2, 0x26, 0x84, 0x28, 0xab, 0x22, 0x10, 0xb4, 0x15, 0x06, 0x10, 0x37, 0xe7, 
0x10, 0x0b, 0x00, 0x05, 0x00, 0x07, 0x01, 0x10, 0x00, 0x23, 0x00, 0x01, 0x05, 0x00, 0x07, 0x01, 0x10, 0x00, 0x23, 0x40, 
0x01, 0x23, 0x30, 0x01, 0x23, 0x04, 0x01, 0x23, 0x04, 0x01, 0x23, 0x04, 0x01, 0x23, 0x04, 0x10, 0xfa, 0x49, 0x01, 0x01, 
0x10, 0xc5, 0x3b, 0x06, 0x80, 0x02, 0x00, 0x87, 0x0d, 0x02, 0x47, 0x00, 0x01, 0x00, 0x23, 0x00, 0x10, 0xbc, 0x2d, 0x21, 
0x00, 0x10, 0x00, 0x22, 0x01, 0x10, 0x8d, 0x19, 0x06, 0x40, 0x10, 0x02, 0x06, 0x40, 0x10, 0xcd, 0x06, 0x06, 0x10, 0x10, 
0x82, 0x03, 0x06, 0x10, 0x10, 0x02, 0x06, 0x10, 0x10, 0x02, 0x06, 0x10, 0x10, 0x50, 0x06, 0x10, 0x00, 0x8b, 0x14, 0x02, 
0x37, 0x00, 0x95, 0x00, 0x05, 0x00, 0x07, 0x01, 0x10, 0x00, 0x23, 0x00, 0x01, 0x05, 0x00, 0x07, 0x01, 0x10, 0x00, 0x23, 
0x40, 0x01, 0x05, 0x00, 0x07, 0x01, 0x10, 0x00, 0x23, 0x40, 0x01, 0x05, 0x00, 0x07, 0x01, 0x10, 0x00, 0x23, 0x40, 0x01, 
0x05, 0x00, 0x07, 0x01, 0x10, 0x00, 0x23, 0x40, 0x01, 0x05, 0x00, 0x07, 0x01, 0x10, 0x00, 0x23, 0x80, 0x02, 0x01, 0x05, 
0x00, 0x07, 0x01, 0x10, 0x00, 0x23, 0x80, 0x02, 0x01, 0x05, 0x00, 0x07, 0x01, 0x10, 0x00, 0x23, 0x40, 0x01, 0x05, 0x00, 
0x07, 0x01, 0x10, 0x00, 0x23, 0x30, 0x01, 0x23, 0x40, 0x01, 0x23, 0x10, 0x01, 0x23, 0x08, 0x01, 0x23, 0x04, 0x01, 0x23, 
0x04, 0x01, 0x23, 0x10, 0x01, 0x23, 0x10, 0x01, 0x23, 0x08, 0x01, 0x23, 0x08, 0x01, 0x23, 0x04, 0x01, 0x00, 0x00, 0x23, 
0x04, 0x01, 0x23, 0x08, 0x01, 0x23, 0x04, 0x01, 0x23, 0x04, 0x01, 0x23, 0x04, 0x01, 0x23, 0x04, 0x01, 0x23, 0x04, 0x01, 
0x00, 0x00, 0x23, 0x04, 0x01, 0x00, 0x00, 0x23, 0x04, 0x01, 0x00, 0x00, 0x23, 0x04, 0x01, 0x00, 0x00, 0x23, 0x10, 0x01, 
0x00, 0x00, 0x23, 0x0c, 0x01, 0x00, 0x00, 0x23, 0x04, 0x01, 0x00, 0x00, 0x23, 0x08, 0x01, 0x00, 0x00, 0x23, 0x04, 0x01, 
0x00, 0x00, 0x23, 0x04, 0x01, 0x00, 0x00, 0x23, 0x04, 0x01, 0x23, 0x04, 0x01, 0x00, 0x00, 0x23, 0x04, 0x01, 0x00, 0x00, 
0x23, 0x04, 0x01, 0x23, 0x90, 0x01, 0x01, 0x00, 0x00, 0x23, 0x0c, 0x01, 0x23, 0x04, 0x01, 0x23, 0x10, 0x01, 0x23, 0x10, 
0x01, 0x00, 0x00, 0x23, 0x08, 0x01, 0x00, 0x00, 0x23, 0x04, 0x01, 0x23, 0x04, 0x01, 0x00, 0x00, 0x23, 0x08, 0x01, 0x00, 
0x00, 0x23, 0x04, 0x01, 0x23, 0x04, 0x01, 0x00, 0x00, 0x23, 0x10, 0x01, 0x00, 0x00, 0x23, 0x04, 0x01, 0x23, 0x04, 0x01, 
0x00, 0x00, 0x23, 0x08, 0x01, 0x23, 0x04, 0x01, 0x00, 0x00, 0x23, 0x04, 0x01, 0x00, 0x00, 0x23, 0x04, 0x01, 0x23, 0x04, 
0x01, 0x23, 0x0c, 0x01, 0x23, 0x04, 0x01, 0x23, 0x04, 0x01, 0x23, 0x04, 0x01, 0x23, 0x04, 0x01, 0x23, 0x04, 0x01, 0x23, 
0x0c, 0x01, 0x23, 0x04, 0x01, 0x23, 0x04, 0x01, 0x23, 0x04, 0x01, 0x23, 0x04, 0x01, 0x05, 0x00, 0x07, 0x01, 0x10, 0x00, 
0x23, 0x04, 0x01, 0x23, 0x30, 0x01, 0x23, 0x08, 0x01, 0x05, 0x00, 0x07, 0x01, 0x10, 0x00, 0x23, 0x08, 0x01, 0x05, 0x00, 
0x07, 0x01, 0x10, 0x00, 0x23, 0x40, 0x01, 0x00, 0x00, 0x23, 0x40, 0x01, 0x00, 0x00, 0x23, 0x04, 0x01, 0x00, 0x00, 0x23, 
0x04, 0x01, 0x00, 0x00, 0x23, 0x04, 0x01, 0x23, 0x04, 0x01, 0x23, 0x40, 0x01, 0x00, 0x00, 0x23, 0x04, 0x01, 0x00, 0x00, 
0x23, 0x04, 0x01, 0x00, 0x00, 0x23, 0x04, 0x01, 0x23, 0x04, 0x01, 0x23, 0x40, 0x01, 0x00, 0x00, 0x23, 0x40, 0x01, 0x00, 
0x00, 0x23, 0x04, 0x01, 0x00, 0x00, 0x23, 0x04, 0x01, 0x00, 0x00, 0x23, 0x04, 0x01, 0x00, 0x00, 0x23, 0x04, 0x10, 0xe6, 
0x3b, 0x21, 0x00, 0x10, 0x00, 0x22, 0x00, 0x10, 0x85, 0x01, 0x1e, 0x00, 0x10, 0x9a, 0x1d, 0x1e, 0x03, 0x00, 0x85, 0x27, 
0x0e, 0x10, 0x00, 0x1e, 0x0a, 0x10, 0xc8, 0x12, 0x0b, 0x2b, 0x10, 0xad, 0x0f, 0x1e, 0x09, 0x00, 0xbd, 0x23, 0x02, 0x47, 
0x00, 0x04, 0x00, 0x0b, 0x01, 0x00, 0x01, 0x0b, 0x01, 0x01, 0x01, 0x0b, 0x01, 0x03, 0x01, 0x0b, 0x01, 0x04, 0x10, 0x94, 
0x3c, 0x1e, 0x05, 0x10, 0xb1, 0x0b, 0x1e, 0x06, 0x93, 0x02, 0x0e, 0xa1, 0x04, 0xf4, 0x13, 0x08, 0xa6, 0x02, 0xe9, 0x13, 
0x20, 0xb7, 0x02, 0x20, 0x0d, 0x04, 0xb8, 0x02, 0x90, 0x01, 0x1d, 0x04, 0xb7, 0x02, 0x99, 0x01, 0x0d, 0x03, 0xb5, 0x02, 
0x17, 0x20, 0x01, 0xb7, 0x02, 0x0e, 0x0d, 0x02, 0xbe, 0x02, 0xa2, 0x10, 0x13, 0x1d, 0xb5, 0x02, 0xb1, 0x10, 0x20, 0x00, 
0xbb, 0x04, 0x0b, 0xfe, 0x27, 0x00, 0x00, 0x00, 0x00, 0xbb, 0x04, 0x0c, 0x02, 0x00, 0x00, 0x00, 0x00, 0xbb, 0x04, 0x0b, 
0x04, 0x01, 0x00, 0x00, 0x00, 0xb8, 0x02, 0x8d, 0x27, 0x18, 0x03, 0xbb, 0x04, 0x0b, 0xb8, 0x27, 0x08, 0x00, 0x00, 0x00, 
0xbc, 0x02, 0x8f, 0x13, 0x1d, 0xa2, 0x14, 0x8e, 0x03, 0xe7, 0x10, 0x65, 0x46, 0x0c, 0x0c, 0x0c, 0x0d, 0xda, 0x0a, 0xb2, 
0x06, 0x0c, 0xfa, 0x49, 0x40, 0x00, 0x00, 0x00, 0xbc, 0x02, 0xc5, 0x3b, 0xa6, 0x02, 0xa3, 0x27, 0xae, 0x02, 0x87, 0x0d, 
0xc0, 0x09, 0x3e, 0xfa, 0x09, 0x02, 0xfc, 0x02, 0x39, 0xf9, 0x07, 0xc2, 0x23, 0x02, 0x3e, 0xef, 0x27, 0x02, 0x65, 0xbb, 
0x04, 0x0c, 0xf0, 0x1c, 0x05, 0x00, 0x00, 0x00, 0xbb, 0x04, 0x0b, 0x07, 0x04, 0x00, 0x00, 0x00, 0xbc, 0x02, 0x85, 0x0e, 
0x65, 0x96, 0x14, 0xbc, 0x02, 0x02, 0x65, 0x96, 0x14, 0xb7, 0x02, 0xff, 0x19, 0x0b, 0x03, 0xbb, 0x04, 0x0b, 0xa2, 0x28, 
0x09, 0x00, 0x00, 0x00, 0xbc, 0x02, 0xef, 0x14, 0x18, 0xa5, 0x14, 0xbc, 0x02, 0x82, 0x03, 0x1d, 0x96, 0x14, 0xbc, 0x02, 
0x02, 0x1d, 0x96, 0x14, 0xbc, 0x02, 0x02, 0x1d, 0x96, 0x14, 0xbc, 0x02, 0x50, 0x1d, 0xa5, 0x14, 0xbe, 0x83, 0xc0, 0x02, 
0x8b, 0x14, 0x65, 0x65, 0x65, 0x65, 0x93, 0x0d, 0x94, 0x0d, 0x65, 0x46, 0x65, 0x1d, 0x13, 0x0d, 0x0d, 0x1d, 0x1d, 0x13, 
0x13, 0x0d, 0x0d, 0x13, 0x0d, 0x0d, 0x0d, 0x0d, 0x0d, 0x0d, 0x0d, 0x0d, 0x1d, 0x14, 0x0c, 0x13, 0x0c, 0x0c, 0x0c, 0x0c, 
0x0d, 0x0d, 0xed, 0x09, 0x18, 0x0d, 0x1d, 0x1d, 0x13, 0x0c, 0x0d, 0x13, 0x0d, 0x0d, 0x1d, 0x0c, 0x0d, 0x13, 0x0d, 0x0d, 
0x0d, 0x0b, 0x18, 0x0d, 0x0d, 0x0b, 0x0d, 0x0d, 0x18, 0x0d, 0x0d, 0x0d, 0x0d, 0x0d, 0x46, 0x13, 0x13, 0x65, 0x65, 0x0d, 
0x0d, 0x0d, 0x0d, 0xae, 0x0b, 0x0c, 0x0d, 0x0d, 0x0d, 0xaf, 0x0b, 0xb0, 0x0b, 0x0c, 0x0c, 0x0c, 0x0c, 0xd8, 0x0b, 0x3e, 
0xfa, 0x09, 0x02, 0xd2, 0x01, 0x39, 0xcf, 0x06, 0xec, 0x31, 0x02, 0x3e, 0xd5, 0x34, 0x01, 0x1d, 0x39, 0x9a, 0x05, 0xd0, 
0x33, 0x01, 0x3e, 0xe3, 0x33, 0x01, 0x13, 0x39, 0x90, 0x05, 0xfe, 0x50, 0x01, 0x3e, 0x89, 0x51, 0x01, 0x0d, 0xbb, 0x04, 
0x0d, 0xff, 0x07, 0x00, 0x00, 0x80, 0x3f, 0x3e, 0xfe, 0x07, 0x03, 0x0c, 0x39, 0x89, 0x05, 0x86, 0x2a, 0x03, 0x3e, 0x81, 
0x2a, 0x01, 0x0c, 0x39, 0x8b, 0x05, 0xca, 0x3c, 0x01, 0x3e, 0xa9, 0x3c, 0x03, 0x1d, 0x39, 0x9b, 0x05, 0xfc, 0x2c, 0x03, 
0xbc, 0x02, 0xb1, 0x2c, 0x0d, 0x8d, 0x14, 0xde, 0x02, 0xf4, 0x08, 0x1d, 0x0d, 0xc0, 0x05, 0xc0, 0x05, 0x3e, 0xfa, 0x09, 
0x03, 0xfa, 0x09, 0x39, 0xf7, 0x0e, 0x96, 0x2f, 0x03, 0x3e, 0xe1, 0x42, 0x03, 0x13, 0x39, 0x91, 0x05, 0xe6, 0x45, 0x03, 
0x39, 0x9b, 0x05, 0xb1, 0x0b, 0x03, 0xc6, 0x06, 0x08, 0xe8, 0x13, 0x00, 0x82, 0x0a, 0x18, 0xf4, 0x60, 0x01, 0x0c, 0xba, 
0xa9, 0x01, 0x8c, 0x9c, 0x02, 0x22, 0xd4, 0xae, 0x02, 0x00, 0x01, 0x0c, 0xbf, 0x9f, 0x01, 0x94, 0x8f, 0x01, 0x33, 0xe2, 
0x05, 0xfa, 0x3d, 0xda, 0x19, 0x8b, 0x14, 0xd6, 0x61, 0x8b, 0x14, 0x01, 0x65, 0xbc, 0x7b, 0xbc, 0x7b, 0x13, 0x8a, 0x05, 
0x9b, 0x23, 0xcf, 0x2d, 0x8a, 0x14, 0x01, 0x0d, 0x9e, 0x23, 0x9e, 0x23, 0x13, 0x8a, 0x05, 0xd1, 0x0f, 0xcf, 0x2d, 0x8d, 
0x14, 0x01, 0x0d, 0x91, 0x9d, 0x01, 0x91, 0x9d, 0x01, 0xc3, 0x10, 0x0d, 0xd0, 0xb0, 0x01, 0xbc, 0xfe, 0x02, 0xd0, 0xb0, 
0x01, 0xc0, 0x0a, 0x13, 0xad, 0x12, 0xc1, 0x0e, 0xad, 0x12, 0x01, 0x1d, 0xc7, 0xca, 0x01, 0xd6, 0x65, 0x3d, 0x18, 0x82, 
0x41, 0x82, 0x41, 0x82, 0x41, 0x18, 0xc1, 0x0a, 0x0d, 0xdf, 0x66, 0xdf, 0x66, 0x00, 0xc1, 0x0a, 0x1d, 0xa0, 0x84, 0x01, 
0xc5, 0x7a, 0x00, 0xce, 0x10, 0x1d, 0xec, 0x1b, 0xec, 0x1b, 0x8c, 0xa0, 0x01, 0xc1, 0x0a, 0x0d, 0xbe, 0x14, 0xea, 0x4d, 
0x01, 0xc1, 0x0a, 0x1d, 0x99, 0xd0, 0x01, 0xb5, 0x9a, 0x02, 0x01, 0xce, 0x10, 0x1d, 0xde, 0xbb, 0x01, 0xde, 0xbb, 0x01, 
0xbb, 0x14, 0xc1, 0x0a, 0x0d, 0xbe, 0x14, 0xec, 0x4d, 0x02, 0xc1, 0x0a, 0x1d, 0x99, 0xd0, 0x01, 0xb3, 0x9a, 0x02, 0x02, 
0xce, 0x10, 0x1d, 0xfa, 0xc9, 0x01, 0xfa, 0xc9, 0x01, 0x9f, 0x06, 0xc1, 0x0a, 0x1d, 0xaf, 0x7f, 0xe9, 0xcf, 0x01, 0x03, 
0x4b, 0x1d, 0x95, 0x0d, 0xc5, 0x8c, 0x01, 0x95, 0x0d, 0x4b, 0x1d, 0xf6, 0x41, 0xb1, 0x3c, 0xf6, 0x41, 0x4b, 0x1d, 0xaa, 
0x1f, 0x85, 0x1d, 0xaa, 0x1f, 0xc0, 0x0a, 0xa4, 0x08, 0xba, 0x36, 0xe5, 0x36, 0xba, 0x36, 0x23, 0xe2, 0x05, 0xb3, 0x28, 
0xc5, 0x1f, 0x9a, 0x14, 0x8b, 0x14, 0x01, 0x65, 0xbf, 0x76, 0xbf, 0x76, 0xc1, 0x0a, 0x1d, 0xe2, 0xc7, 0x01, 0xee, 0x28, 
0x01, 0xc1, 0x12, 0x1d, 0x9b, 0x97, 0x01, 0xc6, 0x30, 0x9b, 0x97, 0x01, 0x22, 0xdc, 0x91, 0x01, 0x00, 0xc1, 0x0a, 0x0d, 
0xf8, 0x68, 0xf8, 0x68, 0x01, 0x3f, 0x0d, 0xe6, 0x10, 0xe6, 0x10, 0xd2, 0x0a, 0x1d, 0xe1, 0x3d, 0xe1, 0x3d, 0xfc, 0x3b, 
0x01, 0x13, 0x9b, 0x05, 0xae, 0x19, 0xc2, 0x26, 0x8b, 0x14, 0x22, 0x00, 0xae, 0x19, 0x8d, 0x1e, 0x88, 0x06, 0x00, 0x00, 
0x5a, 0x00, 0x00, 0x00, 0x00, 0x00, 0x00, 0x00, 0x4c, 0x4f, 0x4d, 0x53, 0x00, 0x03, 0x01, 0x00, 0x0b, 0x00, 0x08, 0x00, 
0xe8, 0x50, 0x00, 0x00, 0x00, 0x00, 0x00, 0x00, 0x98, 0x00, 0x00, 0x00, 0x91, 0x02, 0x01, 0xd1, 0x10, 0x02, 0x47, 0x4c, 
0x53, 0x4c, 0x2e, 0x73, 0x74, 0x64, 0x2e, 0x34, 0x35, 0x30, 0x00, 0x00, 0x00, 0x00, 0xa0, 0x04, 0x00, 0x01, 0xcf, 0x0e, 
0x04, 0x9f, 0x2c, 0xed, 0xc2, 0xa5, 0xf3, 0x06, 0x00, 0xa0, 0x02, 0x9f, 0x2c, 0x07, 0x93, 0x02, 0x0e, 0xa1, 0x04, 0xf4, 
0x13, 0x08, 0xc6, 0x06, 0x08, 0xba, 0x44, 0x00, 0x82, 0x0a, 0x18, 0x90, 0xeb, 0x01, 0x8d, 0x1e, 0x88, 0x06, 0x00, 0x00, 
0x00, 0x00, 0x00, 0x00, 0x4b, 0x07, 0x00, 0x00, 0x00, 0x00, 0x00, 0x00, 0x4c, 0x4f, 0x4d, 0x53, 0x00, 0x03, 0x01, 0x00, 
0x0b, 0x00, 0x08, 0x00, 0x29, 0x60, 0x00, 0x00, 0x00, 0x00, 0x00, 0x00, 0x58, 0x19, 0x00, 0x00, 0x91, 0x02, 0x01, 0x91, 
0x02, 0x20, 0xd1, 0x10, 0x02, 0x47, 0x4c, 0x53, 0x4c, 0x2e, 0x73, 0x74, 0x64, 0x2e, 0x34, 0x35, 0x30, 0x00, 0x00, 0x00, 
0x00, 0xa0, 0x04, 0x00, 0x01, 0xcf, 0x0f, 0x00, 0x9f, 0x2c, 0xed, 0xc2, 0xa5, 0xf3, 0x06, 0x00, 0x8c, 0x1a, 0x82, 0x1f, 
0xcf, 0x2d, 0xb0, 0x23, 0xd9, 0x1b, 0xc2, 0x26, 0x84, 0x28, 0xab, 0x22, 0x10, 0xdc, 0x16, 0x06, 0x10, 0x37, 0xcf, 0x07, 
0x0b, 0x00, 0x05, 0x00, 0x07, 0x01, 0x10, 0x00, 0x23, 0x00, 0x01, 0x05, 0x00, 0x07, 0x01, 0x10, 0x00, 0x23, 0x40, 0x01, 
0x23, 0x30, 0x01, 0x23, 0x04, 0x01, 0x23, 0x04, 0x01, 0x23, 0x04, 0x01, 0x23, 0x04, 0x10, 0xba, 0x3f, 0x01, 0x01, 0x10, 
0x97, 0x40, 0x06, 0x80, 0x02, 0x00, 0xac, 0x1d, 0x02, 0x47, 0x00, 0x01, 0x00, 0x23, 0x00, 0x10, 0xda, 0x07, 0x21, 0x00, 
0x10, 0x00, 0x22, 0x01, 0x00, 0x64, 0x0e, 0x10, 0x00, 0x1e, 0x0a, 0x10, 0xb2, 0x21, 0x01, 0x08, 0x10, 0x81, 0x34, 0x06, 
0x40, 0x10, 0x02, 0x06, 0x40, 0x10, 0xcf, 0x0c, 0x06, 0x10, 0x10, 0xb4, 0x03, 0x06, 0x10, 0x10, 0x02, 0x06, 0x10, 0x10, 
0x02, 0x06, 0x10, 0x10, 0x50, 0x06, 0x10, 0x00, 0xf1, 0x15, 0x02, 0x37, 0x00, 0x95, 0x00, 0x05, 0x00, 0x07, 0x01, 0x10, 
0x00, 0x23, 0x00, 0x01, 0x05, 0x00, 0x07, 0x01, 0x10, 0x00, 0x23, 0x40, 0x01, 0x05, 0x00, 0x07, 0x01, 0x10, 0x00, 0x23, 
0x40, 0x01, 0x05, 0x00, 0x07, 0x01, 0x10, 0x00, 0x23, 0x40, 0x01, 0x05, 0x00, 0x07, 0x01, 0x10, 0x00, 0x23, 0x40, 0x01, 
0x05, 0x00, 0x07, 0x01, 0x10, 0x00, 0x23, 0x80, 0x02, 0x01, 0x05, 0x00, 0x07, 0x01, 0x10, 0x00, 0x23, 0x80, 0x02, 0x01, 
0x05, 0x00, 0x07, 0x01, 0x10, 0x00, 0x23, 0x40, 0x01, 0x05, 0x00, 0x07, 0x01, 0x10, 0x00, 0x23, 0x30, 0x01, 0x23, 0x40, 
0x01, 0x23, 0x10, 0x01, 0x23, 0x08, 0x01, 0x23, 0x04, 0x01, 0x23, 0x04, 0x01, 0x23, 0x10, 0x01, 0x23, 0x10, 0x01, 0x23, 
0x08, 0x01, 0x23, 0x08, 0x01, 0x23, 0x04, 0x01, 0x00, 0x00, 0x23, 0x04, 0x01, 0x23, 0x08, 0x01, 0x23, 0x04, 0x01, 0x23, 
0x04, 0x01, 0x23, 0x04, 0x01, 0x23, 0x04, 0x01, 0x23, 0x04, 0x01, 0x00, 0x00, 0x23, 0x04, 0x01, 0x00, 0x00, 0x23, 0x04, 
0x01, 0x00, 0x00, 0x23, 0x04, 0x01, 0x00, 0x00, 0x23, 0x10, 0x01, 0x00, 0x00, 0x23, 0x0c, 0x01, 0x00, 0x00, 0x23, 0x04, 
0x01, 0x00, 0x00, 0x23, 0x08, 0x01, 0x00, 0x00, 0x23, 0x04, 0x01, 0x00, 0x00, 0x23, 0x04, 0x01, 0x00, 0x00, 0x23, 0x04, 
0x01, 0x23, 0x04, 0x01, 0x00, 0x00, 0x23, 0x04, 0x01, 0x00, 0x00, 0x23, 0x04, 0x01, 0x23, 0x90, 0x01, 0x01, 0x00, 0x00, 
0x23, 0x0c, 0x01, 0x23, 0x04, 0x01, 0x23, 0x10, 0x01, 0x23, 0x10, 0x01, 0x00, 0x00, 0x23, 0x08, 0x01, 0x00, 0x00, 0x23, 
0x04, 0x01, 0x23, 0x04, 0x01, 0x00, 0x00, 0x23, 0x08, 0x01, 0x00, 0x00, 0x23, 0x04, 0x01, 0x23, 0x04, 0x01, 0x00, 0x00, 
0x23, 0x10, 0x01, 0x00, 0x00, 0x23, 0x04, 0x01, 0x23, 0x04, 0x01, 0x00, 0x00, 0x23, 0x08, 0x01, 0x23, 0x04, 0x01, 0x00, 
0x00, 0x23, 0x04, 0x01, 0x00, 0x00, 0x23, 0x04, 0x01, 0x23, 0x04, 0x01, 0x23, 0x0c, 0x01, 0x23, 0x04, 0x01, 0x23, 0x04, 
0x01, 0x23, 0x04, 0x01, 0x23, 0x04, 0x01, 0x23, 0x04, 0x01, 0x23, 0x0c, 0x01, 0x23, 0x04, 0x01, 0x23, 0x04, 0x01, 0x23, 
0x04, 0x01, 0x23, 0x04, 0x01, 0x05, 0x00, 0x07, 0x01, 0x10, 0x00, 0x23, 0x04, 0x01, 0x23, 0x30, 0x01, 0x23, 0x08, 0x01, 
0x05, 0x00, 0x07, 0x01, 0x10, 0x00, 0x23, 0x08, 0x01, 0x05, 0x00, 0x07, 0x01, 0x10, 0x00, 0x23, 0x40, 0x01, 0x00, 0x00, 
0x23, 0x40, 0x01, 0x00, 0x00, 0x23, 0x04, 0x01, 0x00, 0x00, 0x23, 0x04, 0x01, 0x00, 0x00, 0x23, 0x04, 0x01, 0x23, 0x04, 
0x01, 0x23, 0x40, 0x01, 0x00, 0x00, 0x23, 0x04, 0x01, 0x00, 0x00, 0x23, 0x04, 0x01, 0x00, 0x00, 0x23, 0x04, 0x01, 0x23, 
0x04, 0x01, 0x23, 0x40, 0x01, 0x00, 0x00, 0x23, 0x40, 0x01, 0x00, 0x00, 0x23, 0x04, 0x01, 0x00, 0x00, 0x23, 0x04, 0x01, 
0x00, 0x00, 0x23, 0x04, 0x01, 0x00, 0x00, 0x23, 0x04, 0x10, 0xfa, 0x3b, 0x21, 0x00, 0x10, 0x00, 0x22, 0x00, 0x10, 0x85, 
0x01, 0x1e, 0x00, 0x10, 0x9a, 0x1d, 0x1e, 0x03, 0x10, 0xbd, 0x14, 0x0b, 0x2b, 0x10, 0xad, 0x0f, 0x1e, 0x09, 0x00, 0x93, 
0x22, 0x02, 0x47, 0x00, 0x04, 0x00, 0x0b, 0x01, 0x00, 0x01, 0x0b, 0x01, 0x01, 0x01, 0x0b, 0x01, 0x03, 0x01, 0x0b, 0x01, 
0x04, 0x10, 0xea, 0x3a, 0x1e, 0x05, 0x10, 0xb1, 0x0b, 0x1e, 0x06, 0x93, 0x02, 0x0e, 0xa1, 0x04, 0xf4, 0x13, 0x08, 0xa6, 
0x02, 0xe9, 0x13, 0x20, 0xb7, 0x02, 0x20, 0x0d, 0x04, 0xb8, 0x02, 0x90, 0x01, 0x1d, 0x04, 0xb7, 0x02, 0x99, 0x01, 0x0d, 
0x03, 0xb5, 0x02, 0x17, 0x20, 0x01, 0xb7, 0x02, 0x0e, 0x0d, 0x02, 0xbe, 0x02, 0xa2, 0x10, 0x13, 0x1d, 0xb5, 0x02, 0xb1, 
0x10, 0x20, 0x00, 0xbb, 0x04, 0x0b, 0xfe, 0x27, 0x00, 0x00, 0x00, 0x00, 0xbb, 0x04, 0x0c, 0x02, 0x00, 0x00, 0x00, 0x00, 
0xbb, 0x04, 0x0b, 0x04, 0x01, 0x00, 0x00, 0x00, 0xbb, 0x04, 0x0c, 0x02, 0x01, 0x00, 0x00, 0x00, 0xbb, 0x04, 0x0b, 0x04, 
0x02, 0x00, 0x00, 0x00, 0xbb, 0x04, 0x0c, 0x02, 0x02, 0x00, 0x00, 0x00, 0xb8, 0x02, 0x95, 0x27, 0x18, 0x03, 0xbb, 0x04, 
0x0b, 0xb8, 0x27, 0x08, 0x00, 0x00, 0x00, 0xbc, 0x02, 0xe7, 0x11, 0x1d, 0xa2, 0x14, 0x8e, 0x03, 0xcf, 0x07, 0x65, 0x46, 
0x0c, 0x0c, 0x0c, 0x0d, 0xae, 0x0b, 0xb2, 0x06, 0x0c, 0xba, 0x3f, 0x40, 0x00, 0x00, 0x00, 0xbc, 0x02, 0x97, 0x40, 0xc6, 
0x07, 0xa3, 0x27, 0xae, 0x02, 0xac, 0x1d, 0x97, 0x07, 0x3e, 0x8b, 0x25, 0x02, 0xed, 0x15, 0x39, 0xa7, 0x03, 0xe6, 0x2c, 
0x02, 0x3e, 0xef, 0x27, 0x02, 0x65, 0xbb, 0x04, 0x0c, 0xf0, 0x1c, 0x05, 0x00, 0x00, 0x00, 0x3e, 0xa1, 0x1e, 0x03, 0x0c, 
0x39, 0x89, 0x05, 0x86, 0x2a, 0x03, 0xb2, 0x06, 0x0c, 0xb2, 0x21, 0x02, 0x00, 0x00, 0x00, 0xbb, 0x04, 0x0b, 0x9d, 0x2d, 
0x04, 0x00, 0x00, 0x00, 0xbc, 0x02, 0xe3, 0x06, 0x65, 0x96, 0x14, 0xbc, 0x02, 0x02, 0x65, 0x96, 0x14, 0xb7, 0x02, 0xa1, 
0x21, 0x0b, 0x03, 0xbb, 0x04, 0x0b, 0xa2, 0x28, 0x09, 0x00, 0x00, 0x00, 0xbc, 0x02, 0xcf, 0x13, 0x18, 0xa5, 0x14, 0xbc, 
0x02, 0xb4, 0x03, 0x1d, 0x96, 0x14, 0xbc, 0x02, 0x02, 0x1d, 0x96, 0x14, 0xbc, 0x02, 0x02, 0x1d, 0x96, 0x14, 0xbc, 0x02, 
0x50, 0x1d, 0xa5, 0x14, 0xbe, 0x83, 0xc0, 0x02, 0xf1, 0x15, 0x65, 0x65, 0x65, 0x65, 0xe4, 0x10, 0xe5, 0x10, 0x65, 0x46, 
0x65, 0x1d, 0x13, 0x0d, 0x0d, 0x1d, 0x1d, 0x13, 0x13, 0x0d, 0x0d, 0x13, 0x0d, 0x0d, 0x0d, 0x0d, 0x0d, 0x0d, 0x0d, 0x0d, 
0x1d, 0x14, 0x0c, 0x13, 0x0c, 0x0c, 0x0c, 0x0c, 0x0d, 0x0d, 0xbd, 0x0a, 0x18, 0x0d, 0x1d, 0x1d, 0x13, 0x0c, 0x0d, 0x13, 
0x0d, 0x0d, 0x1d, 0x0c, 0x0d, 0x13, 0x0d, 0x0d, 0x0d, 0x0b, 0x18, 0x0d, 0x0d, 0x0b, 0x0d, 0x0d, 0x18, 0x0d, 0x0d, 0x0d, 
0x0d, 0x0d, 0x46, 0x13, 0x13, 0x65, 0x65, 0x0d, 0x0d, 0x0d, 0x0d, 0x97, 0x0c, 0x0c, 0x0d, 0x0d, 0x0d, 0x98, 0x0c, 0x99, 
0x0c, 0x0c, 0x0c, 0x0c, 0x0c, 0xc1, 0x0c, 0x3e, 0xfa, 0x09, 0x02, 0xc8, 0x01, 0x39, 0xc5, 0x06, 0x80, 0x32, 0x02, 0x3e, 
0xd5, 0x34, 0x01, 0x1d, 0x39, 0x9a, 0x05, 0xd0, 0x33, 0x01, 0x3e, 0xe3, 0x33, 0x01, 0x13, 0x39, 0x90, 0x05, 0xfe, 0x50, 
0x01, 0x3e, 0x89, 0x51, 0x01, 0x0d, 0xbb, 0x04, 0x0d, 0xff, 0x07, 0x00, 0x00, 0x80, 0x3f, 0x3e, 0x82, 0x08, 0x01, 0x0c, 
0x39, 0x8b, 0x05, 0xca, 0x3c, 0x01, 0x3e, 0xa9, 0x3c, 0x03, 0x1d, 0x39, 0x9b, 0x05, 0xfc, 0x2c, 0x03, 0xbb, 0x04, 0x0d, 
0xff, 0x36, 0x00, 0x00, 0x00, 0x40, 0xbb, 0x04, 0x0d, 0xd0, 0x0c, 0x00, 0x00, 0x80, 0xbf, 0xbc, 0x02, 0xe3, 0x01, 0x0d, 
0x90, 0x14, 0xbc, 0x02, 0x13, 0x0d, 0x8d, 0x14, 0xde, 0x02, 0x94, 0x0a, 0x1d, 0x0d, 0xcf, 0x05, 0xc5, 0x05, 0x3e, 0xfa, 
0x09, 0x03, 0xcf, 0x0a, 0x39, 0xcc, 0x0f, 0xec, 0x2d, 0x03, 0x3e, 0xeb, 0x42, 0x03, 0x0d, 0x3e, 0x0a, 0x03, 0x13, 0x39, 
0x91, 0x05, 0xe6, 0x45, 0x03, 0x39, 0x9b, 0x05, 0xb1, 0x0b, 0x03, 0xc6, 0x06, 0x08, 0xe8, 0x13, 0x00, 0x82, 0x0a, 0x18, 
0xf4, 0x60, 0x01, 0x0c, 0xba, 0xa9, 0x01, 0x8c, 0x9c, 0x02, 0x22, 0xd4, 0xae, 0x02, 0x00, 0x01, 0x0c, 0xc5, 0x31, 0x8e, 
0xfd, 0x01, 0xc7, 0x10, 0x0c, 0xc7, 0x51, 0xc7, 0x51, 0x94, 0x8a, 0x01, 0x33, 0xe2, 0x05, 0xeb, 0x2a, 0xda, 0x19, 0x8b, 
0x14, 0xef, 0x6f, 0x8b, 0x14, 0x01, 0x65, 0x96, 0x80, 0x01, 0x96, 0x80, 0x01, 0x13, 0x8a, 0x05, 0xbe, 0x24, 0xcf, 0x2d, 
0x8a, 0x14, 0x01, 0x0d, 0x9c, 0x23, 0x9c, 0x23, 0x13, 0x8a, 0x05, 0xcf, 0x0f, 0xcf, 0x2d, 0x8d, 0x14, 0x01, 0x0d, 0x91, 
0x9d, 0x01, 0x91, 0x9d, 0x01, 0xc3, 0x10, 0x0d, 0xd0, 0xb0, 0x01, 0xbc, 0xfe, 0x02, 0xd0, 0xb0, 0x01, 0xc0, 0x0a, 0x13, 
0xad, 0x12, 0xbf, 0x0e, 0xad, 0x12, 0x01, 0x1d, 0xc7, 0xca, 0x01, 0xd6, 0x65, 0x3d, 0x18, 0x82, 0x41, 0x82, 0x41, 0x82, 
0x41, 0x18, 0xc1, 0x0a, 0x0d, 0xdf, 0x66, 0xdf, 0x66, 0x00, 0xc1, 0x0a, 0x1d, 0xa0, 0x84, 0x01, 0xeb, 0x32, 0x00, 0xce, 
0x10, 0x1d, 0xec, 0x1b, 0xec, 0x1b, 0x8c, 0xa0, 0x01, 0xc1, 0x0a, 0x0d, 0xbe, 0x14, 0xea, 0x4d, 0x01, 0xc1, 0x0a, 0x1d, 
0x99, 0xd0, 0x01, 0xdb, 0xd2, 0x01, 0x01, 0xce, 0x10, 0x1d, 0xde, 0xbb, 0x01, 0xde, 0xbb, 0x01, 0xbb, 0x14, 0xc1, 0x0a, 
0x0d, 0xbe, 0x14, 0xec, 0x4d, 0x02, 0xc1, 0x0a, 0x1d, 0x99, 0xd0, 0x01, 0xd9, 0xd2, 0x01, 0x02, 0xce, 0x10, 0x1d, 0xfa, 
0xc9, 0x01, 0xfa, 0xc9, 0x01, 0x9f, 0x06, 0xc1, 0x0a, 0x1d, 0xaf, 0x7f, 0x8f, 0x88, 0x01, 0x03, 0x4b, 0x1d, 0x95, 0x0d, 
0xc5, 0x8c, 0x01, 0x95, 0x0d, 0x4b, 0x1d, 0xf6, 0x41, 0xb1, 0x3c, 0xf6, 0x41, 0x4b, 0x1d, 0x92, 0x1e, 0x9d, 0x1e, 0x92, 
0x1e, 0xc0, 0x0a, 0xa4, 0x08, 0xce, 0x59, 0xe9, 0x14, 0xce, 0x59, 0x01, 0x0c, 0xf1, 0x4b, 0xae, 0xd9, 0x01, 0xcb, 0x10, 
0x0c, 0x92, 0x3f, 0x92, 0x3f, 0x8e, 0xf7, 0x01, 0x23, 0xe2, 0x05, 0xbe, 0x22, 0xc5, 0x1f, 0x9a, 0x14, 0xac, 0xa6, 0x01, 
0x01, 0x65, 0xf3, 0x7e, 0xf3, 0x7e, 0xc1, 0x0a, 0x1d, 0x88, 0x70, 0xf2, 0x06, 0x01, 0xc1, 0x12, 0x1d, 0x93, 0x9d, 0x01, 
0x8b, 0x2d, 0x93, 0x9d, 0x01, 0x22, 0xe4, 0x8b, 0x01, 0x00, 0x01, 0x0c, 0xbf, 0x22, 0xbe, 0x6c, 0xcb, 0x10, 0x0c, 0xf2, 
0x2c, 0xf2, 0x2c, 0xfe, 0x77, 0xbf, 0x0c, 0x0d, 0xdb, 0x36, 0xa2, 0x41, 0xc8, 0x10, 0x0d, 0xbe, 0x47, 0xf8, 0xdd, 0x01, 
0xbe, 0x47, 0xc8, 0x10, 0x0d, 0xab, 0x2a, 0xab, 0x2a, 0xcc, 0xb3, 0x01, 0x4b, 0x0d, 0x94, 0x78, 0x90, 0x9f, 0x02, 0x94, 
0x78, 0xbf, 0x0c, 0x0d, 0x8f, 0x0c, 0xba, 0x52, 0x4a, 0x0d, 0xa0, 0x10, 0xf8, 0x51, 0xa0, 0x10, 0x4b, 0x0d, 0xa3, 0x8a, 
0x01, 0x93, 0x86, 0x01, 0xa3, 0x8a, 0x01, 0xc8, 0x10, 0x0d, 0xf0, 0x37, 0xda, 0xdb, 0x01, 0x82, 0x47, 0xc1, 0x0a, 0x0d, 
0xfc, 0x96, 0x01, 0xd4, 0xb1, 0x01, 0x00, 0x4a, 0x0d, 0xf6, 0x08, 0xf6, 0x08, 0xf2, 0x9f, 0x01, 0xd2, 0x0a, 0x1d, 0x89, 
0x8b, 0x02, 0x89, 0x8b, 0x02, 0xbf, 0x50, 0x00, 0xc1, 0x0a, 0x0d, 0x90, 0xef, 0x01, 0x90, 0xef, 0x01, 0x03, 0x4a, 0x0d, 
0x8f, 0x83, 0x01, 0xd8, 0x38, 0x8f, 0x83, 0x01, 0xc1, 0x0a, 0x0d, 0xef, 0x7c, 0xef, 0x10, 0x00, 0x4b, 0x0d, 0xd8, 0xd4, 
0x01, 0xd8, 0xd4, 0x01, 0xe8, 0x57, 0xd2, 0x0a, 0x1d, 0xf9, 0x4f, 0xf9, 0x4f, 0xee, 0x73, 0x00, 0xc1, 0x0a, 0x0d, 0xa2, 
0x4e, 0xa2, 0x4e, 0x00, 0xc3, 0x10, 0x0d, 0xf1, 0x7e, 0xe0, 0xb3, 0x01, 0xad, 0x7a, 0xc1, 0x0a, 0x0d, 0x97, 0x49, 0xe7, 
0x79, 0x03, 0x4a, 0x0d, 0xb0, 0x93, 0x01, 0x98, 0x4a, 0xb0, 0x93, 0x01, 0x4b, 0x0d, 0x87, 0x22, 0xe1, 0x56, 0x87, 0x22, 
0xc0, 0x10, 0x0c, 0xf4, 0x30, 0xb0, 0x41, 0xdc, 0xe6, 0x01, 0xbf, 0x0c, 0x0d, 0xd8, 0x54, 0xd8, 0x54, 0x4a, 0x0d, 0xe7, 
0x13, 0xbe, 0x71, 0xe7, 0x13, 0xc3, 0x10, 0x0d, 0xc1, 0x69, 0x92, 0xe4, 0x01, 0xc1, 0x69, 0x4a, 0x0d, 0x8b, 0x50, 0x8b, 
0x50, 0xbe, 0x29, 0x4b, 0x0d, 0xd5, 0x2d, 0xa1, 0xcc, 0x01, 0xd5, 0x2d, 0x23, 0x8c, 0x05, 0xb2, 0x77, 0xc2, 0x26, 0x91, 
0x14, 0x8b, 0x14, 0x22, 0x00, 0xf2, 0x01, 0x3f, 0x0d, 0xe0, 0x71, 0x92, 0xe9, 0x01, 0x23, 0x8c, 0x05, 0xaa, 0x28, 0xc2, 
0x26, 0x91, 0x14, 0x8e, 0x14, 0x22, 0x00, 0xaa, 0x28, 0xc1, 0x0a, 0x0d, 0xf9, 0x90, 0x02, 0xbd, 0x7d, 0x01, 0x3f, 0x0d, 
0xe6, 0xd9, 0x01, 0xe6, 0xd9, 0x01, 0xd2, 0x0a, 0x1d, 0xe1, 0x3d, 0xe1, 0x3d, 0xc6, 0x1e, 0x01, 0x13, 0x9b, 0x05, 0xab, 
0x1f, 0xc2, 0x26, 0x8b, 0x14, 0x22, 0x00, 0xab, 0x1f, 0x22, 0xc6, 0xb1, 0x01, 0x80, 0x06, 0x8d, 0x1e, 0x88, 0x06, 0x00, 
0x00, 0x00, 0x00, 0x00, 0xd7, 0x10, 0x00, 0x00, 0x00, 0x00, 0x00, 0x00, 0x4c, 0x4f, 0x4d, 0x53, 0x00, 0x03, 0x01, 0x00, 
0x0b, 0x00, 0x08, 0x00, 0xd0, 0x61, 0x00, 0x00, 0x00, 0x00, 0x00, 0x00, 0xd4, 0x2e, 0x00, 0x00, 0x91, 0x02, 0x01, 0xd1, 
0x10, 0x02, 0x47, 0x4c, 0x53, 0x4c, 0x2e, 0x73, 0x74, 0x64, 0x2e, 0x34, 0x35, 0x30, 0x00, 0x00, 0x00, 0x00, 0xa0, 0x04, 
0x00, 0x01, 0xff, 0x0f, 0x00, 0x9f, 0x2c, 0xed, 0xc2, 0xa5, 0xf3, 0x06, 0x00, 0xa9, 0x20, 0x82, 0x1f, 0xaf, 0x2e, 0x93, 
0x2d, 0xcf, 0x2d, 0x8c, 0x1a, 0xb0, 0x23, 0xd9, 0x1b, 0xc2, 0x26, 0x84, 0x28, 0xab, 0x22, 0x10, 0xce, 0x1d, 0x06, 0x10, 
0x37, 0xb7, 0x06, 0x0b, 0x00, 0x05, 0x00, 0x07, 0x01, 0x10, 0x00, 0x23, 0x00, 0x01, 0x05, 0x00, 0x07, 0x01, 0x10, 0x00, 
0x23, 0x40, 0x01, 0x23, 0x30, 0x01, 0x23, 0x04, 0x01, 0x23, 0x04, 0x01, 0x23, 0x04, 0x01, 0x23, 0x04, 0x10, 0xb0, 0x37, 
0x01, 0x01, 0x10, 0x89, 0x21, 0x06, 0x80, 0x02, 0x00, 0xd1, 0x21, 0x02, 0x47, 0x00, 0x01, 0x00, 0x23, 0x00, 0x10, 0xca, 
0x27, 0x21, 0x00, 0x10, 0x00, 0x22, 0x01, 0x10, 0xf5, 0x20, 0x06, 0x40, 0x10, 0x02, 0x06, 0x40, 0x10, 0xfa, 0x07, 0x06, 
0x10, 0x10, 0x90, 0x05, 0x06, 0x10, 0x10, 0x02, 0x06, 0x10, 0x10, 0x02, 0x06, 0x10, 0x10, 0x50, 0x06, 0x10, 0x00, 0xe5, 
0x1d, 0x02, 0x37, 0x00, 0x95, 0x00, 0x05, 0x00, 0x07, 0x01, 0x10, 0x00, 0x23, 0x00, 0x01, 0x05, 0x00, 0x07, 0x01, 0x10, 
0x00, 0x23, 0x40, 0x01, 0x05, 0x00, 0x07, 0x01, 0x10, 0x00, 0x23, 0x40, 0x01, 0x05, 0x00, 0x07, 0x01, 0x10, 0x00, 0x23, 
0x40, 0x01, 0x05, 0x00, 0x07, 0x01, 0x10, 0x00, 0x23, 0x40, 0x01, 0x05, 0x00, 0x07, 0x01, 0x10, 0x00, 0x23, 0x80, 0x02, 
0x01, 0x05, 0x00, 0x07, 0x01, 0x10, 0x00, 0x23, 0x80, 0x02, 0x01, 0x05, 0x00, 0x07, 0x01, 0x10, 0x00, 0x23, 0x40, 0x01, 
0x05, 0x00, 0x07, 0x01, 0x10, 0x00, 0x23, 0x30, 0x01, 0x23, 0x40, 0x01, 0x23, 0x10, 0x01, 0x23, 0x08, 0x01, 0x23, 0x04, 
0x01, 0x23, 0x04, 0x01, 0x23, 0x10, 0x01, 0x23, 0x10, 0x01, 0x23, 0x08, 0x01, 0x23, 0x08, 0x01, 0x23, 0x04, 0x01, 0x00, 
0x00, 0x23, 0x04, 0x01, 0x23, 0x08, 0x01, 0x23, 0x04, 0x01, 0x23, 0x04, 0x01, 0x23, 0x04, 0x01, 0x23, 0x04, 0x01, 0x23, 
0x04, 0x01, 0x00, 0x00, 0x23, 0x04, 0x01, 0x00, 0x00, 0x23, 0x04, 0x01, 0x00, 0x00, 0x23, 0x04, 0x01, 0x00, 0x00, 0x23, 
0x10, 0x01, 0x00, 0x00, 0x23, 0x0c, 0x01, 0x00, 0x00, 0x23, 0x04, 0x01, 0x00, 0x00, 0x23, 0x08, 0x01, 0x00, 0x00, 0x23, 
0x04, 0x01, 0x00, 0x00, 0x23, 0x04, 0x01, 0x00, 0x00, 0x23, 0x04, 0x01, 0x23, 0x04, 0x01, 0x00, 0x00, 0x23, 0x04, 0x01, 
0x00, 0x00, 0x23, 0x04, 0x01, 0x23, 0x90, 0x01, 0x01, 0x00, 0x00, 0x23, 0x0c, 0x01, 0x23, 0x04, 0x01, 0x23, 0x10, 0x01, 
0x23, 0x10, 0x01, 0x00, 0x00, 0x23, 0x08, 0x01, 0x00, 0x00, 0x23, 0x04, 0x01, 0x23, 0x04, 0x01, 0x00, 0x00, 0x23, 0x08, 
0x01, 0x00, 0x00, 0x23, 0x04, 0x01, 0x23, 0x04, 0x01, 0x00, 0x00, 0x23, 0x10, 0x01, 0x00, 0x00, 0x23, 0x04, 0x01, 0x23, 
0x04, 0x01, 0x00, 0x00, 0x23, 0x08, 0x01, 0x23, 0x04, 0x01, 0x00, 0x00, 0x23, 0x04, 0x01, 0x00, 0x00, 0x23, 0x04, 0x01, 
0x23, 0x04, 0x01, 0x23, 0x0c, 0x01, 0x23, 0x04, 0x01, 0x23, 0x04, 0x01, 0x23, 0x04, 0x01, 0x23, 0x04, 0x01, 0x23, 0x04, 
0x01, 0x23, 0x0c, 0x01, 0x23, 0x04, 0x01, 0x23, 0x04, 0x01, 0x23, 0x04, 0x01, 0x23, 0x04, 0x01, 0x05, 0x00, 0x07, 0x01, 
0x10, 0x00, 0x23, 0x04, 0x01, 0x23, 0x30, 0x01, 0x23, 0x08, 0x01, 0x05, 0x00, 0x07, 0x01, 0x10, 0x00, 0x23, 0x08, 0x01, 
0x05, 0x00, 0x07, 0x01, 0x10, 0x00, 0x23, 0x40, 0x01, 0x00, 0x00, 0x23, 0x40, 0x01, 0x00, 0x00, 0x23, 0x04, 0x01, 0x00, 
0x00, 0x23, 0x04, 0x01, 0x00, 0x00, 0x23, 0x04, 0x01, 0x23, 0x04, 0x01, 0x23, 0x40, 0x01, 0x00, 0x00, 0x23, 0x04, 0x01, 
0x00, 0x00, 0x23, 0x04, 0x01, 0x00, 0x00, 0x23, 0x04, 0x01, 0x23, 0x04, 0x01, 0x23, 0x40, 0x01, 0x00, 0x00, 0x23, 0x40, 
0x01, 0x00, 0x00, 0x23, 0x04, 0x01, 0x00, 0x00, 0x23, 0x04, 0x01, 0x00, 0x00, 0x23, 0x04, 0x01, 0x00, 0x00, 0x23, 0x04, 
0x10, 0xd2, 0x3c, 0x21, 0x00, 0x10, 0x00, 0x22, 0x00, 0x10, 0xc8, 0x01, 0x0b, 0x2a, 0x37, 0x8b, 0x2e, 0x05, 0x00, 0x05, 
0x00, 0x07, 0x01, 0x10, 0x00, 0x23, 0x00, 0x01, 0x23, 0x30, 0x01, 0x23, 0x0c, 0x10, 0xdb, 0x0d, 0x06, 0x40, 0x00, 0xe8, 
0x13, 0x02, 0x47, 0x00, 0x01, 0x00, 0x23, 0x00, 0x10, 0xb6, 0x1e, 0x21, 0x01, 0x10, 0x00, 0x22, 0x01, 0x10, 0xb6, 0x0f, 
0x21, 0x05, 0x10, 0x00, 0x22, 0x01, 0x00, 0x8f, 0x37, 0x02, 0x47, 0x00, 0x01, 0x00, 0x23, 0x00, 0x10, 0xc2, 0x12, 0x06, 
0x10, 0x00, 0xe8, 0x01, 0x02, 0x37, 0x00, 0x02, 0x00, 0x00, 0x00, 0x23, 0x00, 0x10, 0xd2, 0x1b, 0x21, 0x02, 0x10, 0x00, 
0x22, 0x01, 0x10, 0xcb, 0x02, 0x21, 0x03, 0x10, 0x00, 0x22, 0x01, 0x10, 0xa6, 0x01, 0x1e, 0x00, 0x10, 0xda, 0x1e, 0x1e, 
0x05, 0x10, 0xb7, 0x02, 0x1e, 0x06, 0x10, 0x78, 0x1e, 0x03, 0x00, 0x85, 0x27, 0x0e, 0x10, 0x00, 0x1e, 0x0a, 0x10, 0xc8, 
0x12, 0x0b, 0x2b, 0x10, 0xad, 0x0f, 0x1e, 0x09, 0x00, 0x81, 0x14, 0x02, 0x47, 0x00, 0x04, 0x00, 0x0b, 0x01, 0x00, 0x01, 
0x0b, 0x01, 0x01, 0x01, 0x0b, 0x01, 0x03, 0x01, 0x0b, 0x01, 0x04, 0x10, 0xd8, 0x2c, 0x1e, 0x05, 0x10, 0xb1, 0x0b, 0x1e, 
0x06, 0x00, 0xbe, 0x8b, 0x01, 0x00, 0x93, 0x02, 0x0e, 0xa1, 0x04, 0xf4, 0x13, 0x08, 0xa6, 0x02, 0xe9, 0x13, 0x20, 0xb7, 
0x02, 0x20, 0x0d, 0x04, 0xb8, 0x02, 0x90, 0x01, 0x1d, 0x04, 0xb7, 0x02, 0x99, 0x01, 0x0d, 0x03, 0xb5, 0x02, 0x17, 0x20, 
0x01, 0x3e, 0x92, 0x0a, 0x07, 0x18, 0xb5, 0x02, 0x93, 0x0a, 0x20, 0x00, 0xb7, 0x02, 0x18, 0x0b, 0x04, 0xd1, 0x04, 0xe8, 
0x05, 0x08, 0x95, 0x05, 0x17, 0x1d, 0xb7, 0x02, 0xef, 0x05, 0x0d, 0x02, 0xbe, 0x02, 0xa2, 0x10, 0x13, 0x1d, 0xbb, 0x04, 
0x0b, 0xcc, 0x17, 0x00, 0x00, 0x00, 0x00, 0xbb, 0x04, 0x0c, 0x02, 0x00, 0x00, 0x00, 0x00, 0xbb, 0x04, 0x0b, 0x04, 0x01, 
0x00, 0x00, 0x00, 0xbb, 0x04, 0x0c, 0x02, 0x01, 0x00, 0x00, 0x00, 0xbb, 0x04, 0x0c, 0x06, 0x02, 0x00, 0x00, 0x00, 0xbb, 
0x04, 0x0c, 0x06, 0x03, 0x00, 0x00, 0x00, 0xb8, 0x02, 0x9b, 0x27, 0x18, 0x03, 0xbb, 0x04, 0x0b, 0xb8, 0x27, 0x08, 0x00, 
0x00, 0x00, 0xbc, 0x02, 0xf5, 0x0a, 0x1d, 0xa2, 0x14, 0x8e, 0x03, 0xb7, 0x06, 0x65, 0x46, 0x0c, 0x0c, 0x0c, 0x0d, 0xe7, 
0x0e, 0xb2, 0x06, 0x0c, 0xb0, 0x37, 0x40, 0x00, 0x00, 0x00, 0xbc, 0x02, 0x89, 0x21, 0xcb, 0x0b, 0xa3, 0x27, 0xae, 0x02, 
0xd1, 0x21, 0xde, 0x16, 0x3e, 0xfa, 0x09, 0x02, 0xf5, 0x05, 0x39, 0xf2, 0x0a, 0xd0, 0x1d, 0x02, 0x3e, 0xef, 0x27, 0x02, 
0x65, 0x3e, 0xb1, 0x01, 0x02, 0x0c, 0xbb, 0x04, 0x0c, 0xa2, 0x1e, 0x05, 0x00, 0x00, 0x00, 0x3e, 0x9f, 0x1e, 0x02, 0x0d, 
0xbb, 0x04, 0x0b, 0x98, 0x1e, 0x04, 0x00, 0x00, 0x00, 0xbc, 0x02, 0xed, 0x15, 0x65, 0x96, 0x14, 0xbc, 0x02, 0x02, 0x65, 
0x96, 0x14, 0xb7, 0x02, 0x97, 0x12, 0x0b, 0x03, 0xbb, 0x04, 0x0b, 0xa2, 0x28, 0x09, 0x00, 0x00, 0x00, 0xbc, 0x02, 0x8f, 
0x0e, 0x18, 0xa5, 0x14, 0xbc, 0x02, 0x90, 0x05, 0x1d, 0x96, 0x14, 0xbc, 0x02, 0x02, 0x1d, 0x96, 0x14, 0xbc, 0x02, 0x02, 
0x1d, 0x96, 0x14, 0xbc, 0x02, 0x50, 0x1d, 0xa5, 0x14, 0xbe, 0x83, 0xc0, 0x02, 0xe5, 0x1d, 0x65, 0x65, 0x65, 0x65, 0x9f, 
0x09, 0xa0, 0x09, 0x65, 0x46, 0x65, 0x1d, 0x13, 0x0d, 0x0d, 0x1d, 0x1d, 0x13, 0x13, 0x0d, 0x0d, 0x13, 0x0d, 0x0d, 0x0d, 
0x0d, 0x0d, 0x0d, 0x0d, 0x0d, 0x1d, 0x14, 0x0c, 0x13, 0x0c, 0x0c, 0x0c, 0x0c, 0x0d, 0x0d, 0x9d, 0x0d, 0x18, 0x0d, 0x1d, 
0x1d, 0x13, 0x0c, 0x0d, 0x13, 0x0d, 0x0d, 0x1d, 0x0c, 0x0d, 0x13, 0x0d, 0x0d, 0x0d, 0x0b, 0x18, 0x0d, 0x0d, 0x0b, 0x0d, 
0x0d, 0x18, 0x0d, 0x0d, 0x0d, 0x0d, 0x0d, 0x46, 0x13, 0x13, 0x65, 0x65, 0x0d, 0x0d, 0x0d, 0x0d, 0xe5, 0x0f, 0x0c, 0x0d, 
0x0d, 0x0d, 0xe6, 0x0f, 0xe7, 0x0f, 0x0c, 0x0c, 0x0c, 0x0c, 0x8f, 0x10, 0x3e, 0xfa, 0x09, 0x02, 0x9c, 0x01, 0x39, 0x99, 
0x06, 0xd8, 0x32, 0x02, 0x3e, 0xf3, 0x34, 0x01, 0x0c, 0x39, 0x8b, 0x05, 0xbc, 0x36, 0x01, 0xb8, 0x02, 0xa5, 0x3f, 0x18, 
0x04, 0xb8, 0x02, 0x0b, 0x1d, 0x03, 0xce, 0x02, 0xa6, 0x11, 0x50, 0x18, 0x0d, 0xbb, 0x04, 0x0b, 0xb7, 0x0d, 0x00, 0x01, 
0x00, 0x00, 0xbc, 0x02, 0x23, 0xa3, 0x09, 0xc7, 0x02, 0xae, 0x02, 0xe8, 0x13, 0xb5, 0x02, 0x3e, 0xfa, 0x09, 0x02, 0xa9, 
0x0c, 0x39, 0xa6, 0x11, 0xbc, 0x14, 0x02, 0x3e, 0xed, 0x2b, 0x02, 0x50, 0xbb, 0x04, 0x0b, 0x8c, 0x1d, 0x03, 0x00, 0x00, 
0x00, 0xbb, 0x04, 0x0d, 0x0d, 0x00, 0x00, 0x00, 0x00, 0x94, 0x02, 0x85, 0x28, 0xbb, 0x04, 0x0d, 0x82, 0x02, 0x00, 0x00, 
0x80, 0x3f, 0xb7, 0x02, 0xef, 0x01, 0x0c, 0x02, 0xbb, 0x04, 0x0b, 0xe4, 0x29, 0x00, 0x08, 0x00, 0x00, 0x89, 0x03, 0xdb, 
0x27, 0x0d, 0x01, 0x00, 0x00, 0x00, 0x01, 0x00, 0xab, 0x02, 0xd0, 0x05, 0x96, 0x01, 0x3e, 0xfa, 0x09, 0x00, 0xfe, 0x03, 
0x39, 0xfb, 0x08, 0xc8, 0x34, 0x00, 0xae, 0x02, 0x8f, 0x37, 0x0c, 0x3e, 0xfa, 0x09, 0x09, 0xd7, 0x07, 0x39, 0xd4, 0x0c, 
0xa2, 0x17, 0x09, 0x3e, 0xb1, 0x26, 0x09, 0x0c, 0xb7, 0x02, 0xeb, 0x09, 0x0c, 0x03, 0xbb, 0x04, 0x0c, 0xde, 0x29, 0x00, 
0x08, 0x00, 0x00, 0xbc, 0x02, 0x99, 0x08, 0x1d, 0xc7, 0x02, 0xae, 0x02, 0xe8, 0x01, 0xf8, 0x10, 0x3e, 0xfa, 0x09, 0x02, 
0xec, 0x11, 0x39, 0xe9, 0x16, 0xd8, 0x11, 0x02, 0x89, 0x03, 0xfd, 0x3b, 0x0d, 0x01, 0x00, 0x01, 0x00, 0x01, 0x00, 0xab, 
0x02, 0xd2, 0x04, 0xd6, 0x01, 0x3e, 0xfa, 0x09, 0x00, 0xff, 0x03, 0x39, 0xfc, 0x08, 0xe6, 0x2a, 0x00, 0x3e, 0xa9, 0x32, 
0x01, 0x1d, 0x39, 0x9a, 0x05, 0xd0, 0x33, 0x01, 0xbb, 0x04, 0x0c, 0xf3, 0x2c, 0x00, 0x02, 0x00, 0x00, 0xbb, 0x04, 0x0c, 
0xff, 0x0b, 0x00, 0x01, 0x00, 0x00, 0x3e, 0x98, 0x05, 0x01, 0x17, 0x39, 0x94, 0x05, 0xb6, 0x52, 0x01, 0x39, 0x9a, 0x05, 
0xb7, 0x02, 0x01, 0x3e, 0x85, 0x50, 0x01, 0x13, 0x39, 0x90, 0x05, 0xfe, 0x50, 0x01, 0x3e, 0x83, 0x51, 0x01, 0x0d, 0x3e, 
0x02, 0x03, 0x0c, 0x39, 0x8e, 0x05, 0xfc, 0x29, 0x03, 0x39, 0x8b, 0x05, 0xc8, 0x12, 0x01, 0x3e, 0xa9, 0x3c, 0x03, 0x1d, 
0x39, 0x9b, 0x05, 0xfc, 0x2c, 0x03, 0xbc, 0x02, 0xd5, 0x2a, 0x0d, 0x8d, 0x14, 0xde, 0x02, 0xd4, 0x16, 0x1d, 0x0d, 0xae, 
0x06, 0xae, 0x06, 0x3e, 0xfa, 0x09, 0x03, 0xd8, 0x11, 0x39, 0xd5, 0x16, 0xda, 0x1f, 0x03, 0x3e, 0xe1, 0x42, 0x03, 0x13, 
0x39, 0x91, 0x05, 0xe6, 0x45, 0x03, 0x39, 0x9b, 0x05, 0xb1, 0x0b, 0x03, 0xad, 0x06, 0x1d, 0xd1, 0x44, 0xc6, 0x06, 0x08, 
0xba, 0x58, 0x00, 0x82, 0x0a, 0x18, 0x82, 0x66, 0x39, 0x95, 0x05, 0xb2, 0x7d, 0x07, 0x01, 0x0c, 0xdb, 0xce, 0x01, 0xb6, 
0x26, 0x22, 0xfe, 0x38, 0x00, 0x01, 0x0c, 0x96, 0x56, 0x94, 0x8f, 0x01, 0x33, 0xe2, 0x05, 0xfa, 0x3d, 0xda, 0x19, 0x8b, 
0x14, 0xd6, 0x61, 0x8b, 0x14, 0x01, 0x65, 0xbc, 0x7b, 0xbc, 0x7b, 0x33, 0x89, 0x05, 0x9b, 0x23, 0xda, 0x19, 0x8b, 0x14, 
0xd6, 0x61, 0x91, 0x14, 0x01, 0x0c, 0x9e, 0x23, 0x9e, 0x23, 0x33, 0x89, 0x05, 0x9b, 0x23, 0xda, 0x19, 0x8b, 0x14, 0xd6, 
0x61, 0x94, 0x14, 0x01, 0x0c, 0x9e, 0x23, 0x9e, 0x23, 0x13, 0x8d, 0x05, 0x9b, 0x23, 0xcf, 0x2d, 0x8a, 0x14, 0x01, 0x0d, 
0x9e, 0x23, 0x9e, 0x23, 0x13, 0x8d, 0x05, 0xd5, 0x0f, 0xcf, 0x2d, 0x8d, 0x14, 0x01, 0x0d, 0x91, 0x9d, 0x01, 0x91, 0x9d, 
0x01, 0xc3, 0x10, 0x0d, 0xd0, 0xb0, 0x01, 0xbc, 0xfe, 0x02, 0xd0, 0xb0, 0x01, 0xc0, 0x0a, 0x13, 0xdb, 0x98, 0x02, 0xf3, 
0x94, 0x02, 0xdb, 0x98, 0x02, 0x01, 0x1d, 0x90, 0x3c, 0x80, 0x66, 0xc7, 0x18, 0x0c, 0x8c, 0xc9, 0x01, 0xd5, 0x0f, 0x80, 
0xdc, 0x02, 0xcb, 0x14, 0x09, 0xf7, 0xaa, 0x01, 0xf7, 0xaa, 0x01, 0x82, 0x9a, 0x01, 0xa7, 0x1e, 0xb1, 0x8e, 0x01, 0x00, 
0xba, 0x1e, 0x00, 0xfb, 0x25, 0xb1, 0x8e, 0x01, 0x18, 0xfc, 0x25, 0x01, 0x0c, 0xf1, 0x0c, 0xd0, 0x9a, 0x01, 0x13, 0x8c, 
0x05, 0xa1, 0x70, 0xa5, 0x18, 0x8b, 0x14, 0x01, 0x0c, 0xd0, 0x7e, 0xd0, 0x7e, 0xc0, 0x10, 0x0c, 0xc6, 0x63, 0xf4, 0x71, 
0xc6, 0x63, 0xcb, 0x10, 0x0c, 0xb1, 0x9d, 0x01, 0xb1, 0x9d, 0x01, 0xda, 0x85, 0x01, 0xc7, 0x10, 0x0c, 0x81, 0x2a, 0xb3, 
0xc7, 0x01, 0xd8, 0x5b, 0xd0, 0x0a, 0x16, 0xda, 0xe8, 0x01, 0xd8, 0xbe, 0x01, 0xda, 0xe8, 0x01, 0xa6, 0xc6, 0x02, 0x99, 
0x1e, 0xa4, 0x13, 0x18, 0xa3, 0x13, 0xe5, 0x1e, 0x16, 0xf7, 0x8d, 0x01, 0x9e, 0x5b, 0x00, 0x00, 0x0a, 0x3a, 0x00, 0x00, 
0x9c, 0x33, 0x00, 0x00, 0x96, 0x5f, 0x00, 0x00, 0xe5, 0x1e, 0x1d, 0xaa, 0x1d, 0x02, 0x29, 0x00, 0x00, 0x0a, 0x3a, 0x00, 
0x00, 0x36, 0x3d, 0x00, 0x00, 0x96, 0x5f, 0x00, 0x00, 0xe5, 0x1e, 0x0c, 0x85, 0x51, 0x0b, 0x0a, 0x00, 0x00, 0x0a, 0x3a, 
0x00, 0x00, 0xb5, 0x5d, 0x00, 0x00, 0x96, 0x5f, 0x00, 0x00, 0xc1, 0x16, 0x09, 0xf5, 0x14, 0xf5, 0x14, 0x95, 0xf8, 0x01, 
0xb6, 0x1e, 0x8b, 0x07, 0xdd, 0xf9, 0x01, 0x00, 0xba, 0x1e, 0x00, 0xbf, 0x18, 0x8b, 0x07, 0x18, 0xc0, 0x18, 0x33, 0x8a, 
0x05, 0x8c, 0xc1, 0x01, 0xd5, 0x1f, 0x8b, 0x14, 0xe2, 0x4c, 0x8a, 0x14, 0x01, 0x0d, 0x85, 0x8e, 0x01, 0x85, 0x8e, 0x01, 
0xc7, 0x16, 0x09, 0x81, 0x16, 0x81, 0x16, 0xfa, 0x91, 0x01, 0xa7, 0x1e, 0xae, 0x4a, 0x00, 0xba, 0x1e, 0x00, 0xf8, 0x0b, 
0xae, 0x4a, 0x18, 0xf7, 0x0b, 0xd2, 0x0a, 0x16, 0xfe, 0x3c, 0xd4, 0x51, 0xf8, 0x1d, 0x02, 0x01, 0xff, 0x03, 0xb0, 0x51, 
0xea, 0xff, 0x01, 0xb4, 0x0c, 0xd6, 0x01, 0xeb, 0x58, 0xeb, 0x58, 0xef, 0x0a, 0x1d, 0xfe, 0x20, 0xfe, 0x20, 0xc2, 0x19, 
0x02, 0x8b, 0x14, 0xce, 0x10, 0x1d, 0xbb, 0x7e, 0xbb, 0x7e, 0xf5, 0x49, 0x4b, 0x1d, 0x9a, 0x87, 0x01, 0xee, 0x22, 0x9a, 
0x87, 0x01, 0x99, 0x1e, 0xd4, 0x9d, 0x01, 0x18, 0xd3, 0x9d, 0x01, 0xe5, 0x1e, 0x16, 0xd4, 0x5e, 0x50, 0x33, 0x00, 0x00, 
0x47, 0x27, 0x00, 0x00, 0xcc, 0x3a, 0x00, 0x00, 0x8d, 0x2b, 0x00, 0x00, 0xe5, 0x1e, 0x1d, 0xb4, 0x26, 0xa5, 0x3a, 0x00, 
0x00, 0x47, 0x27, 0x00, 0x00, 0x5c, 0x43, 0x00, 0x00, 0x8d, 0x2b, 0x00, 0x00, 0x99, 0x1e, 0xbf, 0x89, 0x01, 0x18, 0xc0, 
0x89, 0x01, 0xc0, 0x10, 0x0c, 0xc1, 0x07, 0xa6, 0xdd, 0x01, 0xce, 0xce, 0x02, 0x99, 0x1e, 0xd2, 0x1b, 0x18, 0x8f, 0xeb, 
0x01, 0x99, 0x1e, 0xef, 0xc4, 0x01, 0x18, 0xf0, 0xc4, 0x01, 0xe5, 0x1e, 0x1d, 0xf9, 0x1c, 0x02, 0x29, 0x00, 0x00, 0xa0, 
0x2f, 0x00, 0x00, 0xa5, 0x3a, 0x00, 0x00, 0xed, 0x22, 0x00, 0x00, 0xc7, 0x18, 0x0c, 0xa5, 0x78, 0xbb, 0xc1, 0x01, 0x9a, 
0xb6, 0x01, 0xcb, 0x14, 0x09, 0xd2, 0x6e, 0xd2, 0x6e, 0xe6, 0x81, 0x02, 0xa7, 0x1e, 0xe0, 0x4b, 0x00, 0xba, 0x1e, 0x00, 
0x80, 0x43, 0xe0, 0x4b, 0x18, 0xff, 0x42, 0x01, 0x17, 0xba, 0x04, 0xd8, 0x8e, 0x01, 0x01, 0x1d, 0xb4, 0x11, 0xc4, 0xa2, 
0x01, 0x3d, 0x18, 0xf6, 0x20, 0xef, 0x15, 0xef, 0x15, 0x18, 0x22, 0x91, 0x1e, 0x00, 0xe9, 0x06, 0x08, 0xc1, 0x84, 0x01, 
0xfc, 0x51, 0xd3, 0xa2, 0x01, 0x97, 0x52, 0xcb, 0x63, 0x01, 0x18, 0xcc, 0x57, 0x87, 0x4b, 0xc1, 0x0a, 0x0d, 0xbb, 0x0a, 
0xbb, 0x0a, 0x00, 0xd2, 0x0a, 0x1d, 0xf3, 0x3c, 0xf3, 0x3c, 0xb6, 0xa9, 0x01, 0x00, 0xc1, 0x0a, 0x0d, 0xb0, 0xab, 0x01, 
0x80, 0x64, 0x01, 0xd2, 0x0a, 0x1d, 0x89, 0x3a, 0x89, 0x3a, 0xa6, 0x71, 0x01, 0xc1, 0x0a, 0x0d, 0xfa, 0x6b, 0xf0, 0x95, 
0x01, 0x02, 0xd2, 0x0a, 0x1d, 0xe7, 0xd6, 0x01, 0xe7, 0xd6, 0x01, 0xed, 0x6a, 0x02, 0x99, 0x1e, 0xa9, 0x2e, 0x18, 0xaa, 
0x2e, 0xe5, 0x1e, 0x1d, 0x8a, 0x55, 0xe8, 0x4c, 0x00, 0x00, 0x25, 0x54, 0x00, 0x00, 0xf9, 0x2b, 0x00, 0x00, 0xbe, 0x39, 
0x00, 0x00, 0x3d, 0x18, 0xce, 0x29, 0xce, 0x29, 0xce, 0x29, 0x18, 0xc1, 0x0a, 0x0d, 0x93, 0x77, 0x93, 0x77, 0x00, 0xc1, 
0x0a, 0x1d, 0xbc, 0x1c, 0xc5, 0x7a, 0x00, 0xce, 0x10, 0x1d, 0xec, 0x1b, 0xec, 0x1b, 0xa8, 0x38, 0xc1, 0x0a, 0x0d, 0xbe, 
0x14, 0xad, 0x2a, 0x01, 0xc1, 0x0a, 0x1d, 0x99, 0xd0, 0x01, 0xb5, 0x9a, 0x02, 0x01, 0xce, 0x10, 0x1d, 0xde, 0xbb, 0x01, 
0xde, 0xbb, 0x01, 0xbb, 0x14, 0xc1, 0x0a, 0x0d, 0xbe, 0x14, 0xab, 0x2a, 0x02, 0xc1, 0x0a, 0x1d, 0x99, 0xd0, 0x01, 0xb3, 
0x9a, 0x02, 0x02, 0xce, 0x10, 0x1d, 0xfa, 0xc9, 0x01, 0xfa, 0xc9, 0x01, 0x9f, 0x06, 0xc1, 0x0a, 0x1d, 0xaf, 0x7f, 0xe9, 
0xcf, 0x01, 0x03, 0x4b, 0x1d, 0x95, 0x0d, 0xc5, 0x8c, 0x01, 0x95, 0x0d, 0x4b, 0x1d, 0xf6, 0x41, 0xb1, 0x3c, 0xf6, 0x41, 
0x4b, 0x1d, 0xaa, 0x1f, 0x85, 0x1d, 0xaa, 0x1f, 0xc0, 0x0a, 0xa4, 0x08, 0xba, 0x36, 0xc8, 0xcf, 0x01, 0xba, 0x36, 0x23, 
0xe2, 0x05, 0xb3, 0x28, 0xc5, 0x1f, 0x9a, 0x14, 0x8b, 0x14, 0x01, 0x65, 0xbf, 0x76, 0xbf, 0x76, 0xc1, 0x0a, 0x1d, 0xe2, 
0xc7, 0x01, 0xee, 0x28, 0x01, 0xc1, 0x12, 0x1d, 0x9b, 0x97, 0x01, 0xc6, 0x30, 0x9b, 0x97, 0x01, 0x22, 0xdc, 0x91, 0x01, 
0x00, 0xc1, 0x0a, 0x0d, 0xf8, 0x68, 0xf8, 0x68, 0x01, 0x3f, 0x0d, 0xe6, 0x10, 0xe6, 0x10, 0xd2, 0x0a, 0x1d, 0xe1, 0x3d, 
0xe1, 0x3d, 0xfc, 0x3b, 0x01, 0x13, 0x9b, 0x05, 0xae, 0x19, 0xc2, 0x26, 0x8b, 0x14, 0x22, 0x00, 0xae, 0x19, 0x8d, 0x1e, 
0x88, 0x06, 0xc6, 0x06, 0x08, 0x95, 0xd7, 0x01, 0x00, 0x8b, 0x03, 0xa7, 0x06, 0x95, 0x05, 0x9d, 0x04, 0xa7, 0x06, 0x17, 
0xd4, 0x16, 0xa7, 0x06, 0x1d, 0xd7, 0x12, 0x18, 0xe2, 0x9e, 0x02, 0xc1, 0x0a, 0x0d, 0xd3, 0xaf, 0x01, 0x8e, 0x6f, 0x03, 
0xce, 0x16, 0x09, 0xa0, 0x4a, 0xa0, 0x4a, 0x96, 0xd8, 0x01, 0xa7, 0x1e, 0xfe, 0x24, 0x00, 0xba, 0x1e, 0x00, 0xbc, 0x9c, 
0x01, 0xfe, 0x24, 0x18, 0xbb, 0x9c, 0x01, 0xc1, 0x0a, 0x0d, 0xce, 0xd7, 0x01, 0xc0, 0xf4, 0x01, 0x00, 0xc1, 0x0a, 0x0b, 
0xf5, 0x9d, 0x01, 0xf2, 0x43, 0x00, 0x01, 0x18, 0xc6, 0x7b, 0x8c, 0xd6, 0x01, 0x33, 0xcd, 0x05, 0xec, 0x57, 0xc4, 0x1b, 
0x8b, 0x14, 0xe5, 0x4e, 0x8b, 0x14, 0x01, 0x50, 0xd7, 0x0f, 0xd7, 0x0f, 0xb4, 0x0a, 0x56, 0xb5, 0xbc, 0x01, 0x52, 0x58, 
0x00, 0x00, 0xc1, 0x0a, 0x0d, 0xd8, 0x9c, 0x01, 0xb6, 0x28, 0x00, 0xc1, 0x0a, 0x18, 0xdb, 0x85, 0x01, 0xfc, 0x16, 0x00, 
0xce, 0x10, 0x18, 0x96, 0x74, 0x96, 0x74, 0xc5, 0x11, 0xc1, 0x0a, 0x0d, 0xbe, 0x14, 0xae, 0x2b, 0x01, 0xc1, 0x0a, 0x18, 
0x8d, 0x0b, 0xc2, 0x94, 0x01, 0x01, 0xce, 0x10, 0x18, 0xad, 0x09, 0xad, 0x09, 0xbb, 0x14, 0xc1, 0x0a, 0x0d, 0xbe, 0x14, 
0xb0, 0x2b, 0x02, 0xc1, 0x0a, 0x18, 0x8d, 0x0b, 0xc4, 0x94, 0x01, 0x02, 0xce, 0x10, 0x18, 0xee, 0x04, 0xee, 0x04, 0x9f, 
0x06, 0xc1, 0x0a, 0x18, 0xaf, 0x7f, 0x82, 0x1a, 0x03, 0x4b, 0x18, 0x95, 0x0d, 0xc5, 0x8c, 0x01, 0x95, 0x0d, 0x4b, 0x18, 
0xaa, 0x54, 0xfd, 0x29, 0xaa, 0x54, 0x4b, 0x18, 0x96, 0x2f, 0x9a, 0x05, 0x96, 0x2f, 0xce, 0x10, 0x18, 0xb1, 0x09, 0xb1, 
0x09, 0xd7, 0x0f, 0xc1, 0x0a, 0x0d, 0xf7, 0xc4, 0x01, 0xf0, 0x1f, 0x01, 0xc1, 0x0a, 0x0b, 0xdc, 0x7e, 0xf4, 0x8b, 0x01, 
0x01, 0x01, 0x18, 0xc6, 0x33, 0x8e, 0xd6, 0x01, 0x33, 0xcd, 0x05, 0xec, 0x57, 0xc4, 0x1b, 0x8b, 0x14, 0xe6, 0x72, 0x8b, 
0x14, 0x01, 0x50, 0xd7, 0x0f, 0xd7, 0x0f, 0xb4, 0x0a, 0x56, 0xb5, 0xbc, 0x01, 0x53, 0x58, 0x00, 0x00, 0xc1, 0x0a, 0x0d, 
0xd8, 0x9c, 0x01, 0xb6, 0x28, 0x00, 0xc1, 0x0a, 0x18, 0xdb, 0x85, 0x01, 0xfc, 0x16, 0x00, 0xce, 0x10, 0x18, 0x98, 0x74, 
0x98, 0x74, 0xc3, 0x11, 0xc1, 0x0a, 0x0d, 0xbe, 0x14, 0xb0, 0x2b, 0x01, 0xc1, 0x0a, 0x18, 0x8d, 0x0b, 0xc4, 0x94, 0x01, 
0x01, 0xce, 0x10, 0x18, 0xad, 0x09, 0xad, 0x09, 0xbb, 0x14, 0xc1, 0x0a, 0x0d, 0xbe, 0x14, 0xb2, 0x2b, 0x02, 0xc1, 0x0a, 
0x18, 0x8d, 0x0b, 0xc6, 0x94, 0x01, 0x02, 0xce, 0x10, 0x18, 0xec, 0x04, 0xec, 0x04, 0xa1, 0x06, 0xc1, 0x0a, 0x18, 0xaf, 
0x7f, 0x82, 0x1a, 0x03, 0x4b, 0x18, 0x95, 0x0d, 0xc5, 0x8c, 0x01, 0x95, 0x0d, 0x4b, 0x18, 0xaa, 0x54, 0xff, 0x29, 0xaa, 
0x54, 0x4b, 0x18, 0xb4, 0x3d, 0xb6, 0x13, 0xb4, 0x3d, 0xce, 0x10, 0x18, 0xb1, 0x99, 0x01, 0xb1, 0x99, 0x01, 0x98, 0x43, 
0x4b, 0x18, 0x9b, 0x31, 0xfb, 0xb2, 0x01, 0x9b, 0x31, 0xc1, 0x0a, 0x0d, 0xe4, 0x31, 0xd0, 0x63, 0x02, 0xc1, 0x0a, 0x0b, 
0xbe, 0x2e, 0xb6, 0x7f, 0x02, 0x01, 0x18, 0x86, 0x40, 0x90, 0xd6, 0x01, 0x33, 0xcd, 0x05, 0xec, 0x57, 0xc4, 0x1b, 0x8b, 
0x14, 0xc7, 0x6c, 0x8b, 0x14, 0x01, 0x50, 0xd7, 0x0f, 0xd7, 0x0f, 0xb4, 0x0a, 0x56, 0xb5, 0xbc, 0x01, 0x54, 0x58, 0x00, 
0x00, 0xc1, 0x0a, 0x0d, 0xd8, 0x9c, 0x01, 0xb6, 0x28, 0x00, 0xc1, 0x0a, 0x18, 0xdb, 0x85, 0x01, 0xfc, 0x16, 0x00, 0xce, 
0x10, 0x18, 0x9a, 0x74, 0x9a, 0x74, 0xc1, 0x11, 0xc1, 0x0a, 0x0d, 0xbe, 0x14, 0xb2, 0x2b, 0x01, 0xc1, 0x0a, 0x18, 0x8d, 
0x0b, 0xc6, 0x94, 0x01, 0x01, 0xce, 0x10, 0x18, 0xad, 0x09, 0xad, 0x09, 0xbb, 0x14, 0xc1, 0x0a, 0x0d, 0xbe, 0x14, 0xb4, 
0x2b, 0x02, 0xc1, 0x0a, 0x18, 0x8d, 0x0b, 0xc8, 0x94, 0x01, 0x02, 0xce, 0x10, 0x18, 0xea, 0x04, 0xea, 0x04, 0xa3, 0x06, 
0xc1, 0x0a, 0x18, 0xaf, 0x7f, 0x82, 0x1a, 0x03, 0x4b, 0x18, 0x95, 0x0d, 0xc5, 0x8c, 0x01, 0x95, 0x0d, 0x4b, 0x18, 0xaa, 
0x54, 0x81, 0x2a, 0xaa, 0x54, 0x4b, 0x18, 0xb4, 0x3d, 0xb4, 0x13, 0xb4, 0x3d, 0xce, 0x10, 0x18, 0xb1, 0x99, 0x01, 0xb1, 
0x99, 0x01, 0x45, 0x4b, 0x18, 0x95, 0x37, 0xf7, 0x05, 0x95, 0x37, 0xc1, 0x0a, 0x0b, 0xfc, 0x6e, 0x98, 0x88, 0x01, 0x03, 
0x01, 0x18, 0xd6, 0x9b, 0x01, 0xc2, 0xba, 0x02, 0x33, 0xcd, 0x05, 0xc3, 0x0c, 0xc4, 0x1b, 0x8b, 0x14, 0xf8, 0x70, 0x8b, 
0x14, 0x01, 0x50, 0xd7, 0x0f, 0xd7, 0x0f, 0xb4, 0x0a, 0x56, 0xb5, 0xbc, 0x01, 0x55, 0x58, 0x00, 0x00, 0xc1, 0x0a, 0x0d, 
0xd8, 0x9c, 0x01, 0xf9, 0x3b, 0x00, 0xc1, 0x0a, 0x18, 0xdb, 0x85, 0x01, 0xfc, 0x16, 0x00, 0xce, 0x10, 0x18, 0x9c, 0x74, 
0x9c, 0x74, 0xbf, 0x11, 0xc1, 0x0a, 0x0d, 0xbe, 0x14, 0xfb, 0x38, 0x01, 0xc1, 0x0a, 0x18, 0x8d, 0x0b, 0xc8, 0x94, 0x01, 
0x01, 0xce, 0x10, 0x18, 0xad, 0x09, 0xad, 0x09, 0xbb, 0x14, 0xc1, 0x0a, 0x0d, 0xbe, 0x14, 0xf9, 0x38, 0x02, 0xc1, 0x0a, 
0x18, 0x8d, 0x0b, 0xca, 0x94, 0x01, 0x02, 0xce, 0x10, 0x18, 0xe8, 0x04, 0xe8, 0x04, 0xa5, 0x06, 0xc1, 0x0a, 0x18, 0xaf, 
0x7f, 0x82, 0x1a, 0x03, 0x4b, 0x18, 0x95, 0x0d, 0xc5, 0x8c, 0x01, 0x95, 0x0d, 0x4b, 0x18, 0xaa, 0x54, 0x83, 0x2a, 0xaa, 
0x54, 0x4b, 0x18, 0xb4, 0x3d, 0xb2, 0x13, 0xb4, 0x3d, 0xce, 0x10, 0x18, 0x87, 0x9f, 0x01, 0x87, 0x9f, 0x01, 0xd7, 0x11, 
0x4b, 0x18, 0xec, 0x3a, 0xae, 0x6c, 0xec, 0x3a, 0x22, 0x9e, 0x9c, 0x01, 0x00, 0x8d, 0x1e, 0x18, 0xf1, 0x03, 0xc1, 0x0a, 
0x0d, 0xbe, 0x53, 0xee, 0xe7, 0x01, 0x00, 0xc1, 0x0a, 0x0b, 0xa1, 0x91, 0x01, 0xf4, 0x43, 0x00, 0x01, 0x18, 0xca, 0x7b, 
0x92, 0xd6, 0x01, 0x33, 0xcd, 0x05, 0xee, 0x57, 0xc4, 0x1b, 0x8b, 0x14, 0xe6, 0x4e, 0x8b, 0x14, 0x01, 0x50, 0xd7, 0x0f, 
0xd7, 0x0f, 0xb4, 0x0a, 0x56, 0xb5, 0xbc, 0x01, 0x56, 0x58, 0x00, 0x00, 0xc1, 0x0a, 0x0d, 0xd8, 0x9c, 0x01, 0xb8, 0x28, 
0x00, 0xc1, 0x0a, 0x18, 0xdb, 0x85, 0x01, 0xfc, 0x16, 0x00, 0xce, 0x10, 0x18, 0x9e, 0x74, 0x9e, 0x74, 0xbd, 0x11, 0xc1, 
0x0a, 0x0d, 0xbe, 0x14, 0xb8, 0x2b, 0x01, 0xc1, 0x0a, 0x18, 0x8d, 0x0b, 0xca, 0x94, 0x01, 0x01, 0xce, 0x10, 0x18, 0xad, 
0x09, 0xad, 0x09, 0xbb, 0x14, 0xc1, 0x0a, 0x0d, 0xbe, 0x14, 0xba, 0x2b, 0x02, 0xc1, 0x0a, 0x18, 0x8d, 0x0b, 0xcc, 0x94, 
0x01, 0x02, 0xce, 0x10, 0x18, 0xe6, 0x04, 0xe6, 0x04, 0xa7, 0x06, 0xc1, 0x0a, 0x18, 0xaf, 0x7f, 0x82, 0x1a, 0x03, 0x4b, 
0x18, 0x95, 0x0d, 0xc5, 0x8c, 0x01, 0x95, 0x0d, 0x4b, 0x18, 0xaa, 0x54, 0x85, 0x2a, 0xaa, 0x54, 0x4b, 0x18, 0x90, 0x2f, 
0x8c, 0x05, 0x90, 0x2f, 0xce, 0x10, 0x18, 0xb1, 0x09, 0xb1, 0x09, 0x83, 0x03, 0xc1, 0x0a, 0x0d, 0xf7, 0xc4, 0x01, 0xf2, 
0x1f, 0x01, 0xc1, 0x0a, 0x0b, 0xdc, 0x7e, 0xf6, 0x8b, 0x01, 0x01, 0x01, 0x18, 0xca, 0x33, 0x94, 0xd6, 0x01, 0x33, 0xcd, 
0x05, 0xee, 0x57, 0xc4, 0x1b, 0x8b, 0x14, 0xe7, 0x72, 0x8b, 0x14, 0x01, 0x50, 0xd7, 0x0f, 0xd7, 0x0f, 0xb4, 0x0a, 0x56, 
0xb5, 0xbc, 0x01, 0x57, 0x58, 0x00, 0x00, 0xc1, 0x0a, 0x0d, 0xd8, 0x9c, 0x01, 0xb8, 0x28, 0x00, 0xc1, 0x0a, 0x18, 0xdb, 
0x85, 0x01, 0xfc, 0x16, 0x00, 0xce, 0x10, 0x18, 0xa0, 0x74, 0xa0, 0x74, 0xbb, 0x11, 0xc1, 0x0a, 0x0d, 0xbe, 0x14, 0xba, 
0x2b, 0x01, 0xc1, 0x0a, 0x18, 0x8d, 0x0b, 0xcc, 0x94, 0x01, 0x01, 0xce, 0x10, 0x18, 0xad, 0x09, 0xad, 0x09, 0xbb, 0x14, 
0xc1, 0x0a, 0x0d, 0xbe, 0x14, 0xbc, 0x2b, 0x02, 0xc1, 0x0a, 0x18, 0x8d, 0x0b, 0xce, 0x94, 0x01, 0x02, 0xce, 0x10, 0x18, 
0xe4, 0x04, 0xe4, 0x04, 0xa9, 0x06, 0xc1, 0x0a, 0x18, 0xaf, 0x7f, 0x82, 0x1a, 0x03, 0x4b, 0x18, 0x95, 0x0d, 0xc5, 0x8c, 
0x01, 0x95, 0x0d, 0x4b, 0x18, 0xaa, 0x54, 0x87, 0x2a, 0xaa, 0x54, 0x4b, 0x18, 0xb2, 0x3d, 0xac, 0x13, 0xb2, 0x3d, 0xce, 
0x10, 0x18, 0xb3, 0x99, 0x01, 0xb3, 0x99, 0x01, 0x9a, 0x43, 0x4b, 0x18, 0x9d, 0x31, 0xfb, 0xb2, 0x01, 0x9d, 0x31, 0xc1, 
0x0a, 0x0d, 0xe4, 0x31, 0xd2, 0x63, 0x02, 0xc1, 0x0a, 0x0b, 0xbe, 0x2e, 0xb8, 0x7f, 0x02, 0x01, 0x18, 0x8a, 0x40, 0x96, 
0xd6, 0x01, 0x33, 0xcd, 0x05, 0xee, 0x57, 0xc4, 0x1b, 0x8b, 0x14, 0xc8, 0x6c, 0x8b, 0x14, 0x01, 0x50, 0xd7, 0x0f, 0xd7, 
0x0f, 0xb4, 0x0a, 0x56, 0xb5, 0xbc, 0x01, 0x58, 0x58, 0x00, 0x00, 0xc1, 0x0a, 0x0d, 0xd8, 0x9c, 0x01, 0xb8, 0x28, 0x00, 
0xc1, 0x0a, 0x18, 0xdb, 0x85, 0x01, 0xfc, 0x16, 0x00, 0xce, 0x10, 0x18, 0xa2, 0x74, 0xa2, 0x74, 0xb9, 0x11, 0xc1, 0x0a, 
0x0d, 0xbe, 0x14, 0xbc, 0x2b, 0x01, 0xc1, 0x0a, 0x18, 0x8d, 0x0b, 0xce, 0x94, 0x01, 0x01, 0xce, 0x10, 0x18, 0xad, 0x09, 
0xad, 0x09, 0xbb, 0x14, 0xc1, 0x0a, 0x0d, 0xbe, 0x14, 0xbe, 0x2b, 0x02, 0xc1, 0x0a, 0x18, 0x8d, 0x0b, 0xd0, 0x94, 0x01, 
0x02, 0xce, 0x10, 0x18, 0xe2, 0x04, 0xe2, 0x04, 0xab, 0x06, 0xc1, 0x0a, 0x18, 0xaf, 0x7f, 0x82, 0x1a, 0x03, 0x4b, 0x18, 
0x95, 0x0d, 0xc5, 0x8c, 0x01, 0x95, 0x0d, 0x4b, 0x18, 0xaa, 0x54, 0x89, 0x2a, 0xaa, 0x54, 0x4b, 0x18, 0xb2, 0x3d, 0xaa, 
0x13, 0xb2, 0x3d, 0xce, 0x10, 0x18, 0xe5, 0x8b, 0x01, 0xe5, 0x8b, 0x01, 0x8a, 0x0d, 0x4b, 0x18, 0xce, 0x7d, 0xbc, 0xbc, 
0x01, 0xce, 0x7d, 0x3f, 0x0d, 0xba, 0x08, 0xd6, 0x87, 0x01, 0xc3, 0x10, 0x0d, 0xdd, 0x42, 0xdd, 0x42, 0xf2, 0xf8, 0x01, 
0xbd, 0x0c, 0x0b, 0x88, 0x53, 0x88, 0x53, 0xc1, 0x0a, 0x0b, 0xf7, 0x4f, 0xbe, 0xa4, 0x01, 0x03, 0xc2, 0x10, 0x0b, 0x8c, 
0x45, 0x8c, 0x45, 0xfc, 0x9a, 0x02, 0xc0, 0x10, 0x0b, 0xfc, 0x43, 0x90, 0x39, 0xfc, 0x43, 0x99, 0x1e, 0xca, 0x1a, 0x18, 
0xc9, 0x1a, 0xe5, 0x1e, 0x18, 0xf9, 0xa1, 0x01, 0x55, 0x4d, 0x00, 0x00, 0xd8, 0x36, 0x00, 0x00, 0x4f, 0x3c, 0x00, 0x00, 
0x47, 0x4a, 0x00, 0x00, 0xe5, 0x1e, 0x0b, 0x95, 0x29, 0x87, 0x53, 0x00, 0x00, 0xd8, 0x36, 0x00, 0x00, 0x83, 0x34, 0x00, 
0x00, 0x47, 0x4a, 0x00, 0x00, 0xc0, 0x16, 0x09, 0x92, 0x10, 0x92, 0x10, 0xc7, 0xd5, 0x01, 0xb6, 0x1e, 0x87, 0x58, 0xb7, 
0x77, 0x00, 0xba, 0x1e, 0x00, 0xb7, 0x77, 0x87, 0x58, 0x18, 0xb8, 0x77, 0xc9, 0x10, 0x0b, 0xa7, 0xc2, 0x01, 0xdd, 0x3a, 
0xde, 0x3c, 0xbc, 0x0e, 0x0c, 0xae, 0x5d, 0xae, 0x5d, 0xc6, 0x10, 0x0b, 0xb5, 0x3c, 0xe5, 0x19, 0xd6, 0x5d, 0xbc, 0x0e, 
0x0c, 0xaa, 0xf6, 0x01, 0xaa, 0xf6, 0x01, 0xc0, 0x0a, 0x12, 0xab, 0xc3, 0x01, 0xb7, 0x09, 0xab, 0xc3, 0x01, 0x01, 0xfe, 
0x03, 0xc4, 0xca, 0x01, 0xe2, 0xbe, 0x02, 0xb4, 0x0c, 0x96, 0x01, 0xbf, 0xbb, 0x01, 0xbf, 0xbb, 0x01, 0xef, 0x0a, 0x1d, 
0x85, 0x41, 0x85, 0x41, 0x81, 0x32, 0x02, 0x8b, 0x14, 0x2d, 0x13, 0xfa, 0xdf, 0x01, 0xfa, 0xdf, 0x01, 0xfa, 0xdf, 0x01, 
0x10, 0xc1, 0x0a, 0x0d, 0xb2, 0x06, 0xb2, 0x06, 0x00, 0xbd, 0x0c, 0x0b, 0xe6, 0x0d, 0xe6, 0x0d, 0x01, 0x18, 0x83, 0xda, 
0x01, 0xe4, 0x5f, 0x33, 0xcd, 0x05, 0xd3, 0x29, 0xc4, 0x1b, 0x8b, 0x14, 0xb6, 0xbe, 0x01, 0x8b, 0x14, 0x01, 0x50, 0x9e, 
0xe8, 0x01, 0x9e, 0xe8, 0x01, 0xb4, 0x0a, 0x56, 0xb5, 0xbc, 0x01, 0x59, 0x58, 0x00, 0x00, 0xc1, 0x0a, 0x0d, 0xd8, 0x9c, 
0x01, 0xec, 0x9e, 0x01, 0x00, 0xc1, 0x0a, 0x18, 0xdb, 0x85, 0x01, 0xfc, 0x16, 0x00, 0xce, 0x10, 0x18, 0xa4, 0x74, 0xa4, 
0x74, 0xb7, 0x11, 0xc1, 0x0a, 0x0d, 0xbe, 0x14, 0xf2, 0xa1, 0x01, 0x01, 0xc1, 0x0a, 0x18, 0x8d, 0x0b, 0xd0, 0x94, 0x01, 
0x01, 0xce, 0x10, 0x18, 0xad, 0x09, 0xad, 0x09, 0xbb, 0x14, 0xc1, 0x0a, 0x0d, 0xbe, 0x14, 0xf4, 0xa1, 0x01, 0x02, 0xc1, 
0x0a, 0x18, 0x8d, 0x0b, 0xd2, 0x94, 0x01, 0x02, 0xce, 0x10, 0x18, 0xe0, 0x04, 0xe0, 0x04, 0xad, 0x06, 0xc1, 0x0a, 0x18, 
0xaf, 0x7f, 0x82, 0x1a, 0x03, 0x4b, 0x18, 0x95, 0x0d, 0xc5, 0x8c, 0x01, 0x95, 0x0d, 0x4b, 0x18, 0x8e, 0x42, 0xa7, 0x3c, 
0x8e, 0x42, 0x4b, 0x18, 0xd9, 0x31, 0xff, 0x6d, 0xd9, 0x31, 0xc1, 0x0a, 0x0d, 0x9a, 0x75, 0x9d, 0x31, 0x01, 0xce, 0x10, 
0x18, 0xe5, 0x16, 0xb4, 0x5e, 0xe5, 0x16, 0x4b, 0x18, 0xb1, 0x2f, 0xc4, 0x26, 0xb1, 0x2f, 0xc0, 0x10, 0x0b, 0x97, 0x1f, 
0xc2, 0x30, 0xea, 0xa9, 0x01, 0x99, 0x1e, 0xcd, 0x9a, 0x01, 0x18, 0xd8, 0x37, 0x22, 0xda, 0xc6, 0x01, 0x84, 0x3f, 0x8d, 
0x1e, 0x88, 0x06, 0x00, 0x5c, 0x12, 0x00, 0x00, 0x00, 0x00, 0x00, 0x00, 0x4c, 0x4f, 0x4d, 0x53, 0x00, 0x03, 0x01, 0x00, 
0x0b, 0x00, 0x08, 0x00, 0xd0, 0x61, 0x00, 0x00, 0x00, 0x00, 0x00, 0x00, 0x24, 0x32, 0x00, 0x00, 0x91, 0x02, 0x01, 0x91, 
0x02, 0x20, 0xd1, 0x10, 0x02, 0x47, 0x4c, 0x53, 0x4c, 0x2e, 0x73, 0x74, 0x64, 0x2e, 0x34, 0x35, 0x30, 0x00, 0x00, 0x00, 
0x00, 0xa0, 0x04, 0x00, 0x01, 0xff, 0x0f, 0x00, 0x9f, 0x2c, 0xed, 0xc2, 0xa5, 0xf3, 0x06, 0x00, 0x8c, 0x1a, 0xa9, 0x20, 
0x82, 0x1f, 0xaf, 0x2e, 0x93, 0x2d, 0xcf, 0x2d, 0xb0, 0x23, 0xd9, 0x1b, 0xc2, 0x26, 0x84, 0x28, 0xab, 0x22, 0x10, 0xa2, 
0x1e, 0x06, 0x10, 0x37, 0xeb, 0x01, 0x0b, 0x00, 0x05, 0x00, 0x07, 0x01, 0x10, 0x00, 0x23, 0x00, 0x01, 0x05, 0x00, 0x07, 
0x01, 0x10, 0x00, 0x23, 0x40, 0x01, 0x23, 0x30, 0x01, 0x23, 0x04, 0x01, 0x23, 0x04, 0x01, 0x23, 0x04, 0x01, 0x23, 0x04, 
0x10, 0x90, 0x32, 0x01, 0x01, 0x10, 0x9b, 0x45, 0x06, 0x80, 0x02, 0x00, 0xa8, 0x18, 0x02, 0x47, 0x00, 0x01, 0x00, 0x23, 
0x00, 0x10, 0xe2, 0x11, 0x21, 0x00, 0x10, 0x00, 0x22, 0x01, 0x00, 0x64, 0x0e, 0x10, 0x00, 0x1e, 0x0a, 0x10, 0xb2, 0x21, 
0x01, 0x08, 0x10, 0xdd, 0x3e, 0x06, 0x40, 0x10, 0x02, 0x06, 0x40, 0x10, 0xac, 0x04, 0x06, 0x10, 0x10, 0xae, 0x05, 0x06, 
0x10, 0x10, 0x02, 0x06, 0x10, 0x10, 0x02, 0x06, 0x10, 0x10, 0x50, 0x06, 0x10, 0x00, 0xef, 0x1e, 0x02, 0x37, 0x00, 0x95, 
0x00, 0x05, 0x00, 0x07, 0x01, 0x10, 0x00, 0x23, 0x00, 0x01, 0x05, 0x00, 0x07, 0x01, 0x10, 0x00, 0x23, 0x40, 0x01, 0x05, 
0x00, 0x07, 0x01, 0x10, 0x00, 0x23, 0x40, 0x01, 0x05, 0x00, 0x07, 0x01, 0x10, 0x00, 0x23, 0x40, 0x01, 0x05, 0x00, 0x07, 
0x01, 0x10, 0x00, 0x23, 0x40, 0x01, 0x05, 0x00, 0x07, 0x01, 0x10, 0x00, 0x23, 0x80, 0x02, 0x01, 0x05, 0x00, 0x07, 0x01, 
0x10, 0x00, 0x23, 0x80, 0x02, 0x01, 0x05, 0x00, 0x07, 0x01, 0x10, 0x00, 0x23, 0x40, 0x01, 0x05, 0x00, 0x07, 0x01, 0x10, 
0x00, 0x23, 0x30, 0x01, 0x23, 0x40, 0x01, 0x23, 0x10, 0x01, 0x23, 0x08, 0x01, 0x23, 0x04, 0x01, 0x23, 0x04, 0x01, 0x23, 
0x10, 0x01, 0x23, 0x10, 0x01, 0x23, 0x08, 0x01, 0x23, 0x08, 0x01, 0x23, 0x04, 0x01, 0x00, 0x00, 0x23, 0x04, 0x01, 0x23, 
0x08, 0x01, 0x23, 0x04, 0x01, 0x23, 0x04, 0x01, 0x23, 0x04, 0x01, 0x23, 0x04, 0x01, 0x23, 0x04, 0x01, 0x00, 0x00, 0x23, 
0x04, 0x01, 0x00, 0x00, 0x23, 0x04, 0x01, 0x00, 0x00, 0x23, 0x04, 0x01, 0x00, 0x00, 0x23, 0x10, 0x01, 0x00, 0x00, 0x23, 
0x0c, 0x01, 0x00, 0x00, 0x23, 0x04, 0x01, 0x00, 0x00, 0x23, 0x08, 0x01, 0x00, 0x00, 0x23, 0x04, 0x01, 0x00, 0x00, 0x23, 
0x04, 0x01, 0x00, 0x00, 0x23, 0x04, 0x01, 0x23, 0x04, 0x01, 0x00, 0x00, 0x23, 0x04, 0x01, 0x00, 0x00, 0x23, 0x04, 0x01, 
0x23, 0x90, 0x01, 0x01, 0x00, 0x00, 0x23, 0x0c, 0x01, 0x23, 0x04, 0x01, 0x23, 0x10, 0x01, 0x23, 0x10, 0x01, 0x00, 0x00, 
0x23, 0x08, 0x01, 0x00, 0x00, 0x23, 0x04, 0x01, 0x23, 0x04, 0x01, 0x00, 0x00, 0x23, 0x08, 0x01, 0x00, 0x00, 0x23, 0x04, 
0x01, 0x23, 0x04, 0x01, 0x00, 0x00, 0x23, 0x10, 0x01, 0x00, 0x00, 0x23, 0x04, 0x01, 0x23, 0x04, 0x01, 0x00, 0x00, 0x23, 
0x08, 0x01, 0x23, 0x04, 0x01, 0x00, 0x00, 0x23, 0x04, 0x01, 0x00, 0x00, 0x23, 0x04, 0x01, 0x23, 0x04, 0x01, 0x23, 0x0c, 
0x01, 0x23, 0x04, 0x01, 0x23, 0x04, 0x01, 0x23, 0x04, 0x01, 0x23, 0x04, 0x01, 0x23, 0x04, 0x01, 0x23, 0x0c, 0x01, 0x23, 
0x04, 0x01, 0x23, 0x04, 0x01, 0x23, 0x04, 0x01, 0x23, 0x04, 0x01, 0x05, 0x00, 0x07, 0x01, 0x10, 0x00, 0x23, 0x04, 0x01, 
0x23, 0x30, 0x01, 0x23, 0x08, 0x01, 0x05, 0x00, 0x07, 0x01, 0x10, 0x00, 0x23, 0x08, 0x01, 0x05, 0x00, 0x07, 0x01, 0x10, 
0x00, 0x23, 0x40, 0x01, 0x00, 0x00, 0x23, 0x40, 0x01, 0x00, 0x00, 0x23, 0x04, 0x01, 0x00, 0x00, 0x23, 0x04, 0x01, 0x00, 
0x00, 0x23, 0x04, 0x01, 0x23, 0x04, 0x01, 0x23, 0x40, 0x01, 0x00, 0x00, 0x23, 0x04, 0x01, 0x00, 0x00, 0x23, 0x04, 0x01, 
0x00, 0x00, 0x23, 0x04, 0x01, 0x23, 0x04, 0x01, 0x23, 0x40, 0x01, 0x00, 0x00, 0x23, 0x40, 0x01, 0x00, 0x00, 0x23, 0x04, 
0x01, 0x00, 0x00, 0x23, 0x04, 0x01, 0x00, 0x00, 0x23, 0x04, 0x01, 0x00, 0x00, 0x23, 0x04, 0x10, 0xde, 0x3c, 0x21, 0x00, 
0x10, 0x00, 0x22, 0x00, 0x10, 0xc8, 0x01, 0x0b, 0x2a, 0x37, 0x8b, 0x2e, 0x05, 0x00, 0x05, 0x00, 0x07, 0x01, 0x10, 0x00, 
0x23, 0x00, 0x01, 0x23, 0x30, 0x01, 0x23, 0x0c, 0x10, 0xbf, 0x05, 0x06, 0x40, 0x00, 0x84, 0x1c, 0x02, 0x47, 0x00, 0x01, 
0x00, 0x23, 0x00, 0x10, 0xfe, 0x0d, 0x21, 0x01, 0x10, 0x00, 0x22, 0x01, 0x10, 0xb6, 0x0f, 0x21, 0x05, 0x10, 0x00, 0x22, 
0x01, 0x00, 0x8f, 0x37, 0x02, 0x47, 0x00, 0x01, 0x00, 0x23, 0x00, 0x10, 0xc0, 0x13, 0x06, 0x10, 0x00, 0xe6, 0x02, 0x02, 
0x37, 0x00, 0x02, 0x00, 0x00, 0x00, 0x23, 0x00, 0x10, 0xd6, 0x19, 0x21, 0x02, 0x10, 0x00, 0x22, 0x01, 0x10, 0xcb, 0x02, 
0x21, 0x03, 0x10, 0x00, 0x22, 0x01, 0x10, 0xa6, 0x01, 0x1e, 0x00, 0x10, 0xda, 0x1e, 0x1e, 0x05, 0x10, 0xb7, 0x02, 0x1e, 
0x06, 0x10, 0x78, 0x1e, 0x03, 0x10, 0xbd, 0x14, 0x0b, 0x2b, 0x10, 0xad, 0x0f, 0x1e, 0x09, 0x00, 0xd7, 0x12, 0x02, 0x47, 
0x00, 0x04, 0x00, 0x0b, 0x01, 0x00, 0x01, 0x0b, 0x01, 0x01, 0x01, 0x0b, 0x01, 0x03, 0x01, 0x0b, 0x01, 0x04, 0x10, 0xae, 
0x2b, 0x1e, 0x05, 0x10, 0xb1, 0x0b, 0x1e, 0x06, 0x00, 0xbe, 0x8b, 0x01, 0x00, 0x93, 0x02, 0x0e, 0xa1, 0x04, 0xf4, 0x13, 
0x08, 0xa6, 0x02, 0xe9, 0x13, 0x20, 0xb7, 0x02, 0x20, 0x0d, 0x04, 0xb8, 0x02, 0x90, 0x01, 0x1d, 0x04, 0xb7, 0x02, 0x99, 
0x01, 0x0d, 0x03, 0xb5, 0x02, 0x17, 0x20, 0x01, 0x3e, 0x92, 0x0a, 0x07, 0x18, 0xb5, 0x02, 0x93, 0x0a, 0x20, 0x00, 0xb7, 
0x02, 0x18, 0x0b, 0x04, 0xd1, 0x04, 0xe8, 0x05, 0x08, 0x95, 0x05, 0x17, 0x1d, 0xb7, 0x02, 0xef, 0x05, 0x0d, 0x02, 0xbe, 
0x02, 0xa2, 0x10, 0x13, 0x1d, 0xbb, 0x04, 0x0b, 0xcc, 0x17, 0x00, 0x00, 0x00, 0x00, 0xbb, 0x04, 0x0c, 0x02, 0x00, 0x00, 
0x00, 0x00, 0xbb, 0x04, 0x0b, 0x04, 0x01, 0x00, 0x00, 0x00, 0xbb, 0x04, 0x0c, 0x02, 0x01, 0x00, 0x00, 0x00, 0xbb, 0x04, 
0x0b, 0x04, 0x02, 0x00, 0x00, 0x00, 0xbb, 0x04, 0x0c, 0x02, 0x02, 0x00, 0x00, 0x00, 0xbb, 0x04, 0x0c, 0x06, 0x03, 0x00, 
0x00, 0x00, 0xb8, 0x02, 0x9b, 0x27, 0x18, 0x03, 0xbb, 0x04, 0x0b, 0xb8, 0x27, 0x08, 0x00, 0x00, 0x00, 0xbc, 0x02, 0xa1, 
0x0a, 0x1d, 0xa2, 0x14, 0x8e, 0x03, 0xeb, 0x01, 0x65, 0x46, 0x0c, 0x0c, 0x0c, 0x0d, 0x91, 0x0f, 0xb2, 0x06, 0x0c, 0x90, 
0x32, 0x40, 0x00, 0x00, 0x00, 0xbc, 0x02, 0x9b, 0x45, 0x9b, 0x0e, 0xa3, 0x27, 0xae, 0x02, 0xa8, 0x18, 0xd5, 0x04, 0x3e, 
0xfa, 0x09, 0x02, 0xe9, 0x10, 0x39, 0xe6, 0x15, 0xe8, 0x07, 0x02, 0x3e, 0xef, 0x27, 0x02, 0x65, 0x3e, 0xb1, 0x01, 0x02, 
0x0c, 0xbb, 0x04, 0x0c, 0xa2, 0x1e, 0x05, 0x00, 0x00, 0x00, 0x3e, 0x9f, 0x1e, 0x02, 0x0d, 0x3e, 0x02, 0x03, 0x0c, 0x39, 
0x8b, 0x05, 0x82, 0x2a, 0x03, 0xb2, 0x06, 0x0c, 0xb2, 0x21, 0x02, 0x00, 0x00, 0x00, 0xbb, 0x04, 0x0b, 0x9d, 0x2d, 0x04, 
0x00, 0x00, 0x00, 0xbc, 0x02, 0xbf, 0x11, 0x65, 0x96, 0x14, 0xbc, 0x02, 0x02, 0x65, 0x96, 0x14, 0xb7, 0x02, 0xc5, 0x16, 
0x0b, 0x03, 0xbb, 0x04, 0x0b, 0xa2, 0x28, 0x09, 0x00, 0x00, 0x00, 0xbc, 0x02, 0xaf, 0x0d, 0x18, 0xa5, 0x14, 0xbc, 0x02, 
0xae, 0x05, 0x1d, 0x96, 0x14, 0xbc, 0x02, 0x02, 0x1d, 0x96, 0x14, 0xbc, 0x02, 0x02, 0x1d, 0x96, 0x14, 0xbc, 0x02, 0x50, 
0x1d, 0xa5, 0x14, 0xbe, 0x83, 0xc0, 0x02, 0xef, 0x1e, 0x65, 0x65, 0x65, 0x65, 0xb6, 0x0b, 0xb7, 0x0b, 0x65, 0x46, 0x65, 
0x1d, 0x13, 0x0d, 0x0d, 0x1d, 0x1d, 0x13, 0x13, 0x0d, 0x0d, 0x13, 0x0d, 0x0d, 0x0d, 0x0d, 0x0d, 0x0d, 0x0d, 0x0d, 0x1d, 
0x14, 0x0c, 0x13, 0x0c, 0x0c, 0x0c, 0x0c, 0x0d, 0x0d, 0xcd, 0x0d, 0x18, 0x0d, 0x1d, 0x1d, 0x13, 0x0c, 0x0d, 0x13, 0x0d, 
0x0d, 0x1d, 0x0c, 0x0d, 0x13, 0x0d, 0x0d, 0x0d, 0x0b, 0x18, 0x0d, 0x0d, 0x0b, 0x0d, 0x0d, 0x18, 0x0d, 0x0d, 0x0d, 0x0d, 
0x0d, 0x46, 0x13, 0x13, 0x65, 0x65, 0x0d, 0x0d, 0x0d, 0x0d, 0xa4, 0x10, 0x0c, 0x0d, 0x0d, 0x0d, 0xa5, 0x10, 0xa6, 0x10, 
0x0c, 0x0c, 0x0c, 0x0c, 0xce, 0x10, 0x3e, 0xfa, 0x09, 0x02, 0x96, 0x01, 0x39, 0x93, 0x06, 0xe4, 0x32, 0x02, 0x3e, 0xf1, 
0x34, 0x01, 0x0c, 0x39, 0x8c, 0x05, 0xba, 0x36, 0x01, 0xb8, 0x02, 0xa5, 0x3f, 0x18, 0x04, 0xb8, 0x02, 0x0b, 0x1d, 0x03, 
0xce, 0x02, 0xa6, 0x11, 0x50, 0x18, 0x0d, 0xbb, 0x04, 0x0b, 0xb7, 0x0d, 0x00, 0x01, 0x00, 0x00, 0xbc, 0x02, 0xf8, 0x07, 
0xa3, 0x09, 0xc7, 0x02, 0xae, 0x02, 0x84, 0x1c, 0xc3, 0x06, 0x3e, 0x8b, 0x25, 0x02, 0xc5, 0x14, 0x39, 0xff, 0x01, 0x8a, 
0x33, 0x02, 0x3e, 0xed, 0x2b, 0x02, 0x50, 0xbb, 0x04, 0x0b, 0x8c, 0x1d, 0x03, 0x00, 0x00, 0x00, 0xbb, 0x04, 0x0d, 0x0d, 
0x00, 0x00, 0x00, 0x00, 0x94, 0x02, 0x85, 0x28, 0xbb, 0x04, 0x0d, 0x82, 0x02, 0x00, 0x00, 0x80, 0x3f, 0xb7, 0x02, 0xef, 
0x01, 0x0c, 0x02, 0xbb, 0x04, 0x0b, 0xe4, 0x29, 0x00, 0x08, 0x00, 0x00, 0x89, 0x03, 0xd9, 0x27, 0x0d, 0x01, 0x00, 0x00, 
0x00, 0x01, 0x00, 0xab, 0x02, 0xce, 0x05, 0x97, 0x01, 0x3e, 0xfa, 0x09, 0x00, 0xfe, 0x03, 0x39, 0xfb, 0x08, 0xc8, 0x34, 
0x00, 0xae, 0x02, 0x8f, 0x37, 0x0c, 0x3e, 0xfa, 0x09, 0x09, 0xd7, 0x07, 0x39, 0xd4, 0x0c, 0xa2, 0x17, 0x09, 0x3e, 0xaf, 
0x26, 0x09, 0x0c, 0xb7, 0x02, 0xed, 0x09, 0x0c, 0x03, 0xbb, 0x04, 0x0c, 0xde, 0x29, 0x00, 0x08, 0x00, 0x00, 0xbc, 0x02, 
0x9b, 0x07, 0x1d, 0xc7, 0x02, 0xae, 0x02, 0xe6, 0x02, 0xb7, 0x11, 0x3e, 0x8b, 0x25, 0x02, 0xea, 0x12, 0x39, 0x24, 0xe2, 
0x3e, 0x02, 0x89, 0x03, 0xfd, 0x3b, 0x0d, 0x01, 0x00, 0x01, 0x00, 0x01, 0x00, 0xab, 0x02, 0xd2, 0x04, 0xd6, 0x01, 0x3e, 
0xfa, 0x09, 0x00, 0xff, 0x03, 0x39, 0xfc, 0x08, 0xe6, 0x2a, 0x00, 0x3e, 0xa9, 0x32, 0x01, 0x1d, 0x39, 0x9a, 0x05, 0xd0, 
0x33, 0x01, 0xbb, 0x04, 0x0c, 0xf3, 0x2c, 0x00, 0x02, 0x00, 0x00, 0xbb, 0x04, 0x0c, 0xff, 0x0b, 0x00, 0x01, 0x00, 0x00, 
0x3e, 0x98, 0x05, 0x01, 0x17, 0x39, 0x94, 0x05, 0xb6, 0x52, 0x01, 0x39, 0x9a, 0x05, 0xb7, 0x02, 0x01, 0x3e, 0x85, 0x50, 
0x01, 0x13, 0x39, 0x90, 0x05, 0xfe, 0x50, 0x01, 0x3e, 0x81, 0x51, 0x01, 0x0d, 0x39, 0x8c, 0x05, 0xc4, 0x3c, 0x01, 0x3e, 
0xa9, 0x3c, 0x03, 0x1d, 0x39, 0x9b, 0x05, 0xfc, 0x2c, 0x03, 0xbb, 0x04, 0x0d, 0xff, 0x36, 0x00, 0x00, 0x00, 0x40, 0xbb, 
0x04, 0x0d, 0xd0, 0x0c, 0x00, 0x00, 0x80, 0xbf, 0xbc, 0x02, 0x07, 0x0d, 0x90, 0x14, 0xbc, 0x02, 0x13, 0x0d, 0x8d, 0x14, 
0xde, 0x02, 0xf4, 0x17, 0x1d, 0x0d, 0xbd, 0x06, 0xb3, 0x06, 0x3e, 0xfa, 0x09, 0x03, 0xad, 0x12, 0x39, 0xaa, 0x17, 0xb0, 
0x1e, 0x03, 0x3e, 0xe5, 0x42, 0x03, 0x0d, 0x3e, 0x04, 0x03, 0x13, 0x39, 0x91, 0x05, 0xe6, 0x45, 0x03, 0x39, 0x9b, 0x05, 
0xb1, 0x0b, 0x03, 0xad, 0x06, 0x1d, 0xd1, 0x44, 0xc6, 0x06, 0x08, 0xba, 0x58, 0x00, 0x82, 0x0a, 0x18, 0x82, 0x66, 0x39, 
0x95, 0x05, 0xb2, 0x7d, 0x07, 0x01, 0x0c, 0xdb, 0xce, 0x01, 0xb6, 0x26, 0x22, 0xfe, 0x38, 0x00, 0x01, 0x0c, 0x90, 0xc4, 
0x01, 0x8e, 0xfd, 0x01, 0xc7, 0x10, 0x0c, 0xc7, 0x51, 0xc7, 0x51, 0x94, 0x8a, 0x01, 0x33, 0xe2, 0x05, 0xeb, 0x2a, 0xda, 
0x19, 0x8b, 0x14, 0xef, 0x6f, 0x8b, 0x14, 0x01, 0x65, 0x96, 0x80, 0x01, 0x96, 0x80, 0x01, 0x33, 0x89, 0x05, 0xbe, 0x24, 
0xda, 0x19, 0x8b, 0x14, 0xef, 0x6f, 0x91, 0x14, 0x01, 0x0c, 0x9c, 0x23, 0x9c, 0x23, 0x33, 0x89, 0x05, 0x99, 0x23, 0xda, 
0x19, 0x8b, 0x14, 0xef, 0x6f, 0x94, 0x14, 0x01, 0x0c, 0x9c, 0x23, 0x9c, 0x23, 0x13, 0x8e, 0x05, 0x99, 0x23, 0xcf, 0x2d, 
0x8a, 0x14, 0x01, 0x0d, 0x9c, 0x23, 0x9c, 0x23, 0x13, 0x8e, 0x05, 0xd3, 0x0f, 0xcf, 0x2d, 0x8d, 0x14, 0x01, 0x0d, 0x91, 
0x9d, 0x01, 0x91, 0x9d, 0x01, 0xc3, 0x10, 0x0d, 0xd0, 0xb0, 0x01, 0xbc, 0xfe, 0x02, 0xd0, 0xb0, 0x01, 0xc0, 0x0a, 0x13, 
0xdb, 0x98, 0x02, 0xf1, 0x94, 0x02, 0xdb, 0x98, 0x02, 0x01, 0x1d, 0x90, 0x3c, 0x80, 0x66, 0xc7, 0x18, 0x0c, 0x8c, 0xc9, 
0x01, 0xd3, 0x0f, 0x80, 0xdc, 0x02, 0xcb, 0x14, 0x09, 0xf7, 0xaa, 0x01, 0xf7, 0xaa, 0x01, 0x82, 0x9a, 0x01, 0xa7, 0x1e, 
0xb1, 0x8e, 0x01, 0x00, 0xba, 0x1e, 0x00, 0xfb, 0x25, 0xb1, 0x8e, 0x01, 0x18, 0xfc, 0x25, 0x01, 0x0c, 0xf1, 0x0c, 0xd0, 
0x9a, 0x01, 0x13, 0x8d, 0x05, 0xa1, 0x70, 0xa5, 0x18, 0x8b, 0x14, 0x01, 0x0c, 0xd0, 0x7e, 0xd0, 0x7e, 0xc0, 0x10, 0x0c, 
0xc6, 0x63, 0xf4, 0x71, 0xc6, 0x63, 0xcb, 0x10, 0x0c, 0xb1, 0x9d, 0x01, 0xb1, 0x9d, 0x01, 0xda, 0x85, 0x01, 0xc7, 0x10, 
0x0c, 0x81, 0x2a, 0xb3, 0xc7, 0x01, 0xd8, 0x5b, 0xd0, 0x0a, 0x16, 0xda, 0xe8, 0x01, 0xd8, 0xbe, 0x01, 0xda, 0xe8, 0x01, 
0xa6, 0xc6, 0x02, 0x99, 0x1e, 0xa4, 0x13, 0x18, 0xa3, 0x13, 0xe5, 0x1e, 0x16, 0xf7, 0x8d, 0x01, 0x9e, 0x5b, 0x00, 0x00, 
0x0a, 0x3a, 0x00, 0x00, 0x9c, 0x33, 0x00, 0x00, 0x96, 0x5f, 0x00, 0x00, 0xe5, 0x1e, 0x1d, 0xaa, 0x1d, 0x02, 0x29, 0x00, 
0x00, 0x0a, 0x3a, 0x00, 0x00, 0x36, 0x3d, 0x00, 0x00, 0x96, 0x5f, 0x00, 0x00, 0xe5, 0x1e, 0x0c, 0x85, 0x51, 0x0b, 0x0a, 
0x00, 0x00, 0x0a, 0x3a, 0x00, 0x00, 0xb5, 0x5d, 0x00, 0x00, 0x96, 0x5f, 0x00, 0x00, 0xc1, 0x16, 0x09, 0xf5, 0x14, 0xf5, 
0x14, 0x93, 0xf8, 0x01, 0xb6, 0x1e, 0x8b, 0x07, 0xdd, 0xf9, 0x01, 0x00, 0xba, 0x1e, 0x00, 0xbf, 0x18, 0x8b, 0x07, 0x18, 
0xc0, 0x18, 0x33, 0x8a, 0x05, 0x8c, 0xc1, 0x01, 0xd5, 0x1f, 0x8b, 0x14, 0xe2, 0x4c, 0x8a, 0x14, 0x01, 0x0d, 0x85, 0x8e, 
0x01, 0x85, 0x8e, 0x01, 0xc7, 0x16, 0x09, 0x81, 0x16, 0x81, 0x16, 0xfa, 0x91, 0x01, 0xa7, 0x1e, 0xae, 0x4a, 0x00, 0xba, 
0x1e, 0x00, 0xf8, 0x0b, 0xae, 0x4a, 0x18, 0xf7, 0x0b, 0xd2, 0x0a, 0x16, 0xfe, 0x3c, 0xd4, 0x51, 0xf8, 0x1d, 0x02, 0x01, 
0xff, 0x03, 0xb0, 0x51, 0xea, 0xff, 0x01, 0xb4, 0x0c, 0xd6, 0x01, 0xeb, 0x58, 0xeb, 0x58, 0xef, 0x0a, 0x1d, 0xfe, 0x20, 
0xfe, 0x20, 0xc2, 0x19, 0x02, 0x8b, 0x14, 0xce, 0x10, 0x1d, 0xbb, 0x7e, 0xbb, 0x7e, 0xf5, 0x49, 0x4b, 0x1d, 0x9a, 0x87, 
0x01, 0xee, 0x22, 0x9a, 0x87, 0x01, 0x99, 0x1e, 0xd4, 0x9d, 0x01, 0x18, 0xd3, 0x9d, 0x01, 0xe5, 0x1e, 0x16, 0xd4, 0x5e, 
0x50, 0x33, 0x00, 0x00, 0x47, 0x27, 0x00, 0x00, 0xcc, 0x3a, 0x00, 0x00, 0x8d, 0x2b, 0x00, 0x00, 0xe5, 0x1e, 0x1d, 0xb4, 
0x26, 0xa5, 0x3a, 0x00, 0x00, 0x47, 0x27, 0x00, 0x00, 0x5c, 0x43, 0x00, 0x00, 0x8d, 0x2b, 0x00, 0x00, 0x99, 0x1e, 0xbf, 
0x89, 0x01, 0x18, 0xc0, 0x89, 0x01, 0xc0, 0x10, 0x0c, 0xc1, 0x07, 0xa6, 0xdd, 0x01, 0xce, 0xce, 0x02, 0x99, 0x1e, 0xd2, 
0x1b, 0x18, 0x8f, 0xeb, 0x01, 0x99, 0x1e, 0xef, 0xc4, 0x01, 0x18, 0xf0, 0xc4, 0x01, 0xe5, 0x1e, 0x1d, 0xf9, 0x1c, 0x02, 
0x29, 0x00, 0x00, 0xa0, 0x2f, 0x00, 0x00, 0xa5, 0x3a, 0x00, 0x00, 0xed, 0x22, 0x00, 0x00, 0xc7, 0x18, 0x0c, 0xa5, 0x78, 
0xb9, 0xc1, 0x01, 0x9a, 0xb6, 0x01, 0xcb, 0x14, 0x09, 0xd2, 0x6e, 0xd2, 0x6e, 0xe6, 0x81, 0x02, 0xa7, 0x1e, 0xe0, 0x4b, 
0x00, 0xba, 0x1e, 0x00, 0x80, 0x43, 0xe0, 0x4b, 0x18, 0xff, 0x42, 0x01, 0x17, 0xba, 0x04, 0xd8, 0x8e, 0x01, 0x01, 0x1d, 
0xb4, 0x11, 0xc4, 0xa2, 0x01, 0x3d, 0x18, 0xf6, 0x20, 0xef, 0x15, 0xef, 0x15, 0x18, 0x22, 0x91, 0x1e, 0x00, 0xe9, 0x06, 
0x08, 0xc1, 0x84, 0x01, 0xfc, 0x51, 0xd3, 0xa2, 0x01, 0x97, 0x52, 0xcb, 0x63, 0x01, 0x18, 0xcc, 0x57, 0x87, 0x4b, 0xc1, 
0x0a, 0x0d, 0xbb, 0x0a, 0xbb, 0x0a, 0x00, 0xd2, 0x0a, 0x1d, 0xf3, 0x3c, 0xf3, 0x3c, 0xb6, 0xa9, 0x01, 0x00, 0xc1, 0x0a, 
0x0d, 0xb0, 0xab, 0x01, 0x80, 0x64, 0x01, 0xd2, 0x0a, 0x1d, 0x89, 0x3a, 0x89, 0x3a, 0xa6, 0x71, 0x01, 0xc1, 0x0a, 0x0d, 
0xfa, 0x6b, 0xf0, 0x95, 0x01, 0x02, 0xd2, 0x0a, 0x1d, 0xe7, 0xd6, 0x01, 0xe7, 0xd6, 0x01, 0xed, 0x6a, 0x02, 0x99, 0x1e, 
0xa9, 0x2e, 0x18, 0xaa, 0x2e, 0xe5, 0x1e, 0x1d, 0x8a, 0x55, 0xe8, 0x4c, 0x00, 0x00, 0x25, 0x54, 0x00, 0x00, 0xf9, 0x2b, 
0x00, 0x00, 0xbe, 0x39, 0x00, 0x00, 0x3d, 0x18, 0xce, 0x29, 0xce, 0x29, 0xce, 0x29, 0x18, 0xc1, 0x0a, 0x0d, 0x93, 0x77, 
0x93, 0x77, 0x00, 0xc1, 0x0a, 0x1d, 0xbc, 0x1c, 0xeb, 0x32, 0x00, 0xce, 0x10, 0x1d, 0xec, 0x1b, 0xec, 0x1b, 0xa8, 0x38, 
0xc1, 0x0a, 0x0d, 0xbe, 0x14, 0xad, 0x2a, 0x01, 0xc1, 0x0a, 0x1d, 0x99, 0xd0, 0x01, 0xdb, 0xd2, 0x01, 0x01, 0xce, 0x10, 
0x1d, 0xde, 0xbb, 0x01, 0xde, 0xbb, 0x01, 0xbb, 0x14, 0xc1, 0x0a, 0x0d, 0xbe, 0x14, 0xab, 0x2a, 0x02, 0xc1, 0x0a, 0x1d, 
0x99, 0xd0, 0x01, 0xd9, 0xd2, 0x01, 0x02, 0xce, 0x10, 0x1d, 0xfa, 0xc9, 0x01, 0xfa, 0xc9, 0x01, 0x9f, 0x06, 0xc1, 0x0a, 
0x1d, 0xaf, 0x7f, 0x8f, 0x88, 0x01, 0x03, 0x4b, 0x1d, 0x95, 0x0d, 0xc5, 0x8c, 0x01, 0x95, 0x0d, 0x4b, 0x1d, 0xf6, 0x41, 
0xb1, 0x3c, 0xf6, 0x41, 0x4b, 0x1d, 0x92, 0x1e, 0x9d, 0x1e, 0x92, 0x1e, 0xc0, 0x0a, 0xa4, 0x08, 0xce, 0x59, 0xc4, 0xf1, 
0x01, 0xce, 0x59, 0x01, 0x0c, 0xf1, 0x4b, 0xae, 0xd9, 0x01, 0xcb, 0x10, 0x0c, 0x92, 0x3f, 0x92, 0x3f, 0x8e, 0xf7, 0x01, 
0x23, 0xe2, 0x05, 0xbe, 0x22, 0xc5, 0x1f, 0x9a, 0x14, 0xac, 0xa6, 0x01, 0x01, 0x65, 0xf3, 0x7e, 0xf3, 0x7e, 0xc1, 0x0a, 
0x1d, 0x88, 0x70, 0xf2, 0x06, 0x01, 0xc1, 0x12, 0x1d, 0x93, 0x9d, 0x01, 0x8b, 0x2d, 0x93, 0x9d, 0x01, 0x22, 0xe4, 0x8b, 
0x01, 0x00, 0x01, 0x0c, 0xbf, 0x22, 0xbe, 0x6c, 0xcb, 0x10, 0x0c, 0xf2, 0x2c, 0xf2, 0x2c, 0xfe, 0x77, 0xbf, 0x0c, 0x0d, 
0xdb, 0x36, 0xa2, 0x41, 0xc8, 0x10, 0x0d, 0xbe, 0x47, 0xf8, 0xdd, 0x01, 0xbe, 0x47, 0xc8, 0x10, 0x0d, 0xab, 0x2a, 0xab, 
0x2a, 0xcc, 0xb3, 0x01, 0x4b, 0x0d, 0x94, 0x78, 0x90, 0x9f, 0x02, 0x94, 0x78, 0xbf, 0x0c, 0x0d, 0x8f, 0x0c, 0xba, 0x52, 
0x4a, 0x0d, 0xa0, 0x10, 0xf8, 0x51, 0xa0, 0x10, 0x4b, 0x0d, 0xa3, 0x8a, 0x01, 0x93, 0x86, 0x01, 0xa3, 0x8a, 0x01, 0xc8, 
0x10, 0x0d, 0xf0, 0x37, 0xda, 0xdb, 0x01, 0x82, 0x47, 0xc1, 0x0a, 0x0d, 0xfc, 0x96, 0x01, 0xd4, 0xb1, 0x01, 0x00, 0x4a, 
0x0d, 0xf6, 0x08, 0xf6, 0x08, 0xf2, 0x9f, 0x01, 0xd2, 0x0a, 0x1d, 0x89, 0x8b, 0x02, 0x89, 0x8b, 0x02, 0xbf, 0x50, 0x00, 
0xc1, 0x0a, 0x0d, 0x90, 0xef, 0x01, 0x90, 0xef, 0x01, 0x03, 0x4a, 0x0d, 0x8f, 0x83, 0x01, 0xd8, 0x38, 0x8f, 0x83, 0x01, 
0xc1, 0x0a, 0x0d, 0xef, 0x7c, 0xef, 0x10, 0x00, 0x4b, 0x0d, 0xd8, 0xd4, 0x01, 0xd8, 0xd4, 0x01, 0xe8, 0x57, 0xd2, 0x0a, 
0x1d, 0xf9, 0x4f, 0xf9, 0x4f, 0xee, 0x73, 0x00, 0xc1, 0x0a, 0x0d, 0xa2, 0x4e, 0xa2, 0x4e, 0x00, 0xc3, 0x10, 0x0d, 0xf1, 
0x7e, 0xe0, 0xb3, 0x01, 0xad, 0x7a, 0xc1, 0x0a, 0x0d, 0x97, 0x49, 0xe7, 0x79, 0x03, 0x4a, 0x0d, 0xb0, 0x93, 0x01, 0x98, 
0x4a, 0xb0, 0x93, 0x01, 0x4b, 0x0d, 0x87, 0x22, 0xe1, 0x56, 0x87, 0x22, 0xc0, 0x10, 0x0c, 0xf4, 0x30, 0xb0, 0x41, 0xdc, 
0xe6, 0x01, 0xbf, 0x0c, 0x0d, 0xd8, 0x54, 0xd8, 0x54, 0x4a, 0x0d, 0xe7, 0x13, 0xbe, 0x71, 0xe7, 0x13, 0xc3, 0x10, 0x0d, 
0xc1, 0x69, 0x92, 0xe4, 0x01, 0xc1, 0x69, 0x4a, 0x0d, 0x8b, 0x50, 0x8b, 0x50, 0xbe, 0x29, 0x4b, 0x0d, 0xd5, 0x2d, 0xa1, 
0xcc, 0x01, 0xd5, 0x2d, 0x23, 0x8f, 0x05, 0xb2, 0x77, 0xc2, 0x26, 0x91, 0x14, 0x8b, 0x14, 0x22, 0x00, 0xf2, 0x01, 0x3f, 
0x0d, 0xe0, 0x71, 0x92, 0xe9, 0x01, 0x23, 0x8f, 0x05, 0xaa, 0x28, 0xc2, 0x26, 0x91, 0x14, 0x8e, 0x14, 0x22, 0x00, 0xaa, 
0x28, 0xc1, 0x0a, 0x0d, 0xf9, 0x90, 0x02, 0xbd, 0x7d, 0x01, 0x3f, 0x0d, 0xe6, 0xd9, 0x01, 0xe6, 0xd9, 0x01, 0xd2, 0x0a, 
0x1d, 0xe1, 0x3d, 0xe1, 0x3d, 0xc6, 0x1e, 0x01, 0x13, 0x9b, 0x05, 0xab, 0x1f, 0xc2, 0x26, 0x8b, 0x14, 0x22, 0x00, 0xab, 
0x1f, 0x22, 0xc6, 0xb1, 0x01, 0x80, 0x06, 0x8d, 0x1e, 0x88, 0x06, 0xc6, 0x06, 0x08, 0xbb, 0x9e, 0x01, 0x00, 0x8b, 0x03, 
0xa7, 0x06, 0x95, 0x05, 0x9d, 0x04, 0xa7, 0x06, 0x17, 0xd4, 0x16, 0xa7, 0x06, 0x1d, 0xd7, 0x12, 0x18, 0xe2, 0x9e, 0x02, 
0xc1, 0x0a, 0x0d, 0xd3, 0xaf, 0x01, 0x8e, 0x6f, 0x03, 0xce, 0x16, 0x09, 0xa0, 0x4a, 0xa0, 0x4a, 0x96, 0xd8, 0x01, 0xa7, 
0x1e, 0xfe, 0x24, 0x00, 0xba, 0x1e, 0x00, 0xbc, 0x9c, 0x01, 0xfe, 0x24, 0x18, 0xbb, 0x9c, 0x01, 0xc1, 0x0a, 0x0d, 0xce, 
0xd7, 0x01, 0xc0, 0xf4, 0x01, 0x00, 0xc1, 0x0a, 0x0b, 0xf5, 0x9d, 0x01, 0xf2, 0x43, 0x00, 0x01, 0x18, 0xc6, 0x7b, 0x8c, 
0xd6, 0x01, 0x33, 0xcd, 0x05, 0xec, 0x57, 0xc4, 0x1b, 0x8b, 0x14, 0xe5, 0x4e, 0x8b, 0x14, 0x01, 0x50, 0xd7, 0x0f, 0xd7, 
0x0f, 0xb4, 0x0a, 0x56, 0xb5, 0xbc, 0x01, 0x52, 0x58, 0x00, 0x00, 0xc1, 0x0a, 0x0d, 0xd8, 0x9c, 0x01, 0xb6, 0x28, 0x00, 
0xc1, 0x0a, 0x18, 0xdb, 0x85, 0x01, 0xfc, 0x16, 0x00, 0xce, 0x10, 0x18, 0x96, 0x74, 0x96, 0x74, 0xc5, 0x11, 0xc1, 0x0a, 
0x0d, 0xbe, 0x14, 0xae, 0x2b, 0x01, 0xc1, 0x0a, 0x18, 0x8d, 0x0b, 0xc2, 0x94, 0x01, 0x01, 0xce, 0x10, 0x18, 0xad, 0x09, 
0xad, 0x09, 0xbb, 0x14, 0xc1, 0x0a, 0x0d, 0xbe, 0x14, 0xb0, 0x2b, 0x02, 0xc1, 0x0a, 0x18, 0x8d, 0x0b, 0xc4, 0x94, 0x01, 
0x02, 0xce, 0x10, 0x18, 0xee, 0x04, 0xee, 0x04, 0x9f, 0x06, 0xc1, 0x0a, 0x18, 0xaf, 0x7f, 0x82, 0x1a, 0x03, 0x4b, 0x18, 
0x95, 0x0d, 0xc5, 0x8c, 0x01, 0x95, 0x0d, 0x4b, 0x18, 0xaa, 0x54, 0xfd, 0x29, 0xaa, 0x54, 0x4b, 0x18, 0x96, 0x2f, 0x9a, 
0x05, 0x96, 0x2f, 0xce, 0x10, 0x18, 0xb1, 0x09, 0xb1, 0x09, 0xd7, 0x0f, 0xc1, 0x0a, 0x0d, 0xf7, 0xc4, 0x01, 0xf0, 0x1f, 
0x01, 0xc1, 0x0a, 0x0b, 0xdc, 0x7e, 0xf4, 0x8b, 0x01, 0x01, 0x01, 0x18, 0xc6, 0x33, 0x8e, 0xd6, 0x01, 0x33, 0xcd, 0x05, 
0xec, 0x57, 0xc4, 0x1b, 0x8b, 0x14, 0xe6, 0x72, 0x8b, 0x14, 0x01, 0x50, 0xd7, 0x0f, 0xd7, 0x0f, 0xb4, 0x0a, 0x56, 0xb5, 
0xbc, 0x01, 0x53, 0x58, 0x00, 0x00, 0xc1, 0x0a, 0x0d, 0xd8, 0x9c, 0x01, 0xb6, 0x28, 0x00, 0xc1, 0x0a, 0x18, 0xdb, 0x85, 
0x01, 0xfc, 0x16, 0x00, 0xce, 0x10, 0x18, 0x98, 0x74, 0x98, 0x74, 0xc3, 0x11, 0xc1, 0x0a, 0x0d, 0xbe, 0x14, 0xb0, 0x2b, 
0x01, 0xc1, 0x0a, 0x18, 0x8d, 0x0b, 0xc4, 0x94, 0x01, 0x01, 0xce, 0x10, 0x18, 0xad, 0x09, 0xad, 0x09, 0xbb, 0x14, 0xc1, 
0x0a, 0x0d, 0xbe, 0x14, 0xb2, 0x2b, 0x02, 0xc1, 0x0a, 0x18, 0x8d, 0x0b, 0xc6, 0x94, 0x01, 0x02, 0xce, 0x10, 0x18, 0xec, 
0x04, 0xec, 0x04, 0xa1, 0x06, 0xc1, 0x0a, 0x18, 0xaf, 0x7f, 0x82, 0x1a, 0x03, 0x4b, 0x18, 0x95, 0x0d, 0xc5, 0x8c, 0x01, 
0x95, 0x0d, 0x4b, 0x18, 0xaa, 0x54, 0xff, 0x29, 0xaa, 0x54, 0x4b, 0x18, 0xb4, 0x3d, 0xb6, 0x13, 0xb4, 0x3d, 0xce, 0x10, 
0x18, 0xb1, 0x99, 0x01, 0xb1, 0x99, 0x01, 0x98, 0x43, 0x4b, 0x18, 0x9b, 0x31, 0xfb, 0xb2, 0x01, 0x9b, 0x31, 0xc1, 0x0a, 
0x0d, 0xe4, 0x31, 0xd0, 0x63, 0x02, 0xc1, 0x0a, 0x0b, 0xbe, 0x2e, 0xb6, 0x7f, 0x02, 0x01, 0x18, 0x86, 0x40, 0x90, 0xd6, 
0x01, 0x33, 0xcd, 0x05, 0xec, 0x57, 0xc4, 0x1b, 0x8b, 0x14, 0xc7, 0x6c, 0x8b, 0x14, 0x01, 0x50, 0xd7, 0x0f, 0xd7, 0x0f, 
0xb4, 0x0a, 0x56, 0xb5, 0xbc, 0x01, 0x54, 0x58, 0x00, 0x00, 0xc1, 0x0a, 0x0d, 0xd8, 0x9c, 0x01, 0xb6, 0x28, 0x00, 0xc1, 
0x0a, 0x18, 0xdb, 0x85, 0x01, 0xfc, 0x16, 0x00, 0xce, 0x10, 0x18, 0x9a, 0x74, 0x9a, 0x74, 0xc1, 0x11, 0xc1, 0x0a, 0x0d, 
0xbe, 0x14, 0xb2, 0x2b, 0x01, 0xc1, 0x0a, 0x18, 0x8d, 0x0b, 0xc6, 0x94, 0x01, 0x01, 0xce, 0x10, 0x18, 0xad, 0x09, 0xad, 
0x09, 0xbb, 0x14, 0xc1, 0x0a, 0x0d, 0xbe, 0x14, 0xb4, 0x2b, 0x02, 0xc1, 0x0a, 0x18, 0x8d, 0x0b, 0xc8, 0x94, 0x01, 0x02, 
0xce, 0x10, 0x18, 0xea, 0x04, 0xea, 0x04, 0xa3, 0x06, 0xc1, 0x0a, 0x18, 0xaf, 0x7f, 0x82, 0x1a, 0x03, 0x4b, 0x18, 0x95, 
0x0d, 0xc5, 0x8c, 0x01, 0x95, 0x0d, 0x4b, 0x18, 0xaa, 0x54, 0x81, 0x2a, 0xaa, 0x54, 0x4b, 0x18, 0xb4, 0x3d, 0xb4, 0x13, 
0xb4, 0x3d, 0xce, 0x10, 0x18, 0xb1, 0x99, 0x01, 0xb1, 0x99, 0x01, 0x45, 0x4b, 0x18, 0x95, 0x37, 0xf7, 0x05, 0x95, 0x37, 
0xc1, 0x0a, 0x0b, 0xfc, 0x6e, 0x98, 0x88, 0x01, 0x03, 0x01, 0x18, 0xd6, 0x9b, 0x01, 0xc2, 0xba, 0x02, 0x33, 0xcd, 0x05, 
0xc3, 0x0c, 0xc4, 0x1b, 0x8b, 0x14, 0xf8, 0x70, 0x8b, 0x14, 0x01, 0x50, 0xd7, 0x0f, 0xd7, 0x0f, 0xb4, 0x0a, 0x56, 0xb5, 
0xbc, 0x01, 0x55, 0x58, 0x00, 0x00, 0xc1, 0x0a, 0x0d, 0xd8, 0x9c, 0x01, 0xf9, 0x3b, 0x00, 0xc1, 0x0a, 0x18, 0xdb, 0x85, 
0x01, 0xfc, 0x16, 0x00, 0xce, 0x10, 0x18, 0x9c, 0x74, 0x9c, 0x74, 0xbf, 0x11, 0xc1, 0x0a, 0x0d, 0xbe, 0x14, 0xfb, 0x38, 
0x01, 0xc1, 0x0a, 0x18, 0x8d, 0x0b, 0xc8, 0x94, 0x01, 0x01, 0xce, 0x10, 0x18, 0xad, 0x09, 0xad, 0x09, 0xbb, 0x14, 0xc1, 
0x0a, 0x0d, 0xbe, 0x14, 0xf9, 0x38, 0x02, 0xc1, 0x0a, 0x18, 0x8d, 0x0b, 0xca, 0x94, 0x01, 0x02, 0xce, 0x10, 0x18, 0xe8, 
0x04, 0xe8, 0x04, 0xa5, 0x06, 0xc1, 0x0a, 0x18, 0xaf, 0x7f, 0x82, 0x1a, 0x03, 0x4b, 0x18, 0x95, 0x0d, 0xc5, 0x8c, 0x01, 
0x95, 0x0d, 0x4b, 0x18, 0xaa, 0x54, 0x83, 0x2a, 0xaa, 0x54, 0x4b, 0x18, 0xb4, 0x3d, 0xb2, 0x13, 0xb4, 0x3d, 0xce, 0x10, 
0x18, 0x87, 0x9f, 0x01, 0x87, 0x9f, 0x01, 0xd7, 0x11, 0x4b, 0x18, 0xec, 0x3a, 0xae, 0x6c, 0xec, 0x3a, 0x22, 0x9e, 0x9c, 
0x01, 0x00, 0x8d, 0x1e, 0x18, 0xf1, 0x03, 0xc1, 0x0a, 0x0d, 0xbe, 0x53, 0xee, 0xe7, 0x01, 0x00, 0xc1, 0x0a, 0x0b, 0xa1, 
0x91, 0x01, 0xf4, 0x43, 0x00, 0x01, 0x18, 0xca, 0x7b, 0x92, 0xd6, 0x01, 0x33, 0xcd, 0x05, 0xee, 0x57, 0xc4, 0x1b, 0x8b, 
0x14, 0xe6, 0x4e, 0x8b, 0x14, 0x01, 0x50, 0xd7, 0x0f, 0xd7, 0x0f, 0xb4, 0x0a, 0x56, 0xb5, 0xbc, 0x01, 0x56, 0x58, 0x00, 
0x00, 0xc1, 0x0a, 0x0d, 0xd8, 0x9c, 0x01, 0xb8, 0x28, 0x00, 0xc1, 0x0a, 0x18, 0xdb, 0x85, 0x01, 0xfc, 0x16, 0x00, 0xce, 
0x10, 0x18, 0x9e, 0x74, 0x9e, 0x74, 0xbd, 0x11, 0xc1, 0x0a, 0x0d, 0xbe, 0x14, 0xb8, 0x2b, 0x01, 0xc1, 0x0a, 0x18, 0x8d, 
0x0b, 0xca, 0x94, 0x01, 0x01, 0xce, 0x10, 0x18, 0xad, 0x09, 0xad, 0x09, 0xbb, 0x14, 0xc1, 0x0a, 0x0d, 0xbe, 0x14, 0xba, 
0x2b, 0x02, 0xc1, 0x0a, 0x18, 0x8d, 0x0b, 0xcc, 0x94, 0x01, 0x02, 0xce, 0x10, 0x18, 0xe6, 0x04, 0xe6, 0x04, 0xa7, 0x06, 
0xc1, 0x0a, 0x18, 0xaf, 0x7f, 0x82, 0x1a, 0x03, 0x4b, 0x18, 0x95, 0x0d, 0xc5, 0x8c, 0x01, 0x95, 0x0d, 0x4b, 0x18, 0xaa, 
0x54, 0x85, 0x2a, 0xaa, 0x54, 0x4b, 0x18, 0x90, 0x2f, 0x8c, 0x05, 0x90, 0x2f, 0xce, 0x10, 0x18, 0xb1, 0x09, 0xb1, 0x09, 
0x83, 0x03, 0xc1, 0x0a, 0x0d, 0xf7, 0xc4, 0x01, 0xf2, 0x1f, 0x01, 0xc1, 0x0a, 0x0b, 0xdc, 0x7e, 0xf6, 0x8b, 0x01, 0x01, 
0x01, 0x18, 0xca, 0x33, 0x94, 0xd6, 0x01, 0x33, 0xcd, 0x05, 0xee, 0x57, 0xc4, 0x1b, 0x8b, 0x14, 0xe7, 0x72, 0x8b, 0x14, 
0x01, 0x50, 0xd7, 0x0f, 0xd7, 0x0f, 0xb4, 0x0a, 0x56, 0xb5, 0xbc, 0x01, 0x57, 0x58, 0x00, 0x00, 0xc1, 0x0a, 0x0d, 0xd8, 
0x9c, 0x01, 0xb8, 0x28, 0x00, 0xc1, 0x0a, 0x18, 0xdb, 0x85, 0x01, 0xfc, 0x16, 0x00, 0xce, 0x10, 0x18, 0xa0, 0x74, 0xa0, 
0x74, 0xbb, 0x11, 0xc1, 0x0a, 0x0d, 0xbe, 0x14, 0xba, 0x2b, 0x01, 0xc1, 0x0a, 0x18, 0x8d, 0x0b, 0xcc, 0x94, 0x01, 0x01, 
0xce, 0x10, 0x18, 0xad, 0x09, 0xad, 0x09, 0xbb, 0x14, 0xc1, 0x0a, 0x0d, 0xbe, 0x14, 0xbc, 0x2b, 0x02, 0xc1, 0x0a, 0x18, 
0x8d, 0x0b, 0xce, 0x94, 0x01, 0x02, 0xce, 0x10, 0x18, 0xe4, 0x04, 0xe4, 0x04, 0xa9, 0x06, 0xc1, 0x0a, 0x18, 0xaf, 0x7f, 
0x82, 0x1a, 0x03, 0x4b, 0x18, 0x95, 0x0d, 0xc5, 0x8c, 0x01, 0x95, 0x0d, 0x4b, 0x18, 0xaa, 0x54, 0x87, 0x2a, 0xaa, 0x54, 
0x4b, 0x18, 0xb2, 0x3d, 0xac, 0x13, 0xb2, 0x3d, 0xce, 0x10, 0x18, 0xb3, 0x99, 0x01, 0xb3, 0x99, 0x01, 0x9a, 0x43, 0x4b, 
0x18, 0x9d, 0x31, 0xfb, 0xb2, 0x01, 0x9d, 0x31, 0xc1, 0x0a, 0x0d, 0xe4, 0x31, 0xd2, 0x63, 0x02, 0xc1, 0x0a, 0x0b, 0xbe, 
0x2e, 0xb8, 0x7f, 0x02, 0x01, 0x18, 0x8a, 0x40, 0x96, 0xd6, 0x01, 0x33, 0xcd, 0x05, 0xee, 0x57, 0xc4, 0x1b, 0x8b, 0x14, 
0xc8, 0x6c, 0x8b, 0x14, 0x01, 0x50, 0xd7, 0x0f, 0xd7, 0x0f, 0xb4, 0x0a, 0x56, 0xb5, 0xbc, 0x01, 0x58, 0x58, 0x00, 0x00, 
0xc1, 0x0a, 0x0d, 0xd8, 0x9c, 0x01, 0xb8, 0x28, 0x00, 0xc1, 0x0a, 0x18, 0xdb, 0x85, 0x01, 0xfc, 0x16, 0x00, 0xce, 0x10, 
0x18, 0xa2, 0x74, 0xa2, 0x74, 0xb9, 0x11, 0xc1, 0x0a, 0x0d, 0xbe, 0x14, 0xbc, 0x2b, 0x01, 0xc1, 0x0a, 0x18, 0x8d, 0x0b, 
0xce, 0x94, 0x01, 0x01, 0xce, 0x10, 0x18, 0xad, 0x09, 0xad, 0x09, 0xbb, 0x14, 0xc1, 0x0a, 0x0d, 0xbe, 0x14, 0xbe, 0x2b, 
0x02, 0xc1, 0x0a, 0x18, 0x8d, 0x0b, 0xd0, 0x94, 0x01, 0x02, 0xce, 0x10, 0x18, 0xe2, 0x04, 0xe2, 0x04, 0xab, 0x06, 0xc1, 
0x0a, 0x18, 0xaf, 0x7f, 0x82, 0x1a, 0x03, 0x4b, 0x18, 0x95, 0x0d, 0xc5, 0x8c, 0x01, 0x95, 0x0d, 0x4b, 0x18, 0xaa, 0x54, 
0x89, 0x2a, 0xaa, 0x54, 0x4b, 0x18, 0xb2, 0x3d, 0xaa, 0x13, 0xb2, 0x3d, 0xce, 0x10, 0x18, 0xe5, 0x8b, 0x01, 0xe5, 0x8b, 
0x01, 0x8a, 0x0d, 0x4b, 0x18, 0xce, 0x7d, 0xbc, 0xbc, 0x01, 0xce, 0x7d, 0x3f, 0x0d, 0xba, 0x08, 0xd6, 0x87, 0x01, 0xc3, 
0x10, 0x0d, 0xdd, 0x42, 0xdd, 0x42, 0xf2, 0xf8, 0x01, 0xbd, 0x0c, 0x0b, 0x88, 0x53, 0x88, 0x53, 0xc1, 0x0a, 0x0b, 0xf7, 
0x4f, 0xbe, 0xa4, 0x01, 0x03, 0xc2, 0x10, 0x0b, 0x8c, 0x45, 0x8c, 0x45, 0xfc, 0x9a, 0x02, 0xc0, 0x10, 0x0b, 0xfc, 0x43, 
0x90, 0x39, 0xfc, 0x43, 0x99, 0x1e, 0xca, 0x1a, 0x18, 0xc9, 0x1a, 0xe5, 0x1e, 0x18, 0xf9, 0xa1, 0x01, 0x55, 0x4d, 0x00, 
0x00, 0xd8, 0x36, 0x00, 0x00, 0x4f, 0x3c, 0x00, 0x00, 0x47, 0x4a, 0x00, 0x00, 0xe5, 0x1e, 0x0b, 0x95, 0x29, 0x87, 0x53, 
0x00, 0x00, 0xd8, 0x36, 0x00, 0x00, 0x83, 0x34, 0x00, 0x00, 0x47, 0x4a, 0x00, 0x00, 0xc0, 0x16, 0x09, 0x92, 0x10, 0x92, 
0x10, 0xc7, 0xd5, 0x01, 0xb6, 0x1e, 0x87, 0x58, 0xb7, 0x77, 0x00, 0xba, 0x1e, 0x00, 0xb7, 0x77, 0x87, 0x58, 0x18, 0xb8, 
0x77, 0xc9, 0x10, 0x0b, 0xa7, 0xc2, 0x01, 0xdd, 0x3a, 0xde, 0x3c, 0xbc, 0x0e, 0x0c, 0xae, 0x5d, 0xae, 0x5d, 0xc6, 0x10, 
0x0b, 0xb5, 0x3c, 0xe5, 0x19, 0xd6, 0x5d, 0xbc, 0x0e, 0x0c, 0xaa, 0xf6, 0x01, 0xaa, 0xf6, 0x01, 0xc0, 0x0a, 0x12, 0xab, 
0xc3, 0x01, 0xb7, 0x09, 0xab, 0xc3, 0x01, 0x01, 0xfe, 0x03, 0xc4, 0xca, 0x01, 0xe2, 0xbe, 0x02, 0xb4, 0x0c, 0x97, 0x01, 
0xbf, 0xbb, 0x01, 0xbf, 0xbb, 0x01, 0xef, 0x0a, 0x1d, 0x85, 0x41, 0x85, 0x41, 0x81, 0x32, 0x02, 0x8b, 0x14, 0x2d, 0x13, 
0xfa, 0xdf, 0x01, 0xfa, 0xdf, 0x01, 0xfa, 0xdf, 0x01, 0x10, 0xc1, 0x0a, 0x0d, 0xb2, 0x06, 0xb2, 0x06, 0x00, 0xbd, 0x0c, 
0x0b, 0xe6, 0x0d, 0xe6, 0x0d, 0x01, 0x18, 0x83, 0xda, 0x01, 0xe4, 0x5f, 0x33, 0xcd, 0x05, 0xd3, 0x29, 0xc4, 0x1b, 0x8b, 
0x14, 0xb6, 0xbe, 0x01, 0x8b, 0x14, 0x01, 0x50, 0x9e, 0xe8, 0x01, 0x9e, 0xe8, 0x01, 0xb4, 0x0a, 0x56, 0xb5, 0xbc, 0x01, 
0x59, 0x58, 0x00, 0x00, 0xc1, 0x0a, 0x0d, 0xd8, 0x9c, 0x01, 0xec, 0x9e, 0x01, 0x00, 0xc1, 0x0a, 0x18, 0xdb, 0x85, 0x01, 
0xfc, 0x16, 0x00, 0xce, 0x10, 0x18, 0xa4, 0x74, 0xa4, 0x74, 0xb7, 0x11, 0xc1, 0x0a, 0x0d, 0xbe, 0x14, 0xf2, 0xa1, 0x01, 
0x01, 0xc1, 0x0a, 0x18, 0x8d, 0x0b, 0xd0, 0x94, 0x01, 0x01, 0xce, 0x10, 0x18, 0xad, 0x09, 0xad, 0x09, 0xbb, 0x14, 0xc1, 
0x0a, 0x0d, 0xbe, 0x14, 0xf4, 0xa1, 0x01, 0x02, 0xc1, 0x0a, 0x18, 0x8d, 0x0b, 0xd2, 0x94, 0x01, 0x02, 0xce, 0x10, 0x18, 
0xe0, 0x04, 0xe0, 0x04, 0xad, 0x06, 0xc1, 0x0a, 0x18, 0xaf, 0x7f, 0x82, 0x1a, 0x03, 0x4b, 0x18, 0x95, 0x0d, 0xc5, 0x8c, 
0x01, 0x95, 0x0d, 0x4b, 0x18, 0x8e, 0x42, 0xa7, 0x3c, 0x8e, 0x42, 0x4b, 0x18, 0xd9, 0x31, 0xff, 0x6d, 0xd9, 0x31, 0xc1, 
0x0a, 0x0d, 0x9a, 0x75, 0x9d, 0x31, 0x01, 0xce, 0x10, 0x18, 0xe5, 0x16, 0xb4, 0x5e, 0xe5, 0x16, 0x4b, 0x18, 0xb1, 0x2f, 
0xc4, 0x26, 0xb1, 0x2f, 0xc0, 0x10, 0x0b, 0x97, 0x1f, 0xc2, 0x30, 0xea, 0xa9, 0x01, 0x99, 0x1e, 0xcd, 0x9a, 0x01, 0x18, 
0xd8, 0x37, 0x22, 0xda, 0xc6, 0x01, 0x84, 0x3f, 0x8d, 0x1e, 0x88, 0x06, 0x00, 0x00, 0x00, 0x00, 0x0c, 0x0c, 0x00, 0x00, 
0x00, 0x00, 0x00, 0x00, 0x4c, 0x4f, 0x4d, 0x53, 0x00, 0x03, 0x01, 0x00, 0x0b, 0x00, 0x08, 0x00, 0xf8, 0x61, 0x00, 0x00, 
0x00, 0x00, 0x00, 0x00, 0x24, 0x23, 0x00, 0x00, 0x91, 0x02, 0x01, 0xd1, 0x10, 0x02, 0x47, 0x4c, 0x53, 0x4c, 0x2e, 0x73, 
0x74, 0x64, 0x2e, 0x34, 0x35, 0x30, 0x00, 0x00, 0x00, 0x00, 0xa0, 0x04, 0x00, 0x01, 0xff, 0x0e, 0x04, 0x9f, 0x2c, 0xed, 
0xc2, 0xa5, 0xf3, 0x06, 0x00, 0x84, 0x28, 0xab, 0x22, 0xbf, 0x1c, 0xa0, 0x02, 0x9f, 0x2c, 0x07, 0x00, 0xf4, 0x39, 0x00, 
0x10, 0xf1, 0x16, 0x06, 0x40, 0x10, 0x02, 0x06, 0x40, 0x10, 0xe9, 0x0d, 0x06, 0x10, 0x10, 0xbe, 0x03, 0x06, 0x10, 0x10, 
0x02, 0x06, 0x10, 0x10, 0x02, 0x06, 0x10, 0x10, 0x50, 0x06, 0x10, 0x00, 0x9f, 0x16, 0x02, 0x37, 0x00, 0x95, 0x00, 0x05, 
0x00, 0x07, 0x01, 0x10, 0x00, 0x23, 0x00, 0x01, 0x05, 0x00, 0x07, 0x01, 0x10, 0x00, 0x23, 0x40, 0x01, 0x05, 0x00, 0x07, 
0x01, 0x10, 0x00, 0x23, 0x40, 0x01, 0x05, 0x00, 0x07, 0x01, 0x10, 0x00, 0x23, 0x40, 0x01, 0x05, 0x00, 0x07, 0x01, 0x10, 
0x00, 0x23, 0x40, 0x01, 0x05, 0x00, 0x07, 0x01, 0x10, 0x00, 0x23, 0x80, 0x02, 0x01, 0x05, 0x00, 0x07, 0x01, 0x10, 0x00, 
0x23, 0x80, 0x02, 0x01, 0x05, 0x00, 0x07, 0x01, 0x10, 0x00, 0x23, 0x40, 0x01, 0x05, 0x00, 0x07, 0x01, 0x10, 0x00, 0x23, 
0x30, 0x01, 0x23, 0x40, 0x01, 0x23, 0x10, 0x01, 0x23, 0x08, 0x01, 0x23, 0x04, 0x01, 0x23, 0x04, 0x01, 0x23, 0x10, 0x01, 
0x23, 0x10, 0x01, 0x23, 0x08, 0x01, 0x23, 0x08, 0x01, 0x23, 0x04, 0x01, 0x00, 0x00, 0x23, 0x04, 0x01, 0x23, 0x08, 0x01, 
0x23, 0x04, 0x01, 0x23, 0x04, 0x01, 0x23, 0x04, 0x01, 0x23, 0x04, 0x01, 0x23, 0x04, 0x01, 0x00, 0x00, 0x23, 0x04, 0x01, 
0x00, 0x00, 0x23, 0x04, 0x01, 0x00, 0x00, 0x23, 0x04, 0x01, 0x00, 0x00, 0x23, 0x10, 0x01, 0x00, 0x00, 0x23, 0x0c, 0x01, 
0x00, 0x00, 0x23, 0x04, 0x01, 0x00, 0x00, 0x23, 0x08, 0x01, 0x00, 0x00, 0x23, 0x04, 0x01, 0x00, 0x00, 0x23, 0x04, 0x01, 
0x00, 0x00, 0x23, 0x04, 0x01, 0x23, 0x04, 0x01, 0x00, 0x00, 0x23, 0x04, 0x01, 0x00, 0x00, 0x23, 0x04, 0x01, 0x23, 0x90, 
0x01, 0x01, 0x00, 0x00, 0x23, 0x0c, 0x01, 0x23, 0x04, 0x01, 0x23, 0x10, 0x01, 0x23, 0x10, 0x01, 0x00, 0x00, 0x23, 0x08, 
0x01, 0x00, 0x00, 0x23, 0x04, 0x01, 0x23, 0x04, 0x01, 0x00, 0x00, 0x23, 0x08, 0x01, 0x00, 0x00, 0x23, 0x04, 0x01, 0x23, 
0x04, 0x01, 0x00, 0x00, 0x23, 0x10, 0x01, 0x00, 0x00, 0x23, 0x04, 0x01, 0x23, 0x04, 0x01, 0x00, 0x00, 0x23, 0x08, 0x01, 
0x23, 0x04, 0x01, 0x00, 0x00, 0x23, 0x04, 0x01, 0x00, 0x00, 0x23, 0x04, 0x01, 0x23, 0x04, 0x01, 0x23, 0x0c, 0x01, 0x23, 
0x04, 0x01, 0x23, 0x04, 0x01, 0x23, 0x04, 0x01, 0x23, 0x04, 0x01, 0x23, 0x04, 0x01, 0x23, 0x0c, 0x01, 0x23, 0x04, 0x01, 
0x23, 0x04, 0x01, 0x23, 0x04, 0x01, 0x23, 0x04, 0x01, 0x05, 0x00, 0x07, 0x01, 0x10, 0x00, 0x23, 0x04, 0x01, 0x23, 0x30, 
0x01, 0x23, 0x08, 0x01, 0x05, 0x00, 0x07, 0x01, 0x10, 0x00, 0x23, 0x08, 0x01, 0x05, 0x00, 0x07, 0x01, 0x10, 0x00, 0x23, 
0x40, 0x01, 0x00, 0x00, 0x23, 0x40, 0x01, 0x00, 0x00, 0x23, 0x04, 0x01, 0x00, 0x00, 0x23, 0x04, 0x01, 0x00, 0x00, 0x23, 
0x04, 0x01, 0x23, 0x04, 0x01, 0x23, 0x40, 0x01, 0x00, 0x00, 0x23, 0x04, 0x01, 0x00, 0x00, 0x23, 0x04, 0x01, 0x00, 0x00, 
0x23, 0x04, 0x01, 0x23, 0x04, 0x01, 0x23, 0x40, 0x01, 0x00, 0x00, 0x23, 0x40, 0x01, 0x00, 0x00, 0x23, 0x04, 0x01, 0x00, 
0x00, 0x23, 0x04, 0x01, 0x00, 0x00, 0x23, 0x04, 0x01, 0x00, 0x00, 0x23, 0x04, 0x10, 0xfe, 0x3b, 0x21, 0x00, 0x10, 0x00, 
0x22, 0x00, 0x10, 0xfe, 0x10, 0x1e, 0x05, 0x10, 0xb1, 0x0b, 0x1e, 0x06, 0x00, 0xc8, 0xc1, 0x02, 0x00, 0x00, 0x89, 0x9c, 
0x02, 0x00, 0x00, 0xe6, 0xc0, 0x01, 0x00, 0x00, 0xf3, 0x4f, 0x00, 0x00, 0xce, 0x2a, 0x00, 0x10, 0xbd, 0xd5, 0x01, 0x21, 
0x01, 0x10, 0x00, 0x22, 0x02, 0x00, 0xd1, 0x20, 0x02, 0x47, 0x00, 0x02, 0x00, 0x23, 0x00, 0x01, 0x23, 0x04, 0x10, 0x80, 
0x2f, 0x21, 0x00, 0x10, 0x00, 0x22, 0x02, 0x10, 0xc5, 0x05, 0x1e, 0x00, 0x00, 0x90, 0x0e, 0x00, 0x10, 0x00, 0x21, 0x0b, 
0x10, 0x00, 0x22, 0x00, 0x93, 0x02, 0x0e, 0xa1, 0x04, 0xf4, 0x13, 0x08, 0xa6, 0x02, 0xe9, 0x13, 0x20, 0xb7, 0x02, 0x16, 
0x0d, 0x03, 0xb7, 0x02, 0x09, 0x0d, 0x02, 0x94, 0x02, 0x13, 0xb7, 0x02, 0x28, 0x0d, 0x04, 0xfe, 0x02, 0xac, 0x13, 0x1d, 
0x1d, 0x0d, 0x0d, 0x0d, 0x18, 0x3e, 0xbb, 0x09, 0x07, 0x18, 0x89, 0x03, 0xf9, 0x07, 0x0d, 0x03, 0x00, 0x00, 0x00, 0x01, 
0x00, 0xab, 0x02, 0xcc, 0x05, 0x98, 0x01, 0x3e, 0xfa, 0x09, 0x00, 0xfe, 0x03, 0xc1, 0x04, 0xbc, 0x0a, 0x1d, 0x95, 0x05, 
0xfb, 0x08, 0xb5, 0x02, 0x99, 0x1c, 0x20, 0x01, 0xb8, 0x02, 0xb2, 0x01, 0x1d, 0x04, 0xb8, 0x02, 0x3d, 0x18, 0x03, 0xb5, 
0x02, 0x75, 0x20, 0x00, 0xbb, 0x04, 0x0c, 0x80, 0x28, 0x00, 0x00, 0x00, 0x00, 0x3e, 0xd1, 0x1c, 0x02, 0x65, 0xbb, 0x04, 
0x0c, 0xd8, 0x1c, 0x01, 0x00, 0x00, 0x00, 0x3e, 0x95, 0x1d, 0x02, 0x46, 0xbb, 0x04, 0x0c, 0xa2, 0x1d, 0x03, 0x00, 0x00, 
0x00, 0x3e, 0x93, 0x1e, 0x02, 0x0d, 0xbb, 0x04, 0x0b, 0x98, 0x1e, 0x04, 0x00, 0x00, 0x00, 0xbc, 0x02, 0xa9, 0x05, 0x65, 
0x96, 0x14, 0xbc, 0x02, 0x02, 0x65, 0x96, 0x14, 0xb7, 0x02, 0xdb, 0x22, 0x0b, 0x03, 0xbb, 0x04, 0x0b, 0xa2, 0x28, 0x09, 
0x00, 0x00, 0x00, 0xbc, 0x02, 0xaf, 0x13, 0x18, 0xa5, 0x14, 0xbc, 0x02, 0xbe, 0x03, 0x1d, 0x96, 0x14, 0xbc, 0x02, 0x02, 
0x1d, 0x96, 0x14, 0xbc, 0x02, 0x02, 0x1d, 0x96, 0x14, 0xbc, 0x02, 0x50, 0x1d, 0xa5, 0x14, 0xbe, 0x83, 0xc0, 0x02, 0x9f, 
0x16, 0x65, 0x65, 0x65, 0x65, 0xc1, 0x11, 0xc2, 0x11, 0x65, 0x46, 0x65, 0x1d, 0x13, 0x0d, 0x0d, 0x1d, 0x1d, 0x13, 0x13, 
0x0d, 0x0d, 0x13, 0x0d, 0x0d, 0x0d, 0x0d, 0x0d, 0x0d, 0x0d, 0x0d, 0x1d, 0x14, 0x0c, 0x13, 0x0c, 0x0c, 0x0c, 0x0c, 0x0d, 
0x0d, 0xcd, 0x0a, 0x18, 0x0d, 0x1d, 0x1d, 0x13, 0x0c, 0x0d, 0x13, 0x0d, 0x0d, 0x1d, 0x0c, 0x0d, 0x13, 0x0d, 0x0d, 0x0d, 
0x0b, 0x18, 0x0d, 0x0d, 0x0b, 0x0d, 0x0d, 0x18, 0x0d, 0x0d, 0x0d, 0x0d, 0x0d, 0x46, 0x13, 0x13, 0x65, 0x65, 0x0d, 0x0d, 
0x0d, 0x0d, 0xac, 0x0c, 0x0c, 0x0d, 0x0d, 0x0d, 0xad, 0x0c, 0xae, 0x0c, 0x0c, 0x0c, 0x0c, 0x0c, 0xd6, 0x0c, 0x3e, 0xfa, 
0x09, 0x02, 0xc6, 0x01, 0x39, 0xc3, 0x06, 0x84, 0x32, 0x02, 0x3e, 0xd5, 0x34, 0x02, 0x1d, 0x3e, 0x13, 0x01, 0x13, 0x39, 
0x90, 0x05, 0xe8, 0x45, 0x01, 0xbb, 0x04, 0x0b, 0xe1, 0x27, 0x03, 0x00, 0x00, 0x00, 0xbb, 0x04, 0x0d, 0x0d, 0x00, 0x00, 
0x00, 0x00, 0xbb, 0x04, 0x0d, 0x83, 0x26, 0x00, 0x00, 0x80, 0x3f, 0x3e, 0xa2, 0x08, 0x01, 0x1d, 0x39, 0x9b, 0x05, 0xa0, 
0x3a, 0x01, 0x3e, 0xbf, 0x3a, 0x07, 0x0d, 0xbb, 0x04, 0x0c, 0xdc, 0x20, 0x3a, 0x00, 0x00, 0x00, 0xec, 0x04, 0x1d, 0x82, 
0x03, 0xdc, 0x05, 0xdc, 0x05, 0xdc, 0x05, 0xdc, 0x05, 0xbb, 0x04, 0x0c, 0xe9, 0x02, 0x3e, 0x00, 0x00, 0x00, 0xbb, 0x04, 
0x0c, 0x1d, 0x39, 0x00, 0x00, 0x00, 0x3e, 0xbf, 0x20, 0x02, 0x18, 0xbb, 0x04, 0x0c, 0xd8, 0x20, 0x3d, 0x00, 0x00, 0x00, 
0xbb, 0x04, 0x0b, 0xe3, 0x02, 0x02, 0x00, 0x00, 0x00, 0xbb, 0x04, 0x0b, 0x05, 0x01, 0x00, 0x00, 0x00, 0xbb, 0x04, 0x0d, 
0xb9, 0x09, 0x0a, 0xd7, 0xa3, 0x3a, 0xbb, 0x04, 0x0b, 0xb4, 0x09, 0x00, 0x00, 0x00, 0x00, 0xbb, 0x04, 0x0c, 0xe4, 0x02, 
0x3b, 0x00, 0x00, 0x00, 0xbb, 0x04, 0x0c, 0x18, 0x3f, 0x00, 0x00, 0x00, 0xbb, 0x04, 0x0c, 0x06, 0x40, 0x00, 0x00, 0x00, 
0xbb, 0x04, 0x0c, 0x12, 0x43, 0x00, 0x00, 0x00, 0xbb, 0x04, 0x0c, 0x06, 0x44, 0x00, 0x00, 0x00, 0xbb, 0x04, 0x0c, 0x2f, 
0x3c, 0x00, 0x00, 0x00, 0x3e, 0xed, 0x20, 0x02, 0x0b, 0xbb, 0x04, 0x0c, 0xb6, 0x1e, 0x08, 0x00, 0x00, 0x00, 0xbb, 0x04, 
0x0c, 0xa8, 0x01, 0x24, 0x00, 0x00, 0x00, 0xbb, 0x04, 0x0c, 0xb4, 0x01, 0x42, 0x00, 0x00, 0x00, 0xbb, 0x04, 0x0c, 0x05, 
0x41, 0x00, 0x00, 0x00, 0xbb, 0x04, 0x0c, 0x8f, 0x01, 0x29, 0x00, 0x00, 0x00, 0xbb, 0x04, 0x0c, 0x0b, 0x27, 0x00, 0x00, 
0x00, 0x89, 0x03, 0xd3, 0x27, 0x0d, 0x01, 0x00, 0x00, 0x00, 0x01, 0x00, 0xab, 0x02, 0xd2, 0x05, 0x96, 0x01, 0x3e, 0xfa, 
0x09, 0x00, 0xff, 0x03, 0x39, 0xfc, 0x08, 0x9e, 0x1e, 0x00, 0xbb, 0x04, 0x0d, 0xef, 0x05, 0xcd, 0xcc, 0xcc, 0x3e, 0xbe, 
0x02, 0xe1, 0x1a, 0x0d, 0x0b, 0x3e, 0xfa, 0x09, 0x02, 0xe2, 0x07, 0x39, 0xdf, 0x0c, 0x86, 0x25, 0x02, 0xbb, 0x04, 0x0d, 
0xe5, 0x32, 0x33, 0x33, 0x73, 0x3f, 0xbb, 0x04, 0x0c, 0x9e, 0x1d, 0x11, 0x00, 0x00, 0x00, 0x3e, 0xc3, 0x1e, 0x03, 0x1d, 
0x39, 0x9c, 0x05, 0xc6, 0x2e, 0x03, 0xbb, 0x04, 0x0c, 0xc9, 0x0d, 0x45, 0x00, 0x00, 0x00, 0x39, 0xfb, 0x08, 0xda, 0x1b, 
0x00, 0x3e, 0xf5, 0x3c, 0x03, 0x0d, 0xad, 0x06, 0x1d, 0x93, 0x0a, 0xad, 0x06, 0x0d, 0x02, 0xad, 0x06, 0x18, 0x02, 0xdc, 
0x04, 0x18, 0xd0, 0x28, 0x40, 0x40, 0x40, 0xdc, 0x04, 0x18, 0x29, 0x9a, 0x26, 0x9a, 0x26, 0x9a, 0x26, 0xc6, 0x06, 0x08, 
0x90, 0x30, 0x00, 0x82, 0x0a, 0x18, 0x9a, 0x67, 0x39, 0x95, 0x05, 0xa3, 0x65, 0x07, 0x13, 0x8a, 0x05, 0xb0, 0x69, 0xc5, 
0x1f, 0xbe, 0x14, 0x01, 0x0d, 0xf8, 0xaf, 0x01, 0xf8, 0xaf, 0x01, 0x01, 0x1d, 0xf5, 0x9f, 0x01, 0x90, 0x8f, 0x01, 0x3d, 
0x18, 0xec, 0x4d, 0xec, 0x4d, 0xec, 0x4d, 0x18, 0x01, 0x13, 0xc0, 0x32, 0x8a, 0x84, 0x02, 0x01, 0xff, 0x03, 0xb1, 0xa9, 
0x01, 0xca, 0x7a, 0xe7, 0x0a, 0x1d, 0xb3, 0x3b, 0xb3, 0x3b, 0xe5, 0xe4, 0x01, 0x01, 0xee, 0xb9, 0x01, 0xc1, 0x0a, 0x0d, 
0xcc, 0x3d, 0xcc, 0x3d, 0x00, 0xc1, 0x0a, 0x0d, 0xdf, 0x43, 0x93, 0x06, 0x01, 0xc1, 0x0a, 0x0d, 0xa2, 0x98, 0x01, 0x8e, 
0x92, 0x01, 0x02, 0x6c, 0x0d, 0x91, 0x67, 0x01, 0x28, 0xcc, 0x34, 0xdd, 0x80, 0x01, 0x6c, 0x0d, 0xac, 0x95, 0x01, 0x01, 
0x28, 0xbc, 0x56, 0x94, 0x4d, 0xca, 0x16, 0x09, 0xab, 0x76, 0xab, 0x76, 0x82, 0x8f, 0x01, 0xa7, 0x1e, 0xb7, 0xa8, 0x01, 
0x00, 0xba, 0x1e, 0x00, 0xe8, 0x01, 0x8d, 0x3b, 0x18, 0xe7, 0x01, 0x3d, 0x18, 0xae, 0x73, 0xc2, 0xbb, 0x01, 0xc2, 0xbb, 
0x01, 0x18, 0x13, 0x8a, 0x05, 0xa9, 0x41, 0xa2, 0x1f, 0x8b, 0x14, 0x01, 0x0d, 0xfa, 0x13, 0xfa, 0x13, 0xce, 0x10, 0x18, 
0xc8, 0x6d, 0x98, 0x40, 0xc8, 0x6d, 0x99, 0x1e, 0xa6, 0x09, 0x18, 0xcf, 0x76, 0x3d, 0x18, 0x86, 0x89, 0x01, 0x90, 0x8e, 
0x02, 0x90, 0x8e, 0x02, 0x18, 0xce, 0x10, 0x18, 0xb3, 0x34, 0xb3, 0x34, 0xaa, 0xbd, 0x02, 0x99, 0x1e, 0xd7, 0x18, 0x18, 
0xd8, 0x18, 0xe5, 0x1e, 0x18, 0xe7, 0xc8, 0x01, 0xc3, 0x5a, 0x00, 0x00, 0xe0, 0x2d, 0x00, 0x00, 0x44, 0x52, 0x00, 0x00, 
0x1b, 0x3d, 0x00, 0x00, 0x7c, 0x18, 0x8c, 0xc0, 0x01, 0x01, 0x2b, 0xbc, 0x4c, 0xac, 0x14, 0x97, 0x14, 0xc1, 0x0a, 0x0d, 
0x91, 0x63, 0x91, 0x63, 0x00, 0xc1, 0x0a, 0x0d, 0xd8, 0x5c, 0xb9, 0x06, 0x01, 0xc1, 0x0a, 0x0d, 0xa0, 0x0b, 0xe6, 0x04, 
0x02, 0xe0, 0x0a, 0x1d, 0xd5, 0xa9, 0x01, 0xdd, 0x41, 0xb5, 0x9e, 0x01, 0xd5, 0xa9, 0x01, 0x80, 0xb2, 0x01, 0x80, 0x0b, 
0xf3, 0x09, 0xe4, 0x65, 0xe4, 0x65, 0xf4, 0x99, 0x02, 0xf2, 0x99, 0x02, 0xf2, 0x99, 0x02, 0xf2, 0x99, 0x02, 0xf0, 0x99, 
0x02, 0xc1, 0x0a, 0x1d, 0xf6, 0x6d, 0xf6, 0x6d, 0x00, 0x80, 0x0b, 0xf3, 0x09, 0x99, 0xb6, 0x01, 0x99, 0xb6, 0x01, 0xd0, 
0xd1, 0x01, 0xce, 0xd1, 0x01, 0xce, 0xd1, 0x01, 0xce, 0xd1, 0x01, 0xcc, 0xd1, 0x01, 0xc1, 0x0a, 0x1d, 0xe9, 0x08, 0xe9, 
0x08, 0x00, 0x22, 0xec, 0x8f, 0x01, 0x00, 0x23, 0x9a, 0x05, 0xea, 0x90, 0x01, 0xc5, 0x1f, 0x8e, 0x14, 0x94, 0x14, 0x01, 
0x1d, 0xf1, 0xd8, 0x01, 0xf1, 0xd8, 0x01, 0x3d, 0x18, 0xac, 0xdc, 0x01, 0xac, 0xdc, 0x01, 0xac, 0xdc, 0x01, 0x18, 0xc3, 
0x10, 0x18, 0xf9, 0x95, 0x01, 0xbd, 0x5a, 0xf9, 0x95, 0x01, 0x13, 0xc3, 0x05, 0xfe, 0x92, 0x01, 0xc5, 0x1f, 0xda, 0x15, 
0x01, 0x46, 0xb9, 0x05, 0xb9, 0x05, 0xc1, 0x12, 0x18, 0xf1, 0xd2, 0x01, 0xf1, 0xd2, 0x01, 0xad, 0x45, 0x22, 0xb2, 0x27, 
0x00, 0xd9, 0x06, 0x1d, 0xa8, 0x94, 0x01, 0x9e, 0xce, 0x01, 0xda, 0xbb, 0x01, 0x80, 0xcf, 0x01, 0x01, 0x1d, 0x95, 0x20, 
0xfa, 0xbc, 0x01, 0x3d, 0x18, 0xfd, 0x27, 0xfd, 0x27, 0xfd, 0x27, 0x18, 0xc1, 0x0a, 0x0d, 0xec, 0x52, 0xd8, 0x0a, 0x03, 
0xc3, 0x10, 0x0d, 0xe8, 0x16, 0xba, 0xb5, 0x02, 0xe8, 0x16, 0xce, 0x10, 0x18, 0xa3, 0x76, 0xcf, 0x0c, 0xa3, 0x76, 0x3d, 
0x18, 0xa4, 0x2c, 0xbf, 0x28, 0xbf, 0x28, 0x18, 0x4b, 0x18, 0xb3, 0x6c, 0x8f, 0x40, 0xb3, 0x6c, 0x13, 0x8c, 0x05, 0x82, 
0x92, 0x01, 0xbf, 0x1c, 0x8a, 0x14, 0xc1, 0x0a, 0x0d, 0x8a, 0x59, 0x8c, 0xeb, 0x01, 0x00, 0x22, 0x8a, 0x59, 0x00, 0x13, 
0x8c, 0x05, 0xdf, 0x4d, 0xbf, 0x1c, 0x8d, 0x14, 0xc1, 0x0a, 0x0d, 0xe1, 0x6e, 0xca, 0x2e, 0x01, 0x22, 0xe1, 0x6e, 0x00, 
0x13, 0x8c, 0x05, 0xe4, 0x6e, 0xbf, 0x1c, 0x90, 0x14, 0xc1, 0x0a, 0x0d, 0xfb, 0x36, 0xb2, 0x66, 0x02, 0x22, 0xfb, 0x36, 
0x00, 0x8d, 0x1e, 0x88, 0x06, 0xc6, 0x06, 0x1d, 0xdb, 0x9f, 0x01, 0x00, 0x99, 0x0e, 0xa7, 0x06, 0x95, 0x05, 0xc9, 0x0e, 
0xa7, 0x06, 0xfb, 0x08, 0x4e, 0x18, 0xf6, 0x3c, 0x01, 0x18, 0x82, 0xb5, 0x01, 0xc6, 0xf2, 0x01, 0x5c, 0x0d, 0x87, 0xab, 
0x01, 0x01, 0x42, 0xf6, 0x95, 0x01, 0x13, 0x8a, 0x05, 0xe2, 0x37, 0xc5, 0x1f, 0xb9, 0x15, 0x01, 0x0d, 0xcf, 0x45, 0xcf, 
0x45, 0xc8, 0x16, 0x09, 0x84, 0xd7, 0x01, 0x96, 0xc9, 0x01, 0x84, 0xd7, 0x01, 0xa7, 0x1e, 0xdd, 0x07, 0x00, 0xba, 0x1e, 
0x00, 0xd1, 0x04, 0xdd, 0x07, 0x18, 0xd2, 0x04, 0x9e, 0x1e, 0x7a, 0x0b, 0x00, 0x00, 0x18, 0x8c, 0x03, 0x13, 0x8a, 0x05, 
0xd4, 0x25, 0xc5, 0x1f, 0xc5, 0x15, 0x01, 0x0d, 0xc7, 0x64, 0xc7, 0x64, 0xca, 0x16, 0x09, 0x90, 0x61, 0x90, 0xf3, 0x01, 
0x90, 0x61, 0xa7, 0x1e, 0x9a, 0x22, 0x00, 0xba, 0x1e, 0x00, 0xa6, 0x25, 0x9a, 0x22, 0x18, 0xa5, 0x25, 0x9e, 0x1e, 0x7a, 
0x0b, 0x00, 0x00, 0x18, 0x8c, 0x03, 0x13, 0x96, 0x05, 0xdc, 0x01, 0xc5, 0x1f, 0xb6, 0x15, 0x01, 0x18, 0xe1, 0x5a, 0xe1, 
0x5a, 0x13, 0x8a, 0x05, 0xbe, 0x4b, 0xc5, 0x1f, 0xc2, 0x15, 0x01, 0x0d, 0xcb, 0x0b, 0xcb, 0x0b, 0xc1, 0x0a, 0x0d, 0xc0, 
0x20, 0xb2, 0x60, 0x02, 0x13, 0x8b, 0x05, 0xa1, 0xef, 0x01, 0xd3, 0x1c, 0x8d, 0x14, 0x01, 0x0d, 0xe4, 0x64, 0xe4, 0x64, 
0x4a, 0x0d, 0xd3, 0x57, 0xd1, 0xc1, 0x01, 0xd3, 0x57, 0x5c, 0x0d, 0xe2, 0xcb, 0x01, 0x01, 0x04, 0xba, 0x3b, 0xca, 0x16, 
0x09, 0xfd, 0x40, 0xfd, 0x40, 0xf8, 0xe2, 0x01, 0xa7, 0x1e, 0xeb, 0x81, 0x01, 0x00, 0xba, 0x1e, 0x00, 0x80, 0x65, 0xeb, 
0x81, 0x01, 0x18, 0xff, 0x64, 0xc1, 0x0a, 0x0d, 0xc0, 0x87, 0x01, 0xc4, 0x2b, 0x00, 0xc1, 0x0a, 0x0d, 0xd2, 0x0f, 0x96, 
0x3b, 0x01, 0xc3, 0x10, 0x0d, 0xab, 0x29, 0xab, 0x29, 0xca, 0x93, 0x01, 0x5c, 0x0d, 0xf2, 0x0b, 0x01, 0x1b, 0x9f, 0x85, 
0x01, 0x4a, 0x0d, 0xbd, 0x0a, 0xa5, 0x18, 0xbd, 0x0a, 0xc3, 0x10, 0x0d, 0xd7, 0x0e, 0xeb, 0x5b, 0xd7, 0x0e, 0xc8, 0x10, 
0x0d, 0xda, 0x6e, 0xda, 0x6e, 0x80, 0xf5, 0x01, 0x99, 0x1e, 0xcf, 0x17, 0x18, 0xd0, 0x17, 0xe5, 0x1e, 0x0d, 0xe7, 0x8a, 
0x02, 0x43, 0x56, 0x00, 0x00, 0x6d, 0x54, 0x00, 0x00, 0xfa, 0x5a, 0x00, 0x00, 0x2c, 0x27, 0x00, 0x00, 0xc3, 0x10, 0x0d, 
0xa6, 0xf3, 0x01, 0x9e, 0xeb, 0x01, 0x8c, 0xf9, 0x01, 0x6c, 0x0d, 0xd9, 0x54, 0x01, 0x28, 0x81, 0xb6, 0x01, 0x8c, 0x14, 
0x4a, 0x0d, 0xf0, 0x45, 0xbc, 0xe4, 0x01, 0xf0, 0x45, 0x3f, 0x0d, 0xb9, 0xa6, 0x01, 0xb9, 0xa6, 0x01, 0x5c, 0x0d, 0x91, 
0x32, 0x01, 0x1b, 0xaf, 0x5b, 0xc3, 0x10, 0x0d, 0x8a, 0xc7, 0x01, 0xc2, 0xc9, 0x02, 0x8a, 0xc7, 0x01, 0x13, 0x8a, 0x05, 
0xad, 0x1d, 0xc5, 0x1f, 0xbc, 0x15, 0x01, 0x0d, 0x91, 0x67, 0x91, 0x67, 0x6c, 0x0d, 0xd2, 0xb0, 0x01, 0x01, 0x25, 0xeb, 
0xa5, 0x01, 0xcb, 0x63, 0x13, 0x96, 0x05, 0xb5, 0x89, 0x01, 0xc5, 0x1f, 0xc8, 0x15, 0x01, 0x18, 0xd6, 0x16, 0xd6, 0x16, 
0x13, 0x8a, 0x05, 0xa0, 0x5e, 0xc5, 0x1f, 0xcb, 0x15, 0x01, 0x0d, 0xb6, 0x19, 0xb6, 0x19, 0xca, 0x16, 0x09, 0xe7, 0x08, 
0xe7, 0x08, 0xde, 0xcb, 0x02, 0xa7, 0x1e, 0xd3, 0x08, 0x00, 0xba, 0x1e, 0x00, 0xf6, 0xb1, 0x01, 0xd3, 0x08, 0x18, 0xf5, 
0xb1, 0x01, 0x13, 0x8a, 0x05, 0x9a, 0x73, 0xc5, 0x1f, 0xd4, 0x15, 0x01, 0x0d, 0xea, 0x36, 0xea, 0x36, 0x4a, 0x0d, 0x85, 
0xdd, 0x01, 0x9a, 0x0e, 0x85, 0xdd, 0x01, 0x13, 0x8a, 0x05, 0x90, 0x27, 0xc5, 0x1f, 0xd7, 0x15, 0x01, 0x0d, 0xae, 0xc4, 
0x01, 0xae, 0xc4, 0x01, 0xc3, 0x10, 0x0d, 0xb7, 0x95, 0x02, 0xf9, 0x29, 0xb7, 0x95, 0x02, 0x13, 0x88, 0x05, 0xb2, 0x9b, 
0x01, 0xc5, 0x1f, 0xbf, 0x15, 0x01, 0x0b, 0x8c, 0x55, 0x8c, 0x55, 0x5c, 0x13, 0xd1, 0xcf, 0x01, 0x01, 0x3e, 0xe1, 0xaa, 
0x01, 0xc1, 0x0a, 0x0d, 0xae, 0x80, 0x02, 0xae, 0x80, 0x02, 0x01, 0xc1, 0x0a, 0x0d, 0x89, 0x9c, 0x02, 0xdb, 0x1b, 0x00, 
0x7c, 0x0d, 0xd0, 0x25, 0x01, 0x2b, 0xc2, 0x32, 0x8c, 0x14, 0x8a, 0x01, 0x7c, 0x0d, 0x86, 0x1a, 0x01, 0x2e, 0x8f, 0xc3, 
0x01, 0x8a, 0x35, 0xf2, 0x47, 0x13, 0xe2, 0x05, 0xb4, 0xc4, 0x01, 0xc5, 0x1f, 0xa3, 0x14, 0x01, 0x65, 0x97, 0xee, 0x01, 
0x97, 0xee, 0x01, 0xc1, 0x0a, 0x1d, 0x8a, 0xb9, 0x01, 0x8a, 0xb9, 0x01, 0x00, 0x3d, 0x18, 0x9e, 0x10, 0x9e, 0x10, 0x9e, 
0x10, 0x18, 0xc1, 0x0a, 0x1d, 0xff, 0xbf, 0x01, 0xa8, 0x09, 0x01, 0x3d, 0x18, 0x86, 0xd9, 0x01, 0x86, 0xd9, 0x01, 0x86, 
0xd9, 0x01, 0x18, 0xc1, 0x0a, 0x1d, 0xab, 0xd9, 0x01, 0x82, 0x09, 0x02, 0x3d, 0x18, 0xc4, 0xdd, 0x01, 0xc4, 0xdd, 0x01, 
0xc4, 0xdd, 0x01, 0x18, 0xd0, 0x0a, 0x46, 0xd5, 0x70, 0xb7, 0x53, 0xbd, 0x6c, 0xd5, 0x70, 0xb4, 0x0a, 0x46, 0xfe, 0x74, 
0x7b, 0x3d, 0x00, 0x00, 0x01, 0xfe, 0x03, 0xf9, 0x3f, 0x86, 0xf1, 0x01, 0x01, 0x18, 0xbe, 0x01, 0x92, 0xf3, 0x01, 0xc1, 
0x12, 0x18, 0xf6, 0x57, 0xba, 0x19, 0xf6, 0x57, 0xe8, 0x0a, 0x1d, 0xa7, 0xa9, 0x01, 0xf3, 0x4f, 0xa7, 0xa9, 0x01, 0x02, 
0xf5, 0x54, 0x3d, 0x18, 0xce, 0x2a, 0xce, 0x2a, 0xce, 0x2a, 0x18, 0x4a, 0x18, 0xc7, 0x66, 0xfb, 0x65, 0xc7, 0x66, 0x99, 
0x1e, 0xbd, 0xdd, 0x01, 0x18, 0xbe, 0xdd, 0x01, 0xe5, 0x1e, 0x18, 0xc3, 0x43, 0x44, 0x41, 0x00, 0x00, 0xe2, 0x60, 0x00, 
0x00, 0xc6, 0x27, 0x00, 0x00, 0x80, 0x30, 0x00, 0x00, 0x13, 0x8a, 0x05, 0xbb, 0xd6, 0x01, 0xc5, 0x1f, 0xf7, 0x14, 0x01, 
0x0d, 0x86, 0xc8, 0x01, 0x86, 0xc8, 0x01, 0x4a, 0x0d, 0xcd, 0x40, 0xcd, 0x40, 0xe5, 0x8d, 0x01, 0xce, 0x10, 0x18, 0x9b, 
0x6b, 0x9f, 0xba, 0x01, 0x9b, 0x6b, 0x13, 0x8a, 0x05, 0xf6, 0x23, 0xc5, 0x1f, 0xd1, 0x15, 0x01, 0x0d, 0x8a, 0xb8, 0x01, 
0x8a, 0xb8, 0x01, 0xca, 0x16, 0x09, 0x92, 0x19, 0x92, 0x19, 0xe0, 0xcb, 0x02, 0xa7, 0x1e, 0x82, 0x25, 0x00, 0xba, 0x1e, 
0x00, 0xf6, 0xb1, 0x01, 0x82, 0x25, 0x18, 0xf5, 0xb1, 0x01, 0x13, 0x8a, 0x05, 0xcc, 0x72, 0xc5, 0x1f, 0xce, 0x15, 0x01, 
0x0d, 0xda, 0x2d, 0xda, 0x2d, 0xc3, 0x10, 0x0d, 0xa3, 0x2f, 0xa0, 0xb2, 0x01, 0xa3, 0x2f, 0x6c, 0x0d, 0xbf, 0x83, 0x01, 
0x01, 0x28, 0xc2, 0x99, 0x01, 0x8c, 0x14, 0x4a, 0x0d, 0xd6, 0xad, 0x01, 0xbe, 0xe4, 0x01, 0xd6, 0xad, 0x01, 0x3f, 0x0d, 
0x87, 0xba, 0x01, 0x87, 0xba, 0x01, 0x5c, 0x0d, 0xd6, 0x92, 0x01, 0x01, 0x1b, 0xc9, 0x51, 0x13, 0x9a, 0x05, 0xcd, 0x35, 
0xc5, 0x1f, 0x86, 0x15, 0x01, 0x1d, 0x84, 0x6c, 0x84, 0x6c, 0x3d, 0x18, 0x93, 0x3d, 0x93, 0x3d, 0x93, 0x3d, 0x18, 0x23, 
0x8a, 0x05, 0xeb, 0xba, 0x01, 0xc5, 0x1f, 0x86, 0x15, 0x93, 0x14, 0x01, 0x0d, 0x96, 0x9c, 0x01, 0x96, 0x9c, 0x01, 0xce, 
0x10, 0x18, 0xa3, 0x5c, 0xf9, 0x7a, 0xa3, 0x5c, 0x01, 0x18, 0xd0, 0x42, 0xba, 0xbd, 0x01, 0x5c, 0x18, 0xd9, 0x86, 0x01, 
0x01, 0x45, 0xb0, 0x7b, 0x13, 0x96, 0x05, 0xfc, 0xfd, 0x01, 0xc5, 0x1f, 0x80, 0x15, 0x01, 0x18, 0xa5, 0x9b, 0x01, 0xa5, 
0x9b, 0x01, 0xc4, 0x12, 0x0d, 0xc9, 0x1d, 0x8c, 0x45, 0xc9, 0x1d, 0x6c, 0x0d, 0xf6, 0xa2, 0x01, 0x01, 0x28, 0xc9, 0x5a, 
0x8c, 0x14, 0x6c, 0x0d, 0xbf, 0xd4, 0x01, 0x01, 0x1a, 0x84, 0xac, 0x01, 0xb3, 0xad, 0x01, 0xc3, 0x10, 0x0d, 0xd0, 0x37, 
0x84, 0xb9, 0x01, 0xcf, 0x7a, 0x4a, 0x0d, 0xde, 0x07, 0xae, 0x3f, 0xde, 0x07, 0xce, 0x10, 0x18, 0xb7, 0x09, 0xae, 0x05, 
0xb7, 0x09, 0x4b, 0x18, 0x8c, 0x85, 0x01, 0xe4, 0xbf, 0x01, 0x8c, 0x85, 0x01, 0x99, 0x1e, 0xab, 0x10, 0x18, 0xac, 0x10, 
0xe5, 0x1e, 0x18, 0x97, 0x3b, 0xb3, 0x1f, 0x00, 0x00, 0x25, 0x5f, 0x00, 0x00, 0xa5, 0x4f, 0x00, 0x00, 0x81, 0x30, 0x00, 
0x00, 0xc1, 0x0a, 0x0d, 0xfc, 0x58, 0xfc, 0x58, 0x00, 0xc1, 0x0a, 0x0d, 0xa5, 0xbb, 0x01, 0xa9, 0x62, 0x01, 0xc1, 0x0a, 
0x0d, 0x6a, 0xbf, 0x61, 0x02, 0xe0, 0x0a, 0x1d, 0x91, 0x43, 0xcd, 0xfd, 0x01, 0xa7, 0x42, 0x91, 0x43, 0xdb, 0x88, 0x02, 
0x9e, 0x1e, 0xc6, 0x1b, 0x00, 0x00, 0x88, 0x06, 0x00, 0x00, 0x00, 0x00, 0xf4, 0x01, 0x00, 0x00, 0x00, 0x00, 0x00, 0x00, 
0x4c, 0x4f, 0x4d, 0x53, 0x00, 0x03, 0x01, 0x00, 0x0b, 0x00, 0x08, 0x00, 0x43, 0x5c, 0x00, 0x00, 0x00, 0x00, 0x00, 0x00, 
0x18, 0x05, 0x00, 0x00, 0x91, 0x02, 0x01, 0xd1, 0x10, 0x02, 0x47, 0x4c, 0x53, 0x4c, 0x2e, 0x73, 0x74, 0x64, 0x2e, 0x34, 
0x35, 0x30, 0x00, 0x00, 0x00, 0x00, 0xa0, 0x04, 0x00, 0x01, 0xff, 0x0e, 0x04, 0x9f, 0x2c, 0xed, 0xc2, 0xa5, 0xf3, 0x06, 
0x00, 0x8c, 0x1a, 0xef, 0x25, 0xd9, 0x1b, 0xa0, 0x02, 0x9f, 0x2c, 0x07, 0x10, 0xec, 0x0e, 0x06, 0x10, 0x37, 0xac, 0x1f, 
0x0b, 0x00, 0x05, 0x00, 0x07, 0x01, 0x10, 0x00, 0x23, 0x00, 0x01, 0x05, 0x00, 0x07, 0x01, 0x10, 0x00, 0x23, 0x40, 0x01, 
0x23, 0x30, 0x01, 0x23, 0x04, 0x01, 0x23, 0x04, 0x01, 0x23, 0x04, 0x01, 0x23, 0x04, 0x10, 0xae, 0x20, 0x01, 0x01, 0x10, 
0xbd, 0x4d, 0x06, 0x80, 0x02, 0x00, 0x86, 0x10, 0x02, 0x47, 0x00, 0x01, 0x00, 0x23, 0x00, 0x10, 0xa6, 0x22, 0x21, 0x00, 
0x10, 0x00, 0x22, 0x01, 0x00, 0x64, 0x0e, 0x10, 0x00, 0x1e, 0x0a, 0x10, 0xc6, 0x17, 0x1e, 0x00, 0x10, 0xab, 0x14, 0x1e, 
0x09, 0x93, 0x02, 0x0e, 0xa1, 0x04, 0xf4, 0x13, 0x08, 0xb5, 0x02, 0xeb, 0x13, 0x20, 0x01, 0xa6, 0x02, 0x02, 0x20, 0xb7, 
0x02, 0x20, 0x0d, 0x04, 0xb8, 0x02, 0x90, 0x01, 0x1d, 0x04, 0xb7, 0x02, 0x99, 0x01, 0x0d, 0x03, 0xb8, 0x02, 0x5c, 0x18, 
0x03, 0xb5, 0x02, 0x75, 0x20, 0x00, 0xbb, 0x04, 0x0b, 0xae, 0x28, 0x08, 0x00, 0x00, 0x00, 0xbc, 0x02, 0xd7, 0x19, 0x1d, 
0xa2, 0x14, 0x8e, 0x03, 0xac, 0x1f, 0x65, 0x46, 0x0c, 0x0c, 0x0c, 0x0d, 0xb6, 0x07, 0xb2, 0x06, 0x0c, 0xae, 0x20, 0x40, 
0x00, 0x00, 0x00, 0xbc, 0x02, 0xbd, 0x4d, 0x8c, 0x17, 0xa3, 0x27, 0xae, 0x02, 0x86, 0x10, 0x44, 0x3e, 0xfa, 0x09, 0x02, 
0xc7, 0x08, 0x39, 0xc4, 0x0d, 0xac, 0x18, 0x02, 0xbb, 0x04, 0x0c, 0x9d, 0x0b, 0x00, 0x00, 0x00, 0x00, 0x3e, 0x83, 0x1e, 
0x02, 0x0c, 0xbb, 0x04, 0x0c, 0x9c, 0x1e, 0x04, 0x00, 0x00, 0x00, 0x3e, 0x99, 0x1e, 0x01, 0x0c, 0x39, 0x8a, 0x05, 0x84, 
0x2a, 0x01, 0xb7, 0x02, 0xf5, 0x33, 0x0b, 0x02, 0x3e, 0xfa, 0x09, 0x03, 0x11, 0x39, 0x8e, 0x05, 0xc2, 0x41, 0x03, 0xbb, 
0x04, 0x0b, 0xc9, 0x23, 0x00, 0x00, 0x00, 0x00, 0x3e, 0x83, 0x1e, 0x03, 0x0b, 0x3e, 0x24, 0x01, 0x1d, 0x39, 0x9a, 0x05, 
0xfe, 0x2c, 0x01, 0xbb, 0x04, 0x0b, 0x91, 0x0f, 0x02, 0x00, 0x00, 0x00, 0x3e, 0x89, 0x1e, 0x01, 0x0d, 0xbb, 0x04, 0x0b, 
0x90, 0x1e, 0x03, 0x00, 0x00, 0x00, 0xbb, 0x04, 0x0b, 0x0b, 0x01, 0x00, 0x00, 0x00, 0xc6, 0x06, 0x08, 0xa4, 0x30, 0x00, 
0x82, 0x0a, 0x18, 0xe6, 0x61, 0x01, 0x0c, 0xba, 0xa0, 0x01, 0xc6, 0xa6, 0x02, 0x33, 0x89, 0x05, 0xf5, 0xf0, 0x01, 0xda, 
0x19, 0x8b, 0x14, 0xaf, 0xad, 0x01, 0x97, 0x14, 0x01, 0x0c, 0xd4, 0x74, 0xd4, 0x74, 0xbc, 0x0e, 0x0b, 0xe9, 0x5c, 0xe9, 
0x5c, 0x13, 0x88, 0x05, 0xed, 0x04, 0xef, 0x25, 0x8a, 0x14, 0x22, 0x00, 0xed, 0x04, 0x13, 0x8b, 0x05, 0xfe, 0x73, 0xd9, 
0x1b, 0x90, 0x14, 0x01, 0x0d, 0xf7, 0x5e, 0xf7, 0x5e, 0x13, 0x8b, 0x05, 0xe6, 0xdc, 0x01, 0xd9, 0x1b, 0x93, 0x14, 0x01, 
0x0d, 0x89, 0x9f, 0x01, 0x89, 0x9f, 0x01, 0xc8, 0x10, 0x0d, 0x9c, 0x0f, 0xf8, 0x4c, 0x9c, 0x0f, 0xbc, 0x0e, 0x0b, 0xa8, 
0x24, 0xa8, 0x24, 0x13, 0x88, 0x05, 0xfa, 0x6d, 0xef, 0x25, 0x8d, 0x14, 0x22, 0x00, 0xfa, 0x6d, 0x8d, 0x1e, 0x88, 0x06, 
0x00, 0x00, 0x00, 0x00, 0x6a, 0x06, 0x00, 0x00, 0x00, 0x00, 0x00, 0x00, 0x4c, 0x4f, 0x4d, 0x53, 0x00, 0x03, 0x01, 0x00, 
0x0b, 0x00, 0x08, 0x00, 0x7d, 0x62, 0x00, 0x00, 0x00, 0x00, 0x00, 0x00, 0x68, 0x17, 0x00, 0x00, 0x91, 0x02, 0x01, 0xd1, 
0x10, 0x02, 0x47, 0x4c, 0x53, 0x4c, 0x2e, 0x73, 0x74, 0x64, 0x2e, 0x34, 0x35, 0x30, 0x00, 0x00, 0x00, 0x00, 0xa0, 0x04, 
0x00, 0x01, 0xcf, 0x0f, 0x00, 0x9f, 0x2c, 0xed, 0xc2, 0xa5, 0xf3, 0x06, 0x00, 0x82, 0x1f, 0xcf, 0x2d, 0x8c, 0x1a, 0xb0, 
0x23, 0xab, 0x22, 0xd9, 0x1b, 0xc2, 0x26, 0x84, 0x28, 0x10, 0xb4, 0x15, 0x06, 0x10, 0x37, 0xe7, 0x10, 0x0b, 0x00, 0x05, 
0x00, 0x07, 0x01, 0x10, 0x00, 0x23, 0x00, 0x01, 0x05, 0x00, 0x07, 0x01, 0x10, 0x00, 0x23, 0x40, 0x01, 0x23, 0x30, 0x01, 
0x23, 0x04, 0x01, 0x23, 0x04, 0x01, 0x23, 0x04, 0x01, 0x23, 0x04, 0x10, 0xfa, 0x49, 0x01, 0x01, 0x10, 0xc5, 0x3b, 0x06, 
0x80, 0x02, 0x00, 0x87, 0x0d, 0x02, 0x47, 0x00, 0x01, 0x00, 0x23, 0x00, 0x10, 0xbc, 0x2d, 0x21, 0x00, 0x10, 0x00, 0x22, 
0x01, 0x10, 0xd3, 0x17, 0x06, 0x40, 0x10, 0x02, 0x06, 0x40, 0x10, 0xe7, 0x07, 0x06, 0x10, 0x10, 0x8c, 0x03, 0x06, 0x10, 
0x10, 0x02, 0x06, 0x10, 0x10, 0x02, 0x06, 0x10, 0x10, 0x50, 0x06, 0x10, 0x00, 0xb9, 0x14, 0x02, 0x37, 0x00, 0x95, 0x00, 
0x05, 0x00, 0x07, 0x01, 0x10, 0x00, 0x23, 0x00, 0x01, 0x05, 0x00, 0x07, 0x01, 0x10, 0x00, 0x23, 0x40, 0x01, 0x05, 0x00, 
0x07, 0x01, 0x10, 0x00, 0x23, 0x40, 0x01, 0x05, 0x00, 0x07, 0x01, 0x10, 0x00, 0x23, 0x40, 0x01, 0x05, 0x00, 0x07, 0x01, 
0x10, 0x00, 0x23, 0x40, 0x01, 0x05, 0x00, 0x07, 0x01, 0x10, 0x00, 0x23, 0x80, 0x02, 0x01, 0x05, 0x00, 0x07, 0x01, 0x10, 
0x00, 0x23, 0x80, 0x02, 0x01, 0x05, 0x00, 0x07, 0x01, 0x10, 0x00, 0x23, 0x40, 0x01, 0x05, 0x00, 0x07, 0x01, 0x10, 0x00, 
0x23, 0x30, 0x01, 0x23, 0x40, 0x01, 0x23, 0x10, 0x01, 0x23, 0x08, 0x01, 0x23, 0x04, 0x01, 0x23, 0x04, 0x01, 0x23, 0x10, 
0x01, 0x23, 0x10, 0x01, 0x23, 0x08, 0x01, 0x23, 0x08, 0x01, 0x23, 0x04, 0x01, 0x00, 0x00, 0x23, 0x04, 0x01, 0x23, 0x08, 
0x01, 0x23, 0x04, 0x01, 0x23, 0x04, 0x01, 0x23, 0x04, 0x01, 0x23, 0x04, 0x01, 0x23, 0x04, 0x01, 0x00, 0x00, 0x23, 0x04, 
0x01, 0x00, 0x00, 0x23, 0x04, 0x01, 0x00, 0x00, 0x23, 0x04, 0x01, 0x00, 0x00, 0x23, 0x10, 0x01, 0x00, 0x00, 0x23, 0x0c, 
0x01, 0x00, 0x00, 0x23, 0x04, 0x01, 0x00, 0x00, 0x23, 0x08, 0x01, 0x00, 0x00, 0x23, 0x04, 0x01, 0x00, 0x00, 0x23, 0x04, 
0x01, 0x00, 0x00, 0x23, 0x04, 0x01, 0x23, 0x04, 0x01, 0x00, 0x00, 0x23, 0x04, 0x01, 0x00, 0x00, 0x23, 0x04, 0x01, 0x23, 
0x90, 0x01, 0x01, 0x00, 0x00, 0x23, 0x0c, 0x01, 0x23, 0x04, 0x01, 0x23, 0x10, 0x01, 0x23, 0x10, 0x01, 0x00, 0x00, 0x23, 
0x08, 0x01, 0x00, 0x00, 0x23, 0x04, 0x01, 0x23, 0x04, 0x01, 0x00, 0x00, 0x23, 0x08, 0x01, 0x00, 0x00, 0x23, 0x04, 0x01, 
0x23, 0x04, 0x01, 0x00, 0x00, 0x23, 0x10, 0x01, 0x00, 0x00, 0x23, 0x04, 0x01, 0x23, 0x04, 0x01, 0x00, 0x00, 0x23, 0x08, 
0x01, 0x23, 0x04, 0x01, 0x00, 0x00, 0x23, 0x04, 0x01, 0x00, 0x00, 0x23, 0x04, 0x01, 0x23, 0x04, 0x01, 0x23, 0x0c, 0x01, 
0x23, 0x04, 0x01, 0x23, 0x04, 0x01, 0x23, 0x04, 0x01, 0x23, 0x04, 0x01, 0x23, 0x04, 0x01, 0x23, 0x0c, 0x01, 0x23, 0x04, 
0x01, 0x23, 0x04, 0x01, 0x23, 0x04, 0x01, 0x23, 0x04, 0x01, 0x05, 0x00, 0x07, 0x01, 0x10, 0x00, 0x23, 0x04, 0x01, 0x23, 
0x30, 0x01, 0x23, 0x08, 0x01, 0x05, 0x00, 0x07, 0x01, 0x10, 0x00, 0x23, 0x08, 0x01, 0x05, 0x00, 0x07, 0x01, 0x10, 0x00, 
0x23, 0x40, 0x01, 0x00, 0x00, 0x23, 0x40, 0x01, 0x00, 0x00, 0x23, 0x04, 0x01, 0x00, 0x00, 0x23, 0x04, 0x01, 0x00, 0x00, 
0x23, 0x04, 0x01, 0x23, 0x04, 0x01, 0x23, 0x40, 0x01, 0x00, 0x00, 0x23, 0x04, 0x01, 0x00, 0x00, 0x23, 0x04, 0x01, 0x00, 
0x00, 0x23, 0x04, 0x01, 0x23, 0x04, 0x01, 0x23, 0x40, 0x01, 0x00, 0x00, 0x23, 0x40, 0x01, 0x00, 0x00, 0x23, 0x04, 0x01, 
0x00, 0x00, 0x23, 0x04, 0x01, 0x00, 0x00, 0x23, 0x04, 0x01, 0x00, 0x00, 0x23, 0x04, 0x10, 0xea, 0x3b, 0x21, 0x00, 0x10, 
0x00, 0x22, 0x00, 0x10, 0x85, 0x01, 0x1e, 0x00, 0x10, 0x9a, 0x1d, 0x1e, 0x03, 0x00, 0x85, 0x27, 0x0e, 0x10, 0x00, 0x1e, 
0x0a, 0x10, 0xc8, 0x12, 0x0b, 0x2b, 0x00, 0x89, 0x02, 0x10, 0x10, 0x00, 0x1e, 0x06, 0x10, 0xa3, 0x0d, 0x1e, 0x09, 0x00, 
0xbd, 0x23, 0x02, 0x47, 0x00, 0x04, 0x00, 0x0b, 0x01, 0x00, 0x01, 0x0b, 0x01, 0x01, 0x01, 0x0b, 0x01, 0x03, 0x01, 0x0b, 
0x01, 0x04, 0x10, 0x94, 0x3c, 0x1e, 0x05, 0x93, 0x02, 0x0e, 0xa1, 0x04, 0xf4, 0x13, 0x08, 0xa6, 0x02, 0xe9, 0x13, 0x20, 
0xb7, 0x02, 0x20, 0x0d, 0x04, 0xb8, 0x02, 0x90, 0x01, 0x1d, 0x04, 0xb7, 0x02, 0x99, 0x01, 0x0d, 0x03, 0xb5, 0x02, 0x17, 
0x20, 0x01, 0xb7, 0x02, 0x0e, 0x0d, 0x02, 0xbe, 0x02, 0xa2, 0x10, 0x13, 0x1d, 0xb5, 0x02, 0xb1, 0x10, 0x20, 0x00, 0xbb, 
0x04, 0x0b, 0xfe, 0x27, 0x00, 0x00, 0x00, 0x00, 0xbb, 0x04, 0x0c, 0x02, 0x00, 0x00, 0x00, 0x00, 0xbb, 0x04, 0x0b, 0x04, 
0x01, 0x00, 0x00, 0x00, 0xb8, 0x02, 0x8d, 0x27, 0x18, 0x03, 0xbb, 0x04, 0x0b, 0xb8, 0x27, 0x08, 0x00, 0x00, 0x00, 0xbc, 
0x02, 0x8f, 0x13, 0x1d, 0xa2, 0x14, 0x8e, 0x03, 0xe7, 0x10, 0x65, 0x46, 0x0c, 0x0c, 0x0c, 0x0d, 0xda, 0x0a, 0xb2, 0x06, 
0x0c, 0xfa, 0x49, 0x40, 0x00, 0x00, 0x00, 0xbc, 0x02, 0xc5, 0x3b, 0xa6, 0x02, 0xa3, 0x27, 0xae, 0x02, 0x87, 0x0d, 0xc0, 
0x09, 0x3e, 0xfa, 0x09, 0x02, 0xfc, 0x02, 0x39, 0xf9, 0x07, 0xc2, 0x23, 0x02, 0x3e, 0xef, 0x27, 0x02, 0x65, 0xbb, 0x04, 
0x0c, 0xf0, 0x1c, 0x05, 0x00, 0x00, 0x00, 0x3e, 0x9f, 0x1e, 0x02, 0x0d, 0xbb, 0x04, 0x0b, 0x98, 0x1e, 0x04, 0x00, 0x00, 
0x00, 0xbc, 0x02, 0xcb, 0x0c, 0x65, 0x96, 0x14, 0xbc, 0x02, 0x02, 0x65, 0x96, 0x14, 0xb7, 0x02, 0xb9, 0x1b, 0x0b, 0x03, 
0xbb, 0x04, 0x0b, 0xa2, 0x28, 0x09, 0x00, 0x00, 0x00, 0xbc, 0x02, 0xcf, 0x14, 0x18, 0xa5, 0x14, 0xbc, 0x02, 0x8c, 0x03, 
0x1d, 0x96, 0x14, 0xbc, 0x02, 0x02, 0x1d, 0x96, 0x14, 0xbc, 0x02, 0x02, 0x1d, 0x96, 0x14, 0xbc, 0x02, 0x50, 0x1d, 0xa5, 
0x14, 0xbe, 0x83, 0xc0, 0x02, 0xb9, 0x14, 0x65, 0x65, 0x65, 0x65, 0xf0, 0x0d, 0xf1, 0x0d, 0x65, 0x46, 0x65, 0x1d, 0x13, 
0x0d, 0x0d, 0x1d, 0x1d, 0x13, 0x13, 0x0d, 0x0d, 0x13, 0x0d, 0x0d, 0x0d, 0x0d, 0x0d, 0x0d, 0x0d, 0x0d, 0x1d, 0x14, 0x0c, 
0x13, 0x0c, 0x0c, 0x0c, 0x0c, 0x0d, 0x0d, 0xfd, 0x09, 0x18, 0x0d, 0x1d, 0x1d, 0x13, 0x0c, 0x0d, 0x13, 0x0d, 0x0d, 0x1d, 
0x0c, 0x0d, 0x13, 0x0d, 0x0d, 0x0d, 0x0b, 0x18, 0x0d, 0x0d, 0x0b, 0x0d, 0x0d, 0x18, 0x0d, 0x0d, 0x0d, 0x0d, 0x0d, 0x46, 
0x13, 0x13, 0x65, 0x65, 0x0d, 0x0d, 0x0d, 0x0d, 0xc3, 0x0b, 0x0c, 0x0d, 0x0d, 0x0d, 0xc4, 0x0b, 0xc5, 0x0b, 0x0c, 0x0c, 
0x0c, 0x0c, 0xed, 0x0b, 0x3e, 0xfa, 0x09, 0x02, 0xd0, 0x01, 0x39, 0xcd, 0x06, 0xf0, 0x31, 0x02, 0x3e, 0xd5, 0x34, 0x01, 
0x1d, 0x39, 0x9a, 0x05, 0xd0, 0x33, 0x01, 0x3e, 0xe3, 0x33, 0x01, 0x13, 0x39, 0x90, 0x05, 0xfe, 0x50, 0x01, 0x3e, 0x87, 
0x51, 0x01, 0x0d, 0xbb, 0x04, 0x0d, 0x81, 0x08, 0x00, 0x00, 0x80, 0x3f, 0x3e, 0xfe, 0x07, 0x03, 0x0c, 0x39, 0x89, 0x05, 
0x86, 0x2a, 0x03, 0x3e, 0xff, 0x29, 0x01, 0x0c, 0x39, 0x8c, 0x05, 0xc8, 0x3c, 0x01, 0xbb, 0x04, 0x0c, 0xd1, 0x1d, 0x14, 
0x00, 0x00, 0x00, 0xbb, 0x04, 0x0c, 0x06, 0x15, 0x00, 0x00, 0x00, 0xbb, 0x04, 0x0d, 0xe1, 0x28, 0x00, 0x00, 0x00, 0x40, 
0x3e, 0x84, 0x0a, 0x03, 0x1d, 0x39, 0x9b, 0x05, 0xa0, 0x3a, 0x03, 0xbb, 0x04, 0x0b, 0xaf, 0x1c, 0x03, 0x00, 0x00, 0x00, 
0x3e, 0x8b, 0x1e, 0x03, 0x0d, 0x39, 0x9b, 0x05, 0x98, 0x2d, 0x03, 0xbc, 0x02, 0xb1, 0x2c, 0x0d, 0x8d, 0x14, 0xde, 0x02, 
0xf4, 0x08, 0x1d, 0x0d, 0xc0, 0x05, 0xc0, 0x05, 0x3e, 0xfa, 0x09, 0x03, 0xfa, 0x09, 0x39, 0xf7, 0x0e, 0x96, 0x2f, 0x03, 
0x3e, 0xe1, 0x42, 0x03, 0x13, 0x39, 0x91, 0x05, 0xe6, 0x45, 0x03, 0xc6, 0x06, 0x08, 0xb6, 0x08, 0x00, 0x82, 0x0a, 0x18, 
0xf4, 0x60, 0x01, 0x0c, 0xba, 0xa9, 0x01, 0x8c, 0x9c, 0x02, 0x22, 0xd4, 0xae, 0x02, 0x00, 0x01, 0x0c, 0xbf, 0x9f, 0x01, 
0x94, 0x8f, 0x01, 0x33, 0xe2, 0x05, 0xfa, 0x3d, 0xda, 0x19, 0x8b, 0x14, 0xd6, 0x61, 0x8b, 0x14, 0x01, 0x65, 0xbc, 0x7b, 
0xbc, 0x7b, 0x13, 0x8b, 0x05, 0x9b, 0x23, 0xcf, 0x2d, 0x8a, 0x14, 0x01, 0x0d, 0x9e, 0x23, 0x9e, 0x23, 0x13, 0x8b, 0x05, 
0xd1, 0x0f, 0xcf, 0x2d, 0x8d, 0x14, 0x01, 0x0d, 0x91, 0x9d, 0x01, 0x91, 0x9d, 0x01, 0xc3, 0x10, 0x0d, 0xd0, 0xb0, 0x01, 
0xbc, 0xfe, 0x02, 0xd0, 0xb0, 0x01, 0xc0, 0x0a, 0x13, 0xad, 0x12, 0xc1, 0x0e, 0xad, 0x12, 0x01, 0x1d, 0xc7, 0xca, 0x01, 
0xd6, 0x65, 0x3d, 0x18, 0x82, 0x41, 0x82, 0x41, 0x82, 0x41, 0x18, 0xc1, 0x0a, 0x0d, 0xdf, 0x66, 0xdf, 0x66, 0x00, 0xc1, 
0x0a, 0x1d, 0xa0, 0x84, 0x01, 0xc5, 0x7a, 0x00, 0xce, 0x10, 0x1d, 0xec, 0x1b, 0xec, 0x1b, 0x8c, 0xa0, 0x01, 0xc1, 0x0a, 
0x0d, 0xbe, 0x14, 0xea, 0x4d, 0x01, 0xc1, 0x0a, 0x1d, 0x99, 0xd0, 0x01, 0xb5, 0x9a, 0x02, 0x01, 0xce, 0x10, 0x1d, 0xde, 
0xbb, 0x01, 0xde, 0xbb, 0x01, 0xbb, 0x14, 0xc1, 0x0a, 0x0d, 0xbe, 0x14, 0xec, 0x4d, 0x02, 0xc1, 0x0a, 0x1d, 0x99, 0xd0, 
0x01, 0xb3, 0x9a, 0x02, 0x02, 0xce, 0x10, 0x1d, 0xfa, 0xc9, 0x01, 0xfa, 0xc9, 0x01, 0x9f, 0x06, 0xc1, 0x0a, 0x1d, 0xaf, 
0x7f, 0xe9, 0xcf, 0x01, 0x03, 0x4b, 0x1d, 0x95, 0x0d, 0xc5, 0x8c, 0x01, 0x95, 0x0d, 0x4b, 0x1d, 0xf6, 0x41, 0xb1, 0x3c, 
0xf6, 0x41, 0x4b, 0x1d, 0xaa, 0x1f, 0x85, 0x1d, 0xaa, 0x1f, 0xc0, 0x0a, 0xa4, 0x08, 0xba, 0x36, 0xe5, 0x36, 0xba, 0x36, 
0x23, 0xe2, 0x05, 0xb3, 0x28, 0xc5, 0x1f, 0x9a, 0x14, 0x8b, 0x14, 0x01, 0x65, 0xbf, 0x76, 0xbf, 0x76, 0xc1, 0x0a, 0x1d, 
0xd4, 0xc8, 0x01, 0xe0, 0x29, 0x01, 0xc1, 0x12, 0x1d, 0x93, 0xa6, 0x01, 0xc0, 0x22, 0x93, 0xa6, 0x01, 0x13, 0xe2, 0x05, 
0x9e, 0x18, 0xc5, 0x1f, 0x8b, 0x14, 0x01, 0x65, 0xb5, 0x57, 0xb5, 0x57, 0xc1, 0x12, 0x1d, 0xd3, 0x18, 0xd3, 0x18, 0xff, 
0xfd, 0x01, 0xc1, 0x0a, 0x0d, 0xa6, 0xc3, 0x01, 0xa6, 0xc3, 0x01, 0x02, 0x3f, 0x0d, 0xc3, 0x24, 0xc3, 0x24, 0x13, 0x8a, 
0x05, 0xae, 0x7d, 0xc5, 0x1f, 0xc7, 0x14, 0x01, 0x0d, 0xdd, 0x3b, 0xdd, 0x3b, 0x4a, 0x0d, 0xbb, 0x9a, 0x01, 0xeb, 0x58, 
0xbb, 0x9a, 0x01, 0x13, 0x8a, 0x05, 0x90, 0x27, 0xc5, 0x1f, 0xca, 0x14, 0x01, 0x0d, 0xb7, 0x51, 0xb7, 0x51, 0xc3, 0x10, 
0x0d, 0xa8, 0x87, 0x01, 0x80, 0x5d, 0xa8, 0x87, 0x01, 0x4a, 0x0d, 0xb7, 0x14, 0xb7, 0x14, 0xa8, 0xf1, 0x01, 0xc3, 0x10, 
0x0d, 0x9b, 0x5f, 0x9b, 0x5f, 0xaa, 0x90, 0x01, 0x13, 0x8d, 0x05, 0xba, 0xf7, 0x01, 0xab, 0x22, 0x93, 0x14, 0x22, 0x00, 
0xba, 0xf7, 0x01, 0x22, 0xc6, 0xd2, 0x02, 0xf0, 0xce, 0x01, 0xc1, 0x0a, 0x0d, 0x9f, 0x94, 0x02, 0xaf, 0x45, 0x01, 0x3f, 
0x0d, 0x94, 0xcd, 0x01, 0x94, 0xcd, 0x01, 0xd2, 0x0a, 0x1d, 0xe1, 0x3d, 0xe1, 0x3d, 0x82, 0x4a, 0x01, 0x13, 0x9b, 0x05, 
0xae, 0x19, 0xc2, 0x26, 0x8b, 0x14, 0x22, 0x00, 0xae, 0x19, 0x8d, 0x1e, 0x88, 0x06, 0x00, 0x00, 0x00, 0x00, 0x00, 0x00, 
0x70, 0x04, 0x00, 0x00, 0x00, 0x00, 0x00, 0x00, 0x4c, 0x4f, 0x4d, 0x53, 0x00, 0x03, 0x01, 0x00, 0x0b, 0x00, 0x08, 0x00, 
0x95, 0x60, 0x00, 0x00, 0x00, 0x00, 0x00, 0x00, 0xf4, 0x11, 0x00, 0x00, 0x91, 0x02, 0x01, 0xd1, 0x10, 0x02, 0x47, 0x4c, 
0x53, 0x4c, 0x2e, 0x73, 0x74, 0x64, 0x2e, 0x34, 0x35, 0x30, 0x00, 0x00, 0x00, 0x00, 0xa0, 0x04, 0x00, 0x01, 0xef, 0x0e, 
0x04, 0x9f, 0x2c, 0xed, 0xc2, 0xa5, 0xf3, 0x06, 0x00, 0xab, 0x22, 0xbf, 0x1c, 0xa0, 0x02, 0x9f, 0x2c, 0x07, 0x10, 0xa4, 
0x2c, 0x06, 0x40, 0x10, 0x02, 0x06, 0x40, 0x10, 0xab, 0x1d, 0x06, 0x10, 0x10, 0x9a, 0x01, 0x06, 0x10, 0x10, 0x02, 0x06, 
0x10, 0x10, 0x02, 0x06, 0x10, 0x10, 0x7a, 0x06, 0x10, 0x00, 0xd0, 0x1a, 0x02, 0x37, 0x00, 0x95, 0x00, 0x05, 0x00, 0x07, 
0x01, 0x10, 0x00, 0x23, 0x00, 0x01, 0x05, 0x00, 0x07, 0x01, 0x10, 0x00, 0x23, 0x40, 0x01, 0x05, 0x00, 0x07, 0x01, 0x10, 
0x00, 0x23, 0x40, 0x01, 0x05, 0x00, 0x07, 0x01, 0x10, 0x00, 0x23, 0x40, 0x01, 0x05, 0x00, 0x07, 0x01, 0x10, 0x00, 0x23, 
0x40, 0x01, 0x05, 0x00, 0x07, 0x01, 0x10, 0x00, 0x23, 0x80, 0x02, 0x01, 0x05, 0x00, 0x07, 0x01, 0x10, 0x00, 0x23, 0x80, 
0x02, 0x01, 0x05, 0x00, 0x07, 0x01, 0x10, 0x00, 0x23, 0x40, 0x01, 0x05, 0x00, 0x07, 0x01, 0x10, 0x00, 0x23, 0x30, 0x01, 
0x23, 0x40, 0x01, 0x23, 0x10, 0x01, 0x23, 0x08, 0x01, 0x23, 0x04, 0x01, 0x23, 0x04, 0x01, 0x23, 0x10, 0x01, 0x23, 0x10, 
0x01, 0x23, 0x08, 0x01, 0x23, 0x08, 0x01, 0x23, 0x04, 0x01, 0x00, 0x00, 0x23, 0x04, 0x01, 0x23, 0x08, 0x01, 0x23, 0x04, 
0x01, 0x23, 0x04, 0x01, 0x23, 0x04, 0x01, 0x23, 0x04, 0x01, 0x23, 0x04, 0x01, 0x00, 0x00, 0x23, 0x04, 0x01, 0x00, 0x00, 
0x23, 0x04, 0x01, 0x00, 0x00, 0x23, 0x04, 0x01, 0x00, 0x00, 0x23, 0x10, 0x01, 0x00, 0x00, 0x23, 0x0c, 0x01, 0x00, 0x00, 
0x23, 0x04, 0x01, 0x00, 0x00, 0x23, 0x08, 0x01, 0x00, 0x00, 0x23, 0x04, 0x01, 0x00, 0x00, 0x23, 0x04, 0x01, 0x00, 0x00, 
0x23, 0x04, 0x01, 0x23, 0x04, 0x01, 0x00, 0x00, 0x23, 0x04, 0x01, 0x00, 0x00, 0x23, 0x04, 0x01, 0x23, 0x90, 0x01, 0x01, 
0x00, 0x00, 0x23, 0x0c, 0x01, 0x23, 0x04, 0x01, 0x23, 0x10, 0x01, 0x23, 0x10, 0x01, 0x00, 0x00, 0x23, 0x08, 0x01, 0x00, 
0x00, 0x23, 0x04, 0x01, 0x23, 0x04, 0x01, 0x00, 0x00, 0x23, 0x08, 0x01, 0x00, 0x00, 0x23, 0x04, 0x01, 0x23, 0x04, 0x01, 
0x00, 0x00, 0x23, 0x10, 0x01, 0x00, 0x00, 0x23, 0x04, 0x01, 0x23, 0x04, 0x01, 0x00, 0x00, 0x23, 0x08, 0x01, 0x23, 0x04, 
0x01, 0x00, 0x00, 0x23, 0x04, 0x01, 0x00, 0x00, 0x23, 0x04, 0x01, 0x23, 0x04, 0x01, 0x23, 0x0c, 0x01, 0x23, 0x04, 0x01, 
0x23, 0x04, 0x01, 0x23, 0x04, 0x01, 0x23, 0x04, 0x01, 0x23, 0x04, 0x01, 0x23, 0x0c, 0x01, 0x23, 0x04, 0x01, 0x23, 0x04, 
0x01, 0x23, 0x04, 0x01, 0x23, 0x04, 0x01, 0x05, 0x00, 0x07, 0x01, 0x10, 0x00, 0x23, 0x04, 0x01, 0x23, 0x30, 0x01, 0x23, 
0x08, 0x01, 0x05, 0x00, 0x07, 0x01, 0x10, 0x00, 0x23, 0x08, 0x01, 0x05, 0x00, 0x07, 0x01, 0x10, 0x00, 0x23, 0x40, 0x01, 
0x00, 0x00, 0x23, 0x40, 0x01, 0x00, 0x00, 0x23, 0x04, 0x01, 0x00, 0x00, 0x23, 0x04, 0x01, 0x00, 0x00, 0x23, 0x04, 0x01, 
0x23, 0x04, 0x01, 0x23, 0x40, 0x01, 0x00, 0x00, 0x23, 0x04, 0x01, 0x00, 0x00, 0x23, 0x04, 0x01, 0x00, 0x00, 0x23, 0x04, 
0x01, 0x23, 0x04, 0x01, 0x23, 0x40, 0x01, 0x00, 0x00, 0x23, 0x40, 0x01, 0x00, 0x00, 0x23, 0x04, 0x01, 0x00, 0x00, 0x23, 
0x04, 0x01, 0x00, 0x00, 0x23, 0x04, 0x01, 0x00, 0x00, 0x23, 0x04, 0x10, 0xa8, 0x13, 0x21, 0x00, 0x10, 0x00, 0x22, 0x00, 
0x00, 0xcc, 0x05, 0x10, 0x10, 0x00, 0x1e, 0x06, 0x10, 0xd7, 0x0b, 0x1e, 0x00, 0x00, 0xec, 0x7d, 0x00, 0x93, 0x02, 0x0e, 
0xa1, 0x04, 0xf4, 0x13, 0x08, 0xa6, 0x02, 0xe9, 0x13, 0x20, 0xb7, 0x02, 0x20, 0x0d, 0x04, 0xb5, 0x02, 0x21, 0x20, 0x01, 
0xb8, 0x02, 0xb2, 0x01, 0x1d, 0x04, 0xb7, 0x02, 0x99, 0x01, 0x0d, 0x03, 0xb8, 0x02, 0x5c, 0x18, 0x03, 0xb5, 0x02, 0x75, 
0x20, 0x00, 0x3e, 0xfe, 0x09, 0x02, 0x0d, 0xbb, 0x04, 0x0b, 0x98, 0x1e, 0x04, 0x00, 0x00, 0x00, 0xbc, 0x02, 0xf8, 0x03, 
0x65, 0x96, 0x14, 0xbc, 0x02, 0x02, 0x65, 0x96, 0x14, 0xb7, 0x02, 0xff, 0x2b, 0x0d, 0x02, 0xb7, 0x02, 0x02, 0x0b, 0x03, 
0xbb, 0x04, 0x0b, 0xa2, 0x28, 0x09, 0x00, 0x00, 0x00, 0xbc, 0x02, 0xcf, 0x19, 0x18, 0xa5, 0x14, 0xbc, 0x02, 0x9a, 0x01, 
0x1d, 0x96, 0x14, 0xbc, 0x02, 0x02, 0x1d, 0x96, 0x14, 0xbc, 0x02, 0x02, 0x1d, 0x96, 0x14, 0xbc, 0x02, 0x7a, 0x1d, 0xa5, 
0x14, 0xbe, 0x83, 0xc0, 0x02, 0xd0, 0x1a, 0x65, 0x65, 0x65, 0x65, 0x92, 0x16, 0x93, 0x16, 0x65, 0x46, 0x65, 0x1d, 0x13, 
0x0d, 0x0d, 0x1d, 0x1d, 0x13, 0x13, 0x0d, 0x0d, 0x13, 0x0d, 0x0d, 0x0d, 0x0d, 0x0d, 0x0d, 0x0d, 0x0d, 0x1d, 0x14, 0x0c, 
0x13, 0x0c, 0x0c, 0x0c, 0x0c, 0x0d, 0x0d, 0xbd, 0x07, 0x18, 0x0d, 0x1d, 0x1d, 0x13, 0x0c, 0x0d, 0x13, 0x0d, 0x0d, 0x1d, 
0x0c, 0x0d, 0x13, 0x0d, 0x0d, 0x0d, 0x0b, 0x18, 0x0d, 0x0d, 0x0b, 0x0d, 0x0d, 0x18, 0x0d, 0x0d, 0x0d, 0x0d, 0x0d, 0x46, 
0x13, 0x13, 0x65, 0x65, 0x0d, 0x0d, 0x0d, 0x0d, 0x8a, 0x08, 0x0c, 0x0d, 0x0d, 0x0d, 0x8b, 0x08, 0x8c, 0x08, 0x0c, 0x0c, 
0x0c, 0x0c, 0xc9, 0x08, 0x3e, 0x8b, 0x25, 0x02, 0xf1, 0x15, 0x39, 0xab, 0x03, 0xb4, 0x38, 0x02, 0x3e, 0xd5, 0x34, 0x01, 
0x1d, 0x39, 0x9a, 0x05, 0xa2, 0x3a, 0x01, 0xbb, 0x04, 0x0b, 0xaf, 0x1c, 0x03, 0x00, 0x00, 0x00, 0x3e, 0x8f, 0x1e, 0x01, 
0x0d, 0x3e, 0x20, 0x03, 0x1d, 0x39, 0x9b, 0x05, 0xc8, 0x2e, 0x03, 0xbb, 0x04, 0x0c, 0xa3, 0x0e, 0x36, 0x00, 0x00, 0x00, 
0xbb, 0x04, 0x0c, 0x05, 0x35, 0x00, 0x00, 0x00, 0xbb, 0x04, 0x0d, 0xd1, 0x1d, 0x00, 0x00, 0x80, 0xbf, 0xbb, 0x04, 0x0d, 
0xa5, 0x07, 0x00, 0x00, 0x80, 0x3e, 0xc6, 0x06, 0x08, 0xe2, 0x52, 0x00, 0x82, 0x0a, 0x18, 0xe6, 0x55, 0x13, 0x8b, 0x05, 
0xcf, 0x1d, 0xab, 0x22, 0x93, 0x14, 0x01, 0x0d, 0xa2, 0x1d, 0xa2, 0x1d, 0x13, 0x8a, 0x05, 0xd0, 0xab, 0x01, 0xc5, 0x1f, 
0xad, 0x15, 0x01, 0x0d, 0x9c, 0x23, 0x9c, 0x23, 0x13, 0x8a, 0x05, 0x83, 0x0f, 0xc5, 0x1f, 0xaa, 0x15, 0x01, 0x0d, 0xf3, 
0xb6, 0x01, 0xf3, 0xb6, 0x01, 0x4a, 0x0d, 0x9c, 0x26, 0x9c, 0x26, 0x90, 0x2f, 0x5c, 0x0d, 0xd7, 0x62, 0x01, 0x1b, 0xc3, 
0x6e, 0xc8, 0x10, 0x0d, 0xf4, 0x92, 0x01, 0xa0, 0x80, 0x02, 0xf4, 0x92, 0x01, 0xc0, 0x0a, 0x13, 0xd7, 0x85, 0x01, 0x9c, 
0x0d, 0xd7, 0x85, 0x01, 0x4a, 0x13, 0xee, 0xf7, 0x01, 0xee, 0xf7, 0x01, 0xee, 0xf7, 0x01, 0xbf, 0x18, 0x0d, 0xe9, 0x5a, 
0x7b, 0x2b, 0x00, 0x00, 0xb0, 0x1a, 0x0d, 0xba, 0x49, 0x7b, 0x2b, 0x00, 0x00, 0x4a, 0x0d, 0x8d, 0x0b, 0xac, 0x3e, 0xac, 
0x3e, 0x4a, 0x0d, 0xe5, 0x68, 0xf3, 0x73, 0xf3, 0x73, 0x4b, 0x0d, 0xea, 0x0e, 0xfb, 0x59, 0xea, 0x0e, 0x4a, 0x0d, 0xf9, 
0x5e, 0xa8, 0xa4, 0x01, 0xf9, 0x5e, 0x4a, 0x0d, 0xd8, 0xcf, 0x01, 0xf2, 0xc2, 0x01, 0xf2, 0xc2, 0x01, 0xce, 0x10, 0x13, 
0xc5, 0x0e, 0xa1, 0x14, 0xc5, 0x0e, 0xce, 0x10, 0x13, 0x99, 0xd8, 0x01, 0x99, 0xd8, 0x01, 0x87, 0x17, 0x4b, 0x13, 0x8e, 
0x34, 0xad, 0xb8, 0x01, 0x8e, 0x34, 0xc0, 0x0a, 0x13, 0xa6, 0x60, 0xb1, 0x55, 0xb1, 0x55, 0x6c, 0x13, 0xf8, 0x5a, 0x01, 
0x25, 0xc5, 0x63, 0xd8, 0x93, 0x01, 0xc1, 0x0a, 0x0d, 0x9d, 0x92, 0x01, 0xc0, 0x68, 0x00, 0xc1, 0x0a, 0x0d, 0xb9, 0x24, 
0xd7, 0xb6, 0x01, 0x00, 0xc1, 0x0a, 0x0d, 0xc0, 0x8f, 0x01, 0xc6, 0xd3, 0x01, 0x01, 0xc1, 0x0a, 0x0d, 0xd1, 0x02, 0xe9, 
0x29, 0x01, 0xe0, 0x0a, 0x1d, 0xcd, 0x40, 0xe6, 0x27, 0xa0, 0x4c, 0x9f, 0x43, 0xcd, 0x40, 0x22, 0xf2, 0xde, 0x01, 0x00, 
0x8d, 0x1e, 0x88, 0x06, 0xee, 0x07, 0x00, 0x00, 0x00, 0x00, 0x00, 0x00, 0x4c, 0x4f, 0x4d, 0x53, 0x00, 0x03, 0x01, 0x00, 
0x0b, 0x00, 0x08, 0x00, 0x7d, 0x62, 0x00, 0x00, 0x00, 0x00, 0x00, 0x00, 0xb8, 0x1a, 0x00, 0x00, 0x91, 0x02, 0x01, 0x91, 
0x02, 0x20, 0xd1, 0x10, 0x02, 0x47, 0x4c, 0x53, 0x4c, 0x2e, 0x73, 0x74, 0x64, 0x2e, 0x34, 0x35, 0x30, 0x00, 0x00, 0x00, 
0x00, 0xa0, 0x04, 0x00, 0x01, 0xcf, 0x0f, 0x00, 0x9f, 0x2c, 0xed, 0xc2, 0xa5, 0xf3, 0x06, 0x00, 0x8c, 0x1a, 0x82, 0x1f, 
0xcf, 0x2d, 0xb0, 0x23, 0xab, 0x22, 0xd9, 0x1b, 0xc2, 0x26, 0x84, 0x28, 0x10, 0xdc, 0x16, 0x06, 0x10, 0x37, 0xcf, 0x07, 
0x0b, 0x00, 0x05, 0x00, 0x07, 0x01, 0x10, 0x00, 0x23, 0x00, 0x01, 0x05, 0x00, 0x07, 0x01, 0x10, 0x00, 0x23, 0x40, 0x01, 
0x23, 0x30, 0x01, 0x23, 0x04, 0x01, 0x23, 0x04, 0x01, 0x23, 0x04, 0x01, 0x23, 0x04, 0x10, 0xba, 0x3f, 0x01, 0x01, 0x10, 
0x97, 0x40, 0x06, 0x80, 0x02, 0x00, 0xac, 0x1d, 0x02, 0x47, 0x00, 0x01, 0x00, 0x23, 0x00, 0x10, 0xda, 0x07, 0x21, 0x00, 
0x10, 0x00, 0x22, 0x01, 0x00, 0x64, 0x0e, 0x10, 0x00, 0x1e, 0x0a, 0x10, 0xb2, 0x21, 0x01, 0x08, 0x10, 0xc7, 0x32, 0x06, 
0x40, 0x10, 0x02, 0x06, 0x40, 0x10, 0xe9, 0x0d, 0x06, 0x10, 0x10, 0xbe, 0x03, 0x06, 0x10, 0x10, 0x02, 0x06, 0x10, 0x10, 
0x02, 0x06, 0x10, 0x10, 0x50, 0x06, 0x10, 0x00, 0x9f, 0x16, 0x02, 0x37, 0x00, 0x95, 0x00, 0x05, 0x00, 0x07, 0x01, 0x10, 
0x00, 0x23, 0x00, 0x01, 0x05, 0x00, 0x07, 0x01, 0x10, 0x00, 0x23, 0x40, 0x01, 0x05, 0x00, 0x07, 0x01, 0x10, 0x00, 0x23, 
0x40, 0x01, 0x05, 0x00, 0x07, 0x01, 0x10, 0x00, 0x23, 0x40, 0x01, 0x05, 0x00, 0x07, 0x01, 0x10, 0x00, 0x23, 0x40, 0x01, 
0x05, 0x00, 0x07, 0x01, 0x10, 0x00, 0x23, 0x80, 0x02, 0x01, 0x05, 0x00, 0x07, 0x01, 0x10, 0x00, 0x23, 0x80, 0x02, 0x01, 
0x05, 0x00, 0x07, 0x01, 0x10, 0x00, 0x23, 0x40, 0x01, 0x05, 0x00, 0x07, 0x01, 0x10, 0x00, 0x23, 0x30, 0x01, 0x23, 0x40, 
0x01, 0x23, 0x10, 0x01, 0x23, 0x08, 0x01, 0x23, 0x04, 0x01, 0x23, 0x04, 0x01, 0x23, 0x10, 0x01, 0x23, 0x10, 0x01, 0x23, 
0x08, 0x01, 0x23, 0x08, 0x01, 0x23, 0x04, 0x01, 0x00, 0x00, 0x23, 0x04, 0x01, 0x23, 0x08, 0x01, 0x23, 0x04, 0x01, 0x23, 
0x04, 0x01, 0x23, 0x04, 0x01, 0x23, 0x04, 0x01, 0x23, 0x04, 0x01, 0x00, 0x00, 0x23, 0x04, 0x01, 0x00, 0x00, 0x23, 0x04, 
0x01, 0x00, 0x00, 0x23, 0x04, 0x01, 0x00, 0x00, 0x23, 0x10, 0x01, 0x00, 0x00, 0x23, 0x0c, 0x01, 0x00, 0x00, 0x23, 0x04, 
0x01, 0x00, 0x00, 0x23, 0x08, 0x01, 0x00, 0x00, 0x23, 0x04, 0x01, 0x00, 0x00, 0x23, 0x04, 0x01, 0x00, 0x00, 0x23, 0x04, 
0x01, 0x23, 0x04, 0x01, 0x00, 0x00, 0x23, 0x04, 0x01, 0x00, 0x00, 0x23, 0x04, 0x01, 0x23, 0x90, 0x01, 0x01, 0x00, 0x00, 
0x23, 0x0c, 0x01, 0x23, 0x04, 0x01, 0x23, 0x10, 0x01, 0x23, 0x10, 0x01, 0x00, 0x00, 0x23, 0x08, 0x01, 0x00, 0x00, 0x23, 
0x04, 0x01, 0x23, 0x04, 0x01, 0x00, 0x00, 0x23, 0x08, 0x01, 0x00, 0x00, 0x23, 0x04, 0x01, 0x23, 0x04, 0x01, 0x00, 0x00, 
0x23, 0x10, 0x01, 0x00, 0x00, 0x23, 0x04, 0x01, 0x23, 0x04, 0x01, 0x00, 0x00, 0x23, 0x08, 0x01, 0x23, 0x04, 0x01, 0x00, 
0x00, 0x23, 0x04, 0x01, 0x00, 0x00, 0x23, 0x04, 0x01, 0x23, 0x04, 0x01, 0x23, 0x0c, 0x01, 0x23, 0x04, 0x01, 0x23, 0x04, 
0x01, 0x23, 0x04, 0x01, 0x23, 0x04, 0x01, 0x23, 0x04, 0x01, 0x23, 0x0c, 0x01, 0x23, 0x04, 0x01, 0x23, 0x04, 0x01, 0x23, 
0x04, 0x01, 0x23, 0x04, 0x01, 0x05, 0x00, 0x07, 0x01, 0x10, 0x00, 0x23, 0x04, 0x01, 0x23, 0x30, 0x01, 0x23, 0x08, 0x01, 
0x05, 0x00, 0x07, 0x01, 0x10, 0x00, 0x23, 0x08, 0x01, 0x05, 0x00, 0x07, 0x01, 0x10, 0x00, 0x23, 0x40, 0x01, 0x00, 0x00, 
0x23, 0x40, 0x01, 0x00, 0x00, 0x23, 0x04, 0x01, 0x00, 0x00, 0x23, 0x04, 0x01, 0x00, 0x00, 0x23, 0x04, 0x01, 0x23, 0x04, 
0x01, 0x23, 0x40, 0x01, 0x00, 0x00, 0x23, 0x04, 0x01, 0x00, 0x00, 0x23, 0x04, 0x01, 0x00, 0x00, 0x23, 0x04, 0x01, 0x23, 
0x04, 0x01, 0x23, 0x40, 0x01, 0x00, 0x00, 0x23, 0x40, 0x01, 0x00, 0x00, 0x23, 0x04, 0x01, 0x00, 0x00, 0x23, 0x04, 0x01, 
0x00, 0x00, 0x23, 0x04, 0x01, 0x00, 0x00, 0x23, 0x04, 0x10, 0xfe, 0x3b, 0x21, 0x00, 0x10, 0x00, 0x22, 0x00, 0x10, 0x85, 
0x01, 0x1e, 0x00, 0x10, 0x9a, 0x1d, 0x1e, 0x03, 0x10, 0xbd, 0x14, 0x0b, 0x2b, 0x00, 0x89, 0x02, 0x10, 0x10, 0x00, 0x1e, 
0x06, 0x10, 0xa3, 0x0d, 0x1e, 0x09, 0x00, 0x93, 0x22, 0x02, 0x47, 0x00, 0x04, 0x00, 0x0b, 0x01, 0x00, 0x01, 0x0b, 0x01, 
0x01, 0x01, 0x0b, 0x01, 0x03, 0x01, 0x0b, 0x01, 0x04, 0x10, 0xea, 0x3a, 0x1e, 0x05, 0x93, 0x02, 0x0e, 0xa1, 0x04, 0xf4, 
0x13, 0x08, 0xa6, 0x02, 0xe9, 0x13, 0x20, 0xb7, 0x02, 0x20, 0x0d, 0x04, 0xb8, 0x02, 0x90, 0x01, 0x1d, 0x04, 0xb7, 0x02, 
0x99, 0x01, 0x0d, 0x03, 0xb5, 0x02, 0x17, 0x20, 0x01, 0xb7, 0x02, 0x0e, 0x0d, 0x02, 0xbe, 0x02, 0xa2, 0x10, 0x13, 0x1d, 
0xb5, 0x02, 0xb1, 0x10, 0x20, 0x00, 0xbb, 0x04, 0x0b, 0xfe, 0x27, 0x00, 0x00, 0x00, 0x00, 0xbb, 0x04, 0x0c, 0x02, 0x00, 
0x00, 0x00, 0x00, 0xbb, 0x04, 0x0b, 0x04, 0x01, 0x00, 0x00, 0x00, 0xbb, 0x04, 0x0c, 0x02, 0x01, 0x00, 0x00, 0x00, 0xbb, 
0x04, 0x0b, 0x04, 0x02, 0x00, 0x00, 0x00, 0xbb, 0x04, 0x0c, 0x02, 0x02, 0x00, 0x00, 0x00, 0xb8, 0x02, 0x95, 0x27, 0x18, 
0x03, 0xbb, 0x04, 0x0b, 0xb8, 0x27, 0x08, 0x00, 0x00, 0x00, 0xbc, 0x02, 0xe7, 0x11, 0x1d, 0xa2, 0x14, 0x8e, 0x03, 0xcf, 
0x07, 0x65, 0x46, 0x0c, 0x0c, 0x0c, 0x0d, 0xae, 0x0b, 0xb2, 0x06, 0x0c, 0xba, 0x3f, 0x40, 0x00, 0x00, 0x00, 0xbc, 0x02, 
0x97, 0x40, 0xc6, 0x07, 0xa3, 0x27, 0xae, 0x02, 0xac, 0x1d, 0x97, 0x07, 0x3e, 0x8b, 0x25, 0x02, 0xed, 0x15, 0x39, 0xa7, 
0x03, 0xe6, 0x2c, 0x02, 0x3e, 0xef, 0x27, 0x02, 0x65, 0xbb, 0x04, 0x0c, 0xf0, 0x1c, 0x05, 0x00, 0x00, 0x00, 0x3e, 0x9f, 
0x1e, 0x02, 0x0d, 0x3e, 0x01, 0x03, 0x0c, 0x39, 0x89, 0x05, 0x86, 0x2a, 0x03, 0xb2, 0x06, 0x0c, 0xb2, 0x21, 0x02, 0x00, 
0x00, 0x00, 0xbb, 0x04, 0x0b, 0x9d, 0x2d, 0x04, 0x00, 0x00, 0x00, 0xbc, 0x02, 0xa9, 0x05, 0x65, 0x96, 0x14, 0xbc, 0x02, 
0x02, 0x65, 0x96, 0x14, 0xb7, 0x02, 0xdb, 0x22, 0x0b, 0x03, 0xbb, 0x04, 0x0b, 0xa2, 0x28, 0x09, 0x00, 0x00, 0x00, 0xbc, 
0x02, 0xaf, 0x13, 0x18, 0xa5, 0x14, 0xbc, 0x02, 0xbe, 0x03, 0x1d, 0x96, 0x14, 0xbc, 0x02, 0x02, 0x1d, 0x96, 0x14, 0xbc, 
0x02, 0x02, 0x1d, 0x96, 0x14, 0xbc, 0x02, 0x50, 0x1d, 0xa5, 0x14, 0xbe, 0x83, 0xc0, 0x02, 0x9f, 0x16, 0x65, 0x65, 0x65, 
0x65, 0xc1, 0x11, 0xc2, 0x11, 0x65, 0x46, 0x65, 0x1d, 0x13, 0x0d, 0x0d, 0x1d, 0x1d, 0x13, 0x13, 0x0d, 0x0d, 0x13, 0x0d, 
0x0d, 0x0d, 0x0d, 0x0d, 0x0d, 0x0d, 0x0d, 0x1d, 0x14, 0x0c, 0x13, 0x0c, 0x0c, 0x0c, 0x0c, 0x0d, 0x0d, 0xcd, 0x0a, 0x18, 
0x0d, 0x1d, 0x1d, 0x13, 0x0c, 0x0d, 0x13, 0x0d, 0x0d, 0x1d, 0x0c, 0x0d, 0x13, 0x0d, 0x0d, 0x0d, 0x0b, 0x18, 0x0d, 0x0d, 
0x0b, 0x0d, 0x0d, 0x18, 0x0d, 0x0d, 0x0d, 0x0d, 0x0d, 0x46, 0x13, 0x13, 0x65, 0x65, 0x0d, 0x0d, 0x0d, 0x0d, 0xac, 0x0c, 
0x0c, 0x0d, 0x0d, 0x0d, 0xad, 0x0c, 0xae, 0x0c, 0x0c, 0x0c, 0x0c, 0x0c, 0xd6, 0x0c, 0x3e, 0xfa, 0x09, 0x02, 0xc6, 0x01, 
0x39, 0xc3, 0x06, 0x84, 0x32, 0x02, 0x3e, 0xd5, 0x34, 0x01, 0x1d, 0x39, 0x9a, 0x05, 0xd0, 0x33, 0x01, 0x3e, 0xe3, 0x33, 
0x01, 0x13, 0x39, 0x90, 0x05, 0xfe, 0x50, 0x01, 0x3e, 0x87, 0x51, 0x01, 0x0d, 0xbb, 0x04, 0x0d, 0x81, 0x08, 0x00, 0x00, 
0x80, 0x3f, 0x3e, 0x84, 0x08, 0x01, 0x0c, 0x39, 0x8c, 0x05, 0xc8, 0x3c, 0x01, 0xbb, 0x04, 0x0c, 0xd1, 0x1d, 0x14, 0x00, 
0x00, 0x00, 0xbb, 0x04, 0x0c, 0x06, 0x15, 0x00, 0x00, 0x00, 0xbb, 0x04, 0x0d, 0xe1, 0x28, 0x00, 0x00, 0x00, 0x40, 0x3e, 
0x84, 0x0a, 0x03, 0x1d, 0x39, 0x9b, 0x05, 0xa0, 0x3a, 0x03, 0xbb, 0x04, 0x0b, 0xaf, 0x1c, 0x03, 0x00, 0x00, 0x00, 0x3e, 
0x8b, 0x1e, 0x03, 0x0d, 0x39, 0x9b, 0x05, 0x98, 0x2d, 0x03, 0xbb, 0x04, 0x0d, 0xaf, 0x2a, 0x00, 0x00, 0x80, 0xbf, 0xbc, 
0x02, 0xe3, 0x01, 0x0d, 0x90, 0x14, 0xbc, 0x02, 0x13, 0x0d, 0x8d, 0x14, 0xde, 0x02, 0x94, 0x0a, 0x1d, 0x0d, 0xcf, 0x05, 
0xc5, 0x05, 0x3e, 0xfa, 0x09, 0x03, 0xcf, 0x0a, 0x39, 0xcc, 0x0f, 0xec, 0x2d, 0x03, 0x3e, 0xe1, 0x42, 0x03, 0x13, 0x39, 
0x91, 0x05, 0xe6, 0x45, 0x03, 0xc6, 0x06, 0x08, 0xb6, 0x08, 0x00, 0x82, 0x0a, 0x18, 0xf4, 0x60, 0x01, 0x0c, 0xba, 0xa9, 
0x01, 0x8c, 0x9c, 0x02, 0x22, 0xd4, 0xae, 0x02, 0x00, 0x01, 0x0c, 0xc5, 0x31, 0x8e, 0xfd, 0x01, 0xc7, 0x10, 0x0c, 0xc7, 
0x51, 0xc7, 0x51, 0x94, 0x8a, 0x01, 0x33, 0xe2, 0x05, 0xeb, 0x2a, 0xda, 0x19, 0x8b, 0x14, 0xef, 0x6f, 0x8b, 0x14, 0x01, 
0x65, 0x96, 0x80, 0x01, 0x96, 0x80, 0x01, 0x13, 0x8b, 0x05, 0xbe, 0x24, 0xcf, 0x2d, 0x8a, 0x14, 0x01, 0x0d, 0x9c, 0x23, 
0x9c, 0x23, 0x13, 0x8b, 0x05, 0xcf, 0x0f, 0xcf, 0x2d, 0x8d, 0x14, 0x01, 0x0d, 0x91, 0x9d, 0x01, 0x91, 0x9d, 0x01, 0xc3, 
0x10, 0x0d, 0xd0, 0xb0, 0x01, 0xbc, 0xfe, 0x02, 0xd0, 0xb0, 0x01, 0xc0, 0x0a, 0x13, 0xad, 0x12, 0xbf, 0x0e, 0xad, 0x12, 
0x01, 0x1d, 0xc7, 0xca, 0x01, 0xd6, 0x65, 0x3d, 0x18, 0x82, 0x41, 0x82, 0x41, 0x82, 0x41, 0x18, 0xc1, 0x0a, 0x0d, 0xdf, 
0x66, 0xdf, 0x66, 0x00, 0xc1, 0x0a, 0x1d, 0xa0, 0x84, 0x01, 0xeb, 0x32, 0x00, 0xce, 0x10, 0x1d, 0xec, 0x1b, 0xec, 0x1b, 
0x8c, 0xa0, 0x01, 0xc1, 0x0a, 0x0d, 0xbe, 0x14, 0xea, 0x4d, 0x01, 0xc1, 0x0a, 0x1d, 0x99, 0xd0, 0x01, 0xdb, 0xd2, 0x01, 
0x01, 0xce, 0x10, 0x1d, 0xde, 0xbb, 0x01, 0xde, 0xbb, 0x01, 0xbb, 0x14, 0xc1, 0x0a, 0x0d, 0xbe, 0x14, 0xec, 0x4d, 0x02, 
0xc1, 0x0a, 0x1d, 0x99, 0xd0, 0x01, 0xd9, 0xd2, 0x01, 0x02, 0xce, 0x10, 0x1d, 0xfa, 0xc9, 0x01, 0xfa, 0xc9, 0x01, 0x9f, 
0x06, 0xc1, 0x0a, 0x1d, 0xaf, 0x7f, 0x8f, 0x88, 0x01, 0x03, 0x4b, 0x1d, 0x95, 0x0d, 0xc5, 0x8c, 0x01, 0x95, 0x0d, 0x4b, 
0x1d, 0xf6, 0x41, 0xb1, 0x3c, 0xf6, 0x41, 0x4b, 0x1d, 0x92, 0x1e, 0x9d, 0x1e, 0x92, 0x1e, 0xc0, 0x0a, 0xa4, 0x08, 0xce, 
0x59, 0xe9, 0x14, 0xce, 0x59, 0x01, 0x0c, 0xf1, 0x4b, 0xae, 0xd9, 0x01, 0xcb, 0x10, 0x0c, 0x92, 0x3f, 0x92, 0x3f, 0x8e, 
0xf7, 0x01, 0x23, 0xe2, 0x05, 0xbe, 0x22, 0xc5, 0x1f, 0x9a, 0x14, 0xac, 0xa6, 0x01, 0x01, 0x65, 0xf3, 0x7e, 0xf3, 0x7e, 
0xc1, 0x0a, 0x1d, 0xfa, 0x70, 0xe4, 0x07, 0x01, 0xc1, 0x12, 0x1d, 0x93, 0xa6, 0x01, 0x99, 0x35, 0x93, 0xa6, 0x01, 0x13, 
0xe2, 0x05, 0x9e, 0x18, 0xc5, 0x1f, 0x8b, 0x14, 0x01, 0x65, 0xb5, 0x57, 0xb5, 0x57, 0xc1, 0x12, 0x1d, 0xd3, 0x18, 0xd3, 
0x18, 0xff, 0xfd, 0x01, 0xc1, 0x0a, 0x0d, 0xa6, 0xc3, 0x01, 0xa6, 0xc3, 0x01, 0x02, 0x3f, 0x0d, 0xc3, 0x24, 0xc3, 0x24, 
0x13, 0x8a, 0x05, 0xae, 0x7d, 0xc5, 0x1f, 0xc7, 0x14, 0x01, 0x0d, 0xdd, 0x3b, 0xdd, 0x3b, 0x4a, 0x0d, 0xbb, 0x9a, 0x01, 
0xeb, 0x58, 0xbb, 0x9a, 0x01, 0x13, 0x8a, 0x05, 0x90, 0x27, 0xc5, 0x1f, 0xca, 0x14, 0x01, 0x0d, 0xb7, 0x51, 0xb7, 0x51, 
0xc3, 0x10, 0x0d, 0xa8, 0x87, 0x01, 0x80, 0x5d, 0xa8, 0x87, 0x01, 0x4a, 0x0d, 0xb7, 0x14, 0xb7, 0x14, 0xa8, 0xf1, 0x01, 
0xc3, 0x10, 0x0d, 0x9b, 0x5f, 0x9b, 0x5f, 0xaa, 0x90, 0x01, 0x13, 0x8d, 0x05, 0xba, 0xf7, 0x01, 0xab, 0x22, 0x93, 0x14, 
0x22, 0x00, 0xba, 0xf7, 0x01, 0x22, 0xc6, 0xd2, 0x02, 0xf0, 0xce, 0x01, 0x01, 0x0c, 0xd1, 0x7b, 0x8e, 0xda, 0x01, 0xcb, 
0x10, 0x0c, 0xdd, 0x40, 0xdd, 0x40, 0xfe, 0x77, 0xbf, 0x0c, 0x0d, 0xdb, 0x36, 0xa2, 0x41, 0xc8, 0x10, 0x0d, 0xbe, 0x47, 
0xf8, 0xdd, 0x01, 0xbe, 0x47, 0xc8, 0x10, 0x0d, 0xab, 0x2a, 0xab, 0x2a, 0xcc, 0xb3, 0x01, 0x4b, 0x0d, 0x94, 0x78, 0x90, 
0x9f, 0x02, 0x94, 0x78, 0xbf, 0x0c, 0x0d, 0x8f, 0x0c, 0xba, 0x52, 0x4a, 0x0d, 0xa0, 0x10, 0xf8, 0x51, 0xa0, 0x10, 0x4b, 
0x0d, 0xa3, 0x8a, 0x01, 0x93, 0x86, 0x01, 0xa3, 0x8a, 0x01, 0xc8, 0x10, 0x0d, 0xf0, 0x37, 0xda, 0xdb, 0x01, 0x82, 0x47, 
0xc1, 0x0a, 0x0d, 0xfc, 0x96, 0x01, 0xe2, 0xb9, 0x01, 0x00, 0x4a, 0x0d, 0xf6, 0x08, 0xf6, 0x08, 0xf2, 0x9f, 0x01, 0xd2, 
0x0a, 0x1d, 0x89, 0x8b, 0x02, 0x89, 0x8b, 0x02, 0xb1, 0x48, 0x00, 0xc1, 0x0a, 0x0d, 0x90, 0xef, 0x01, 0x90, 0xef, 0x01, 
0x03, 0x4a, 0x0d, 0x8f, 0x83, 0x01, 0xd8, 0x38, 0x8f, 0x83, 0x01, 0xc1, 0x0a, 0x0d, 0xef, 0x7c, 0xef, 0x10, 0x00, 0x4b, 
0x0d, 0xd8, 0xd4, 0x01, 0xd8, 0xd4, 0x01, 0xe8, 0x57, 0xd2, 0x0a, 0x1d, 0xf9, 0x4f, 0xf9, 0x4f, 0xee, 0x73, 0x00, 0xc1, 
0x0a, 0x0d, 0xa2, 0x4e, 0xa2, 0x4e, 0x00, 0xc3, 0x10, 0x0d, 0xf1, 0x7e, 0xe0, 0xb3, 0x01, 0xad, 0x7a, 0xc1, 0x0a, 0x0d, 
0x97, 0x49, 0xe7, 0x79, 0x03, 0x4a, 0x0d, 0xb0, 0x93, 0x01, 0x98, 0x4a, 0xb0, 0x93, 0x01, 0x4b, 0x0d, 0x87, 0x22, 0xe1, 
0x56, 0x87, 0x22, 0xc0, 0x10, 0x0c, 0xf4, 0x30, 0xb0, 0x41, 0xdc, 0xe6, 0x01, 0xbf, 0x0c, 0x0d, 0xd8, 0x54, 0xd8, 0x54, 
0x4a, 0x0d, 0xe7, 0x13, 0xbe, 0x71, 0xe7, 0x13, 0xc3, 0x10, 0x0d, 0xc1, 0x69, 0x92, 0xe4, 0x01, 0xc1, 0x69, 0x4a, 0x0d, 
0x8b, 0x50, 0x8b, 0x50, 0xbe, 0x29, 0x4b, 0x0d, 0xd5, 0x2d, 0xa1, 0xcc, 0x01, 0xd5, 0x2d, 0x23, 0x8d, 0x05, 0xb2, 0x77, 
0xc2, 0x26, 0x91, 0x14, 0x8b, 0x14, 0x22, 0x00, 0xf2, 0x01, 0x3f, 0x0d, 0xe0, 0x71, 0x92, 0xe9, 0x01, 0x23, 0x8d, 0x05, 
0xaa, 0x28, 0xc2, 0x26, 0x91, 0x14, 0x8e, 0x14, 0x22, 0x00, 0xaa, 0x28, 0xc1, 0x0a, 0x0d, 0xf9, 0x90, 0x02, 0xbd, 0x7d, 
0x01, 0x3f, 0x0d, 0xe6, 0xd9, 0x01, 0xe6, 0xd9, 0x01, 0xd2, 0x0a, 0x1d, 0xe1, 0x3d, 0xe1, 0x3d, 0xc6, 0x1e, 0x01, 0x13, 
0x9b, 0x05, 0xab, 0x1f, 0xc2, 0x26, 0x8b, 0x14, 0x22, 0x00, 0xab, 0x1f, 0x22, 0xc6, 0xb1, 0x01, 0x80, 0x06, 0x8d, 0x1e, 
0x88, 0x06, 0x00, 0x00, 0x7c, 0x11, 0x00, 0x00, 0x00, 0x00, 0x00, 0x00, 0x4c, 0x4f, 0x4d, 0x53, 0x00, 0x03, 0x01, 0x00, 
0x0b, 0x00, 0x08, 0x00, 0x7d, 0x62, 0x00, 0x00, 0x00, 0x00, 0x00, 0x00, 0x34, 0x30, 0x00, 0x00, 0x91, 0x02, 0x01, 0xd1, 
0x10, 0x02, 0x47, 0x4c, 0x53, 0x4c, 0x2e, 0x73, 0x74, 0x64, 0x2e, 0x34, 0x35, 0x30, 0x00, 0x00, 0x00, 0x00, 0xa0, 0x04, 
0x00, 0x01, 0xff, 0x0f, 0x00, 0x9f, 0x2c, 0xed, 0xc2, 0xa5, 0xf3, 0x06, 0x00, 0xa9, 0x20, 0x82, 0x1f, 0xaf, 0x2e, 0x93, 
0x2d, 0xcf, 0x2d, 0x8c, 0x1a, 0xb0, 0x23, 0xab, 0x22, 0xd9, 0x1b, 0xc2, 0x26, 0x84, 0x28, 0x10, 0xce, 0x1d, 0x06, 0x10, 
0x37, 0xb7, 0x06, 0x0b, 0x00, 0x05, 0x00, 0x07, 0x01, 0x10, 0x00, 0x23, 0x00, 0x01, 0x05, 0x00, 0x07, 0x01, 0x10, 0x00, 
0x23, 0x40, 0x01, 0x23, 0x30, 0x01, 0x23, 0x04, 0x01, 0x23, 0x04, 0x01, 0x23, 0x04, 0x01, 0x23, 0x04, 0x10, 0xb0, 0x37, 
0x01, 0x01, 0x10, 0x89, 0x21, 0x06, 0x80, 0x02, 0x00, 0xd1, 0x21, 0x02, 0x47, 0x00, 0x01, 0x00, 0x23, 0x00, 0x10, 0xca, 
0x27, 0x21, 0x00, 0x10, 0x00, 0x22, 0x01, 0x10, 0xf5, 0x20, 0x06, 0x40, 0x10, 0x02, 0x06, 0x40, 0x10, 0xfa, 0x07, 0x06, 
0x10, 0x10, 0x90, 0x05, 0x06, 0x10, 0x10, 0x02, 0x06, 0x10, 0x10, 0x02, 0x06, 0x10, 0x10, 0x50, 0x06, 0x10, 0x00, 0xe5, 
0x1d, 0x02, 0x37, 0x00, 0x95, 0x00, 0x05, 0x00, 0x07, 0x01, 0x10, 0x00, 0x23, 0x00, 0x01, 0x05, 0x00, 0x07, 0x01, 0x10, 
0x00, 0x23, 0x40, 0x01, 0x05, 0x00, 0x07, 0x01, 0x10, 0x00, 0x23, 0x40, 0x01, 0x05, 0x00, 0x07, 0x01, 0x10, 0x00, 0x23, 
0x40, 0x01, 0x05, 0x00, 0x07, 0x01, 0x10, 0x00, 0x23, 0x40, 0x01, 0x05, 0x00, 0x07, 0x01, 0x10, 0x00, 0x23, 0x80, 0x02, 
0x01, 0x05, 0x00, 0x07, 0x01, 0x10, 0x00, 0x23, 0x80, 0x02, 0x01, 0x05, 0x00, 0x07, 0x01, 0x10, 0x00, 0x23, 0x40, 0x01, 
0x05, 0x00, 0x07, 0x01, 0x10, 0x00, 0x23, 0x30, 0x01, 0x23, 0x40, 0x01, 0x23, 0x10, 0x01, 0x23, 0x08, 0x01, 0x23, 0x04, 
0x01, 0x23, 0x04, 0x01, 0x23, 0x10, 0x01, 0x23, 0x10, 0x01, 0x23, 0x08, 0x01, 0x23, 0x08, 0x01, 0x23, 0x04, 0x01, 0x00, 
0x00, 0x23, 0x04, 0x01, 0x23, 0x08, 0x01, 0x23, 0x04, 0x01, 0x23, 0x04, 0x01, 0x23, 0x04, 0x01, 0x23, 0x04, 0x01, 0x23, 
0x04, 0x01, 0x00, 0x00, 0x23, 0x04, 0x01, 0x00, 0x00, 0x23, 0x04, 0x01, 0x00, 0x00, 0x23, 0x04, 0x01, 0x00, 0x00, 0x23, 
0x10, 0x01, 0x00, 0x00, 0x23, 0x0c, 0x01, 0x00, 0x00, 0x23, 0x04, 0x01, 0x00, 0x00, 0x23, 0x08, 0x01, 0x00, 0x00, 0x23, 
0x04, 0x01, 0x00, 0x00, 0x23, 0x04, 0x01, 0x00, 0x00, 0x23, 0x04, 0x01, 0x23, 0x04, 0x01, 0x00, 0x00, 0x23, 0x04, 0x01, 
0x00, 0x00, 0x23, 0x04, 0x01, 0x23, 0x90, 0x01, 0x01, 0x00, 0x00, 0x23, 0x0c, 0x01, 0x23, 0x04, 0x01, 0x23, 0x10, 0x01, 
0x23, 0x10, 0x01, 0x00, 0x00, 0x23, 0x08, 0x01, 0x00, 0x00, 0x23, 0x04, 0x01, 0x23, 0x04, 0x01, 0x00, 0x00, 0x23, 0x08, 
0x01, 0x00, 0x00, 0x23, 0x04, 0x01, 0x23, 0x04, 0x01, 0x00, 0x00, 0x23, 0x10, 0x01, 0x00, 0x00, 0x23, 0x04, 0x01, 0x23, 
0x04, 0x01, 0x00, 0x00, 0x23, 0x08, 0x01, 0x23, 0x04, 0x01, 0x00, 0x00, 0x23, 0x04, 0x01, 0x00, 0x00, 0x23, 0x04, 0x01, 
0x23, 0x04, 0x01, 0x23, 0x0c, 0x01, 0x23, 0x04, 0x01, 0x23, 0x04, 0x01, 0x23, 0x04, 0x01, 0x23, 0x04, 0x01, 0x23, 0x04, 
0x01, 0x23, 0x0c, 0x01, 0x23, 0x04, 0x01, 0x23, 0x04, 0x01, 0x23, 0x04, 0x01, 0x23, 0x04, 0x01, 0x05, 0x00, 0x07, 0x01, 
0x10, 0x00, 0x23, 0x04, 0x01, 0x23, 0x30, 0x01, 0x23, 0x08, 0x01, 0x05, 0x00, 0x07, 0x01, 0x10, 0x00, 0x23, 0x08, 0x01, 
0x05, 0x00, 0x07, 0x01, 0x10, 0x00, 0x23, 0x40, 0x01, 0x00, 0x00, 0x23, 0x40, 0x01, 0x00, 0x00, 0x23, 0x04, 0x01, 0x00, 
0x00, 0x23, 0x04, 0x01, 0x00, 0x00, 0x23, 0x04, 0x01, 0x23, 0x04, 0x01, 0x23, 0x40, 0x01, 0x00, 0x00, 0x23, 0x04, 0x01, 
0x00, 0x00, 0x23, 0x04, 0x01, 0x00, 0x00, 0x23, 0x04, 0x01, 0x23, 0x04, 0x01, 0x23, 0x40, 0x01, 0x00, 0x00, 0x23, 0x40, 
0x01, 0x00, 0x00, 0x23, 0x04, 0x01, 0x00, 0x00, 0x23, 0x04, 0x01, 0x00, 0x00, 0x23, 0x04, 0x01, 0x00, 0x00, 0x23, 0x04, 
0x10, 0xd2, 0x3c, 0x21, 0x00, 0x10, 0x00, 0x22, 0x00, 0x10, 0xc8, 0x01, 0x0b, 0x2a, 0x37, 0x8b, 0x2e, 0x05, 0x00, 0x05, 
0x00, 0x07, 0x01, 0x10, 0x00, 0x23, 0x00, 0x01, 0x23, 0x30, 0x01, 0x23, 0x0c, 0x10, 0xdb, 0x0d, 0x06, 0x40, 0x00, 0xe8, 
0x13, 0x02, 0x47, 0x00, 0x01, 0x00, 0x23, 0x00, 0x10, 0xb6, 0x1e, 0x21, 0x01, 0x10, 0x00, 0x22, 0x01, 0x10, 0xb6, 0x0f, 
0x21, 0x05, 0x10, 0x00, 0x22, 0x01, 0x00, 0x8f, 0x37, 0x02, 0x47, 0x00, 0x01, 0x00, 0x23, 0x00, 0x10, 0xc2, 0x12, 0x06, 
0x10, 0x00, 0xe8, 0x01, 0x02, 0x37, 0x00, 0x02, 0x00, 0x00, 0x00, 0x23, 0x00, 0x10, 0xd2, 0x1b, 0x21, 0x02, 0x10, 0x00, 
0x22, 0x01, 0x10, 0xcb, 0x02, 0x21, 0x03, 0x10, 0x00, 0x22, 0x01, 0x10, 0xa6, 0x01, 0x1e, 0x00, 0x10, 0xda, 0x1e, 0x1e, 
0x05, 0x10, 0xb7, 0x02, 0x1e, 0x06, 0x10, 0x78, 0x1e, 0x03, 0x00, 0x85, 0x27, 0x0e, 0x10, 0x00, 0x1e, 0x0a, 0x10, 0xc8, 
0x12, 0x0b, 0x2b, 0x00, 0x89, 0x02, 0x10, 0x10, 0x00, 0x1e, 0x06, 0x10, 0xa3, 0x0d, 0x1e, 0x09, 0x00, 0x81, 0x14, 0x02, 
0x47, 0x00, 0x04, 0x00, 0x0b, 0x01, 0x00, 0x01, 0x0b, 0x01, 0x01, 0x01, 0x0b, 0x01, 0x03, 0x01, 0x0b, 0x01, 0x04, 0x10, 
0xd8, 0x2c, 0x1e, 0x05, 0x00, 0x8c, 0x80, 0x01, 0x00, 0x93, 0x02, 0x0e, 0xa1, 0x04, 0xf4, 0x13, 0x08, 0xa6, 0x02, 0xe9, 
0x13, 0x20, 0xb7, 0x02, 0x20, 0x0d, 0x04, 0xb8, 0x02, 0x90, 0x01, 0x1d, 0x04, 0xb7, 0x02, 0x99, 0x01, 0x0d, 0x03, 0xb5, 
0x02, 0x17, 0x20, 0x01, 0x3e, 0x92, 0x0a, 0x07, 0x18, 0xb5, 0x02, 0x93, 0x0a, 0x20, 0x00, 0xb7, 0x02, 0x18, 0x0b, 0x04, 
0xd1, 0x04, 0xe8, 0x05, 0x08, 0x95, 0x05, 0x17, 0x1d, 0xb7, 0x02, 0xef, 0x05, 0x0d, 0x02, 0xbe, 0x02, 0xa2, 0x10, 0x13, 
0x1d, 0xbb, 0x04, 0x0b, 0xcc, 0x17, 0x00, 0x00, 0x00, 0x00, 0xbb, 0x04, 0x0c, 0x02, 0x00, 0x00, 0x00, 0x00, 0xbb, 0x04, 
0x0b, 0x04, 0x01, 0x00, 0x00, 0x00, 0xbb, 0x04, 0x0c, 0x02, 0x01, 0x00, 0x00, 0x00, 0xbb, 0x04, 0x0c, 0x06, 0x02, 0x00, 
0x00, 0x00, 0xbb, 0x04, 0x0c, 0x06, 0x03, 0x00, 0x00, 0x00, 0xb8, 0x02, 0x9b, 0x27, 0x18, 0x03, 0xbb, 0x04, 0x0b, 0xb8, 
0x27, 0x08, 0x00, 0x00, 0x00, 0xbc, 0x02, 0xf5, 0x0a, 0x1d, 0xa2, 0x14, 0x8e, 0x03, 0xb7, 0x06, 0x65, 0x46, 0x0c, 0x0c, 
0x0c, 0x0d, 0xe7, 0x0e, 0xb2, 0x06, 0x0c, 0xb0, 0x37, 0x40, 0x00, 0x00, 0x00, 0xbc, 0x02, 0x89, 0x21, 0xcb, 0x0b, 0xa3, 
0x27, 0xae, 0x02, 0xd1, 0x21, 0xde, 0x16, 0x3e, 0xfa, 0x09, 0x02, 0xf5, 0x05, 0x39, 0xf2, 0x0a, 0xd0, 0x1d, 0x02, 0x3e, 
0xef, 0x27, 0x02, 0x65, 0x3e, 0xb1, 0x01, 0x02, 0x0c, 0xbb, 0x04, 0x0c, 0xa2, 0x1e, 0x05, 0x00, 0x00, 0x00, 0x3e, 0x9f, 
0x1e, 0x02, 0x0d, 0xbb, 0x04, 0x0b, 0x98, 0x1e, 0x04, 0x00, 0x00, 0x00, 0xbc, 0x02, 0xed, 0x15, 0x65, 0x96, 0x14, 0xbc, 
0x02, 0x02, 0x65, 0x96, 0x14, 0xb7, 0x02, 0x97, 0x12, 0x0b, 0x03, 0xbb, 0x04, 0x0b, 0xa2, 0x28, 0x09, 0x00, 0x00, 0x00, 
0xbc, 0x02, 0x8f, 0x0e, 0x18, 0xa5, 0x14, 0xbc, 0x02, 0x90, 0x05, 0x1d, 0x96, 0x14, 0xbc, 0x02, 0x02, 0x1d, 0x96, 0x14, 
0xbc, 0x02, 0x02, 0x1d, 0x96, 0x14, 0xbc, 0x02, 0x50, 0x1d, 0xa5, 0x14, 0xbe, 0x83, 0xc0, 0x02, 0xe5, 0x1d, 0x65, 0x65, 
0x65, 0x65, 0x9f, 0x09, 0xa0, 0x09, 0x65, 0x46, 0x65, 0x1d, 0x13, 0x0d, 0x0d, 0x1d, 0x1d, 0x13, 0x13, 0x0d, 0x0d, 0x13, 
0x0d, 0x0d, 0x0d, 0x0d, 0x0d, 0x0d, 0x0d, 0x0d, 0x1d, 0x14, 0x0c, 0x13, 0x0c, 0x0c, 0x0c, 0x0c, 0x0d, 0x0d, 0x9d, 0x0d, 
0x18, 0x0d, 0x1d, 0x1d, 0x13, 0x0c, 0x0d, 0x13, 0x0d, 0x0d, 0x1d, 0x0c, 0x0d, 0x13, 0x0d, 0x0d, 0x0d, 0x0b, 0x18, 0x0d, 
0x0d, 0x0b, 0x0d, 0x0d, 0x18, 0x0d, 0x0d, 0x0d, 0x0d, 0x0d, 0x46, 0x13, 0x13, 0x65, 0x65, 0x0d, 0x0d, 0x0d, 0x0d, 0xe5, 
0x0f, 0x0c, 0x0d, 0x0d, 0x0d, 0xe6, 0x0f, 0xe7, 0x0f, 0x0c, 0x0c, 0x0c, 0x0c, 0x8f, 0x10, 0x3e, 0xfa, 0x09, 0x02, 0x9c, 
0x01, 0x39, 0x99, 0x06, 0xd8, 0x32, 0x02, 0x3e, 0xf3, 0x34, 0x01, 0x0c, 0x39, 0x8b, 0x05, 0xbc, 0x36, 0x01, 0xb8, 0x02, 
0xa5, 0x3f, 0x18, 0x04, 0xb8, 0x02, 0x0b, 0x1d, 0x03, 0xce, 0x02, 0xa6, 0x11, 0x50, 0x18, 0x0d, 0xbb, 0x04, 0x0b, 0xb7, 
0x0d, 0x00, 0x01, 0x00, 0x00, 0xbc, 0x02, 0x23, 0xa3, 0x09, 0xc7, 0x02, 0xae, 0x02, 0xe8, 0x13, 0xb5, 0x02, 0x3e, 0xfa, 
0x09, 0x02, 0xa9, 0x0c, 0x39, 0xa6, 0x11, 0xbc, 0x14, 0x02, 0x3e, 0xed, 0x2b, 0x02, 0x50, 0xbb, 0x04, 0x0b, 0x8c, 0x1d, 
0x03, 0x00, 0x00, 0x00, 0xbb, 0x04, 0x0d, 0x0d, 0x00, 0x00, 0x00, 0x00, 0x94, 0x02, 0x85, 0x28, 0xbb, 0x04, 0x0d, 0x82, 
0x02, 0x00, 0x00, 0x80, 0x3f, 0xb7, 0x02, 0xef, 0x01, 0x0c, 0x02, 0xbb, 0x04, 0x0b, 0xe4, 0x29, 0x00, 0x08, 0x00, 0x00, 
0x89, 0x03, 0xdb, 0x27, 0x0d, 0x01, 0x00, 0x00, 0x00, 0x01, 0x00, 0xab, 0x02, 0xd0, 0x05, 0x96, 0x01, 0x3e, 0xfa, 0x09, 
0x00, 0xfe, 0x03, 0x39, 0xfb, 0x08, 0xc8, 0x34, 0x00, 0xae, 0x02, 0x8f, 0x37, 0x0c, 0x3e, 0xfa, 0x09, 0x09, 0xd7, 0x07, 
0x39, 0xd4, 0x0c, 0xa2, 0x17, 0x09, 0x3e, 0xb1, 0x26, 0x09, 0x0c, 0xb7, 0x02, 0xeb, 0x09, 0x0c, 0x03, 0xbb, 0x04, 0x0c, 
0xde, 0x29, 0x00, 0x08, 0x00, 0x00, 0xbc, 0x02, 0x99, 0x08, 0x1d, 0xc7, 0x02, 0xae, 0x02, 0xe8, 0x01, 0xf8, 0x10, 0x3e, 
0xfa, 0x09, 0x02, 0xec, 0x11, 0x39, 0xe9, 0x16, 0xd8, 0x11, 0x02, 0x89, 0x03, 0xfd, 0x3b, 0x0d, 0x01, 0x00, 0x01, 0x00, 
0x01, 0x00, 0xab, 0x02, 0xd2, 0x04, 0xd6, 0x01, 0x3e, 0xfa, 0x09, 0x00, 0xff, 0x03, 0x39, 0xfc, 0x08, 0xe6, 0x2a, 0x00, 
0x3e, 0xa9, 0x32, 0x01, 0x1d, 0x39, 0x9a, 0x05, 0xd0, 0x33, 0x01, 0xbb, 0x04, 0x0c, 0xf3, 0x2c, 0x00, 0x02, 0x00, 0x00, 
0xbb, 0x04, 0x0c, 0xff, 0x0b, 0x00, 0x01, 0x00, 0x00, 0x3e, 0x98, 0x05, 0x01, 0x17, 0x39, 0x94, 0x05, 0xb6, 0x52, 0x01, 
0x39, 0x9a, 0x05, 0xb7, 0x02, 0x01, 0x3e, 0x85, 0x50, 0x01, 0x13, 0x39, 0x90, 0x05, 0xfe, 0x50, 0x01, 0x3e, 0x83, 0x51, 
0x01, 0x0d, 0x3e, 0x02, 0x03, 0x0c, 0x39, 0x8e, 0x05, 0xfc, 0x29, 0x03, 0x39, 0x8b, 0x05, 0xc8, 0x12, 0x01, 0xbb, 0x04, 
0x0c, 0xd1, 0x1d, 0x14, 0x00, 0x00, 0x00, 0xbb, 0x04, 0x0c, 0x06, 0x15, 0x00, 0x00, 0x00, 0xbb, 0x04, 0x0d, 0xe1, 0x28, 
0x00, 0x00, 0x00, 0x40, 0x3e, 0x84, 0x0a, 0x03, 0x1d, 0x39, 0x9b, 0x05, 0xa0, 0x3a, 0x03, 0x3e, 0xb7, 0x3a, 0x03, 0x0d, 
0x39, 0x9b, 0x05, 0x94, 0x2d, 0x03, 0xbc, 0x02, 0xd5, 0x2a, 0x0d, 0x8d, 0x14, 0xde, 0x02, 0xd4, 0x16, 0x1d, 0x0d, 0xae, 
0x06, 0xae, 0x06, 0x3e, 0xfa, 0x09, 0x03, 0xd8, 0x11, 0x39, 0xd5, 0x16, 0xda, 0x1f, 0x03, 0x3e, 0xe1, 0x42, 0x03, 0x13, 
0x39, 0x91, 0x05, 0xe6, 0x45, 0x03, 0xad, 0x06, 0x1d, 0x83, 0x50, 0xc6, 0x06, 0x08, 0xba, 0x58, 0x00, 0x82, 0x0a, 0x18, 
0x82, 0x66, 0x39, 0x95, 0x05, 0xb2, 0x7d, 0x07, 0x01, 0x0c, 0xdb, 0xce, 0x01, 0xb6, 0x26, 0x22, 0xfe, 0x38, 0x00, 0x01, 
0x0c, 0x96, 0x56, 0x94, 0x8f, 0x01, 0x33, 0xe2, 0x05, 0xfa, 0x3d, 0xda, 0x19, 0x8b, 0x14, 0xd6, 0x61, 0x8b, 0x14, 0x01, 
0x65, 0xbc, 0x7b, 0xbc, 0x7b, 0x33, 0x89, 0x05, 0x9b, 0x23, 0xda, 0x19, 0x8b, 0x14, 0xd6, 0x61, 0x91, 0x14, 0x01, 0x0c, 
0x9e, 0x23, 0x9e, 0x23, 0x33, 0x89, 0x05, 0x9b, 0x23, 0xda, 0x19, 0x8b, 0x14, 0xd6, 0x61, 0x94, 0x14, 0x01, 0x0c, 0x9e, 
0x23, 0x9e, 0x23, 0x13, 0x8d, 0x05, 0x9b, 0x23, 0xcf, 0x2d, 0x8a, 0x14, 0x01, 0x0d, 0x9e, 0x23, 0x9e, 0x23, 0x13, 0x8d, 
0x05, 0xd5, 0x0f, 0xcf, 0x2d, 0x8d, 0x14, 0x01, 0x0d, 0x91, 0x9d, 0x01, 0x91, 0x9d, 0x01, 0xc3, 0x10, 0x0d, 0xd0, 0xb0, 
0x01, 0xbc, 0xfe, 0x02, 0xd0, 0xb0, 0x01, 0xc0, 0x0a, 0x13, 0xdb, 0x98, 0x02, 0xf3, 0x94, 0x02, 0xdb, 0x98, 0x02, 0x01, 
0x1d, 0x90, 0x3c, 0x80, 0x66, 0xc7, 0x18, 0x0c, 0x8c, 0xc9, 0x01, 0xd5, 0x0f, 0x80, 0xdc, 0x02, 0xcb, 0x14, 0x09, 0xf7, 
0xaa, 0x01, 0xf7, 0xaa, 0x01, 0x82, 0x9a, 0x01, 0xa7, 0x1e, 0xb1, 0x8e, 0x01, 0x00, 0xba, 0x1e, 0x00, 0xfb, 0x25, 0xb1, 
0x8e, 0x01, 0x18, 0xfc, 0x25, 0x01, 0x0c, 0xf1, 0x0c, 0xd0, 0x9a, 0x01, 0x13, 0x8c, 0x05, 0xa1, 0x70, 0xa5, 0x18, 0x8b, 
0x14, 0x01, 0x0c, 0xd0, 0x7e, 0xd0, 0x7e, 0xc0, 0x10, 0x0c, 0xc6, 0x63, 0xf4, 0x71, 0xc6, 0x63, 0xcb, 0x10, 0x0c, 0xb1, 
0x9d, 0x01, 0xb1, 0x9d, 0x01, 0xda, 0x85, 0x01, 0xc7, 0x10, 0x0c, 0x81, 0x2a, 0xb3, 0xc7, 0x01, 0xd8, 0x5b, 0xd0, 0x0a, 
0x16, 0xda, 0xe8, 0x01, 0xd8, 0xbe, 0x01, 0xda, 0xe8, 0x01, 0xa6, 0xc6, 0x02, 0x99, 0x1e, 0xa4, 0x13, 0x18, 0xa3, 0x13, 
0xe5, 0x1e, 0x16, 0xf7, 0x8d, 0x01, 0x9e, 0x5b, 0x00, 0x00, 0x0a, 0x3a, 0x00, 0x00, 0x9c, 0x33, 0x00, 0x00, 0x96, 0x5f, 
0x00, 0x00, 0xe5, 0x1e, 0x1d, 0xaa, 0x1d, 0x02, 0x29, 0x00, 0x00, 0x0a, 0x3a, 0x00, 0x00, 0x36, 0x3d, 0x00, 0x00, 0x96, 
0x5f, 0x00, 0x00, 0xe5, 0x1e, 0x0c, 0x85, 0x51, 0x0b, 0x0a, 0x00, 0x00, 0x0a, 0x3a, 0x00, 0x00, 0xb5, 0x5d, 0x00, 0x00, 
0x96, 0x5f, 0x00, 0x00, 0xc1, 0x16, 0x09, 0xf5, 0x14, 0xf5, 0x14, 0x95, 0xf8, 0x01, 0xb6, 0x1e, 0x8b, 0x07, 0xdd, 0xf9, 
0x01, 0x00, 0xba, 0x1e, 0x00, 0xbf, 0x18, 0x8b, 0x07, 0x18, 0xc0, 0x18, 0x33, 0x8a, 0x05, 0x8c, 0xc1, 0x01, 0xd5, 0x1f, 
0x8b, 0x14, 0xe2, 0x4c, 0x8a, 0x14, 0x01, 0x0d, 0x85, 0x8e, 0x01, 0x85, 0x8e, 0x01, 0xc7, 0x16, 0x09, 0x81, 0x16, 0x81, 
0x16, 0xfa, 0x91, 0x01, 0xa7, 0x1e, 0xae, 0x4a, 0x00, 0xba, 0x1e, 0x00, 0xf8, 0x0b, 0xae, 0x4a, 0x18, 0xf7, 0x0b, 0xd2, 
0x0a, 0x16, 0xfe, 0x3c, 0xd4, 0x51, 0xf8, 0x1d, 0x02, 0x01, 0xff, 0x03, 0xb0, 0x51, 0xea, 0xff, 0x01, 0xb4, 0x0c, 0xd6, 
0x01, 0xeb, 0x58, 0xeb, 0x58, 0xef, 0x0a, 0x1d, 0xfe, 0x20, 0xfe, 0x20, 0xc2, 0x19, 0x02, 0x8b, 0x14, 0xce, 0x10, 0x1d, 
0xbb, 0x7e, 0xbb, 0x7e, 0xf5, 0x49, 0x4b, 0x1d, 0x9a, 0x87, 0x01, 0xee, 0x22, 0x9a, 0x87, 0x01, 0x99, 0x1e, 0xd4, 0x9d, 
0x01, 0x18, 0xd3, 0x9d, 0x01, 0xe5, 0x1e, 0x16, 0xd4, 0x5e, 0x50, 0x33, 0x00, 0x00, 0x47, 0x27, 0x00, 0x00, 0xcc, 0x3a, 
0x00, 0x00, 0x8d, 0x2b, 0x00, 0x00, 0xe5, 0x1e, 0x1d, 0xb4, 0x26, 0xa5, 0x3a, 0x00, 0x00, 0x47, 0x27, 0x00, 0x00, 0x5c, 
0x43, 0x00, 0x00, 0x8d, 0x2b, 0x00, 0x00, 0x99, 0x1e, 0xbf, 0x89, 0x01, 0x18, 0xc0, 0x89, 0x01, 0xc0, 0x10, 0x0c, 0xc1, 
0x07, 0xa6, 0xdd, 0x01, 0xce, 0xce, 0x02, 0x99, 0x1e, 0xd2, 0x1b, 0x18, 0x8f, 0xeb, 0x01, 0x99, 0x1e, 0xef, 0xc4, 0x01, 
0x18, 0xf0, 0xc4, 0x01, 0xe5, 0x1e, 0x1d, 0xf9, 0x1c, 0x02, 0x29, 0x00, 0x00, 0xa0, 0x2f, 0x00, 0x00, 0xa5, 0x3a, 0x00, 
0x00, 0xed, 0x22, 0x00, 0x00, 0xc7, 0x18, 0x0c, 0xa5, 0x78, 0xbb, 0xc1, 0x01, 0x9a, 0xb6, 0x01, 0xcb, 0x14, 0x09, 0xd2, 
0x6e, 0xd2, 0x6e, 0xe6, 0x81, 0x02, 0xa7, 0x1e, 0xe0, 0x4b, 0x00, 0xba, 0x1e, 0x00, 0x80, 0x43, 0xe0, 0x4b, 0x18, 0xff, 
0x42, 0x01, 0x17, 0xba, 0x04, 0xd8, 0x8e, 0x01, 0x01, 0x1d, 0xb4, 0x11, 0xc4, 0xa2, 0x01, 0x3d, 0x18, 0xf6, 0x20, 0xef, 
0x15, 0xef, 0x15, 0x18, 0x22, 0x91, 0x1e, 0x00, 0xe9, 0x06, 0x08, 0xc1, 0x84, 0x01, 0xfc, 0x51, 0xd3, 0xa2, 0x01, 0x97, 
0x52, 0xcb, 0x63, 0x01, 0x18, 0xcc, 0x57, 0x87, 0x4b, 0xc1, 0x0a, 0x0d, 0xbb, 0x0a, 0xbb, 0x0a, 0x00, 0xd2, 0x0a, 0x1d, 
0xf3, 0x3c, 0xf3, 0x3c, 0xb6, 0xa9, 0x01, 0x00, 0xc1, 0x0a, 0x0d, 0xb0, 0xab, 0x01, 0x80, 0x64, 0x01, 0xd2, 0x0a, 0x1d, 
0x89, 0x3a, 0x89, 0x3a, 0xa6, 0x71, 0x01, 0xc1, 0x0a, 0x0d, 0xfa, 0x6b, 0xf0, 0x95, 0x01, 0x02, 0xd2, 0x0a, 0x1d, 0xe7, 
0xd6, 0x01, 0xe7, 0xd6, 0x01, 0xed, 0x6a, 0x02, 0x99, 0x1e, 0xa9, 0x2e, 0x18, 0xaa, 0x2e, 0xe5, 0x1e, 0x1d, 0x8a, 0x55, 
0xe8, 0x4c, 0x00, 0x00, 0x25, 0x54, 0x00, 0x00, 0xf9, 0x2b, 0x00, 0x00, 0xbe, 0x39, 0x00, 0x00, 0x3d, 0x18, 0xce, 0x29, 
0xce, 0x29, 0xce, 0x29, 0x18, 0xc1, 0x0a, 0x0d, 0x93, 0x77, 0x93, 0x77, 0x00, 0xc1, 0x0a, 0x1d, 0xbc, 0x1c, 0xc5, 0x7a, 
0x00, 0xce, 0x10, 0x1d, 0xec, 0x1b, 0xec, 0x1b, 0xa8, 0x38, 0xc1, 0x0a, 0x0d, 0xbe, 0x14, 0xad, 0x2a, 0x01, 0xc1, 0x0a, 
0x1d, 0x99, 0xd0, 0x01, 0xb5, 0x9a, 0x02, 0x01, 0xce, 0x10, 0x1d, 0xde, 0xbb, 0x01, 0xde, 0xbb, 0x01, 0xbb, 0x14, 0xc1, 
0x0a, 0x0d, 0xbe, 0x14, 0xab, 0x2a, 0x02, 0xc1, 0x0a, 0x1d, 0x99, 0xd0, 0x01, 0xb3, 0x9a, 0x02, 0x02, 0xce, 0x10, 0x1d, 
0xfa, 0xc9, 0x01, 0xfa, 0xc9, 0x01, 0x9f, 0x06, 0xc1, 0x0a, 0x1d, 0xaf, 0x7f, 0xe9, 0xcf, 0x01, 0x03, 0x4b, 0x1d, 0x95, 
0x0d, 0xc5, 0x8c, 0x01, 0x95, 0x0d, 0x4b, 0x1d, 0xf6, 0x41, 0xb1, 0x3c, 0xf6, 0x41, 0x4b, 0x1d, 0xaa, 0x1f, 0x85, 0x1d, 
0xaa, 0x1f, 0xc0, 0x0a, 0xa4, 0x08, 0xba, 0x36, 0xc8, 0xcf, 0x01, 0xba, 0x36, 0x23, 0xe2, 0x05, 0xb3, 0x28, 0xc5, 0x1f, 
0x9a, 0x14, 0x8b, 0x14, 0x01, 0x65, 0xbf, 0x76, 0xbf, 0x76, 0xc1, 0x0a, 0x1d, 0xd4, 0xc8, 0x01, 0xe0, 0x29, 0x01, 0xc1, 
0x12, 0x1d, 0x93, 0xa6, 0x01, 0xc0, 0x22, 0x93, 0xa6, 0x01, 0x13, 0xe2, 0x05, 0x9e, 0x18, 0xc5, 0x1f, 0x8b, 0x14, 0x01, 
0x65, 0xb5, 0x57, 0xb5, 0x57, 0xc1, 0x12, 0x1d, 0xd3, 0x18, 0xd3, 0x18, 0xff, 0xfd, 0x01, 0xc1, 0x0a, 0x0d, 0xa6, 0xc3, 
0x01, 0xa6, 0xc3, 0x01, 0x02, 0x3f, 0x0d, 0xc3, 0x24, 0xc3, 0x24, 0x13, 0x8a, 0x05, 0xae, 0x7d, 0xc5, 0x1f, 0xc7, 0x14, 
0x01, 0x0d, 0xdd, 0x3b, 0xdd, 0x3b, 0x4a, 0x0d, 0xbb, 0x9a, 0x01, 0xeb, 0x58, 0xbb, 0x9a, 0x01, 0x13, 0x8a, 0x05, 0x90, 
0x27, 0xc5, 0x1f, 0xca, 0x14, 0x01, 0x0d, 0xb7, 0x51, 0xb7, 0x51, 0xc3, 0x10, 0x0d, 0xa8, 0x87, 0x01, 0x80, 0x5d, 0xa8, 
0x87, 0x01, 0x4a, 0x0d, 0xb7, 0x14, 0xb7, 0x14, 0xa8, 0xf1, 0x01, 0xc3, 0x10, 0x0d, 0x9b, 0x5f, 0x9b, 0x5f, 0xaa, 0x90, 
0x01, 0x13, 0x8f, 0x05, 0xba, 0xf7, 0x01, 0xab, 0x22, 0x93, 0x14, 0x22, 0x00, 0xba, 0xf7, 0x01, 0x22, 0xc6, 0xd2, 0x02, 
0xf0, 0xce, 0x01, 0xc1, 0x0a, 0x0d, 0x9f, 0x94, 0x02, 0xaf, 0x45, 0x01, 0x3f, 0x0d, 0x94, 0xcd, 0x01, 0x94, 0xcd, 0x01, 
0xd2, 0x0a, 0x1d, 0xe1, 0x3d, 0xe1, 0x3d, 0x82, 0x4a, 0x01, 0x13, 0x9b, 0x05, 0xae, 0x19, 0xc2, 0x26, 0x8b, 0x14, 0x22, 
0x00, 0xae, 0x19, 0x8d, 0x1e, 0x88, 0x06, 0xc6, 0x06, 0x08, 0x95, 0xd7, 0x01, 0x00, 0x8b, 0x03, 0xa7, 0x06, 0x95, 0x05, 
0x9d, 0x04, 0xa7, 0x06, 0x17, 0xd4, 0x16, 0xa7, 0x06, 0x1d, 0xd7, 0x12, 0x18, 0xe2, 0x9e, 0x02, 0xc1, 0x0a, 0x0d, 0xd3, 
0xaf, 0x01, 0x8e, 0x6f, 0x03, 0xce, 0x16, 0x09, 0xa0, 0x4a, 0xa0, 0x4a, 0x96, 0xd8, 0x01, 0xa7, 0x1e, 0xfe, 0x24, 0x00, 
0xba, 0x1e, 0x00, 0xbc, 0x9c, 0x01, 0xfe, 0x24, 0x18, 0xbb, 0x9c, 0x01, 0xc1, 0x0a, 0x0d, 0xce, 0xd7, 0x01, 0xc0, 0xf4, 
0x01, 0x00, 0xc1, 0x0a, 0x0b, 0xf5, 0x9d, 0x01, 0xf2, 0x43, 0x00, 0x01, 0x18, 0xc6, 0x7b, 0x8c, 0xd6, 0x01, 0x33, 0xcd, 
0x05, 0xec, 0x57, 0xc4, 0x1b, 0x8b, 0x14, 0xe5, 0x4e, 0x8b, 0x14, 0x01, 0x50, 0xd7, 0x0f, 0xd7, 0x0f, 0xb4, 0x0a, 0x56, 
0xb5, 0xbc, 0x01, 0x52, 0x58, 0x00, 0x00, 0xc1, 0x0a, 0x0d, 0xd8, 0x9c, 0x01, 0xb6, 0x28, 0x00, 0xc1, 0x0a, 0x18, 0xdb, 
0x85, 0x01, 0xfc, 0x16, 0x00, 0xce, 0x10, 0x18, 0x96, 0x74, 0x96, 0x74, 0xc5, 0x11, 0xc1, 0x0a, 0x0d, 0xbe, 0x14, 0xae, 
0x2b, 0x01, 0xc1, 0x0a, 0x18, 0x8d, 0x0b, 0xc2, 0x94, 0x01, 0x01, 0xce, 0x10, 0x18, 0xad, 0x09, 0xad, 0x09, 0xbb, 0x14, 
0xc1, 0x0a, 0x0d, 0xbe, 0x14, 0xb0, 0x2b, 0x02, 0xc1, 0x0a, 0x18, 0x8d, 0x0b, 0xc4, 0x94, 0x01, 0x02, 0xce, 0x10, 0x18, 
0xee, 0x04, 0xee, 0x04, 0x9f, 0x06, 0xc1, 0x0a, 0x18, 0xaf, 0x7f, 0x82, 0x1a, 0x03, 0x4b, 0x18, 0x95, 0x0d, 0xc5, 0x8c, 
0x01, 0x95, 0x0d, 0x4b, 0x18, 0xaa, 0x54, 0xfd, 0x29, 0xaa, 0x54, 0x4b, 0x18, 0x96, 0x2f, 0x9a, 0x05, 0x96, 0x2f, 0xce, 
0x10, 0x18, 0xb1, 0x09, 0xb1, 0x09, 0xd7, 0x0f, 0xc1, 0x0a, 0x0d, 0xf7, 0xc4, 0x01, 0xf0, 0x1f, 0x01, 0xc1, 0x0a, 0x0b, 
0xdc, 0x7e, 0xf4, 0x8b, 0x01, 0x01, 0x01, 0x18, 0xc6, 0x33, 0x8e, 0xd6, 0x01, 0x33, 0xcd, 0x05, 0xec, 0x57, 0xc4, 0x1b, 
0x8b, 0x14, 0xe6, 0x72, 0x8b, 0x14, 0x01, 0x50, 0xd7, 0x0f, 0xd7, 0x0f, 0xb4, 0x0a, 0x56, 0xb5, 0xbc, 0x01, 0x53, 0x58, 
0x00, 0x00, 0xc1, 0x0a, 0x0d, 0xd8, 0x9c, 0x01, 0xb6, 0x28, 0x00, 0xc1, 0x0a, 0x18, 0xdb, 0x85, 0x01, 0xfc, 0x16, 0x00, 
0xce, 0x10, 0x18, 0x98, 0x74, 0x98, 0x74, 0xc3, 0x11, 0xc1, 0x0a, 0x0d, 0xbe, 0x14, 0xb0, 0x2b, 0x01, 0xc1, 0x0a, 0x18, 
0x8d, 0x0b, 0xc4, 0x94, 0x01, 0x01, 0xce, 0x10, 0x18, 0xad, 0x09, 0xad, 0x09, 0xbb, 0x14, 0xc1, 0x0a, 0x0d, 0xbe, 0x14, 
0xb2, 0x2b, 0x02, 0xc1, 0x0a, 0x18, 0x8d, 0x0b, 0xc6, 0x94, 0x01, 0x02, 0xce, 0x10, 0x18, 0xec, 0x04, 0xec, 0x04, 0xa1, 
0x06, 0xc1, 0x0a, 0x18, 0xaf, 0x7f, 0x82, 0x1a, 0x03, 0x4b, 0x18, 0x95, 0x0d, 0xc5, 0x8c, 0x01, 0x95, 0x0d, 0x4b, 0x18, 
0xaa, 0x54, 0xff, 0x29, 0xaa, 0x54, 0x4b, 0x18, 0xb4, 0x3d, 0xb6, 0x13, 0xb4, 0x3d, 0xce, 0x10, 0x18, 0xb1, 0x99, 0x01, 
0xb1, 0x99, 0x01, 0x98, 0x43, 0x4b, 0x18, 0x9b, 0x31, 0xfb, 0xb2, 0x01, 0x9b, 0x31, 0xc1, 0x0a, 0x0d, 0xe4, 0x31, 0xd0, 
0x63, 0x02, 0xc1, 0x0a, 0x0b, 0xbe, 0x2e, 0xb6, 0x7f, 0x02, 0x01, 0x18, 0x86, 0x40, 0x90, 0xd6, 0x01, 0x33, 0xcd, 0x05, 
0xec, 0x57, 0xc4, 0x1b, 0x8b, 0x14, 0xc7, 0x6c, 0x8b, 0x14, 0x01, 0x50, 0xd7, 0x0f, 0xd7, 0x0f, 0xb4, 0x0a, 0x56, 0xb5, 
0xbc, 0x01, 0x54, 0x58, 0x00, 0x00, 0xc1, 0x0a, 0x0d, 0xd8, 0x9c, 0x01, 0xb6, 0x28, 0x00, 0xc1, 0x0a, 0x18, 0xdb, 0x85, 
0x01, 0xfc, 0x16, 0x00, 0xce, 0x10, 0x18, 0x9a, 0x74, 0x9a, 0x74, 0xc1, 0x11, 0xc1, 0x0a, 0x0d, 0xbe, 0x14, 0xb2, 0x2b, 
0x01, 0xc1, 0x0a, 0x18, 0x8d, 0x0b, 0xc6, 0x94, 0x01, 0x01, 0xce, 0x10, 0x18, 0xad, 0x09, 0xad, 0x09, 0xbb, 0x14, 0xc1, 
0x0a, 0x0d, 0xbe, 0x14, 0xb4, 0x2b, 0x02, 0xc1, 0x0a, 0x18, 0x8d, 0x0b, 0xc8, 0x94, 0x01, 0x02, 0xce, 0x10, 0x18, 0xea, 
0x04, 0xea, 0x04, 0xa3, 0x06, 0xc1, 0x0a, 0x18, 0xaf, 0x7f, 0x82, 0x1a, 0x03, 0x4b, 0x18, 0x95, 0x0d, 0xc5, 0x8c, 0x01, 
0x95, 0x0d, 0x4b, 0x18, 0xaa, 0x54, 0x81, 0x2a, 0xaa, 0x54, 0x4b, 0x18, 0xb4, 0x3d, 0xb4, 0x13, 0xb4, 0x3d, 0xce, 0x10, 
0x18, 0xb1, 0x99, 0x01, 0xb1, 0x99, 0x01, 0x45, 0x4b, 0x18, 0x95, 0x37, 0xf7, 0x05, 0x95, 0x37, 0xc1, 0x0a, 0x0b, 0xfc, 
0x6e, 0x98, 0x88, 0x01, 0x03, 0x01, 0x18, 0xd6, 0x9b, 0x01, 0xc2, 0xba, 0x02, 0x33, 0xcd, 0x05, 0xc3, 0x0c, 0xc4, 0x1b, 
0x8b, 0x14, 0xf8, 0x70, 0x8b, 0x14, 0x01, 0x50, 0xd7, 0x0f, 0xd7, 0x0f, 0xb4, 0x0a, 0x56, 0xb5, 0xbc, 0x01, 0x55, 0x58, 
0x00, 0x00, 0xc1, 0x0a, 0x0d, 0xd8, 0x9c, 0x01, 0xf9, 0x3b, 0x00, 0xc1, 0x0a, 0x18, 0xdb, 0x85, 0x01, 0xfc, 0x16, 0x00, 
0xce, 0x10, 0x18, 0x9c, 0x74, 0x9c, 0x74, 0xbf, 0x11, 0xc1, 0x0a, 0x0d, 0xbe, 0x14, 0xfb, 0x38, 0x01, 0xc1, 0x0a, 0x18, 
0x8d, 0x0b, 0xc8, 0x94, 0x01, 0x01, 0xce, 0x10, 0x18, 0xad, 0x09, 0xad, 0x09, 0xbb, 0x14, 0xc1, 0x0a, 0x0d, 0xbe, 0x14, 
0xf9, 0x38, 0x02, 0xc1, 0x0a, 0x18, 0x8d, 0x0b, 0xca, 0x94, 0x01, 0x02, 0xce, 0x10, 0x18, 0xe8, 0x04, 0xe8, 0x04, 0xa5, 
0x06, 0xc1, 0x0a, 0x18, 0xaf, 0x7f, 0x82, 0x1a, 0x03, 0x4b, 0x18, 0x95, 0x0d, 0xc5, 0x8c, 0x01, 0x95, 0x0d, 0x4b, 0x18, 
0xaa, 0x54, 0x83, 0x2a, 0xaa, 0x54, 0x4b, 0x18, 0xb4, 0x3d, 0xb2, 0x13, 0xb4, 0x3d, 0xce, 0x10, 0x18, 0x87, 0x9f, 0x01, 
0x87, 0x9f, 0x01, 0xd7, 0x11, 0x4b, 0x18, 0xec, 0x3a, 0xae, 0x6c, 0xec, 0x3a, 0x22, 0x9e, 0x9c, 0x01, 0x00, 0x8d, 0x1e, 
0x18, 0xf1, 0x03, 0xc1, 0x0a, 0x0d, 0xbe, 0x53, 0xee, 0xe7, 0x01, 0x00, 0xc1, 0x0a, 0x0b, 0xa1, 0x91, 0x01, 0xf4, 0x43, 
0x00, 0x01, 0x18, 0xca, 0x7b, 0x92, 0xd6, 0x01, 0x33, 0xcd, 0x05, 0xee, 0x57, 0xc4, 0x1b, 0x8b, 0x14, 0xe6, 0x4e, 0x8b, 
0x14, 0x01, 0x50, 0xd7, 0x0f, 0xd7, 0x0f, 0xb4, 0x0a, 0x56, 0xb5, 0xbc, 0x01, 0x56, 0x58, 0x00, 0x00, 0xc1, 0x0a, 0x0d, 
0xd8, 0x9c, 0x01, 0xb8, 0x28, 0x00, 0xc1, 0x0a, 0x18, 0xdb, 0x85, 0x01, 0xfc, 0x16, 0x00, 0xce, 0x10, 0x18, 0x9e, 0x74, 
0x9e, 0x74, 0xbd, 0x11, 0xc1, 0x0a, 0x0d, 0xbe, 0x14, 0xb8, 0x2b, 0x01, 0xc1, 0x0a, 0x18, 0x8d, 0x0b, 0xca, 0x94, 0x01, 
0x01, 0xce, 0x10, 0x18, 0xad, 0x09, 0xad, 0x09, 0xbb, 0x14, 0xc1, 0x0a, 0x0d, 0xbe, 0x14, 0xba, 0x2b, 0x02, 0xc1, 0x0a, 
0x18, 0x8d, 0x0b, 0xcc, 0x94, 0x01, 0x02, 0xce, 0x10, 0x18, 0xe6, 0x04, 0xe6, 0x04, 0xa7, 0x06, 0xc1, 0x0a, 0x18, 0xaf, 
0x7f, 0x82, 0x1a, 0x03, 0x4b, 0x18, 0x95, 0x0d, 0xc5, 0x8c, 0x01, 0x95, 0x0d, 0x4b, 0x18, 0xaa, 0x54, 0x85, 0x2a, 0xaa, 
0x54, 0x4b, 0x18, 0x90, 0x2f, 0x8c, 0x05, 0x90, 0x2f, 0xce, 0x10, 0x18, 0xb1, 0x09, 0xb1, 0x09, 0x83, 0x03, 0xc1, 0x0a, 
0x0d, 0xf7, 0xc4, 0x01, 0xf2, 0x1f, 0x01, 0xc1, 0x0a, 0x0b, 0xdc, 0x7e, 0xf6, 0x8b, 0x01, 0x01, 0x01, 0x18, 0xca, 0x33, 
0x94, 0xd6, 0x01, 0x33, 0xcd, 0x05, 0xee, 0x57, 0xc4, 0x1b, 0x8b, 0x14, 0xe7, 0x72, 0x8b, 0x14, 0x01, 0x50, 0xd7, 0x0f, 
0xd7, 0x0f, 0xb4, 0x0a, 0x56, 0xb5, 0xbc, 0x01, 0x57, 0x58, 0x00, 0x00, 0xc1, 0x0a, 0x0d, 0xd8, 0x9c, 0x01, 0xb8, 0x28, 
0x00, 0xc1, 0x0a, 0x18, 0xdb, 0x85, 0x01, 0xfc, 0x16, 0x00, 0xce, 0x10, 0x18, 0xa0, 0x74, 0xa0, 0x74, 0xbb, 0x11, 0xc1, 
0x0a, 0x0d, 0xbe, 0x14, 0xba, 0x2b, 0x01, 0xc1, 0x0a, 0x18, 0x8d, 0x0b, 0xcc, 0x94, 0x01, 0x01, 0xce, 0x10, 0x18, 0xad, 
0x09, 0xad, 0x09, 0xbb, 0x14, 0xc1, 0x0a, 0x0d, 0xbe, 0x14, 0xbc, 0x2b, 0x02, 0xc1, 0x0a, 0x18, 0x8d, 0x0b, 0xce, 0x94, 
0x01, 0x02, 0xce, 0x10, 0x18, 0xe4, 0x04, 0xe4, 0x04, 0xa9, 0x06, 0xc1, 0x0a, 0x18, 0xaf, 0x7f, 0x82, 0x1a, 0x03, 0x4b, 
0x18, 0x95, 0x0d, 0xc5, 0x8c, 0x01, 0x95, 0x0d, 0x4b, 0x18, 0xaa, 0x54, 0x87, 0x2a, 0xaa, 0x54, 0x4b, 0x18, 0xb2, 0x3d, 
0xac, 0x13, 0xb2, 0x3d, 0xce, 0x10, 0x18, 0xb3, 0x99, 0x01, 0xb3, 0x99, 0x01, 0x9a, 0x43, 0x4b, 0x18, 0x9d, 0x31, 0xfb, 
0xb2, 0x01, 0x9d, 0x31, 0xc1, 0x0a, 0x0d, 0xe4, 0x31, 0xd2, 0x63, 0x02, 0xc1, 0x0a, 0x0b, 0xbe, 0x2e, 0xb8, 0x7f, 0x02, 
0x01, 0x18, 0x8a, 0x40, 0x96, 0xd6, 0x01, 0x33, 0xcd, 0x05, 0xee, 0x57, 0xc4, 0x1b, 0x8b, 0x14, 0xc8, 0x6c, 0x8b, 0x14, 
0x01, 0x50, 0xd7, 0x0f, 0xd7, 0x0f, 0xb4, 0x0a, 0x56, 0xb5, 0xbc, 0x01, 0x58, 0x58, 0x00, 0x00, 0xc1, 0x0a, 0x0d, 0xd8, 
0x9c, 0x01, 0xb8, 0x28, 0x00, 0xc1, 0x0a, 0x18, 0xdb, 0x85, 0x01, 0xfc, 0x16, 0x00, 0xce, 0x10, 0x18, 0xa2, 0x74, 0xa2, 
0x74, 0xb9, 0x11, 0xc1, 0x0a, 0x0d, 0xbe, 0x14, 0xbc, 0x2b, 0x01, 0xc1, 0x0a, 0x18, 0x8d, 0x0b, 0xce, 0x94, 0x01, 0x01, 
0xce, 0x10, 0x18, 0xad, 0x09, 0xad, 0x09, 0xbb, 0x14, 0xc1, 0x0a, 0x0d, 0xbe, 0x14, 0xbe, 0x2b, 0x02, 0xc1, 0x0a, 0x18, 
0x8d, 0x0b, 0xd0, 0x94, 0x01, 0x02, 0xce, 0x10, 0x18, 0xe2, 0x04, 0xe2, 0x04, 0xab, 0x06, 0xc1, 0x0a, 0x18, 0xaf, 0x7f, 
0x82, 0x1a, 0x03, 0x4b, 0x18, 0x95, 0x0d, 0xc5, 0x8c, 0x01, 0x95, 0x0d, 0x4b, 0x18, 0xaa, 0x54, 0x89, 0x2a, 0xaa, 0x54, 
0x4b, 0x18, 0xb2, 0x3d, 0xaa, 0x13, 0xb2, 0x3d, 0xce, 0x10, 0x18, 0xe5, 0x8b, 0x01, 0xe5, 0x8b, 0x01, 0x8a, 0x0d, 0x4b, 
0x18, 0xce, 0x7d, 0xbc, 0xbc, 0x01, 0xce, 0x7d, 0x3f, 0x0d, 0xba, 0x08, 0xd6, 0x87, 0x01, 0xc3, 0x10, 0x0d, 0xdd, 0x42, 
0xdd, 0x42, 0xf2, 0xf8, 0x01, 0xbd, 0x0c, 0x0b, 0x88, 0x53, 0x88, 0x53, 0xc1, 0x0a, 0x0b, 0xf7, 0x4f, 0xbe, 0xa4, 0x01, 
0x03, 0xc2, 0x10, 0x0b, 0x8c, 0x45, 0x8c, 0x45, 0xfc, 0x9a, 0x02, 0xc0, 0x10, 0x0b, 0xfc, 0x43, 0x90, 0x39, 0xfc, 0x43, 
0x99, 0x1e, 0xca, 0x1a, 0x18, 0xc9, 0x1a, 0xe5, 0x1e, 0x18, 0xf9, 0xa1, 0x01, 0x55, 0x4d, 0x00, 0x00, 0xd8, 0x36, 0x00, 
0x00, 0x4f, 0x3c, 0x00, 0x00, 0x47, 0x4a, 0x00, 0x00, 0xe5, 0x1e, 0x0b, 0x95, 0x29, 0x87, 0x53, 0x00, 0x00, 0xd8, 0x36, 
0x00, 0x00, 0x83, 0x34, 0x00, 0x00, 0x47, 0x4a, 0x00, 0x00, 0xc0, 0x16, 0x09, 0x92, 0x10, 0x92, 0x10, 0xc7, 0xd5, 0x01, 
0xb6, 0x1e, 0x87, 0x58, 0xb7, 0x77, 0x00, 0xba, 0x1e, 0x00, 0xb7, 0x77, 0x87, 0x58, 0x18, 0xb8, 0x77, 0xc9, 0x10, 0x0b, 
0xa7, 0xc2, 0x01, 0xdd, 0x3a, 0xde, 0x3c, 0xbc, 0x0e, 0x0c, 0xae, 0x5d, 0xae, 0x5d, 0xc6, 0x10, 0x0b, 0xb5, 0x3c, 0xe5, 
0x19, 0xd6, 0x5d, 0xbc, 0x0e, 0x0c, 0xaa, 0xf6, 0x01, 0xaa, 0xf6, 0x01, 0xc0, 0x0a, 0x12, 0xab, 0xc3, 0x01, 0xb7, 0x09, 
0xab, 0xc3, 0x01, 0x01, 0xfe, 0x03, 0xc4, 0xca, 0x01, 0xe2, 0xbe, 0x02, 0xb4, 0x0c, 0x96, 0x01, 0xbf, 0xbb, 0x01, 0xbf, 
0xbb, 0x01, 0xef, 0x0a, 0x1d, 0x85, 0x41, 0x85, 0x41, 0x81, 0x32, 0x02, 0x8b, 0x14, 0x2d, 0x13, 0xfa, 0xdf, 0x01, 0xfa, 
0xdf, 0x01, 0xfa, 0xdf, 0x01, 0x10, 0xc1, 0x0a, 0x0d, 0xb2, 0x06, 0xb2, 0x06, 0x00, 0xbd, 0x0c, 0x0b, 0xe6, 0x0d, 0xe6, 
0x0d, 0x01, 0x18, 0x83, 0xda, 0x01, 0xe4, 0x5f, 0x33, 0xcd, 0x05, 0xd3, 0x29, 0xc4, 0x1b, 0x8b, 0x14, 0xb6, 0xbe, 0x01, 
0x8b, 0x14, 0x01, 0x50, 0x9e, 0xe8, 0x01, 0x9e, 0xe8, 0x01, 0xb4, 0x0a, 0x56, 0xb5, 0xbc, 0x01, 0x59, 0x58, 0x00, 0x00, 
0xc1, 0x0a, 0x0d, 0xd8, 0x9c, 0x01, 0xec, 0x9e, 0x01, 0x00, 0xc1, 0x0a, 0x18, 0xdb, 0x85, 0x01, 0xfc, 0x16, 0x00, 0xce, 
0x10, 0x18, 0xa4, 0x74, 0xa4, 0x74, 0xb7, 0x11, 0xc1, 0x0a, 0x0d, 0xbe, 0x14, 0xf2, 0xa1, 0x01, 0x01, 0xc1, 0x0a, 0x18, 
0x8d, 0x0b, 0xd0, 0x94, 0x01, 0x01, 0xce, 0x10, 0x18, 0xad, 0x09, 0xad, 0x09, 0xbb, 0x14, 0xc1, 0x0a, 0x0d, 0xbe, 0x14, 
0xf4, 0xa1, 0x01, 0x02, 0xc1, 0x0a, 0x18, 0x8d, 0x0b, 0xd2, 0x94, 0x01, 0x02, 0xce, 0x10, 0x18, 0xe0, 0x04, 0xe0, 0x04, 
0xad, 0x06, 0xc1, 0x0a, 0x18, 0xaf, 0x7f, 0x82, 0x1a, 0x03, 0x4b, 0x18, 0x95, 0x0d, 0xc5, 0x8c, 0x01, 0x95, 0x0d, 0x4b, 
0x18, 0x8e, 0x42, 0xa7, 0x3c, 0x8e, 0x42, 0x4b, 0x18, 0xd9, 0x31, 0xff, 0x6d, 0xd9, 0x31, 0xc1, 0x0a, 0x0d, 0x9a, 0x75, 
0x9d, 0x31, 0x01, 0xce, 0x10, 0x18, 0xe5, 0x16, 0xb4, 0x5e, 0xe5, 0x16, 0x4b, 0x18, 0xb1, 0x2f, 0xc4, 0x26, 0xb1, 0x2f, 
0xc0, 0x10, 0x0b, 0x97, 0x1f, 0xc2, 0x30, 0xea, 0xa9, 0x01, 0x99, 0x1e, 0xcd, 0x9a, 0x01, 0x18, 0xd8, 0x37, 0x22, 0xda, 
0xc6, 0x01, 0x84, 0x3f, 0x8d, 0x1e, 0x88, 0x06, 0x00, 0x00, 0x00, 0x00, 0xf2, 0x12, 0x00, 0x00, 0x00, 0x00, 0x00, 0x00, 
0x4c, 0x4f, 0x4d, 0x53, 0x00, 0x03, 0x01, 0x00, 0x0b, 0x00, 0x08, 0x00, 0x7d, 0x62, 0x00, 0x00, 0x00, 0x00, 0x00, 0x00, 
0x64, 0x33, 0x00, 0x00, 0x91, 0x02, 0x01, 0x91, 0x02, 0x20, 0xd1, 0x10, 0x02, 0x47, 0x4c, 0x53, 0x4c, 0x2e, 0x73, 0x74, 
0x64, 0x2e, 0x34, 0x35, 0x30, 0x00, 0x00, 0x00, 0x00, 0xa0, 0x04, 0x00, 0x01, 0xff, 0x0f, 0x00, 0x9f, 0x2c, 0xed, 0xc2, 
0xa5, 0xf3, 0x06, 0x00, 0x8c, 0x1a, 0xa9, 0x20, 0x82, 0x1f, 0xaf, 0x2e, 0x93, 0x2d, 0xcf, 0x2d, 0xb0, 0x23, 0xab, 0x22, 
0xd9, 0x1b, 0xc2, 0x26, 0x84, 0x28, 0x10, 0xa2, 0x1e, 0x06, 0x10, 0x37, 0xeb, 0x01, 0x0b, 0x00, 0x05, 0x00, 0x07, 0x01, 
0x10, 0x00, 0x23, 0x00, 0x01, 0x05, 0x00, 0x07, 0x01, 0x10, 0x00, 0x23, 0x40, 0x01, 0x23, 0x30, 0x01, 0x23, 0x04, 0x01, 
0x23, 0x04, 0x01, 0x23, 0x04, 0x01, 0x23, 0x04, 0x10, 0x90, 0x32, 0x01, 0x01, 0x10, 0x9b, 0x45, 0x06, 0x80, 0x02, 0x00, 
0xa8, 0x18, 0x02, 0x47, 0x00, 0x01, 0x00, 0x23, 0x00, 0x10, 0xe2, 0x11, 0x21, 0x00, 0x10, 0x00, 0x22, 0x01, 0x00, 0x64, 
0x0e, 0x10, 0x00, 0x1e, 0x0a, 0x10, 0xb2, 0x21, 0x01, 0x08, 0x10, 0xdd, 0x3e, 0x06, 0x40, 0x10, 0x02, 0x06, 0x40, 0x10, 
0xac, 0x04, 0x06, 0x10, 0x10, 0xae, 0x05, 0x06, 0x10, 0x10, 0x02, 0x06, 0x10, 0x10, 0x02, 0x06, 0x10, 0x10, 0x50, 0x06, 
0x10, 0x00, 0xef, 0x1e, 0x02, 0x37, 0x00, 0x95, 0x00, 0x05, 0x00, 0x07, 0x01, 0x10, 0x00, 0x23, 0x00, 0x01, 0x05, 0x00, 
0x07, 0x01, 0x10, 0x00, 0x23, 0x40, 0x01, 0x05, 0x00, 0x07, 0x01, 0x10, 0x00, 0x23, 0x40, 0x01, 0x05, 0x00, 0x07, 0x01, 
0x10, 0x00, 0x23, 0x40, 0x01, 0x05, 0x00, 0x07, 0x01, 0x10, 0x00, 0x23, 0x40, 0x01, 0x05, 0x00, 0x07, 0x01, 0x10, 0x00, 
0x23, 0x80, 0x02, 0x01, 0x05, 0x00, 0x07, 0x01, 0x10, 0x00, 0x23, 0x80, 0x02, 0x01, 0x05, 0x00, 0x07, 0x01, 0x10, 0x00, 
0x23, 0x40, 0x01, 0x05, 0x00, 0x07, 0x01, 0x10, 0x00, 0x23, 0x30, 0x01, 0x23, 0x40, 0x01, 0x23, 0x10, 0x01, 0x23, 0x08, 
0x01, 0x23, 0x04, 0x01, 0x23, 0x04, 0x01, 0x23, 0x10, 0x01, 0x23, 0x10, 0x01, 0x23, 0x08, 0x01, 0x23, 0x08, 0x01, 0x23, 
0x04, 0x01, 0x00, 0x00, 0x23, 0x04, 0x01, 0x23, 0x08, 0x01, 0x23, 0x04, 0x01, 0x23, 0x04, 0x01, 0x23, 0x04, 0x01, 0x23, 
0x04, 0x01, 0x23, 0x04, 0x01, 0x00, 0x00, 0x23, 0x04, 0x01, 0x00, 0x00, 0x23, 0x04, 0x01, 0x00, 0x00, 0x23, 0x04, 0x01, 
0x00, 0x00, 0x23, 0x10, 0x01, 0x00, 0x00, 0x23, 0x0c, 0x01, 0x00, 0x00, 0x23, 0x04, 0x01, 0x00, 0x00, 0x23, 0x08, 0x01, 
0x00, 0x00, 0x23, 0x04, 0x01, 0x00, 0x00, 0x23, 0x04, 0x01, 0x00, 0x00, 0x23, 0x04, 0x01, 0x23, 0x04, 0x01, 0x00, 0x00, 
0x23, 0x04, 0x01, 0x00, 0x00, 0x23, 0x04, 0x01, 0x23, 0x90, 0x01, 0x01, 0x00, 0x00, 0x23, 0x0c, 0x01, 0x23, 0x04, 0x01, 
0x23, 0x10, 0x01, 0x23, 0x10, 0x01, 0x00, 0x00, 0x23, 0x08, 0x01, 0x00, 0x00, 0x23, 0x04, 0x01, 0x23, 0x04, 0x01, 0x00, 
0x00, 0x23, 0x08, 0x01, 0x00, 0x00, 0x23, 0x04, 0x01, 0x23, 0x04, 0x01, 0x00, 0x00, 0x23, 0x10, 0x01, 0x00, 0x00, 0x23, 
0x04, 0x01, 0x23, 0x04, 0x01, 0x00, 0x00, 0x23, 0x08, 0x01, 0x23, 0x04, 0x01, 0x00, 0x00, 0x23, 0x04, 0x01, 0x00, 0x00, 
0x23, 0x04, 0x01, 0x23, 0x04, 0x01, 0x23, 0x0c, 0x01, 0x23, 0x04, 0x01, 0x23, 0x04, 0x01, 0x23, 0x04, 0x01, 0x23, 0x04, 
0x01, 0x23, 0x04, 0x01, 0x23, 0x0c, 0x01, 0x23, 0x04, 0x01, 0x23, 0x04, 0x01, 0x23, 0x04, 0x01, 0x23, 0x04, 0x01, 0x05, 
0x00, 0x07, 0x01, 0x10, 0x00, 0x23, 0x04, 0x01, 0x23, 0x30, 0x01, 0x23, 0x08, 0x01, 0x05, 0x00, 0x07, 0x01, 0x10, 0x00, 
0x23, 0x08, 0x01, 0x05, 0x00, 0x07, 0x01, 0x10, 0x00, 0x23, 0x40, 0x01, 0x00, 0x00, 0x23, 0x40, 0x01, 0x00, 0x00, 0x23, 
0x04, 0x01, 0x00, 0x00, 0x23, 0x04, 0x01, 0x00, 0x00, 0x23, 0x04, 0x01, 0x23, 0x04, 0x01, 0x23, 0x40, 0x01, 0x00, 0x00, 
0x23, 0x04, 0x01, 0x00, 0x00, 0x23, 0x04, 0x01, 0x00, 0x00, 0x23, 0x04, 0x01, 0x23, 0x04, 0x01, 0x23, 0x40, 0x01, 0x00, 
0x00, 0x23, 0x40, 0x01, 0x00, 0x00, 0x23, 0x04, 0x01, 0x00, 0x00, 0x23, 0x04, 0x01, 0x00, 0x00, 0x23, 0x04, 0x01, 0x00, 
0x00, 0x23, 0x04, 0x10, 0xde, 0x3c, 0x21, 0x00, 0x10, 0x00, 0x22, 0x00, 0x10, 0xc8, 0x01, 0x0b, 0x2a, 0x37, 0x8b, 0x2e, 
0x05, 0x00, 0x05, 0x00, 0x07, 0x01, 0x10, 0x00, 0x23, 0x00, 0x01, 0x23, 0x30, 0x01, 0x23, 0x0c, 0x10, 0xbf, 0x05, 0x06, 
0x40, 0x00, 0x84, 0x1c, 0x02, 0x47, 0x00, 0x01, 0x00, 0x23, 0x00, 0x10, 0xfe, 0x0d, 0x21, 0x01, 0x10, 0x00, 0x22, 0x01, 
0x10, 0xb6, 0x0f, 0x21, 0x05, 0x10, 0x00, 0x22, 0x01, 0x00, 0x8f, 0x37, 0x02, 0x47, 0x00, 0x01, 0x00, 0x23, 0x00, 0x10, 
0xc0, 0x13, 0x06, 0x10, 0x00, 0xe6, 0x02, 0x02, 0x37, 0x00, 0x02, 0x00, 0x00, 0x00, 0x23, 0x00, 0x10, 0xd6, 0x19, 0x21, 
0x02, 0x10, 0x00, 0x22, 0x01, 0x10, 0xcb, 0x02, 0x21, 0x03, 0x10, 0x00, 0x22, 0x01, 0x10, 0xa6, 0x01, 0x1e, 0x00, 0x10, 
0xda, 0x1e, 0x1e, 0x05, 0x10, 0xb7, 0x02, 0x1e, 0x06, 0x10, 0x78, 0x1e, 0x03, 0x10, 0xbd, 0x14, 0x0b, 0x2b, 0x00, 0x89, 
0x02, 0x10, 0x10, 0x00, 0x1e, 0x06, 0x10, 0xa3, 0x0d, 0x1e, 0x09, 0x00, 0xd7, 0x12, 0x02, 0x47, 0x00, 0x04, 0x00, 0x0b, 
0x01, 0x00, 0x01, 0x0b, 0x01, 0x01, 0x01, 0x0b, 0x01, 0x03, 0x01, 0x0b, 0x01, 0x04, 0x10, 0xae, 0x2b, 0x1e, 0x05, 0x00, 
0x8c, 0x80, 0x01, 0x00, 0x93, 0x02, 0x0e, 0xa1, 0x04, 0xf4, 0x13, 0x08, 0xa6, 0x02, 0xe9, 0x13, 0x20, 0xb7, 0x02, 0x20, 
0x0d, 0x04, 0xb8, 0x02, 0x90, 0x01, 0x1d, 0x04, 0xb7, 0x02, 0x99, 0x01, 0x0d, 0x03, 0xb5, 0x02, 0x17, 0x20, 0x01, 0x3e, 
0x92, 0x0a, 0x07, 0x18, 0xb5, 0x02, 0x93, 0x0a, 0x20, 0x00, 0xb7, 0x02, 0x18, 0x0b, 0x04, 0xd1, 0x04, 0xe8, 0x05, 0x08, 
0x95, 0x05, 0x17, 0x1d, 0xb7, 0x02, 0xef, 0x05, 0x0d, 0x02, 0xbe, 0x02, 0xa2, 0x10, 0x13, 0x1d, 0xbb, 0x04, 0x0b, 0xcc, 
0x17, 0x00, 0x00, 0x00, 0x00, 0xbb, 0x04, 0x0c, 0x02, 0x00, 0x00, 0x00, 0x00, 0xbb, 0x04, 0x0b, 0x04, 0x01, 0x00, 0x00, 
0x00, 0xbb, 0x04, 0x0c, 0x02, 0x01, 0x00, 0x00, 0x00, 0xbb, 0x04, 0x0b, 0x04, 0x02, 0x00, 0x00, 0x00, 0xbb, 0x04, 0x0c, 
0x02, 0x02, 0x00, 0x00, 0x00, 0xbb, 0x04, 0x0c, 0x06, 0x03, 0x00, 0x00, 0x00, 0xb8, 0x02, 0x9b, 0x27, 0x18, 0x03, 0xbb, 
0x04, 0x0b, 0xb8, 0x27, 0x08, 0x00, 0x00, 0x00, 0xbc, 0x02, 0xa1, 0x0a, 0x1d, 0xa2, 0x14, 0x8e, 0x03, 0xeb, 0x01, 0x65, 
0x46, 0x0c, 0x0c, 0x0c, 0x0d, 0x91, 0x0f, 0xb2, 0x06, 0x0c, 0x90, 0x32, 0x40, 0x00, 0x00, 0x00, 0xbc, 0x02, 0x9b, 0x45, 
0x9b, 0x0e, 0xa3, 0x27, 0xae, 0x02, 0xa8, 0x18, 0xd5, 0x04, 0x3e, 0xfa, 0x09, 0x02, 0xe9, 0x10, 0x39, 0xe6, 0x15, 0xe8, 
0x07, 0x02, 0x3e, 0xef, 0x27, 0x02, 0x65, 0x3e, 0xb1, 0x01, 0x02, 0x0c, 0xbb, 0x04, 0x0c, 0xa2, 0x1e, 0x05, 0x00, 0x00, 
0x00, 0x3e, 0x9f, 0x1e, 0x02, 0x0d, 0x3e, 0x02, 0x03, 0x0c, 0x39, 0x8b, 0x05, 0x82, 0x2a, 0x03, 0xb2, 0x06, 0x0c, 0xb2, 
0x21, 0x02, 0x00, 0x00, 0x00, 0xbb, 0x04, 0x0b, 0x9d, 0x2d, 0x04, 0x00, 0x00, 0x00, 0xbc, 0x02, 0xbf, 0x11, 0x65, 0x96, 
0x14, 0xbc, 0x02, 0x02, 0x65, 0x96, 0x14, 0xb7, 0x02, 0xc5, 0x16, 0x0b, 0x03, 0xbb, 0x04, 0x0b, 0xa2, 0x28, 0x09, 0x00, 
0x00, 0x00, 0xbc, 0x02, 0xaf, 0x0d, 0x18, 0xa5, 0x14, 0xbc, 0x02, 0xae, 0x05, 0x1d, 0x96, 0x14, 0xbc, 0x02, 0x02, 0x1d, 
0x96, 0x14, 0xbc, 0x02, 0x02, 0x1d, 0x96, 0x14, 0xbc, 0x02, 0x50, 0x1d, 0xa5, 0x14, 0xbe, 0x83, 0xc0, 0x02, 0xef, 0x1e, 
0x65, 0x65, 0x65, 0x65, 0xb6, 0x0b, 0xb7, 0x0b, 0x65, 0x46, 0x65, 0x1d, 0x13, 0x0d, 0x0d, 0x1d, 0x1d, 0x13, 0x13, 0x0d, 
0x0d, 0x13, 0x0d, 0x0d, 0x0d, 0x0d, 0x0d, 0x0d, 0x0d, 0x0d, 0x1d, 0x14, 0x0c, 0x13, 0x0c, 0x0c, 0x0c, 0x0c, 0x0d, 0x0d, 
0xcd, 0x0d, 0x18, 0x0d, 0x1d, 0x1d, 0x13, 0x0c, 0x0d, 0x13, 0x0d, 0x0d, 0x1d, 0x0c, 0x0d, 0x13, 0x0d, 0x0d, 0x0d, 0x0b, 
0x18, 0x0d, 0x0d, 0x0b, 0x0d, 0x0d, 0x18, 0x0d, 0x0d, 0x0d, 0x0d, 0x0d, 0x46, 0x13, 0x13, 0x65, 0x65, 0x0d, 0x0d, 0x0d, 
0x0d, 0xa4, 0x10, 0x0c, 0x0d, 0x0d, 0x0d, 0xa5, 0x10, 0xa6, 0x10, 0x0c, 0x0c, 0x0c, 0x0c, 0xce, 0x10, 0x3e, 0xfa, 0x09, 
0x02, 0x96, 0x01, 0x39, 0x93, 0x06, 0xe4, 0x32, 0x02, 0x3e, 0xf1, 0x34, 0x01, 0x0c, 0x39, 0x8c, 0x05, 0xba, 0x36, 0x01, 
0xb8, 0x02, 0xa5, 0x3f, 0x18, 0x04, 0xb8, 0x02, 0x0b, 0x1d, 0x03, 0xce, 0x02, 0xa6, 0x11, 0x50, 0x18, 0x0d, 0xbb, 0x04, 
0x0b, 0xb7, 0x0d, 0x00, 0x01, 0x00, 0x00, 0xbc, 0x02, 0xf8, 0x07, 0xa3, 0x09, 0xc7, 0x02, 0xae, 0x02, 0x84, 0x1c, 0xc3, 
0x06, 0x3e, 0x8b, 0x25, 0x02, 0xc5, 0x14, 0x39, 0xff, 0x01, 0x8a, 0x33, 0x02, 0x3e, 0xed, 0x2b, 0x02, 0x50, 0xbb, 0x04, 
0x0b, 0x8c, 0x1d, 0x03, 0x00, 0x00, 0x00, 0xbb, 0x04, 0x0d, 0x0d, 0x00, 0x00, 0x00, 0x00, 0x94, 0x02, 0x85, 0x28, 0xbb, 
0x04, 0x0d, 0x82, 0x02, 0x00, 0x00, 0x80, 0x3f, 0xb7, 0x02, 0xef, 0x01, 0x0c, 0x02, 0xbb, 0x04, 0x0b, 0xe4, 0x29, 0x00, 
0x08, 0x00, 0x00, 0x89, 0x03, 0xd9, 0x27, 0x0d, 0x01, 0x00, 0x00, 0x00, 0x01, 0x00, 0xab, 0x02, 0xce, 0x05, 0x97, 0x01, 
0x3e, 0xfa, 0x09, 0x00, 0xfe, 0x03, 0x39, 0xfb, 0x08, 0xc8, 0x34, 0x00, 0xae, 0x02, 0x8f, 0x37, 0x0c, 0x3e, 0xfa, 0x09, 
0x09, 0xd7, 0x07, 0x39, 0xd4, 0x0c, 0xa2, 0x17, 0x09, 0x3e, 0xaf, 0x26, 0x09, 0x0c, 0xb7, 0x02, 0xed, 0x09, 0x0c, 0x03, 
0xbb, 0x04, 0x0c, 0xde, 0x29, 0x00, 0x08, 0x00, 0x00, 0xbc, 0x02, 0x9b, 0x07, 0x1d, 0xc7, 0x02, 0xae, 0x02, 0xe6, 0x02, 
0xb7, 0x11, 0x3e, 0x8b, 0x25, 0x02, 0xea, 0x12, 0x39, 0x24, 0xe2, 0x3e, 0x02, 0x89, 0x03, 0xfd, 0x3b, 0x0d, 0x01, 0x00, 
0x01, 0x00, 0x01, 0x00, 0xab, 0x02, 0xd2, 0x04, 0xd6, 0x01, 0x3e, 0xfa, 0x09, 0x00, 0xff, 0x03, 0x39, 0xfc, 0x08, 0xe6, 
0x2a, 0x00, 0x3e, 0xa9, 0x32, 0x01, 0x1d, 0x39, 0x9a, 0x05, 0xd0, 0x33, 0x01, 0xbb, 0x04, 0x0c, 0xf3, 0x2c, 0x00, 0x02, 
0x00, 0x00, 0xbb, 0x04, 0x0c, 0xff, 0x0b, 0x00, 0x01, 0x00, 0x00, 0x3e, 0x98, 0x05, 0x01, 0x17, 0x39, 0x94, 0x05, 0xb6, 
0x52, 0x01, 0x39, 0x9a, 0x05, 0xb7, 0x02, 0x01, 0x3e, 0x85, 0x50, 0x01, 0x13, 0x39, 0x90, 0x05, 0xfe, 0x50, 0x01, 0x3e, 
0x81, 0x51, 0x01, 0x0d, 0x39, 0x8c, 0x05, 0xc4, 0x3c, 0x01, 0xbb, 0x04, 0x0c, 0xd1, 0x1d, 0x14, 0x00, 0x00, 0x00, 0xbb, 
0x04, 0x0c, 0x06, 0x15, 0x00, 0x00, 0x00, 0xbb, 0x04, 0x0d, 0xe1, 0x28, 0x00, 0x00, 0x00, 0x40, 0x3e, 0x84, 0x0a, 0x03, 
0x1d, 0x39, 0x9b, 0x05, 0xa0, 0x3a, 0x03, 0x3e, 0xb7, 0x3a, 0x03, 0x0d, 0x39, 0x9b, 0x05, 0x94, 0x2d, 0x03, 0xbb, 0x04, 
0x0d, 0xaf, 0x2a, 0x00, 0x00, 0x80, 0xbf, 0xbc, 0x02, 0x07, 0x0d, 0x90, 0x14, 0xbc, 0x02, 0x13, 0x0d, 0x8d, 0x14, 0xde, 
0x02, 0xf4, 0x17, 0x1d, 0x0d, 0xbd, 0x06, 0xb3, 0x06, 0x3e, 0xfa, 0x09, 0x03, 0xad, 0x12, 0x39, 0xaa, 0x17, 0xb0, 0x1e, 
0x03, 0x3e, 0xe1, 0x42, 0x03, 0x13, 0x39, 0x91, 0x05, 0xe6, 0x45, 0x03, 0xad, 0x06, 0x1d, 0x83, 0x50, 0xc6, 0x06, 0x08, 
0xba, 0x58, 0x00, 0x82, 0x0a, 0x18, 0x82, 0x66, 0x39, 0x95, 0x05, 0xb2, 0x7d, 0x07, 0x01, 0x0c, 0xdb, 0xce, 0x01, 0xb6, 
0x26, 0x22, 0xfe, 0x38, 0x00, 0x01, 0x0c, 0x90, 0xc4, 0x01, 0x8e, 0xfd, 0x01, 0xc7, 0x10, 0x0c, 0xc7, 0x51, 0xc7, 0x51, 
0x94, 0x8a, 0x01, 0x33, 0xe2, 0x05, 0xeb, 0x2a, 0xda, 0x19, 0x8b, 0x14, 0xef, 0x6f, 0x8b, 0x14, 0x01, 0x65, 0x96, 0x80, 
0x01, 0x96, 0x80, 0x01, 0x33, 0x89, 0x05, 0xbe, 0x24, 0xda, 0x19, 0x8b, 0x14, 0xef, 0x6f, 0x91, 0x14, 0x01, 0x0c, 0x9c, 
0x23, 0x9c, 0x23, 0x33, 0x89, 0x05, 0x99, 0x23, 0xda, 0x19, 0x8b, 0x14, 0xef, 0x6f, 0x94, 0x14, 0x01, 0x0c, 0x9c, 0x23, 
0x9c, 0x23, 0x13, 0x8e, 0x05, 0x99, 0x23, 0xcf, 0x2d, 0x8a, 0x14, 0x01, 0x0d, 0x9c, 0x23, 0x9c, 0x23, 0x13, 0x8e, 0x05, 
0xd3, 0x0f, 0xcf, 0x2d, 0x8d, 0x14, 0x01, 0x0d, 0x91, 0x9d, 0x01, 0x91, 0x9d, 0x01, 0xc3, 0x10, 0x0d, 0xd0, 0xb0, 0x01, 
0xbc, 0xfe, 0x02, 0xd0, 0xb0, 0x01, 0xc0, 0x0a, 0x13, 0xdb, 0x98, 0x02, 0xf1, 0x94, 0x02, 0xdb, 0x98, 0x02, 0x01, 0x1d, 
0x90, 0x3c, 0x80, 0x66, 0xc7, 0x18, 0x0c, 0x8c, 0xc9, 0x01, 0xd3, 0x0f, 0x80, 0xdc, 0x02, 0xcb, 0x14, 0x09, 0xf7, 0xaa, 
0x01, 0xf7, 0xaa, 0x01, 0x82, 0x9a, 0x01, 0xa7, 0x1e, 0xb1, 0x8e, 0x01, 0x00, 0xba, 0x1e, 0x00, 0xfb, 0x25, 0xb1, 0x8e, 
0x01, 0x18, 0xfc, 0x25, 0x01, 0x0c, 0xf1, 0x0c, 0xd0, 0x9a, 0x01, 0x13, 0x8d, 0x05, 0xa1, 0x70, 0xa5, 0x18, 0x8b, 0x14, 
0x01, 0x0c, 0xd0, 0x7e, 0xd0, 0x7e, 0xc0, 0x10, 0x0c, 0xc6, 0x63, 0xf4, 0x71, 0xc6, 0x63, 0xcb, 0x10, 0x0c, 0xb1, 0x9d, 
0x01, 0xb1, 0x9d, 0x01, 0xda, 0x85, 0x01, 0xc7, 0x10, 0x0c, 0x81, 0x2a, 0xb3, 0xc7, 0x01, 0xd8, 0x5b, 0xd0, 0x0a, 0x16, 
0xda, 0xe8, 0x01, 0xd8, 0xbe, 0x01, 0xda, 0xe8, 0x01, 0xa6, 0xc6, 0x02, 0x99, 0x1e, 0xa4, 0x13, 0x18, 0xa3, 0x13, 0xe5, 
0x1e, 0x16, 0xf7, 0x8d, 0x01, 0x9e, 0x5b, 0x00, 0x00, 0x0a, 0x3a, 0x00, 0x00, 0x9c, 0x33, 0x00, 0x00, 0x96, 0x5f, 0x00, 
0x00, 0xe5, 0x1e, 0x1d, 0xaa, 0x1d, 0x02, 0x29, 0x00, 0x00, 0x0a, 0x3a, 0x00, 0x00, 0x36, 0x3d, 0x00, 0x00, 0x96, 0x5f, 
0x00, 0x00, 0xe5, 0x1e, 0x0c, 0x85, 0x51, 0x0b, 0x0a, 0x00, 0x00, 0x0a, 0x3a, 0x00, 0x00, 0xb5, 0x5d, 0x00, 0x00, 0x96, 
0x5f, 0x00, 0x00, 0xc1, 0x16, 0x09, 0xf5, 0x14, 0xf5, 0x14, 0x93, 0xf8, 0x01, 0xb6, 0x1e, 0x8b, 0x07, 0xdd, 0xf9, 0x01, 
0x00, 0xba, 0x1e, 0x00, 0xbf, 0x18, 0x8b, 0x07, 0x18, 0xc0, 0x18, 0x33, 0x8a, 0x05, 0x8c, 0xc1, 0x01, 0xd5, 0x1f, 0x8b, 
0x14, 0xe2, 0x4c, 0x8a, 0x14, 0x01, 0x0d, 0x85, 0x8e, 0x01, 0x85, 0x8e, 0x01, 0xc7, 0x16, 0x09, 0x81, 0x16, 0x81, 0x16, 
0xfa, 0x91, 0x01, 0xa7, 0x1e, 0xae, 0x4a, 0x00, 0xba, 0x1e, 0x00, 0xf8, 0x0b, 0xae, 0x4a, 0x18, 0xf7, 0x0b, 0xd2, 0x0a, 
0x16, 0xfe, 0x3c, 0xd4, 0x51, 0xf8, 0x1d, 0x02, 0x01, 0xff, 0x03, 0xb0, 0x51, 0xea, 0xff, 0x01, 0xb4, 0x0c, 0xd6, 0x01, 
0xeb, 0x58, 0xeb, 0x58, 0xef, 0x0a, 0x1d, 0xfe, 0x20, 0xfe, 0x20, 0xc2, 0x19, 0x02, 0x8b, 0x14, 0xce, 0x10, 0x1d, 0xbb, 
0x7e, 0xbb, 0x7e, 0xf5, 0x49, 0x4b, 0x1d, 0x9a, 0x87, 0x01, 0xee, 0x22, 0x9a, 0x87, 0x01, 0x99, 0x1e, 0xd4, 0x9d, 0x01, 
0x18, 0xd3, 0x9d, 0x01, 0xe5, 0x1e, 0x16, 0xd4, 0x5e, 0x50, 0x33, 0x00, 0x00, 0x47, 0x27, 0x00, 0x00, 0xcc, 0x3a, 0x00, 
0x00, 0x8d, 0x2b, 0x00, 0x00, 0xe5, 0x1e, 0x1d, 0xb4, 0x26, 0xa5, 0x3a, 0x00, 0x00, 0x47, 0x27, 0x00, 0x00, 0x5c, 0x43, 
0x00, 0x00, 0x8d, 0x2b, 0x00, 0x00, 0x99, 0x1e, 0xbf, 0x89, 0x01, 0x18, 0xc0, 0x89, 0x01, 0xc0, 0x10, 0x0c, 0xc1, 0x07, 
0xa6, 0xdd, 0x01, 0xce, 0xce, 0x02, 0x99, 0x1e, 0xd2, 0x1b, 0x18, 0x8f, 0xeb, 0x01, 0x99, 0x1e, 0xef, 0xc4, 0x01, 0x18, 
0xf0, 0xc4, 0x01, 0xe5, 0x1e, 0x1d, 0xf9, 0x1c, 0x02, 0x29, 0x00, 0x00, 0xa0, 0x2f, 0x00, 0x00, 0xa5, 0x3a, 0x00, 0x00, 
0xed, 0x22, 0x00, 0x00, 0xc7, 0x18, 0x0c, 0xa5, 0x78, 0xb9, 0xc1, 0x01, 0x9a, 0xb6, 0x01, 0xcb, 0x14, 0x09, 0xd2, 0x6e, 
0xd2, 0x6e, 0xe6, 0x81, 0x02, 0xa7, 0x1e, 0xe0, 0x4b, 0x00, 0xba, 0x1e, 0x00, 0x80, 0x43, 0xe0, 0x4b, 0x18, 0xff, 0x42, 
0x01, 0x17, 0xba, 0x04, 0xd8, 0x8e, 0x01, 0x01, 0x1d, 0xb4, 0x11, 0xc4, 0xa2, 0x01, 0x3d, 0x18, 0xf6, 0x20, 0xef, 0x15, 
0xef, 0x15, 0x18, 0x22, 0x91, 0x1e, 0x00, 0xe9, 0x06, 0x08, 0xc1, 0x84, 0x01, 0xfc, 0x51, 0xd3, 0xa2, 0x01, 0x97, 0x52, 
0xcb, 0x63, 0x01, 0x18, 0xcc, 0x57, 0x87, 0x4b, 0xc1, 0x0a, 0x0d, 0xbb, 0x0a, 0xbb, 0x0a, 0x00, 0xd2, 0x0a, 0x1d, 0xf3, 
0x3c, 0xf3, 0x3c, 0xb6, 0xa9, 0x01, 0x00, 0xc1, 0x0a, 0x0d, 0xb0, 0xab, 0x01, 0x80, 0x64, 0x01, 0xd2, 0x0a, 0x1d, 0x89, 
0x3a, 0x89, 0x3a, 0xa6, 0x71, 0x01, 0xc1, 0x0a, 0x0d, 0xfa, 0x6b, 0xf0, 0x95, 0x01, 0x02, 0xd2, 0x0a, 0x1d, 0xe7, 0xd6, 
0x01, 0xe7, 0xd6, 0x01, 0xed, 0x6a, 0x02, 0x99, 0x1e, 0xa9, 0x2e, 0x18, 0xaa, 0x2e, 0xe5, 0x1e, 0x1d, 0x8a, 0x55, 0xe8, 
0x4c, 0x00, 0x00, 0x25, 0x54, 0x00, 0x00, 0xf9, 0x2b, 0x00, 0x00, 0xbe, 0x39, 0x00, 0x00, 0x3d, 0x18, 0xce, 0x29, 0xce, 
0x29, 0xce, 0x29, 0x18, 0xc1, 0x0a, 0x0d, 0x93, 0x77, 0x93, 0x77, 0x00, 0xc1, 0x0a, 0x1d, 0xbc, 0x1c, 0xeb, 0x32, 0x00, 
0xce, 0x10, 0x1d, 0xec, 0x1b, 0xec, 0x1b, 0xa8, 0x38, 0xc1, 0x0a, 0x0d, 0xbe, 0x14, 0xad, 0x2a, 0x01, 0xc1, 0x0a, 0x1d, 
0x99, 0xd0, 0x01, 0xdb, 0xd2, 0x01, 0x01, 0xce, 0x10, 0x1d, 0xde, 0xbb, 0x01, 0xde, 0xbb, 0x01, 0xbb, 0x14, 0xc1, 0x0a, 
0x0d, 0xbe, 0x14, 0xab, 0x2a, 0x02, 0xc1, 0x0a, 0x1d, 0x99, 0xd0, 0x01, 0xd9, 0xd2, 0x01, 0x02, 0xce, 0x10, 0x1d, 0xfa, 
0xc9, 0x01, 0xfa, 0xc9, 0x01, 0x9f, 0x06, 0xc1, 0x0a, 0x1d, 0xaf, 0x7f, 0x8f, 0x88, 0x01, 0x03, 0x4b, 0x1d, 0x95, 0x0d, 
0xc5, 0x8c, 0x01, 0x95, 0x0d, 0x4b, 0x1d, 0xf6, 0x41, 0xb1, 0x3c, 0xf6, 0x41, 0x4b, 0x1d, 0x92, 0x1e, 0x9d, 0x1e, 0x92, 
0x1e, 0xc0, 0x0a, 0xa4, 0x08, 0xce, 0x59, 0xc4, 0xf1, 0x01, 0xce, 0x59, 0x01, 0x0c, 0xf1, 0x4b, 0xae, 0xd9, 0x01, 0xcb, 
0x10, 0x0c, 0x92, 0x3f, 0x92, 0x3f, 0x8e, 0xf7, 0x01, 0x23, 0xe2, 0x05, 0xbe, 0x22, 0xc5, 0x1f, 0x9a, 0x14, 0xac, 0xa6, 
0x01, 0x01, 0x65, 0xf3, 0x7e, 0xf3, 0x7e, 0xc1, 0x0a, 0x1d, 0xfa, 0x70, 0xe4, 0x07, 0x01, 0xc1, 0x12, 0x1d, 0x93, 0xa6, 
0x01, 0x99, 0x35, 0x93, 0xa6, 0x01, 0x13, 0xe2, 0x05, 0x9e, 0x18, 0xc5, 0x1f, 0x8b, 0x14, 0x01, 0x65, 0xb5, 0x57, 0xb5, 
0x57, 0xc1, 0x12, 0x1d, 0xd3, 0x18, 0xd3, 0x18, 0xff, 0xfd, 0x01, 0xc1, 0x0a, 0x0d, 0xa6, 0xc3, 0x01, 0xa6, 0xc3, 0x01, 
0x02, 0x3f, 0x0d, 0xc3, 0x24, 0xc3, 0x24, 0x13, 0x8a, 0x05, 0xae, 0x7d, 0xc5, 0x1f, 0xc7, 0x14, 0x01, 0x0d, 0xdd, 0x3b, 
0xdd, 0x3b, 0x4a, 0x0d, 0xbb, 0x9a, 0x01, 0xeb, 0x58, 0xbb, 0x9a, 0x01, 0x13, 0x8a, 0x05, 0x90, 0x27, 0xc5, 0x1f, 0xca, 
0x14, 0x01, 0x0d, 0xb7, 0x51, 0xb7, 0x51, 0xc3, 0x10, 0x0d, 0xa8, 0x87, 0x01, 0x80, 0x5d, 0xa8, 0x87, 0x01, 0x4a, 0x0d, 
0xb7, 0x14, 0xb7, 0x14, 0xa8, 0xf1, 0x01, 0xc3, 0x10, 0x0d, 0x9b, 0x5f, 0x9b, 0x5f, 0xaa, 0x90, 0x01, 0x13, 0x8f, 0x05, 
0xba, 0xf7, 0x01, 0xab, 0x22, 0x93, 0x14, 0x22, 0x00, 0xba, 0xf7, 0x01, 0x22, 0xc6, 0xd2, 0x02, 0xf0, 0xce, 0x01, 0x01, 
0x0c, 0xd1, 0x7b, 0x8e, 0xda, 0x01, 0xcb, 0x10, 0x0c, 0xdd, 0x40, 0xdd, 0x40, 0xfe, 0x77, 0xbf, 0x0c, 0x0d, 0xdb, 0x36, 
0xa2, 0x41, 0xc8, 0x10, 0x0d, 0xbe, 0x47, 0xf8, 0xdd, 0x01, 0xbe, 0x47, 0xc8, 0x10, 0x0d, 0xab, 0x2a, 0xab, 0x2a, 0xcc, 
0xb3, 0x01, 0x4b, 0x0d, 0x94, 0x78, 0x90, 0x9f, 0x02, 0x94, 0x78, 0xbf, 0x0c, 0x0d, 0x8f, 0x0c, 0xba, 0x52, 0x4a, 0x0d, 
0xa0, 0x10, 0xf8, 0x51, 0xa0, 0x10, 0x4b, 0x0d, 0xa3, 0x8a, 0x01, 0x93, 0x86, 0x01, 0xa3, 0x8a, 0x01, 0xc8, 0x10, 0x0d, 
0xf0, 0x37, 0xda, 0xdb, 0x01, 0x82, 0x47, 0xc1, 0x0a, 0x0d, 0xfc, 0x96, 0x01, 0xe2, 0xb9, 0x01, 0x00, 0x4a, 0x0d, 0xf6, 
0x08, 0xf6, 0x08, 0xf2, 0x9f, 0x01, 0xd2, 0x0a, 0x1d, 0x89, 0x8b, 0x02, 0x89, 0x8b, 0x02, 0xb1, 0x48, 0x00, 0xc1, 0x0a, 
0x0d, 0x90, 0xef, 0x01, 0x90, 0xef, 0x01, 0x03, 0x4a, 0x0d, 0x8f, 0x83, 0x01, 0xd8, 0x38, 0x8f, 0x83, 0x01, 0xc1, 0x0a, 
0x0d, 0xef, 0x7c, 0xef, 0x10, 0x00, 0x4b, 0x0d, 0xd8, 0xd4, 0x01, 0xd8, 0xd4, 0x01, 0xe8, 0x57, 0xd2, 0x0a, 0x1d, 0xf9, 
0x4f, 0xf9, 0x4f, 0xee, 0x73, 0x00, 0xc1, 0x0a, 0x0d, 0xa2, 0x4e, 0xa2, 0x4e, 0x00, 0xc3, 0x10, 0x0d, 0xf1, 0x7e, 0xe0, 
0xb3, 0x01, 0xad, 0x7a, 0xc1, 0x0a, 0x0d, 0x97, 0x49, 0xe7, 0x79, 0x03, 0x4a, 0x0d, 0xb0, 0x93, 0x01, 0x98, 0x4a, 0xb0, 
0x93, 0x01, 0x4b, 0x0d, 0x87, 0x22, 0xe1, 0x56, 0x87, 0x22, 0xc0, 0x10, 0x0c, 0xf4, 0x30, 0xb0, 0x41, 0xdc, 0xe6, 0x01, 
0xbf, 0x0c, 0x0d, 0xd8, 0x54, 0xd8, 0x54, 0x4a, 0x0d, 0xe7, 0x13, 0xbe, 0x71, 0xe7, 0x13, 0xc3, 0x10, 0x0d, 0xc1, 0x69, 
0x92, 0xe4, 0x01, 0xc1, 0x69, 0x4a, 0x0d, 0x8b, 0x50, 0x8b, 0x50, 0xbe, 0x29, 0x4b, 0x0d, 0xd5, 0x2d, 0xa1, 0xcc, 0x01, 
0xd5, 0x2d, 0x23, 0x8f, 0x05, 0xb2, 0x77, 0xc2, 0x26, 0x91, 0x14, 0x8b, 0x14, 0x22, 0x00, 0xf2, 0x01, 0x3f, 0x0d, 0xe0, 
0x71, 0x92, 0xe9, 0x01, 0x23, 0x8f, 0x05, 0xaa, 0x28, 0xc2, 0x26, 0x91, 0x14, 0x8e, 0x14, 0x22, 0x00, 0xaa, 0x28, 0xc1, 
0x0a, 0x0d, 0xf9, 0x90, 0x02, 0xbd, 0x7d, 0x01, 0x3f, 0x0d, 0xe6, 0xd9, 0x01, 0xe6, 0xd9, 0x01, 0xd2, 0x0a, 0x1d, 0xe1, 
0x3d, 0xe1, 0x3d, 0xc6, 0x1e, 0x01, 0x13, 0x9b, 0x05, 0xab, 0x1f, 0xc2, 0x26, 0x8b, 0x14, 0x22, 0x00, 0xab, 0x1f, 0x22, 
0xc6, 0xb1, 0x01, 0x80, 0x06, 0x8d, 0x1e, 0x88, 0x06, 0xc6, 0x06, 0x08, 0xbb, 0x9e, 0x01, 0x00, 0x8b, 0x03, 0xa7, 0x06, 
0x95, 0x05, 0x9d, 0x04, 0xa7, 0x06, 0x17, 0xd4, 0x16, 0xa7, 0x06, 0x1d, 0xd7, 0x12, 0x18, 0xe2, 0x9e, 0x02, 0xc1, 0x0a, 
0x0d, 0xd3, 0xaf, 0x01, 0x8e, 0x6f, 0x03, 0xce, 0x16, 0x09, 0xa0, 0x4a, 0xa0, 0x4a, 0x96, 0xd8, 0x01, 0xa7, 0x1e, 0xfe, 
0x24, 0x00, 0xba, 0x1e, 0x00, 0xbc, 0x9c, 0x01, 0xfe, 0x24, 0x18, 0xbb, 0x9c, 0x01, 0xc1, 0x0a, 0x0d, 0xce, 0xd7, 0x01, 
0xc0, 0xf4, 0x01, 0x00, 0xc1, 0x0a, 0x0b, 0xf5, 0x9d, 0x01, 0xf2, 0x43, 0x00, 0x01, 0x18, 0xc6, 0x7b, 0x8c, 0xd6, 0x01, 
0x33, 0xcd, 0x05, 0xec, 0x57, 0xc4, 0x1b, 0x8b, 0x14, 0xe5, 0x4e, 0x8b, 0x14, 0x01, 0x50, 0xd7, 0x0f, 0xd7, 0x0f, 0xb4, 
0x0a, 0x56, 0xb5, 0xbc, 0x01, 0x52, 0x58, 0x00, 0x00, 0xc1, 0x0a, 0x0d, 0xd8, 0x9c, 0x01, 0xb6, 0x28, 0x00, 0xc1, 0x0a, 
0x18, 0xdb, 0x85, 0x01, 0xfc, 0x16, 0x00, 0xce, 0x10, 0x18, 0x96, 0x74, 0x96, 0x74, 0xc5, 0x11, 0xc1, 0x0a, 0x0d, 0xbe, 
0x14, 0xae, 0x2b, 0x01, 0xc1, 0x0a, 0x18, 0x8d, 0x0b, 0xc2, 0x94, 0x01, 0x01, 0xce, 0x10, 0x18, 0xad, 0x09, 0xad, 0x09, 
0xbb, 0x14, 0xc1, 0x0a, 0x0d, 0xbe, 0x14, 0xb0, 0x2b, 0x02, 0xc1, 0x0a, 0x18, 0x8d, 0x0b, 0xc4, 0x94, 0x01, 0x02, 0xce, 
0x10, 0x18, 0xee, 0x04, 0xee, 0x04, 0x9f, 0x06, 0xc1, 0x0a, 0x18, 0xaf, 0x7f, 0x82, 0x1a, 0x03, 0x4b, 0x18, 0x95, 0x0d, 
0xc5, 0x8c, 0x01, 0x95, 0x0d, 0x4b, 0x18, 0xaa, 0x54, 0xfd, 0x29, 0xaa, 0x54, 0x4b, 0x18, 0x96, 0x2f, 0x9a, 0x05, 0x96, 
0x2f, 0xce, 0x10, 0x18, 0xb1, 0x09, 0xb1, 0x09, 0xd7, 0x0f, 0xc1, 0x0a, 0x0d, 0xf7, 0xc4, 0x01, 0xf0, 0x1f, 0x01, 0xc1, 
0x0a, 0x0b, 0xdc, 0x7e, 0xf4, 0x8b, 0x01, 0x01, 0x01, 0x18, 0xc6, 0x33, 0x8e, 0xd6, 0x01, 0x33, 0xcd, 0x05, 0xec, 0x57, 
0xc4, 0x1b, 0x8b, 0x14, 0xe6, 0x72, 0x8b, 0x14, 0x01, 0x50, 0xd7, 0x0f, 0xd7, 0x0f, 0xb4, 0x0a, 0x56, 0xb5, 0xbc, 0x01, 
0x53, 0x58, 0x00, 0x00, 0xc1, 0x0a, 0x0d, 0xd8, 0x9c, 0x01, 0xb6, 0x28, 0x00, 0xc1, 0x0a, 0x18, 0xdb, 0x85, 0x01, 0xfc, 
0x16, 0x00, 0xce, 0x10, 0x18, 0x98, 0x74, 0x98, 0x74, 0xc3, 0x11, 0xc1, 0x0a, 0x0d, 0xbe, 0x14, 0xb0, 0x2b, 0x01, 0xc1, 
0x0a, 0x18, 0x8d, 0x0b, 0xc4, 0x94, 0x01, 0x01, 0xce, 0x10, 0x18, 0xad, 0x09, 0xad, 0x09, 0xbb, 0x14, 0xc1, 0x0a, 0x0d, 
0xbe, 0x14, 0xb2, 0x2b, 0x02, 0xc1, 0x0a, 0x18, 0x8d, 0x0b, 0xc6, 0x94, 0x01, 0x02, 0xce, 0x10, 0x18, 0xec, 0x04, 0xec, 
0x04, 0xa1, 0x06, 0xc1, 0x0a, 0x18, 0xaf, 0x7f, 0x82, 0x1a, 0x03, 0x4b, 0x18, 0x95, 0x0d, 0xc5, 0x8c, 0x01, 0x95, 0x0d, 
0x4b, 0x18, 0xaa, 0x54, 0xff, 0x29, 0xaa, 0x54, 0x4b, 0x18, 0xb4, 0x3d, 0xb6, 0x13, 0xb4, 0x3d, 0xce, 0x10, 0x18, 0xb1, 
0x99, 0x01, 0xb1, 0x99, 0x01, 0x98, 0x43, 0x4b, 0x18, 0x9b, 0x31, 0xfb, 0xb2, 0x01, 0x9b, 0x31, 0xc1, 0x0a, 0x0d, 0xe4, 
0x31, 0xd0, 0x63, 0x02, 0xc1, 0x0a, 0x0b, 0xbe, 0x2e, 0xb6, 0x7f, 0x02, 0x01, 0x18, 0x86, 0x40, 0x90, 0xd6, 0x01, 0x33, 
0xcd, 0x05, 0xec, 0x57, 0xc4, 0x1b, 0x8b, 0x14, 0xc7, 0x6c, 0x8b, 0x14, 0x01, 0x50, 0xd7, 0x0f, 0xd7, 0x0f, 0xb4, 0x0a, 
0x56, 0xb5, 0xbc, 0x01, 0x54, 0x58, 0x00, 0x00, 0xc1, 0x0a, 0x0d, 0xd8, 0x9c, 0x01, 0xb6, 0x28, 0x00, 0xc1, 0x0a, 0x18, 
0xdb, 0x85, 0x01, 0xfc, 0x16, 0x00, 0xce, 0x10, 0x18, 0x9a, 0x74, 0x9a, 0x74, 0xc1, 0x11, 0xc1, 0x0a, 0x0d, 0xbe, 0x14, 
0xb2, 0x2b, 0x01, 0xc1, 0x0a, 0x18, 0x8d, 0x0b, 0xc6, 0x94, 0x01, 0x01, 0xce, 0x10, 0x18, 0xad, 0x09, 0xad, 0x09, 0xbb, 
0x14, 0xc1, 0x0a, 0x0d, 0xbe, 0x14, 0xb4, 0x2b, 0x02, 0xc1, 0x0a, 0x18, 0x8d, 0x0b, 0xc8, 0x94, 0x01, 0x02, 0xce, 0x10, 
0x18, 0xea, 0x04, 0xea, 0x04, 0xa3, 0x06, 0xc1, 0x0a, 0x18, 0xaf, 0x7f, 0x82, 0x1a, 0x03, 0x4b, 0x18, 0x95, 0x0d, 0xc5, 
0x8c, 0x01, 0x95, 0x0d, 0x4b, 0x18, 0xaa, 0x54, 0x81, 0x2a, 0xaa, 0x54, 0x4b, 0x18, 0xb4, 0x3d, 0xb4, 0x13, 0xb4, 0x3d, 
0xce, 0x10, 0x18, 0xb1, 0x99, 0x01, 0xb1, 0x99, 0x01, 0x45, 0x4b, 0x18, 0x95, 0x37, 0xf7, 0x05, 0x95, 0x37, 0xc1, 0x0a, 
0x0b, 0xfc, 0x6e, 0x98, 0x88, 0x01, 0x03, 0x01, 0x18, 0xd6, 0x9b, 0x01, 0xc2, 0xba, 0x02, 0x33, 0xcd, 0x05, 0xc3, 0x0c, 
0xc4, 0x1b, 0x8b, 0x14, 0xf8, 0x70, 0x8b, 0x14, 0x01, 0x50, 0xd7, 0x0f, 0xd7, 0x0f, 0xb4, 0x0a, 0x56, 0xb5, 0xbc, 0x01, 
0x55, 0x58, 0x00, 0x00, 0xc1, 0x0a, 0x0d, 0xd8, 0x9c, 0x01, 0xf9, 0x3b, 0x00, 0xc1, 0x0a, 0x18, 0xdb, 0x85, 0x01, 0xfc, 
0x16, 0x00, 0xce, 0x10, 0x18, 0x9c, 0x74, 0x9c, 0x74, 0xbf, 0x11, 0xc1, 0x0a, 0x0d, 0xbe, 0x14, 0xfb, 0x38, 0x01, 0xc1, 
0x0a, 0x18, 0x8d, 0x0b, 0xc8, 0x94, 0x01, 0x01, 0xce, 0x10, 0x18, 0xad, 0x09, 0xad, 0x09, 0xbb, 0x14, 0xc1, 0x0a, 0x0d, 
0xbe, 0x14, 0xf9, 0x38, 0x02, 0xc1, 0x0a, 0x18, 0x8d, 0x0b, 0xca, 0x94, 0x01, 0x02, 0xce, 0x10, 0x18, 0xe8, 0x04, 0xe8, 
0x04, 0xa5, 0x06, 0xc1, 0x0a, 0x18, 0xaf, 0x7f, 0x82, 0x1a, 0x03, 0x4b, 0x18, 0x95, 0x0d, 0xc5, 0x8c, 0x01, 0x95, 0x0d, 
0x4b, 0x18, 0xaa, 0x54, 0x83, 0x2a, 0xaa, 0x54, 0x4b, 0x18, 0xb4, 0x3d, 0xb2, 0x13, 0xb4, 0x3d, 0xce, 0x10, 0x18, 0x87, 
0x9f, 0x01, 0x87, 0x9f, 0x01, 0xd7, 0x11, 0x4b, 0x18, 0xec, 0x3a, 0xae, 0x6c, 0xec, 0x3a, 0x22, 0x9e, 0x9c, 0x01, 0x00, 
0x8d, 0x1e, 0x18, 0xf1, 0x03, 0xc1, 0x0a, 0x0d, 0xbe, 0x53, 0xee, 0xe7, 0x01, 0x00, 0xc1, 0x0a, 0x0b, 0xa1, 0x91, 0x01, 
0xf4, 0x43, 0x00, 0x01, 0x18, 0xca, 0x7b, 0x92, 0xd6, 0x01, 0x33, 0xcd, 0x05, 0xee, 0x57, 0xc4, 0x1b, 0x8b, 0x14, 0xe6, 
0x4e, 0x8b, 0x14, 0x01, 0x50, 0xd7, 0x0f, 0xd7, 0x0f, 0xb4, 0x0a, 0x56, 0xb5, 0xbc, 0x01, 0x56, 0x58, 0x00, 0x00, 0xc1, 
0x0a, 0x0d, 0xd8, 0x9c, 0x01, 0xb8, 0x28, 0x00, 0xc1, 0x0a, 0x18, 0xdb, 0x85, 0x01, 0xfc, 0x16, 0x00, 0xce, 0x10, 0x18, 
0x9e, 0x74, 0x9e, 0x74, 0xbd, 0x11, 0xc1, 0x0a, 0x0d, 0xbe, 0x14, 0xb8, 0x2b, 0x01, 0xc1, 0x0a, 0x18, 0x8d, 0x0b, 0xca, 
0x94, 0x01, 0x01, 0xce, 0x10, 0x18, 0xad, 0x09, 0xad, 0x09, 0xbb, 0x14, 0xc1, 0x0a, 0x0d, 0xbe, 0x14, 0xba, 0x2b, 0x02, 
0xc1, 0x0a, 0x18, 0x8d, 0x0b, 0xcc, 0x94, 0x01, 0x02, 0xce, 0x10, 0x18, 0xe6, 0x04, 0xe6, 0x04, 0xa7, 0x06, 0xc1, 0x0a, 
0x18, 0xaf, 0x7f, 0x82, 0x1a, 0x03, 0x4b, 0x18, 0x95, 0x0d, 0xc5, 0x8c, 0x01, 0x95, 0x0d, 0x4b, 0x18, 0xaa, 0x54, 0x85, 
0x2a, 0xaa, 0x54, 0x4b, 0x18, 0x90, 0x2f, 0x8c, 0x05, 0x90, 0x2f, 0xce, 0x10, 0x18, 0xb1, 0x09, 0xb1, 0x09, 0x83, 0x03, 
0xc1, 0x0a, 0x0d, 0xf7, 0xc4, 0x01, 0xf2, 0x1f, 0x01, 0xc1, 0x0a, 0x0b, 0xdc, 0x7e, 0xf6, 0x8b, 0x01, 0x01, 0x01, 0x18, 
0xca, 0x33, 0x94, 0xd6, 0x01, 0x33, 0xcd, 0x05, 0xee, 0x57, 0xc4, 0x1b, 0x8b, 0x14, 0xe7, 0x72, 0x8b, 0x14, 0x01, 0x50, 
0xd7, 0x0f, 0xd7, 0x0f, 0xb4, 0x0a, 0x56, 0xb5, 0xbc, 0x01, 0x57, 0x58, 0x00, 0x00, 0xc1, 0x0a, 0x0d, 0xd8, 0x9c, 0x01, 
0xb8, 0x28, 0x00, 0xc1, 0x0a, 0x18, 0xdb, 0x85, 0x01, 0xfc, 0x16, 0x00, 0xce, 0x10, 0x18, 0xa0, 0x74, 0xa0, 0x74, 0xbb, 
0x11, 0xc1, 0x0a, 0x0d, 0xbe, 0x14, 0xba, 0x2b, 0x01, 0xc1, 0x0a, 0x18, 0x8d, 0x0b, 0xcc, 0x94, 0x01, 0x01, 0xce, 0x10, 
0x18, 0xad, 0x09, 0xad, 0x09, 0xbb, 0x14, 0xc1, 0x0a, 0x0d, 0xbe, 0x14, 0xbc, 0x2b, 0x02, 0xc1, 0x0a, 0x18, 0x8d, 0x0b, 
0xce, 0x94, 0x01, 0x02, 0xce, 0x10, 0x18, 0xe4, 0x04, 0xe4, 0x04, 0xa9, 0x06, 0xc1, 0x0a, 0x18, 0xaf, 0x7f, 0x82, 0x1a, 
0x03, 0x4b, 0x18, 0x95, 0x0d, 0xc5, 0x8c, 0x01, 0x95, 0x0d, 0x4b, 0x18, 0xaa, 0x54, 0x87, 0x2a, 0xaa, 0x54, 0x4b, 0x18, 
0xb2, 0x3d, 0xac, 0x13, 0xb2, 0x3d, 0xce, 0x10, 0x18, 0xb3, 0x99, 0x01, 0xb3, 0x99, 0x01, 0x9a, 0x43, 0x4b, 0x18, 0x9d, 
0x31, 0xfb, 0xb2, 0x01, 0x9d, 0x31, 0xc1, 0x0a, 0x0d, 0xe4, 0x31, 0xd2, 0x63, 0x02, 0xc1, 0x0a, 0x0b, 0xbe, 0x2e, 0xb8, 
0x7f, 0x02, 0x01, 0x18, 0x8a, 0x40, 0x96, 0xd6, 0x01, 0x33, 0xcd, 0x05, 0xee, 0x57, 0xc4, 0x1b, 0x8b, 0x14, 0xc8, 0x6c, 
0x8b, 0x14, 0x01, 0x50, 0xd7, 0x0f, 0xd7, 0x0f, 0xb4, 0x0a, 0x56, 0xb5, 0xbc, 0x01, 0x58, 0x58, 0x00, 0x00, 0xc1, 0x0a, 
0x0d, 0xd8, 0x9c, 0x01, 0xb8, 0x28, 0x00, 0xc1, 0x0a, 0x18, 0xdb, 0x85, 0x01, 0xfc, 0x16, 0x00, 0xce, 0x10, 0x18, 0xa2, 
0x74, 0xa2, 0x74, 0xb9, 0x11, 0xc1, 0x0a, 0x0d, 0xbe, 0x14, 0xbc, 0x2b, 0x01, 0xc1, 0x0a, 0x18, 0x8d, 0x0b, 0xce, 0x94, 
0x01, 0x01, 0xce, 0x10, 0x18, 0xad, 0x09, 0xad, 0x09, 0xbb, 0x14, 0xc1, 0x0a, 0x0d, 0xbe, 0x14, 0xbe, 0x2b, 0x02, 0xc1, 
0x0a, 0x18, 0x8d, 0x0b, 0xd0, 0x94, 0x01, 0x02, 0xce, 0x10, 0x18, 0xe2, 0x04, 0xe2, 0x04, 0xab, 0x06, 0xc1, 0x0a, 0x18, 
0xaf, 0x7f, 0x82, 0x1a, 0x03, 0x4b, 0x18, 0x95, 0x0d, 0xc5, 0x8c, 0x01, 0x95, 0x0d, 0x4b, 0x18, 0xaa, 0x54, 0x89, 0x2a, 
0xaa, 0x54, 0x4b, 0x18, 0xb2, 0x3d, 0xaa, 0x13, 0xb2, 0x3d, 0xce, 0x10, 0x18, 0xe5, 0x8b, 0x01, 0xe5, 0x8b, 0x01, 0x8a, 
0x0d, 0x4b, 0x18, 0xce, 0x7d, 0xbc, 0xbc, 0x01, 0xce, 0x7d, 0x3f, 0x0d, 0xba, 0x08, 0xd6, 0x87, 0x01, 0xc3, 0x10, 0x0d, 
0xdd, 0x42, 0xdd, 0x42, 0xf2, 0xf8, 0x01, 0xbd, 0x0c, 0x0b, 0x88, 0x53, 0x88, 0x53, 0xc1, 0x0a, 0x0b, 0xf7, 0x4f, 0xbe, 
0xa4, 0x01, 0x03, 0xc2, 0x10, 0x0b, 0x8c, 0x45, 0x8c, 0x45, 0xfc, 0x9a, 0x02, 0xc0, 0x10, 0x0b, 0xfc, 0x43, 0x90, 0x39, 
0xfc, 0x43, 0x99, 0x1e, 0xca, 0x1a, 0x18, 0xc9, 0x1a, 0xe5, 0x1e, 0x18, 0xf9, 0xa1, 0x01, 0x55, 0x4d, 0x00, 0x00, 0xd8, 
0x36, 0x00, 0x00, 0x4f, 0x3c, 0x00, 0x00, 0x47, 0x4a, 0x00, 0x00, 0xe5, 0x1e, 0x0b, 0x95, 0x29, 0x87, 0x53, 0x00, 0x00, 
0xd8, 0x36, 0x00, 0x00, 0x83, 0x34, 0x00, 0x00, 0x47, 0x4a, 0x00, 0x00, 0xc0, 0x16, 0x09, 0x92, 0x10, 0x92, 0x10, 0xc7, 
0xd5, 0x01, 0xb6, 0x1e, 0x87, 0x58, 0xb7, 0x77, 0x00, 0xba, 0x1e, 0x00, 0xb7, 0x77, 0x87, 0x58, 0x18, 0xb8, 0x77, 0xc9, 
0x10, 0x0b, 0xa7, 0xc2, 0x01, 0xdd, 0x3a, 0xde, 0x3c, 0xbc, 0x0e, 0x0c, 0xae, 0x5d, 0xae, 0x5d, 0xc6, 0x10, 0x0b, 0xb5, 
0x3c, 0xe5, 0x19, 0xd6, 0x5d, 0xbc, 0x0e, 0x0c, 0xaa, 0xf6, 0x01, 0xaa, 0xf6, 0x01, 0xc0, 0x0a, 0x12, 0xab, 0xc3, 0x01, 
0xb7, 0x09, 0xab, 0xc3, 0x01, 0x01, 0xfe, 0x03, 0xc4, 0xca, 0x01, 0xe2, 0xbe, 0x02, 0xb4, 0x0c, 0x97, 0x01, 0xbf, 0xbb, 
0x01, 0xbf, 0xbb, 0x01, 0xef, 0x0a, 0x1d, 0x85, 0x41, 0x85, 0x41, 0x81, 0x32, 0x02, 0x8b, 0x14, 0x2d, 0x13, 0xfa, 0xdf, 
0x01, 0xfa, 0xdf, 0x01, 0xfa, 0xdf, 0x01, 0x10, 0xc1, 0x0a, 0x0d, 0xb2, 0x06, 0xb2, 0x06, 0x00, 0xbd, 0x0c, 0x0b, 0xe6, 
0x0d, 0xe6, 0x0d, 0x01, 0x18, 0x83, 0xda, 0x01, 0xe4, 0x5f, 0x33, 0xcd, 0x05, 0xd3, 0x29, 0xc4, 0x1b, 0x8b, 0x14, 0xb6, 
0xbe, 0x01, 0x8b, 0x14, 0x01, 0x50, 0x9e, 0xe8, 0x01, 0x9e, 0xe8, 0x01, 0xb4, 0x0a, 0x56, 0xb5, 0xbc, 0x01, 0x59, 0x58, 
0x00, 0x00, 0xc1, 0x0a, 0x0d, 0xd8, 0x9c, 0x01, 0xec, 0x9e, 0x01, 0x00, 0xc1, 0x0a, 0x18, 0xdb, 0x85, 0x01, 0xfc, 0x16, 
0x00, 0xce, 0x10, 0x18, 0xa4, 0x74, 0xa4, 0x74, 0xb7, 0x11, 0xc1, 0x0a, 0x0d, 0xbe, 0x14, 0xf2, 0xa1, 0x01, 0x01, 0xc1, 
0x0a, 0x18, 0x8d, 0x0b, 0xd0, 0x94, 0x01, 0x01, 0xce, 0x10, 0x18, 0xad, 0x09, 0xad, 0x09, 0xbb, 0x14, 0xc1, 0x0a, 0x0d, 
0xbe, 0x14, 0xf4, 0xa1, 0x01, 0x02, 0xc1, 0x0a, 0x18, 0x8d, 0x0b, 0xd2, 0x94, 0x01, 0x02, 0xce, 0x10, 0x18, 0xe0, 0x04, 
0xe0, 0x04, 0xad, 0x06, 0xc1, 0x0a, 0x18, 0xaf, 0x7f, 0x82, 0x1a, 0x03, 0x4b, 0x18, 0x95, 0x0d, 0xc5, 0x8c, 0x01, 0x95, 
0x0d, 0x4b, 0x18, 0x8e, 0x42, 0xa7, 0x3c, 0x8e, 0x42, 0x4b, 0x18, 0xd9, 0x31, 0xff, 0x6d, 0xd9, 0x31, 0xc1, 0x0a, 0x0d, 
0x9a, 0x75, 0x9d, 0x31, 0x01, 0xce, 0x10, 0x18, 0xe5, 0x16, 0xb4, 0x5e, 0xe5, 0x16, 0x4b, 0x18, 0xb1, 0x2f, 0xc4, 0x26, 
0xb1, 0x2f, 0xc0, 0x10, 0x0b, 0x97, 0x1f, 0xc2, 0x30, 0xea, 0xa9, 0x01, 0x99, 0x1e, 0xcd, 0x9a, 0x01, 0x18, 0xd8, 0x37, 
0x22, 0xda, 0xc6, 0x01, 0x84, 0x3f, 0x8d, 0x1e, 0x88, 0x06, 0x52, 0x49, 0x50, 0x53, 0x5f, 0x54, 0x41, 0x4d, 0x86, 0x00, 
0x00, 0x00, 0x12, 0x00, 0x00, 0x00, 0x00, 0x00, 0x00, 0x00, 0x02, 0x00, 0x00, 0x00, 0x00, 0x00, 0x00, 0x02, 0x00, 0x01, 
0x01, 0x00, 0x00, 0x00, 0x02, 0x02, 0x00, 0x02, 0x00, 0x00, 0x00, 0x02, 0x08, 0x00, 0x03, 0x00, 0x00, 0x00, 0x02, 0x0a, 
0x00, 0x04, 0x00, 0x00, 0x00, 0x02, 0x10, 0x00, 0x05, 0x00, 0x00, 0x00, 0x02, 0x10, 0x01, 0x06, 0x00, 0x00, 0x00, 0x02, 
0x12, 0x00, 0x07, 0x00, 0x00, 0x00, 0x02, 0x18, 0x00, 0x08, 0x00, 0x00, 0x00, 0x02, 0x1a, 0x00, 0x09, 0x00, 0x00, 0x00, 
0x02, 0x20, 0x01, 0x0a, 0x00, 0x00, 0x00, 0x02, 0x30, 0x01, 0x0b, 0x00, 0x00, 0x00, 0x02, 0x50, 0x00, 0x0c, 0x00, 0x00, 
0x00, 0x02, 0x50, 0x01, 0x0d, 0x00, 0x00, 0x00, 0x02, 0x52, 0x00, 0x0e, 0x00, 0x00, 0x00, 0x02, 0x58, 0x00, 0x0f, 0x00, 
0x00, 0x00, 0x02, 0x5a, 0x00, 0x10, 0x00, 0x00, 0x00, 0x02, 0x70, 0x01, 0x01, 0x00, 0x00, 0x00, 0x20, 0x43, 0x52, 0x43, 
0x5f, 0x54, 0x41, 0x4d, 0x04, 0x00, 0x00, 0x00, 0xff, 0x7b, 0x96, 0x1d, 

};

